"Year","Source Name","ORIS Code","Unit ID","State","State Identifier","Control Period","Op Time","Op Hours","CO2 Mass (Tons)","Heat Input (mmBtu)","Eligible Biomass (Tons) (State Value)","Eligible CHP Thermal Output (Tons) (State Value)","Reporting Status"
2009,"Devon",544,"11, 12, 13, 14, 15, 16, 17, 18","CT","105-14","01/01/2009 - 12/31/2011",320.37,466,"8,816.913","109,463",0.000,0.000,"Complete"
2010,"Devon",544,"11, 12, 13, 14, 15, 16, 17, 18","CT","105-14","01/01/2009 - 12/31/2011",493.78,700,"13,298.557","165,437",0.000,0.000,"Complete"
2011,"Devon",544,"11, 12, 13, 14, 15, 16, 17, 18","CT","105-14","01/01/2009 - 12/31/2011",564.91,778,"17,420.909","216,957",0.000,0.000,"Complete"
2012,"Devon",544,"11, 12, 13, 14, 15, 16, 17, 18","CT","105-14","01/01/2012 - 12/31/2014",208.96,324,"5,289.988","70,888",0.000,0.000,"Complete"
2013,"Devon",544,"11, 12, 13, 14, 15, 16, 17, 18","CT","105-14","01/01/2012 - 12/31/2014",292.71,449,"8,958.307","111,010",0.000,0.000,"Complete"
2014,"Devon",544,"11, 12, 13, 14, 15, 16, 17, 18","CT","105-14","01/01/2012 - 12/31/2014",616.21,892,"19,050.855","236,292",0.000,0.000,"Complete"
2015,"Devon",544,"11, 12, 13, 14, 15, 16, 17, 18","CT","105-14","01/01/2015 - 12/31/2017",657.88,916,"19,864.985","255,009",0.000,0.000,"Complete"
2016,"Devon",544,"11, 12, 13, 14, 15, 16, 17, 18","CT","105-14","01/01/2015 - 12/31/2017",428.32,639,"12,993.180","166,685",0.000,0.000,"Complete"
2017,"Devon",544,"11, 12, 13, 14, 15, 16, 17, 18","CT","105-14","01/01/2015 - 12/31/2017",661.36,872,"19,916.575","269,398",0.000,0.000,"Complete"
2018,"Devon",544,"11, 12, 13, 14, 15, 16, 17, 18","CT","105-14","01/01/2018 - 12/31/2020",605.86,812,"17,662.234","243,671",0.000,0.000,"Complete"
2019,"Devon",544,"11, 12, 13, 14, 15, 16, 17, 18","CT","105-14","01/01/2018 - 12/31/2020",126.38,234,"3,420.352","47,345",0.000,0.000,"Complete"
2020,"Devon",544,"11, 12, 13, 14, 15, 16, 17, 18","CT","105-14","01/01/2018 - 12/31/2020",347.14,530,"9,750.459","128,701",0.000,0.000,"Complete"
2021,"Devon",544,"11, 12, 13, 14, 15, 16, 17, 18","CT","105-14","01/01/2021 - 12/31/2023",237.88,386,"7,228.231","89,143",0.000,0.000,"Complete"
2022,"Devon",544,"11, 12, 13, 14, 15, 16, 17, 18","CT","105-14","01/01/2021 - 12/31/2023",319.09,483,"9,680.856","121,498",0.000,0.000,"Complete"
2023,"Devon",544,"11, 12, 13, 14, 15, 16, 17, 18","CT","105-14","01/01/2021 - 12/31/2023",257.13,418,"8,382.876","105,479",0.000,0.000,"Complete"
2024,"Devon",544,"11, 12, 13, 14, 15, 16, 17, 18","CT","105-14","01/01/2024 - 12/31/2026",164.98,294,"5,133.978","64,488",0.000,0.000,"Complete"
2009,"Montville",546,"5, 6","CT","107-5","01/01/2009 - 12/31/2011",428.26,452,"37,598.673","488,692",0.000,0.000,"Complete"
2010,"Montville",546,"5, 6","CT","107-5","01/01/2009 - 12/31/2011","1,477.51","1,539","94,974.059","1,306,118",0.000,0.000,"Complete"
2011,"Montville",546,"5, 6","CT","107-5","01/01/2009 - 12/31/2011",462.68,488,"29,822.296","403,889",0.000,0.000,"Complete"
2012,"Montville",546,"5, 6","CT","107-5","01/01/2012 - 12/31/2014",508.55,530,"32,971.112","437,919",0.000,0.000,"Complete"
2013,"Montville",546,"5, 6","CT","107-5","01/01/2012 - 12/31/2014",658.25,680,"30,946.440","382,378",0.000,0.000,"Complete"
2014,"Montville",546,"5, 6","CT","107-5","01/01/2012 - 12/31/2014",640.00,662,"50,624.194","631,333",0.000,0.000,"Complete"
2015,"Montville",546,"5, 6","CT","107-5","01/01/2015 - 12/31/2017",538.69,552,"61,545.877","760,508",0.000,0.000,"Complete"
2016,"Montville",546,"5, 6","CT","107-5","01/01/2015 - 12/31/2017",188.53,203,"14,476.580","183,690",0.000,0.000,"Complete"
2017,"Montville",546,"5, 6","CT","107-5","01/01/2015 - 12/31/2017",605.13,627,"46,601.902","607,856",0.000,0.000,"Complete"
2018,"Montville",546,"5, 6","CT","107-5","01/01/2018 - 12/31/2020",752.04,774,"84,318.533","1,079,347",0.000,0.000,"Complete"
2019,"Montville",546,"5, 6","CT","107-5","01/01/2018 - 12/31/2020",277.67,294,"9,937.320","146,264",0.000,0.000,"Complete"
2020,"Montville",546,"5, 6","CT","107-5","01/01/2018 - 12/31/2020",450.60,492,"20,825.821","294,037",0.000,0.000,"Complete"
2021,"Montville",546,"5, 6","CT","107-5","01/01/2021 - 12/31/2023",449.45,479,"28,892.429","392,709",0.000,0.000,"Complete"
2022,"Montville",546,"5, 6","CT","107-5","01/01/2021 - 12/31/2023","1,470.23","1,496","106,282.320","1,372,780",0.000,0.000,"Complete"
2023,"Montville",546,"5, 6","CT","107-5","01/01/2021 - 12/31/2023",600.63,619,"33,863.347","461,785",0.000,0.000,"Complete"
2024,"Montville",546,"5, 6","CT","107-5","01/01/2024 - 12/31/2026",548.82,575,"23,165.594","336,566",0.000,0.000,"Complete"
2009,"Norwalk Harbor Station",548,"1, 2","CT","137-14","01/01/2009 - 12/31/2011",762.44,794,"40,037.228","494,652",0.000,0.000,"Complete"
2010,"Norwalk Harbor Station",548,"1, 2","CT","137-14","01/01/2009 - 12/31/2011","1,812.73","1,878","79,355.764","980,457",0.000,0.000,"Complete"
2011,"Norwalk Harbor Station",548,"1, 2","CT","137-14","01/01/2009 - 12/31/2011",788.62,839,"29,794.375","368,109",0.000,0.000,"Complete"
2012,"Norwalk Harbor Station",548,"1, 2","CT","137-14","01/01/2012 - 12/31/2014",669.15,711,"25,028.604","309,241",0.000,0.000,"Complete"
2013,"Norwalk Harbor Station",548,"1, 2","CT","137-14","01/01/2012 - 12/31/2014",344.04,357,"20,398.163","252,017",0.000,0.000,"Complete"
2009,"Middletown",562,"12, 13, 14, 15, 2, 3, 4","CT","104-24","01/01/2009 - 12/31/2011","1,839.31","1,916","138,706.313","2,007,685",0.000,0.000,"Complete"
2010,"Middletown",562,"12, 13, 14, 15, 2, 3, 4","CT","104-24","01/01/2009 - 12/31/2011","3,864.75","3,981","293,961.399","4,514,303",0.000,0.000,"Complete"
2011,"Middletown",562,"12, 13, 14, 15, 2, 3, 4","CT","104-24","01/01/2009 - 12/31/2011","1,637.09","1,793","98,389.585","1,447,041",0.000,0.000,"Complete"
2012,"Middletown",562,"12, 13, 14, 15, 2, 3, 4","CT","104-24","01/01/2012 - 12/31/2014","2,392.38","2,495","151,335.782","2,413,433",0.000,0.000,"Complete"
2013,"Middletown",562,"12, 13, 14, 15, 2, 3, 4","CT","104-24","01/01/2012 - 12/31/2014","1,809.64","2,076","111,514.632","1,600,765",0.000,0.000,"Complete"
2014,"Middletown",562,"12, 13, 14, 15, 2, 3, 4","CT","104-24","01/01/2012 - 12/31/2014","2,683.23","2,912","204,283.777","2,951,743",0.000,0.000,"Complete"
2015,"Middletown",562,"12, 13, 14, 15, 2, 3, 4","CT","104-24","01/01/2015 - 12/31/2017","4,538.55","4,765","317,500.104","4,945,766",0.000,0.000,"Complete"
2016,"Middletown",562,"12, 13, 14, 15, 2, 3, 4","CT","104-24","01/01/2015 - 12/31/2017","3,496.90","3,670","193,468.789","3,168,564",0.000,0.000,"Complete"
2017,"Middletown",562,"12, 13, 14, 15, 2, 3, 4","CT","104-24","01/01/2015 - 12/31/2017","3,140.16","3,317","174,645.222","2,739,123",0.000,0.000,"Complete"
2018,"Middletown",562,"12, 13, 14, 15, 2, 3, 4","CT","104-24","01/01/2018 - 12/31/2020","4,028.56","4,173","284,503.253","4,441,053",0.000,0.000,"Complete"
2019,"Middletown",562,"12, 13, 14, 15, 2, 3, 4","CT","104-24","01/01/2018 - 12/31/2020","2,437.98","2,571","135,860.375","2,276,346",0.000,0.000,"Complete"
2020,"Middletown",562,"12, 13, 14, 15, 2, 3, 4","CT","104-24","01/01/2018 - 12/31/2020","3,584.54","3,694","211,537.738","3,437,152",0.000,0.000,"Complete"
2021,"Middletown",562,"12, 13, 14, 15, 2, 3, 4","CT","104-24","01/01/2021 - 12/31/2023","2,511.93","2,659","122,934.834","2,007,247",0.000,0.000,"Complete"
2022,"Middletown",562,"12, 13, 14, 15, 2, 3, 4","CT","104-24","01/01/2021 - 12/31/2023","2,526.17","2,643","198,291.156","2,691,613",0.000,0.000,"Complete"
2023,"Middletown",562,"12, 13, 14, 15, 2, 3, 4","CT","104-24","01/01/2021 - 12/31/2023","2,020.31","2,147","132,970.481","2,057,298",0.000,0.000,"Complete"
2024,"Middletown",562,"12, 13, 14, 15, 2, 3, 4","CT","104-24","01/01/2024 - 12/31/2026",752.71,855,"45,076.354","619,453",0.000,0.000,"Complete"
2009,"South Meadow Station",563,"11A, 11B, 12A, 12B, 13A, 13B, 14A, 14B","CT","75-158","01/01/2009 - 12/31/2011",172.00,172,"2,201.200","27,160",0.000,0.000,"Complete"
2010,"South Meadow Station",563,"11A, 11B, 12A, 12B, 13A, 13B, 14A, 14B","CT","75-158","01/01/2009 - 12/31/2011",196.00,196,"2,733.400","33,738",0.000,0.000,"Complete"
2011,"South Meadow Station",563,"11A, 11B, 12A, 12B, 13A, 13B, 14A, 14B","CT","75-158","01/01/2009 - 12/31/2011",208.00,208,"2,837.200","35,020",0.000,0.000,"Complete"
2012,"South Meadow Station",563,"11A, 11B, 12A, 12B, 13A, 13B, 14A, 14B","CT","75-158","01/01/2012 - 12/31/2014",127.40,238,"2,005.400","24,760",0.000,0.000,"Complete"
2013,"South Meadow Station",563,"11A, 11B, 12A, 12B, 13A, 13B, 14A, 14B","CT","75-158","01/01/2012 - 12/31/2014",197.24,394,"3,612.800","44,616",0.000,0.000,"Complete"
2014,"South Meadow Station",563,"11A, 11B, 12A, 12B, 13A, 13B, 14A, 14B","CT","75-158","01/01/2012 - 12/31/2014",219.17,348,"4,511.600","55,693",0.000,0.000,"Complete"
2015,"South Meadow Station",563,"11A, 11B, 12A, 12B, 13A, 13B, 14A, 14B","CT","75-158","01/01/2015 - 12/31/2017",120.48,259,"2,395.900","29,583",0.000,0.000,"Complete"
2016,"South Meadow Station",563,"11A, 11B, 12A, 12B, 13A, 13B, 14A, 14B","CT","75-158","01/01/2015 - 12/31/2017",102.87,221,"1,982.600","24,473",0.000,0.000,"Complete"
2017,"South Meadow Station",563,"11A, 11B, 12A, 12B, 13A, 13B, 14A, 14B","CT","75-158","01/01/2015 - 12/31/2017",78.60,210,"1,401.400","17,293",0.000,0.000,"Complete"
2018,"South Meadow Station",563,"11A, 11B, 12A, 12B, 13A, 13B, 14A, 14B","CT","75-158","01/01/2018 - 12/31/2020",90.01,228,"1,694.500","20,919",0.000,0.000,"Complete"
2019,"South Meadow Station",563,"11A, 11B, 12A, 12B, 13A, 13B, 14A, 14B","CT","75-158","01/01/2018 - 12/31/2020",118.60,240,"2,378.400","29,362",0.000,0.000,"Complete"
2020,"South Meadow Station",563,"11A, 11B, 12A, 12B, 13A, 13B, 14A, 14B","CT","75-158","01/01/2018 - 12/31/2020",101.90,212,"1,812.200","22,377",0.000,0.000,"Complete"
2021,"South Meadow Station",563,"11A, 11B, 12A, 12B, 13A, 13B, 14A, 14B","CT","75-158","01/01/2021 - 12/31/2023",106.91,261,"1,886.300","23,290",0.000,0.000,"Complete"
2022,"South Meadow Station",563,"11A, 11B, 12A, 12B, 13A, 13B, 14A, 14B","CT","75-158","01/01/2021 - 12/31/2023",114.44,257,"2,213.100","27,323",0.000,0.000,"Complete"
2023,"South Meadow Station",563,"11A, 11B, 12A, 12B, 13A, 13B, 14A, 14B","CT","75-158","01/01/2021 - 12/31/2023",0.91,29,3.000,35,0.000,0.000,"Complete"
2009,"Bridgeport Harbor Station",568,"BHB1, BHB2, BHB3, BHB5","CT","15-45","01/01/2009 - 12/31/2011","3,928.42","3,952","1,174,538.335","11,214,028",0.000,0.000,"Complete"
2010,"Bridgeport Harbor Station",568,"BHB1, BHB2, BHB3, BHB5","CT","15-45","01/01/2009 - 12/31/2011","4,740.43","4,761","1,389,597.279","13,273,454",0.000,0.000,"Complete"
2011,"Bridgeport Harbor Station",568,"BHB1, BHB2, BHB3, BHB5","CT","15-45","01/01/2009 - 12/31/2011","2,388.67","2,417","554,068.133","5,285,638",0.000,0.000,"Complete"
2012,"Bridgeport Harbor Station",568,"BHB1, BHB2, BHB3, BHB5","CT","15-45","01/01/2012 - 12/31/2014",735.77,751,"156,454.144","1,491,744",0.000,0.000,"Complete"
2013,"Bridgeport Harbor Station",568,"BHB1, BHB2, BHB3, BHB5","CT","15-45","01/01/2012 - 12/31/2014","2,547.65","2,559","765,427.358","7,298,148",0.000,0.000,"Complete"
2014,"Bridgeport Harbor Station",568,"BHB1, BHB2, BHB3, BHB5","CT","15-45","01/01/2012 - 12/31/2014","2,955.81","2,964","910,431.528","8,680,700",0.000,0.000,"Complete"
2015,"Bridgeport Harbor Station",568,"BHB1, BHB2, BHB3, BHB5","CT","15-45","01/01/2015 - 12/31/2017","2,100.60","2,117","692,802.542","6,605,666",0.000,0.000,"Complete"
2016,"Bridgeport Harbor Station",568,"BHB1, BHB2, BHB3, BHB5","CT","15-45","01/01/2015 - 12/31/2017","1,051.18","1,067","242,327.339","2,310,510",0.000,0.000,"Complete"
2017,"Bridgeport Harbor Station",568,"BHB1, BHB2, BHB3, BHB5","CT","15-45","01/01/2015 - 12/31/2017",971.35,983,"251,352.213","2,396,569",0.000,0.000,"Complete"
2018,"Bridgeport Harbor Station",568,"BHB1, BHB2, BHB3, BHB5","CT","15-45","01/01/2018 - 12/31/2020","1,445.58","1,461","393,320.563","3,750,213",0.000,0.000,"Complete"
2019,"Bridgeport Harbor Station",568,"BHB1, BHB2, BHB3, BHB5","CT","15-45","01/01/2018 - 12/31/2020","2,304.08","2,314","419,200.645","6,465,093",0.000,0.000,"Complete"
2020,"Bridgeport Harbor Station",568,"BHB1, BHB2, BHB3, BHB5","CT","15-45","01/01/2018 - 12/31/2020","8,384.26","8,395","1,423,097.917","23,910,275",0.000,0.000,"Complete"
2021,"Bridgeport Harbor Station",568,"BHB1, BHB2, BHB3, BHB5","CT","15-45","01/01/2021 - 12/31/2023","9,196.72","9,201","1,708,498.671","26,744,341",0.000,0.000,"Complete"
2022,"Bridgeport Harbor Station",568,"BHB1, BHB2, BHB3, BHB5","CT","15-45","01/01/2021 - 12/31/2023","7,882.39","7,889","1,361,347.989","22,907,338",0.000,0.000,"Complete"
2023,"Bridgeport Harbor Station",568,"BHB1, BHB2, BHB3, BHB5","CT","15-45","01/01/2021 - 12/31/2023","6,932.91","6,942","1,174,019.788","19,699,227",0.000,0.000,"Complete"
2024,"Bridgeport Harbor Station",568,"BHB1, BHB2, BHB3, BHB5","CT","15-45","01/01/2024 - 12/31/2026","7,773.36","7,777","1,360,016.283","22,880,835",0.000,0.000,"Complete"
2009,"Christiana Substation",591,"11, 14","DE",1000300137,"01/01/2009 - 12/31/2011",45.00,46,720.200,"8,894",0.000,0.000,"Complete"
2010,"Christiana Substation",591,"11, 14","DE",1000300137,"01/01/2009 - 12/31/2011",46.43,47,"1,009.900","12,470",0.000,0.000,"Complete"
2011,"Christiana Substation",591,"11, 14","DE",1000300137,"01/01/2009 - 12/31/2011",13.49,20,449.600,"5,549",0.000,0.000,"Complete"
2012,"Christiana Substation",591,"11, 14","DE",1000300137,"01/01/2012 - 12/31/2014",10.40,15,574.600,"7,094",0.000,0.000,"Complete"
2013,"Christiana Substation",591,"11, 14","DE",1000300137,"01/01/2012 - 12/31/2014",10.80,12,193.600,"2,392",0.000,0.000,"Complete"
2014,"Christiana Substation",591,"11, 14","DE",1000300137,"01/01/2012 - 12/31/2014",80.72,86,"3,475.500","42,906",0.000,0.000,"Complete"
2015,"Christiana Substation",591,"11, 14","DE",1000300137,"01/01/2015 - 12/31/2017",54.93,58,"1,587.600","19,598",0.000,0.000,"Complete"
2016,"Christiana Substation",591,"11, 14","DE",1000300137,"01/01/2015 - 12/31/2017",7.90,10,234.500,"2,896",0.000,0.000,"Complete"
2017,"Christiana Substation",591,"11, 14","DE",1000300137,"01/01/2015 - 12/31/2017",12.10,14,343.900,"4,244",0.000,0.000,"Complete"
2018,"Christiana Substation",591,"11, 14","DE",1000300137,"01/01/2018 - 12/31/2020",70.90,76,"2,219.100","27,372",0.000,0.000,"Complete"
2019,"Christiana Substation",591,"11, 14","DE",1000300137,"01/01/2018 - 12/31/2020",20.90,25,569.400,"7,031",0.000,0.000,"Complete"
2020,"Christiana Substation",591,"11, 14","DE",1000300137,"01/01/2018 - 12/31/2020",4.50,7,135.600,"1,675",0.000,0.000,"Complete"
2021,"Christiana Substation",591,"11, 14","DE",1000300137,"01/01/2021 - 12/31/2023",11.77,16,353.500,"4,365",0.000,0.000,"Complete"
2022,"Christiana Substation",591,"11, 14","DE",1000300137,"01/01/2021 - 12/31/2023",85.28,91,"2,815.700","34,783",0.000,0.000,"Complete"
2023,"Christiana Substation",591,"11, 14","DE",1000300137,"01/01/2021 - 12/31/2023",27.88,35,893.200,"11,027",0.000,0.000,"Complete"
2024,"Christiana Substation",591,"11, 14","DE",1000300137,"01/01/2024 - 12/31/2026",25.84,28,867.100,"10,710",0.000,0.000,"Complete"
2009,"Edge Moor",593,"3, 4, 5","DE",1000300007,"01/01/2009 - 12/31/2011","10,118.25","10,194","685,345.650","6,865,427",0.000,0.000,"Complete"
2010,"Edge Moor",593,"3, 4, 5","DE",1000300007,"01/01/2009 - 12/31/2011","11,464.00","11,546","665,965.450","8,708,654",0.000,0.000,"Complete"
2011,"Edge Moor",593,"3, 4, 5","DE",1000300007,"01/01/2009 - 12/31/2011","12,128.75","12,210","548,042.825","9,197,149",0.000,0.000,"Complete"
2012,"Edge Moor",593,"3, 4, 5","DE",1000300007,"01/01/2012 - 12/31/2014","11,932.50","12,008","755,064.975","12,713,386",0.000,0.000,"Complete"
2013,"Edge Moor",593,"3, 4, 5","DE",1000300007,"01/01/2012 - 12/31/2014","4,671.00","4,786","271,833.825","4,564,206",0.000,0.000,"Complete"
2014,"Edge Moor",593,"3, 4, 5","DE",1000300007,"01/01/2012 - 12/31/2014","9,846.23","10,087","597,705.664","9,910,650",0.000,0.000,"Complete"
2015,"Edge Moor",593,"3, 4, 5","DE",1000300007,"01/01/2015 - 12/31/2017","6,285.56","6,515","383,134.502","6,308,970",0.000,0.000,"Complete"
2016,"Edge Moor",593,"3, 4, 5","DE",1000300007,"01/01/2015 - 12/31/2017","9,006.64","9,142","576,466.145","9,685,904",0.000,0.000,"Complete"
2017,"Edge Moor",593,"3, 4, 5","DE",1000300007,"01/01/2015 - 12/31/2017","2,534.30","2,647","166,370.524","2,742,601",0.000,0.000,"Complete"
2018,"Edge Moor",593,"3, 4, 5","DE",1000300007,"01/01/2018 - 12/31/2020","3,052.96","3,182","241,653.562","3,823,901",0.000,0.000,"Complete"
2019,"Edge Moor",593,"3, 4, 5","DE",1000300007,"01/01/2018 - 12/31/2020","1,735.24","1,858","112,025.576","1,856,024",0.000,0.000,"Complete"
2020,"Edge Moor",593,"3, 4, 5","DE",1000300007,"01/01/2018 - 12/31/2020","2,089.89","2,181","123,945.743","2,079,396",0.000,0.000,"Complete"
2021,"Edge Moor",593,"3, 4, 5","DE",1000300007,"01/01/2021 - 12/31/2023","3,920.17","4,071","223,836.521","3,755,171",0.000,0.000,"Complete"
2022,"Edge Moor",593,"3, 4, 5","DE",1000300007,"01/01/2021 - 12/31/2023","4,187.08","4,352","261,153.517","4,295,754",0.000,0.000,"Complete"
2023,"Edge Moor",593,"3, 4, 5","DE",1000300007,"01/01/2021 - 12/31/2023","3,105.01","3,227","179,229.620","2,981,688",0.000,0.000,"Complete"
2024,"Edge Moor",593,"3, 4, 5","DE",1000300007,"01/01/2024 - 12/31/2026","4,333.29","4,520","254,130.727","4,196,759",0.000,0.000,"Complete"
2009,"Indian River",594,"1, 2, 3, 4","DE",1000500001,"01/01/2009 - 12/31/2011","16,661.25","16,784","2,345,073.700","22,856,557",0.000,0.000,"Complete"
2010,"Indian River",594,"1, 2, 3, 4","DE",1000500001,"01/01/2009 - 12/31/2011","16,088.75","16,171","2,342,049.025","22,827,008",0.000,0.000,"Complete"
2011,"Indian River",594,"1, 2, 3, 4","DE",1000500001,"01/01/2009 - 12/31/2011","10,641.75","10,713","1,602,430.400","15,618,233",0.000,0.000,"Complete"
2012,"Indian River",594,"1, 2, 3, 4","DE",1000500001,"01/01/2012 - 12/31/2014","10,007.25","10,069","1,502,778.750","14,646,985",0.000,0.000,"Complete"
2013,"Indian River",594,"1, 2, 3, 4","DE",1000500001,"01/01/2012 - 12/31/2014","8,801.75","8,840","1,630,927.875","15,896,024",0.000,0.000,"Complete"
2014,"Indian River",594,"1, 2, 3, 4","DE",1000500001,"01/01/2012 - 12/31/2014","3,697.45","3,729","877,251.239","8,550,175",0.000,0.000,"Complete"
2015,"Indian River",594,"1, 2, 3, 4","DE",1000500001,"01/01/2015 - 12/31/2017","2,545.39","2,577","627,477.964","6,115,758",0.000,0.000,"Complete"
2016,"Indian River",594,"1, 2, 3, 4","DE",1000500001,"01/01/2015 - 12/31/2017","2,207.66","2,228","527,384.463","5,140,208",0.000,0.000,"Complete"
2017,"Indian River",594,"1, 2, 3, 4","DE",1000500001,"01/01/2015 - 12/31/2017","1,842.29","1,868","398,762.540","3,886,581",0.000,0.000,"Complete"
2018,"Indian River",594,"1, 2, 3, 4","DE",1000500001,"01/01/2018 - 12/31/2020","1,643.85","1,677","313,243.195","3,053,058",0.000,0.000,"Complete"
2019,"Indian River",594,"1, 2, 3, 4","DE",1000500001,"01/01/2018 - 12/31/2020",836.27,849,"180,120.714","1,755,559",0.000,0.000,"Complete"
2020,"Indian River",594,"1, 2, 3, 4","DE",1000500001,"01/01/2018 - 12/31/2020",822.76,838,"163,735.061","1,595,860",0.000,0.000,"Complete"
2021,"Indian River",594,"1, 2, 3, 4","DE",1000500001,"01/01/2021 - 12/31/2023","1,767.12","1,804","385,657.816","3,758,854",0.000,0.000,"Complete"
2022,"Indian River",594,"1, 2, 3, 4","DE",1000500001,"01/01/2021 - 12/31/2023",901.33,924,"169,755.446","1,654,534",0.000,0.000,"Complete"
2023,"Indian River",594,"1, 2, 3, 4","DE",1000500001,"01/01/2021 - 12/31/2023",279.32,291,"31,534.174","307,360",0.000,0.000,"Complete"
2024,"Indian River",594,"1, 2, 3, 4","DE",1000500001,"01/01/2024 - 12/31/2026","1,106.18","1,133","229,804.275","2,239,813",0.000,0.000,"Complete"
2009,"McKee Run",599,3,"DE",1000100002,"01/01/2009 - 12/31/2011",153.07,163,"5,284.776","86,269",0.000,0.000,"Complete"
2010,"McKee Run",599,3,"DE",1000100002,"01/01/2009 - 12/31/2011",739.05,802,"29,286.784","488,652",0.000,0.000,"Complete"
2011,"McKee Run",599,3,"DE",1000100002,"01/01/2009 - 12/31/2011",432.19,458,"15,545.951","259,697",0.000,0.000,"Complete"
2012,"McKee Run",599,3,"DE",1000100002,"01/01/2012 - 12/31/2014",519.45,546,"15,264.581","256,853",0.000,0.000,"Complete"
2013,"McKee Run",599,3,"DE",1000100002,"01/01/2012 - 12/31/2014",306.95,322,"8,726.882","146,842",0.000,0.000,"Complete"
2014,"McKee Run",599,3,"DE",1000100002,"01/01/2012 - 12/31/2014","1,053.64","1,116","23,647.660","384,851",0.000,0.000,"Complete"
2015,"McKee Run",599,3,"DE",1000100002,"01/01/2015 - 12/31/2017",536.37,565,"9,565.947","149,975",0.000,0.000,"Complete"
2016,"McKee Run",599,3,"DE",1000100002,"01/01/2015 - 12/31/2017","1,005.79","1,054","24,139.337","394,860",0.000,0.000,"Complete"
2017,"McKee Run",599,3,"DE",1000100002,"01/01/2015 - 12/31/2017",272.43,293,"6,239.405","102,806",0.000,0.000,"Complete"
2018,"McKee Run",599,3,"DE",1000100002,"01/01/2018 - 12/31/2020",686.37,721,"20,393.352","326,740",0.000,0.000,"Complete"
2019,"McKee Run",599,3,"DE",1000100002,"01/01/2018 - 12/31/2020",115.89,135,"1,712.682","28,820",0.000,0.000,"Complete"
2020,"McKee Run",599,3,"DE",1000100002,"01/01/2018 - 12/31/2020",226.94,244,"3,798.229","63,914",0.000,0.000,"Complete"
2021,"McKee Run",599,3,"DE",1000100002,"01/01/2021 - 12/31/2023",3.97,7,15.013,252,0.000,0.000,"Complete"
2009,"Brandon Shores",602,"1, 2","MD",000602,"01/01/2009 - 12/31/2011","14,201.88","14,217","6,860,722.390","66,868,630",0.000,0.000,"Complete"
2010,"Brandon Shores",602,"1, 2","MD",000602,"01/01/2009 - 12/31/2011","14,204.63","14,241","6,329,727.781","61,693,321",0.000,0.000,"Complete"
2011,"Brandon Shores",602,"1, 2","MD",000602,"01/01/2009 - 12/31/2011","14,528.64","14,546","6,610,419.074","64,429,106",0.000,0.000,"Complete"
2012,"Brandon Shores",602,"1, 2","MD",000602,"01/01/2012 - 12/31/2014","11,511.64","11,525","5,322,511.886","51,876,286",0.000,0.000,"Complete"
2013,"Brandon Shores",602,"1, 2","MD",000602,"01/01/2012 - 12/31/2014","13,288.07","13,306","5,452,082.252","53,139,234",0.000,0.000,"Complete"
2014,"Brandon Shores",602,"1, 2","MD",000602,"01/01/2012 - 12/31/2014","11,996.60","12,018","5,597,267.314","54,554,288",0.000,0.000,"Complete"
2015,"Brandon Shores",602,"1, 2","MD",000602,"01/01/2015 - 12/31/2017","12,876.15","12,892","5,772,375.342","56,261,022",0.000,0.000,"Complete"
2016,"Brandon Shores",602,"1, 2","MD",000602,"01/01/2015 - 12/31/2017","12,150.74","12,172","5,567,269.523","54,261,919",0.000,0.000,"Complete"
2017,"Brandon Shores",602,"1, 2","MD",000602,"01/01/2015 - 12/31/2017","9,786.30","9,801","4,545,200.596","44,300,185",0.000,0.000,"Complete"
2018,"Brandon Shores",602,"1, 2","MD",000602,"01/01/2018 - 12/31/2020","11,455.91","11,476","5,523,415.414","53,834,460",0.000,0.000,"Complete"
2019,"Brandon Shores",602,"1, 2","MD",000602,"01/01/2018 - 12/31/2020","7,485.42","7,508","2,822,330.120","27,508,051",0.000,0.000,"Complete"
2020,"Brandon Shores",602,"1, 2","MD",000602,"01/01/2018 - 12/31/2020","3,650.03","3,681","1,250,397.931","12,187,110",0.000,0.000,"Complete"
2021,"Brandon Shores",602,"1, 2","MD",000602,"01/01/2021 - 12/31/2023","7,032.84","7,077","2,846,844.041","27,747,041",0.000,0.000,"Complete"
2022,"Brandon Shores",602,"1, 2","MD",000602,"01/01/2021 - 12/31/2023","6,405.13","6,435","2,426,032.543","23,645,547",0.000,0.000,"Complete"
2023,"Brandon Shores",602,"1, 2","MD",000602,"01/01/2021 - 12/31/2023","4,477.49","4,504","1,351,803.856","13,175,463",0.000,0.000,"Complete"
2024,"Brandon Shores",602,"1, 2","MD",000602,"01/01/2024 - 12/31/2026","7,634.67","7,673","2,697,707.987","26,293,444",0.000,0.000,"Complete"
2009,"William F Wyman",1507,"1, 2, 3, 4","ME","A-388","01/01/2009 - 12/31/2011","3,043.94","3,254","242,370.257","2,776,299",0.000,0.000,"Complete"
2010,"William F Wyman",1507,"1, 2, 3, 4","ME","A-388","01/01/2009 - 12/31/2011","5,075.59","5,465","198,691.014","2,263,161",0.000,0.000,"Complete"
2011,"William F Wyman",1507,"1, 2, 3, 4","ME","A-388","01/01/2009 - 12/31/2011","2,932.57","3,177","107,641.962","1,226,971",0.000,0.000,"Complete"
2012,"William F Wyman",1507,"1, 2, 3, 4","ME","A-388","01/01/2012 - 12/31/2014","3,146.79","3,343","77,824.537","885,958",0.000,0.000,"Complete"
2013,"William F Wyman",1507,"1, 2, 3, 4","ME","A-388","01/01/2012 - 12/31/2014","3,855.91","4,045","211,640.686","2,415,968",0.000,0.000,"Complete"
2014,"William F Wyman",1507,"1, 2, 3, 4","ME","A-388","01/01/2012 - 12/31/2014","2,483.81","2,625","232,537.917","2,708,882",0.000,0.000,"Complete"
2015,"William F Wyman",1507,"1, 2, 3, 4","ME","A-388","01/01/2015 - 12/31/2017","3,999.14","4,165","434,966.006","5,061,074",0.000,0.000,"Complete"
2016,"William F Wyman",1507,"1, 2, 3, 4","ME","A-388","01/01/2015 - 12/31/2017","2,174.37","2,252","93,552.439","1,089,843",0.000,0.000,"Complete"
2017,"William F Wyman",1507,"1, 2, 3, 4","ME","A-388","01/01/2015 - 12/31/2017","1,326.88","1,396","103,596.800","1,203,162",0.000,0.000,"Complete"
2018,"William F Wyman",1507,"1, 2, 3, 4","ME","A-388","01/01/2018 - 12/31/2020","2,023.21","2,080","151,727.088","1,744,850",0.000,0.000,"Complete"
2019,"William F Wyman",1507,"1, 2, 3, 4","ME","A-388","01/01/2018 - 12/31/2020",306.34,330,"10,136.170","122,224",0.000,0.000,"Complete"
2020,"William F Wyman",1507,"1, 2, 3, 4","ME","A-388","01/01/2018 - 12/31/2020",249.97,274,"16,456.563","193,734",0.000,0.000,"Complete"
2021,"William F Wyman",1507,"1, 2, 3, 4","ME","A-388","01/01/2021 - 12/31/2023",282.63,317,"9,297.997","108,164",0.000,0.000,"Complete"
2022,"William F Wyman",1507,"1, 2, 3, 4","ME","A-388","01/01/2021 - 12/31/2023","1,363.80","1,444","218,462.176","2,563,778",0.000,0.000,"Complete"
2023,"William F Wyman",1507,"1, 2, 3, 4","ME","A-388","01/01/2021 - 12/31/2023",515.94,544,"44,175.761","518,232",0.000,0.000,"Complete"
2024,"William F Wyman",1507,"1, 2, 3, 4","ME","A-388","01/01/2024 - 12/31/2026",337.77,361,"35,191.333","427,445",0.000,0.000,"Complete"
2009,"C P Crane",1552,"1, 2, 3, 4, 5","MD",001552,"01/01/2009 - 12/31/2011","9,004.23","9,055","1,216,247.191","11,854,284",0.000,0.000,"Complete"
2010,"C P Crane",1552,"1, 2, 3, 4, 5","MD",001552,"01/01/2009 - 12/31/2011","7,864.27","7,917","1,047,894.313","10,075,554",0.000,0.000,"Complete"
2011,"C P Crane",1552,"1, 2, 3, 4, 5","MD",001552,"01/01/2009 - 12/31/2011","9,346.48","9,381","1,242,441.560","11,846,343",0.000,0.000,"Complete"
2012,"C P Crane",1552,"1, 2, 3, 4, 5","MD",001552,"01/01/2012 - 12/31/2014","7,344.50","7,384","944,062.864","9,001,342",0.000,0.000,"Complete"
2013,"C P Crane",1552,"1, 2, 3, 4, 5","MD",001552,"01/01/2012 - 12/31/2014","6,473.57","6,513","862,110.143","8,219,957",0.000,0.000,"Complete"
2014,"C P Crane",1552,"1, 2, 3, 4, 5","MD",001552,"01/01/2012 - 12/31/2014","4,444.91","4,477","652,192.742","6,218,454",0.000,0.000,"Complete"
2015,"C P Crane",1552,"1, 2, 3, 4, 5","MD",001552,"01/01/2015 - 12/31/2017","4,367.00","4,398","560,531.274","5,344,520",0.000,0.000,"Complete"
2016,"C P Crane",1552,"1, 2, 3, 4, 5","MD",001552,"01/01/2015 - 12/31/2017","4,262.37","4,305","400,780.586","3,821,338",0.000,0.000,"Complete"
2017,"C P Crane",1552,"1, 2, 3, 4, 5","MD",001552,"01/01/2015 - 12/31/2017","2,476.28","2,511","282,073.439","2,689,465",0.000,0.000,"Complete"
2018,"C P Crane",1552,"1, 2, 3, 4, 5","MD",001552,"01/01/2018 - 12/31/2020","2,095.71","2,105","242,811.749","2,315,154",0.000,0.000,"Complete"
2009,"Gould Street",1553,3,"MD",001553,"01/01/2009 - 12/31/2011",212.01,224,"5,710.072","96,089",0.000,0.000,"Complete"
2010,"Gould Street",1553,3,"MD",001553,"01/01/2009 - 12/31/2011",578.16,620,"18,141.758","305,289",0.000,0.000,"Complete"
2011,"Gould Street",1553,3,"MD",001553,"01/01/2009 - 12/31/2011",557.44,589,"18,499.380","311,301",0.000,0.000,"Complete"
2012,"Gould Street",1553,3,"MD",001553,"01/01/2012 - 12/31/2014",853.00,905,"29,033.373","488,546",0.000,0.000,"Complete"
2013,"Gould Street",1553,3,"MD",001553,"01/01/2012 - 12/31/2014",375.33,392,"12,767.037","214,837",0.000,0.000,"Complete"
2014,"Gould Street",1553,3,"MD",001553,"01/01/2012 - 12/31/2014",502.64,526,"13,101.960","220,419",0.000,0.000,"Complete"
2015,"Gould Street",1553,3,"MD",001553,"01/01/2015 - 12/31/2017",484.97,506,"16,107.811","271,053",0.000,0.000,"Complete"
2016,"Gould Street",1553,3,"MD",001553,"01/01/2015 - 12/31/2017",487.60,510,"14,234.459","239,542",0.000,0.000,"Complete"
2017,"Gould Street",1553,3,"MD",001553,"01/01/2015 - 12/31/2017",359.40,382,"10,272.768","172,857",0.000,0.000,"Complete"
2018,"Gould Street",1553,3,"MD",001553,"01/01/2018 - 12/31/2020",458.14,494,"11,693.011","196,764",0.000,0.000,"Complete"
2019,"Gould Street",1553,3,"MD",001553,"01/01/2018 - 12/31/2020",0.00,0,0.000,0,0.000,0.000,"Complete"
2009,"Herbert A Wagner",1554,"1, 2, 3, 4","MD",001554,"01/01/2009 - 12/31/2011","15,568.64","15,635","2,379,234.629","23,309,288",0.000,0.000,"Complete"
2010,"Herbert A Wagner",1554,"1, 2, 3, 4","MD",001554,"01/01/2009 - 12/31/2011","13,693.60","13,777","1,818,364.332","17,959,332",0.000,0.000,"Complete"
2011,"Herbert A Wagner",1554,"1, 2, 3, 4","MD",001554,"01/01/2009 - 12/31/2011","14,289.55","14,379","1,760,349.375","17,443,223",0.000,0.000,"Complete"
2012,"Herbert A Wagner",1554,"1, 2, 3, 4","MD",001554,"01/01/2012 - 12/31/2014","12,518.31","12,619","1,360,548.515","13,605,757",0.000,0.000,"Complete"
2013,"Herbert A Wagner",1554,"1, 2, 3, 4","MD",001554,"01/01/2012 - 12/31/2014","12,569.84","12,673","1,607,263.174","16,034,062",0.000,0.000,"Complete"
2014,"Herbert A Wagner",1554,"1, 2, 3, 4","MD",001554,"01/01/2012 - 12/31/2014","10,833.96","10,904","1,472,680.048","14,587,555",0.000,0.000,"Complete"
2015,"Herbert A Wagner",1554,"1, 2, 3, 4","MD",001554,"01/01/2015 - 12/31/2017","11,783.87","11,888","1,583,292.685","15,922,221",0.000,0.000,"Complete"
2016,"Herbert A Wagner",1554,"1, 2, 3, 4","MD",001554,"01/01/2015 - 12/31/2017","9,501.16","9,602","1,299,184.893","13,122,256",0.000,0.000,"Complete"
2017,"Herbert A Wagner",1554,"1, 2, 3, 4","MD",001554,"01/01/2015 - 12/31/2017","3,670.42","3,719","262,561.083","2,659,198",0.000,0.000,"Complete"
2018,"Herbert A Wagner",1554,"1, 2, 3, 4","MD",001554,"01/01/2018 - 12/31/2020","5,929.85","5,996","557,907.214","5,676,416",0.000,0.000,"Complete"
2019,"Herbert A Wagner",1554,"1, 2, 3, 4","MD",001554,"01/01/2018 - 12/31/2020","3,691.85","3,748","224,894.416","2,373,187",0.000,0.000,"Complete"
2020,"Herbert A Wagner",1554,"1, 2, 3, 4","MD",001554,"01/01/2018 - 12/31/2020","2,917.49","2,956","123,320.104","1,341,440",0.000,0.000,"Complete"
2021,"Herbert A Wagner",1554,"1, 2, 3, 4","MD",001554,"01/01/2021 - 12/31/2023","3,015.23","3,084","184,306.474","1,895,958",0.000,0.000,"Complete"
2022,"Herbert A Wagner",1554,"1, 2, 3, 4","MD",001554,"01/01/2021 - 12/31/2023","2,754.55","2,812","190,724.494","2,001,009",0.000,0.000,"Complete"
2023,"Herbert A Wagner",1554,"1, 2, 3, 4","MD",001554,"01/01/2021 - 12/31/2023","2,947.28","2,991","119,310.202","1,333,252",0.000,0.000,"Complete"
2024,"Herbert A Wagner",1554,"1, 2, 3, 4","MD",001554,"01/01/2024 - 12/31/2026","3,695.02","3,771","182,849.429","2,324,311",0.000,0.000,"Complete"
2009,"Perryman",1556,"**51, 6-1, 6-2, CT1, CT2, CT3, CT4","MD",001556,"01/01/2009 - 12/31/2011",495.05,606,"36,687.651","586,065",0.000,0.000,"Complete"
2010,"Perryman",1556,"**51, 6-1, 6-2, CT1, CT2, CT3, CT4","MD",001556,"01/01/2009 - 12/31/2011","1,085.05","1,335","68,506.891","844,446",0.000,0.000,"Complete"
2011,"Perryman",1556,"**51, 6-1, 6-2, CT1, CT2, CT3, CT4","MD",001556,"01/01/2009 - 12/31/2011",783.41,944,"59,305.997","835,722",0.000,0.000,"Complete"
2012,"Perryman",1556,"**51, 6-1, 6-2, CT1, CT2, CT3, CT4","MD",001556,"01/01/2012 - 12/31/2014",857.40,970,"75,942.847","1,243,833",0.000,0.000,"Complete"
2013,"Perryman",1556,"**51, 6-1, 6-2, CT1, CT2, CT3, CT4","MD",001556,"01/01/2012 - 12/31/2014",859.48,"1,060","73,306.144","1,117,864",0.000,0.000,"Complete"
2014,"Perryman",1556,"**51, 6-1, 6-2, CT1, CT2, CT3, CT4","MD",001556,"01/01/2012 - 12/31/2014","1,162.48","1,311","100,340.920","1,386,271",0.000,0.000,"Complete"
2015,"Perryman",1556,"**51, 6-1, 6-2, CT1, CT2, CT3, CT4","MD",001556,"01/01/2015 - 12/31/2017","3,908.63","4,290","273,134.827","4,539,628",0.000,0.000,"Complete"
2016,"Perryman",1556,"**51, 6-1, 6-2, CT1, CT2, CT3, CT4","MD",001556,"01/01/2015 - 12/31/2017","7,628.89","8,423","375,103.845","6,176,703",0.000,0.000,"Complete"
2017,"Perryman",1556,"**51, 6-1, 6-2, CT1, CT2, CT3, CT4","MD",001556,"01/01/2015 - 12/31/2017","3,537.22","4,168","154,193.174","2,520,710",0.000,0.000,"Complete"
2018,"Perryman",1556,"**51, 6-1, 6-2, CT1, CT2, CT3, CT4","MD",001556,"01/01/2018 - 12/31/2020","4,323.20","5,038","197,984.010","3,129,036",0.000,0.000,"Complete"
2019,"Perryman",1556,"**51, 6-1, 6-2, CT1, CT2, CT3, CT4","MD",001556,"01/01/2018 - 12/31/2020","3,298.22","3,913","135,955.569","2,230,514",0.000,0.000,"Complete"
2020,"Perryman",1556,"**51, 6-1, 6-2, CT1, CT2, CT3, CT4","MD",001556,"01/01/2018 - 12/31/2020","2,996.60","3,504","140,663.258","2,265,400",0.000,0.000,"Complete"
2021,"Perryman",1556,"**51, 6-1, 6-2, CT1, CT2, CT3, CT4","MD",001556,"01/01/2021 - 12/31/2023","3,865.86","4,489","159,035.133","2,620,907",0.000,0.000,"Complete"
2022,"Perryman",1556,"**51, 6-1, 6-2, CT1, CT2, CT3, CT4","MD",001556,"01/01/2021 - 12/31/2023","5,155.78","5,890","220,784.781","3,609,230",0.000,0.000,"Complete"
2023,"Perryman",1556,"**51, 6-1, 6-2, CT1, CT2, CT3, CT4","MD",001556,"01/01/2021 - 12/31/2023","3,288.09","3,811","168,177.949","2,794,116",0.000,0.000,"Complete"
2024,"Perryman",1556,"**51, 6-1, 6-2, CT1, CT2, CT3, CT4","MD",001556,"01/01/2024 - 12/31/2026","1,871.09","2,246","105,872.663","1,731,609",0.000,0.000,"Complete"
2009,"Riverside",1559,"4, CT6","MD",001559,"01/01/2009 - 12/31/2011",72.95,81,"2,731.501","45,965",0.000,0.000,"Complete"
2010,"Riverside",1559,"4, CT6","MD",001559,"01/01/2009 - 12/31/2011",357.01,400,"11,881.736","198,442",0.000,0.000,"Complete"
2011,"Riverside",1559,"4, CT6","MD",001559,"01/01/2009 - 12/31/2011",504.08,539,"14,040.280","236,264",0.000,0.000,"Complete"
2012,"Riverside",1559,"4, CT6","MD",001559,"01/01/2012 - 12/31/2014",728.92,770,"19,710.179","330,170",0.000,0.000,"Complete"
2013,"Riverside",1559,"4, CT6","MD",001559,"01/01/2012 - 12/31/2014",560.05,601,"14,457.489","243,272",0.000,0.000,"Complete"
2014,"Riverside",1559,"4, CT6","MD",001559,"01/01/2012 - 12/31/2014",477.76,523,"17,070.882","267,550",0.000,0.000,"Complete"
2015,"Riverside",1559,"4, CT6","MD",001559,"01/01/2015 - 12/31/2017",783.28,843,"24,551.888","413,098",0.000,0.000,"Complete"
2016,"Riverside",1559,"4, CT6","MD",001559,"01/01/2015 - 12/31/2017",0.00,0,0.000,0,0.000,0.000,"Complete"
2009,"Westport",1560,"CT5","MD"," ","01/01/2009 - 12/31/2011",0.00,0,0.000,0,0.000,0.000,"Complete"
2010,"Westport",1560,"CT5","MD"," ","01/01/2009 - 12/31/2011",100.20,125,"7,566.076","127,310",0.000,0.000,"Complete"
2011,"Westport",1560,"CT5","MD"," ","01/01/2009 - 12/31/2011",8.63,15,410.185,"6,902",0.000,0.000,"Complete"
2012,"Westport",1560,"CT5","MD"," ","01/01/2012 - 12/31/2014",112.94,180,"9,270.704","156,008",0.000,0.000,"Complete"
2013,"Westport",1560,"CT5","MD"," ","01/01/2012 - 12/31/2014",200.40,235,"19,921.211","335,221",0.000,0.000,"Complete"
2014,"Westport",1560,"CT5","MD"," ","01/01/2012 - 12/31/2014",64.23,76,"5,974.637","100,538",0.000,0.000,"Complete"
2015,"Westport",1560,"CT5","MD"," ","01/01/2015 - 12/31/2017",211.02,255,"21,507.635","361,923",0.000,0.000,"Complete"
2016,"Westport",1560,"CT5","MD"," ","01/01/2015 - 12/31/2017",615.19,722,"61,030.003","1,026,959",0.000,0.000,"Complete"
2017,"Westport",1560,"CT5","MD"," ","01/01/2015 - 12/31/2017",227.03,313,"19,897.622","334,810",0.000,0.000,"Complete"
2018,"Westport",1560,"CT5","MD"," ","01/01/2018 - 12/31/2020",334.10,430,"29,444.154","495,458",0.000,0.000,"Complete"
2019,"Westport",1560,"CT5","MD"," ","01/01/2018 - 12/31/2020",453.31,566,"41,983.419","706,368",0.000,0.000,"Complete"
2020,"Westport",1560,"CT5","MD"," ","01/01/2018 - 12/31/2020",38.41,46,"3,190.805","53,688",0.000,0.000,"Complete"
2009,"Vienna",1564,8,"MD","4-0020-69","01/01/2009 - 12/31/2011",358.00,366,"25,300.075","311,786",0.000,0.000,"Complete"
2010,"Vienna",1564,8,"MD","4-0020-69","01/01/2009 - 12/31/2011",200.75,210,"11,920.450","146,889",0.000,0.000,"Complete"
2011,"Vienna",1564,8,"MD","4-0020-69","01/01/2009 - 12/31/2011",306.50,319,"18,142.200","223,574",0.000,0.000,"Complete"
2012,"Vienna",1564,8,"MD","4-0020-69","01/01/2012 - 12/31/2014",97.00,104,"5,203.350","64,118",0.000,0.000,"Complete"
2013,"Vienna",1564,8,"MD","4-0020-69","01/01/2012 - 12/31/2014",153.50,163,"7,484.725","92,240",0.000,0.000,"Complete"
2014,"Vienna",1564,8,"MD","4-0020-69","01/01/2012 - 12/31/2014",287.45,300,"21,065.241","259,598",0.000,0.000,"Complete"
2015,"Vienna",1564,8,"MD","4-0020-69","01/01/2015 - 12/31/2017",274.91,290,"15,678.874","193,217",0.000,0.000,"Complete"
2016,"Vienna",1564,8,"MD","4-0020-69","01/01/2015 - 12/31/2017",190.16,207,"8,224.948","101,380",0.000,0.000,"Complete"
2017,"Vienna",1564,8,"MD","4-0020-69","01/01/2015 - 12/31/2017",94.60,109,"3,127.893","38,550",0.000,0.000,"Complete"
2018,"Vienna",1564,8,"MD","4-0020-69","01/01/2018 - 12/31/2020",131.97,143,"9,176.370","113,079",0.000,0.000,"Complete"
2019,"Vienna",1564,8,"MD","4-0020-69","01/01/2018 - 12/31/2020",110.16,119,"5,356.196","66,009",0.000,0.000,"Complete"
2020,"Vienna",1564,8,"MD","4-0020-69","01/01/2018 - 12/31/2020",32.19,36,"1,953.048","24,066",0.000,0.000,"Complete"
2021,"Vienna",1564,8,"MD","4-0020-69","01/01/2021 - 12/31/2023",75.26,83,"4,434.747","54,647",0.000,0.000,"Complete"
2022,"Vienna",1564,8,"MD","4-0020-69","01/01/2021 - 12/31/2023",146.61,157,"13,752.524","169,488",0.000,0.000,"Complete"
2023,"Vienna",1564,8,"MD","4-0020-69","01/01/2021 - 12/31/2023",163.64,175,"12,159.089","149,853",0.000,0.000,"Complete"
2024,"Vienna",1564,8,"MD","4-0020-69","01/01/2024 - 12/31/2026",186.34,197,"13,389.988","165,033",0.000,0.000,"Complete"
2009,"R. Paul Smith Power Station",1570,"11, 9","MD","21-00005","01/01/2009 - 12/31/2011","3,176.32","3,215","142,375.156","1,387,701",0.000,0.000,"Complete"
2010,"R. Paul Smith Power Station",1570,"11, 9","MD","21-00005","01/01/2009 - 12/31/2011","6,287.01","6,391","313,114.047","3,051,796",0.000,0.000,"Complete"
2011,"R. Paul Smith Power Station",1570,"11, 9","MD","21-00005","01/01/2009 - 12/31/2011","2,201.23","2,251","108,129.996","1,053,906",0.000,0.000,"Complete"
2012,"R. Paul Smith Power Station",1570,"11, 9","MD","21-00005","01/01/2012 - 12/31/2014","1,887.56","1,898","92,982.151","906,263",0.000,0.000,"Complete"
2009,"Chalk Point",1571,"**GT3, **GT4, **GT5, **GT6, 1, 2, 3, 4, GT2, SMECO","MD",1600014,"01/01/2009 - 12/31/2011","16,203.88","16,472","4,452,075.443","45,463,797",0.000,0.000,"Complete"
2010,"Chalk Point",1571,"**GT3, **GT4, **GT5, **GT6, 1, 2, 3, 4, GT2, SMECO","MD",1600014,"01/01/2009 - 12/31/2011","18,095.40","18,501","5,197,729.604","56,770,335",0.000,0.000,"Complete"
2011,"Chalk Point",1571,"**GT3, **GT4, **GT5, **GT6, 1, 2, 3, 4, GT2, SMECO","MD",1600014,"01/01/2009 - 12/31/2011","16,324.05","16,585","4,421,483.070","47,243,582",0.000,0.000,"Complete"
2012,"Chalk Point",1571,"**GT3, **GT4, **GT5, **GT6, 1, 2, 3, 4, GT2, SMECO","MD",1600014,"01/01/2012 - 12/31/2014","15,529.93","15,830","4,201,655.099","56,782,144",0.000,0.000,"Complete"
2013,"Chalk Point",1571,"**GT3, **GT4, **GT5, **GT6, 1, 2, 3, 4, GT2, SMECO","MD",1600014,"01/01/2012 - 12/31/2014","13,070.07","13,235","3,228,435.958","35,278,153",0.000,0.000,"Complete"
2014,"Chalk Point",1571,"**GT3, **GT4, **GT5, **GT6, 1, 2, 3, 4, GT2, SMECO","MD",1600014,"01/01/2012 - 12/31/2014","13,139.90","13,346","3,326,883.065","34,883,065",0.000,0.000,"Complete"
2015,"Chalk Point",1571,"**GT3, **GT4, **GT5, **GT6, 1, 2, 3, 4, GT2, SMECO","MD",1600014,"01/01/2015 - 12/31/2017","8,944.39","9,129","2,130,503.462","24,825,362",0.000,0.000,"Complete"
2016,"Chalk Point",1571,"**GT3, **GT4, **GT5, **GT6, 1, 2, 3, 4, GT2, SMECO","MD",1600014,"01/01/2015 - 12/31/2017","10,853.49","11,065","2,530,073.253","31,570,210",0.000,0.000,"Complete"
2017,"Chalk Point",1571,"**GT3, **GT4, **GT5, **GT6, 1, 2, 3, 4, GT2, SMECO","MD",1600014,"01/01/2015 - 12/31/2017","3,540.94","3,642","878,880.516","10,616,503",0.000,0.000,"Complete"
2018,"Chalk Point",1571,"**GT3, **GT4, **GT5, **GT6, 1, 2, 3, 4, GT2, SMECO","MD",1600014,"01/01/2018 - 12/31/2020","5,630.33","5,754","1,592,066.470","18,593,009",0.000,0.000,"Complete"
2019,"Chalk Point",1571,"**GT3, **GT4, **GT5, **GT6, 1, 2, 3, 4, GT2, SMECO","MD",1600014,"01/01/2018 - 12/31/2020","2,619.62","2,699","657,452.870","6,850,684",0.000,0.000,"Complete"
2020,"Chalk Point",1571,"**GT3, **GT4, **GT5, **GT6, 1, 2, 3, 4, GT2, SMECO","MD",1600014,"01/01/2018 - 12/31/2020","2,037.40","2,120","439,272.376","5,546,030",0.000,0.000,"Complete"
2021,"Chalk Point",1571,"**GT3, **GT4, **GT5, **GT6, 1, 2, 3, 4, GT2, SMECO","MD",1600014,"01/01/2021 - 12/31/2023","3,936.73","4,055","960,989.741","10,266,340",0.000,0.000,"Complete"
2022,"Chalk Point",1571,"**GT3, **GT4, **GT5, **GT6, 1, 2, 3, 4, GT2, SMECO","MD",1600014,"01/01/2021 - 12/31/2023","1,169.14","1,252","206,885.631","3,428,661",0.000,0.000,"Complete"
2023,"Chalk Point",1571,"**GT3, **GT4, **GT5, **GT6, 1, 2, 3, 4, GT2, SMECO","MD",1600014,"01/01/2021 - 12/31/2023","2,187.73","2,328","515,207.683","8,678,401",0.000,0.000,"Complete"
2024,"Chalk Point",1571,"**GT3, **GT4, **GT5, **GT6, 1, 2, 3, 4, GT2, SMECO","MD",1600014,"01/01/2024 - 12/31/2026","2,623.69","2,782","645,799.505","10,855,237",0.000,0.000,"Complete"
2009,"Dickerson",1572,"1, 2, 3, GT2, GT3","MD",1500019,"01/01/2009 - 12/31/2011","20,206.57","20,347","2,378,038.742","23,341,456",0.000,0.000,"Complete"
2010,"Dickerson",1572,"1, 2, 3, GT2, GT3","MD",1500019,"01/01/2009 - 12/31/2011","22,795.04","23,014","3,019,789.381","29,786,465",0.000,0.000,"Complete"
2011,"Dickerson",1572,"1, 2, 3, GT2, GT3","MD",1500019,"01/01/2009 - 12/31/2011","14,396.90","14,606","1,469,866.972","14,451,002",0.000,0.000,"Complete"
2012,"Dickerson",1572,"1, 2, 3, GT2, GT3","MD",1500019,"01/01/2012 - 12/31/2014","13,005.89","13,159","1,205,436.613","12,108,986",0.000,0.000,"Complete"
2013,"Dickerson",1572,"1, 2, 3, GT2, GT3","MD",1500019,"01/01/2012 - 12/31/2014","13,323.15","13,453","1,149,403.715","11,347,495",0.000,0.000,"Complete"
2014,"Dickerson",1572,"1, 2, 3, GT2, GT3","MD",1500019,"01/01/2012 - 12/31/2014","12,602.74","12,799","1,357,912.728","13,557,375",0.000,0.000,"Complete"
2015,"Dickerson",1572,"1, 2, 3, GT2, GT3","MD",1500019,"01/01/2015 - 12/31/2017","9,121.55","9,441","875,619.295","10,260,896",0.000,0.000,"Complete"
2016,"Dickerson",1572,"1, 2, 3, GT2, GT3","MD",1500019,"01/01/2015 - 12/31/2017","9,872.71","10,182","905,574.241","10,540,781",0.000,0.000,"Complete"
2017,"Dickerson",1572,"1, 2, 3, GT2, GT3","MD",1500019,"01/01/2015 - 12/31/2017","3,370.90","3,488","325,722.645","3,685,292",0.000,0.000,"Complete"
2018,"Dickerson",1572,"1, 2, 3, GT2, GT3","MD",1500019,"01/01/2018 - 12/31/2020","3,795.33","3,997","392,960.036","4,389,973",0.000,0.000,"Complete"
2019,"Dickerson",1572,"1, 2, 3, GT2, GT3","MD",1500019,"01/01/2018 - 12/31/2020","2,574.60","2,723","221,540.004","2,717,700",0.000,0.000,"Complete"
2020,"Dickerson",1572,"1, 2, 3, GT2, GT3","MD",1500019,"01/01/2018 - 12/31/2020","2,657.37","2,790","267,877.677","2,854,660",0.000,0.000,"Complete"
2021,"Dickerson",1572,"1, 2, 3, GT2, GT3","MD",1500019,"01/01/2021 - 12/31/2023","1,711.27","1,948","139,310.051","2,332,617",0.000,0.000,"Complete"
2022,"Dickerson",1572,"1, 2, 3, GT2, GT3","MD",1500019,"01/01/2021 - 12/31/2023","1,027.10","1,208","84,544.659","1,380,261",0.000,0.000,"Complete"
2023,"Dickerson",1572,"1, 2, 3, GT2, GT3","MD",1500019,"01/01/2021 - 12/31/2023","2,621.57","2,991","218,294.280","3,671,422",0.000,0.000,"Complete"
2024,"Dickerson",1572,"1, 2, 3, GT2, GT3","MD",1500019,"01/01/2024 - 12/31/2026","1,452.67","1,687","110,444.829","1,850,387",0.000,0.000,"Complete"
2009,"Morgantown",1573,"1, 2, GT3, GT4, GT5, GT6","MD",0800014,"01/01/2009 - 12/31/2011","15,133.53","15,267","6,382,061.111","62,246,168",0.000,0.000,"Complete"
2010,"Morgantown",1573,"1, 2, GT3, GT4, GT5, GT6","MD",0800014,"01/01/2009 - 12/31/2011","15,448.69","15,587","7,969,125.452","77,736,542",0.000,0.000,"Complete"
2011,"Morgantown",1573,"1, 2, GT3, GT4, GT5, GT6","MD",0800014,"01/01/2009 - 12/31/2011","15,700.50","15,799","6,895,629.344","67,247,705",0.000,0.000,"Complete"
2012,"Morgantown",1573,"1, 2, GT3, GT4, GT5, GT6","MD",0800014,"01/01/2012 - 12/31/2014","14,218.31","14,298","5,216,654.120","50,857,407",0.000,0.000,"Complete"
2013,"Morgantown",1573,"1, 2, GT3, GT4, GT5, GT6","MD",0800014,"01/01/2012 - 12/31/2014","11,854.35","11,947","3,986,507.823","38,886,201",0.000,0.000,"Complete"
2014,"Morgantown",1573,"1, 2, GT3, GT4, GT5, GT6","MD",0800014,"01/01/2012 - 12/31/2014","16,584.17","16,748","6,192,869.979","60,472,177",0.000,0.000,"Complete"
2015,"Morgantown",1573,"1, 2, GT3, GT4, GT5, GT6","MD",0800014,"01/01/2015 - 12/31/2017","12,207.45","12,286","4,230,660.377","41,255,583",0.000,0.000,"Complete"
2016,"Morgantown",1573,"1, 2, GT3, GT4, GT5, GT6","MD",0800014,"01/01/2015 - 12/31/2017","13,116.16","13,191","4,800,778.914","46,811,309",0.000,0.000,"Complete"
2017,"Morgantown",1573,"1, 2, GT3, GT4, GT5, GT6","MD",0800014,"01/01/2015 - 12/31/2017","7,496.18","7,595","2,642,546.356","25,770,233",0.000,0.000,"Complete"
2018,"Morgantown",1573,"1, 2, GT3, GT4, GT5, GT6","MD",0800014,"01/01/2018 - 12/31/2020","8,010.27","8,109","2,592,681.633","25,323,028",0.000,0.000,"Complete"
2019,"Morgantown",1573,"1, 2, GT3, GT4, GT5, GT6","MD",0800014,"01/01/2018 - 12/31/2020","5,617.73","5,692","1,935,792.218","18,873,421",0.000,0.000,"Complete"
2020,"Morgantown",1573,"1, 2, GT3, GT4, GT5, GT6","MD",0800014,"01/01/2018 - 12/31/2020","3,661.23","3,735","1,284,643.790","12,531,504",0.000,0.000,"Complete"
2021,"Morgantown",1573,"1, 2, GT3, GT4, GT5, GT6","MD",0800014,"01/01/2021 - 12/31/2023","4,497.33","4,556","1,617,566.410","15,769,630",0.000,0.000,"Complete"
2022,"Morgantown",1573,"1, 2, GT3, GT4, GT5, GT6","MD",0800014,"01/01/2021 - 12/31/2023","3,831.70","3,889","1,390,001.887","13,566,518",0.000,0.000,"Complete"
2023,"Morgantown",1573,"1, 2, GT3, GT4, GT5, GT6","MD",0800014,"01/01/2021 - 12/31/2023",16.32,33,517.100,"6,385",0.000,0.000,"Complete"
2024,"Morgantown",1573,"1, 2, GT3, GT4, GT5, GT6","MD",0800014,"01/01/2024 - 12/31/2026",51.85,82,"2,519.200","31,100",0.000,0.000,"Complete"
2009,"Mystic",1588,"4, 5, 6, 7, 81, 82, 93, 94","MA","119-00128","01/01/2009 - 12/31/2011","28,027.05","28,335","3,653,056.593","61,208,262",0.000,0.000,"Complete"
2010,"Mystic",1588,"4, 5, 6, 7, 81, 82, 93, 94","MA","119-00128","01/01/2009 - 12/31/2011","29,848.92","30,035","4,147,801.930","69,792,875",0.000,0.000,"Complete"
2011,"Mystic",1588,"4, 5, 6, 7, 81, 82, 93, 94","MA","119-00128","01/01/2009 - 12/31/2011","29,037.89","29,371","4,101,694.034","69,004,023",0.000,0.000,"Complete"
2012,"Mystic",1588,"4, 5, 6, 7, 81, 82, 93, 94","MA","119-00128","01/01/2012 - 12/31/2014","28,583.28","28,984","3,734,514.167","62,828,028",0.000,0.000,"Complete"
2013,"Mystic",1588,"4, 5, 6, 7, 81, 82, 93, 94","MA","119-00128","01/01/2012 - 12/31/2014","23,537.69","23,897","3,156,045.608","52,572,163",0.000,0.000,"Complete"
2014,"Mystic",1588,"4, 5, 6, 7, 81, 82, 93, 94","MA","119-00128","01/01/2012 - 12/31/2014","7,364.74","7,595","921,485.180","14,773,610",0.000,0.000,"Complete"
2015,"Mystic",1588,"4, 5, 6, 7, 81, 82, 93, 94","MA","119-00128","01/01/2015 - 12/31/2017","10,520.25","10,722","1,397,914.327","22,685,404",0.000,0.000,"Complete"
2016,"Mystic",1588,"4, 5, 6, 7, 81, 82, 93, 94","MA","119-00128","01/01/2015 - 12/31/2017","24,480.47","24,730","3,151,483.988","51,994,391",0.000,0.000,"Complete"
2017,"Mystic",1588,"4, 5, 6, 7, 81, 82, 93, 94","MA","119-00128","01/01/2015 - 12/31/2017","24,319.84","24,635","3,177,559.946","52,941,505",0.000,0.000,"Complete"
2018,"Mystic",1588,"4, 5, 6, 7, 81, 82, 93, 94","MA","119-00128","01/01/2018 - 12/31/2020","16,308.15","16,586","2,133,595.756","35,300,345",0.000,0.000,"Complete"
2019,"Mystic",1588,"4, 5, 6, 7, 81, 82, 93, 94","MA","119-00128","01/01/2018 - 12/31/2020","8,075.24","8,299","994,237.164","16,624,442",0.000,0.000,"Complete"
2020,"Mystic",1588,"4, 5, 6, 7, 81, 82, 93, 94","MA","119-00128","01/01/2018 - 12/31/2020","6,968.76","7,135","844,116.246","14,188,181",0.000,0.000,"Complete"
2021,"Mystic",1588,"4, 5, 6, 7, 81, 82, 93, 94","MA","119-00128","01/01/2021 - 12/31/2023","4,445.26","4,559","540,714.895","9,053,721",0.000,0.000,"Complete"
2022,"Mystic",1588,"4, 5, 6, 7, 81, 82, 93, 94","MA","119-00128","01/01/2021 - 12/31/2023","5,600.49","5,678","711,917.256","11,979,431",0.000,0.000,"Complete"
2023,"Mystic",1588,"4, 5, 6, 7, 81, 82, 93, 94","MA","119-00128","01/01/2021 - 12/31/2023","4,809.86","4,871","577,285.229","9,713,954",0.000,0.000,"Complete"
2024,"Mystic",1588,"4, 5, 6, 7, 81, 82, 93, 94","MA","119-00128","01/01/2024 - 12/31/2026","4,399.69","4,418","553,706.674","9,317,167",0.000,0.000,"Complete"
2009,"Medway Station",1592,"J1T1, J1T2, J2T1, J2T2, J3T1, J3T2","MA","120-00133","01/01/2009 - 12/31/2011",179.17,348,"5,695.400","70,290",0.000,0.000,"Complete"
2010,"Medway Station",1592,"J1T1, J1T2, J2T1, J2T2, J3T1, J3T2","MA","120-00133","01/01/2009 - 12/31/2011",195.31,307,"6,209.100","76,624",0.000,0.000,"Complete"
2011,"Medway Station",1592,"J1T1, J1T2, J2T1, J2T2, J3T1, J3T2","MA","120-00133","01/01/2009 - 12/31/2011",213.74,340,"6,795.000","83,852",0.000,0.000,"Complete"
2012,"Medway Station",1592,"J1T1, J1T2, J2T1, J2T2, J3T1, J3T2","MA","120-00133","01/01/2012 - 12/31/2014",93.41,182,"2,969.100","36,646",0.000,0.000,"Complete"
2013,"Medway Station",1592,"J1T1, J1T2, J2T1, J2T2, J3T1, J3T2","MA","120-00133","01/01/2012 - 12/31/2014",189.48,334,"6,023.400","74,332",0.000,0.000,"Complete"
2014,"Medway Station",1592,"J1T1, J1T2, J2T1, J2T2, J3T1, J3T2","MA","120-00133","01/01/2012 - 12/31/2014",469.63,781,"14,928.300","184,239",0.000,0.000,"Complete"
2015,"Medway Station",1592,"J1T1, J1T2, J2T1, J2T2, J3T1, J3T2","MA","120-00133","01/01/2015 - 12/31/2017",172.28,336,"5,476.100","67,588",0.000,0.000,"Complete"
2016,"Medway Station",1592,"J1T1, J1T2, J2T1, J2T2, J3T1, J3T2","MA","120-00133","01/01/2015 - 12/31/2017",239.85,430,"7,623.700","94,096",0.000,0.000,"Complete"
2017,"Medway Station",1592,"J1T1, J1T2, J2T1, J2T2, J3T1, J3T2","MA","120-00133","01/01/2015 - 12/31/2017",249.06,434,"7,916.900","97,706",0.000,0.000,"Complete"
2018,"Medway Station",1592,"J1T1, J1T2, J2T1, J2T2, J3T1, J3T2","MA","120-00133","01/01/2018 - 12/31/2020",275.37,417,"8,753.600","108,027",0.000,0.000,"Complete"
2019,"Medway Station",1592,"J1T1, J1T2, J2T1, J2T2, J3T1, J3T2","MA","120-00133","01/01/2018 - 12/31/2020",79.86,167,"2,539.700","31,331",0.000,0.000,"Complete"
2020,"Medway Station",1592,"J1T1, J1T2, J2T1, J2T2, J3T1, J3T2","MA","120-00133","01/01/2018 - 12/31/2020",85.70,146,"2,724.500","33,623",0.000,0.000,"Complete"
2021,"Medway Station",1592,"J1T1, J1T2, J2T1, J2T2, J3T1, J3T2","MA","120-00133","01/01/2021 - 12/31/2023",120.39,189,"3,827.100","47,231",0.000,0.000,"Complete"
2022,"Medway Station",1592,"J1T1, J1T2, J2T1, J2T2, J3T1, J3T2","MA","120-00133","01/01/2021 - 12/31/2023",196.41,313,"6,243.500","77,053",0.000,0.000,"Complete"
2023,"Medway Station",1592,"J1T1, J1T2, J2T1, J2T2, J3T1, J3T2","MA","120-00133","01/01/2021 - 12/31/2023",310.28,501,"9,862.500","121,728",0.000,0.000,"Complete"
2024,"Medway Station",1592,"J1T1, J1T2, J2T1, J2T2, J3T1, J3T2","MA","120-00133","01/01/2024 - 12/31/2026",163.11,274,"5,184.500","63,990",0.000,0.000,"Complete"
2009,"Kendall Green Energy LLC",1595,"1, 2, 3, 4","MA","119-00093","01/01/2009 - 12/31/2011","9,011.75","9,149","763,347.781","12,838,814",0.000,0.000,"Complete"
2010,"Kendall Green Energy LLC",1595,"1, 2, 3, 4","MA","119-00093","01/01/2009 - 12/31/2011","8,902.75","9,082","788,764.267","13,272,441",0.000,0.000,"Complete"
2011,"Kendall Green Energy LLC",1595,"1, 2, 3, 4","MA","119-00093","01/01/2009 - 12/31/2011","6,285.98","6,367","560,386.129","9,429,513",0.000,0.000,"Complete"
2012,"Kendall Green Energy LLC",1595,"1, 2, 3, 4","MA","119-00093","01/01/2012 - 12/31/2014","8,692.08","8,786","717,225.806","12,068,520",0.000,0.000,"Complete"
2013,"Kendall Green Energy LLC",1595,"1, 2, 3, 4","MA","119-00093","01/01/2012 - 12/31/2014","6,812.92","7,023","394,812.098","6,643,466",0.000,0.000,"Complete"
2014,"Kendall Green Energy LLC",1595,"1, 2, 3, 4","MA","119-00093","01/01/2012 - 12/31/2014","10,785.94","11,521","839,827.247","14,126,383",0.000,0.000,"Complete"
2015,"Kendall Green Energy LLC",1595,"1, 2, 3, 4","MA","119-00093","01/01/2015 - 12/31/2017","10,874.10","11,486","878,271.005","14,685,229",0.000,"240,945.000","Complete"
2016,"Kendall Green Energy LLC",1595,"1, 2, 3, 4","MA","119-00093","01/01/2015 - 12/31/2017","9,110.63","9,558","491,950.535","8,274,790",0.000,"174,468.000","Complete"
2017,"Kendall Green Energy LLC",1595,"1, 2, 3, 4","MA","119-00093","01/01/2015 - 12/31/2017","10,388.11","11,081","869,567.366","14,592,420",0.000,"257,291.000","Complete"
2018,"Kendall Green Energy LLC",1595,"1, 2, 3, 4","MA","119-00093","01/01/2018 - 12/31/2020","9,631.10","10,495","680,143.317","11,397,014",0.000,"228,075.000","Complete"
2019,"Kendall Green Energy LLC",1595,"1, 2, 3, 4","MA","119-00093","01/01/2018 - 12/31/2020","9,803.49","10,533","823,741.352","13,859,810",0.000,"260,309.000","Complete"
2020,"Kendall Green Energy LLC",1595,"1, 2, 3, 4","MA","119-00093","01/01/2018 - 12/31/2020","10,298.39","11,212","789,389.602","13,281,295",0.000,"239,365.000","Complete"
2021,"Kendall Green Energy LLC",1595,"1, 2, 3, 4","MA","119-00093","01/01/2021 - 12/31/2023","11,091.34","11,923","724,907.405","12,184,903",0.000,"239,844.000","Complete"
2022,"Kendall Green Energy LLC",1595,"1, 2, 3, 4","MA","119-00093","01/01/2021 - 12/31/2023","11,276.48","12,080","743,790.978","12,429,603",0.000,"240,310.000","Complete"
2023,"Kendall Green Energy LLC",1595,"1, 2, 3, 4","MA","119-00093","01/01/2021 - 12/31/2023","10,454.85","11,278","866,339.339","14,554,808",0.000,"258,601.000","Complete"
2024,"Kendall Green Energy LLC",1595,"1, 2, 3, 4","MA","119-00093","01/01/2024 - 12/31/2026","9,923.30","10,724","885,288.941","14,886,157",0.000,"256,839.000","Complete"
2009,"Canal Station",1599,"1, 2, 3","MA","120-00054","01/01/2009 - 12/31/2011","2,681.60","2,697","486,174.797","5,994,686",0.000,0.000,"Complete"
2010,"Canal Station",1599,"1, 2, 3","MA","120-00054","01/01/2009 - 12/31/2011",755.23,770,"113,669.388","1,405,147",0.000,0.000,"Complete"
2011,"Canal Station",1599,"1, 2, 3","MA","120-00054","01/01/2009 - 12/31/2011",332.30,338,"52,459.869","647,019",0.000,0.000,"Complete"
2012,"Canal Station",1599,"1, 2, 3","MA","120-00054","01/01/2012 - 12/31/2014",259.00,267,"41,192.229","508,236",0.000,0.000,"Complete"
2013,"Canal Station",1599,"1, 2, 3","MA","120-00054","01/01/2012 - 12/31/2014",707.38,731,"81,389.075","1,285,534",0.000,0.000,"Complete"
2014,"Canal Station",1599,"1, 2, 3","MA","120-00054","01/01/2012 - 12/31/2014","1,368.35","1,401","331,041.563","4,126,854",0.000,0.000,"Complete"
2015,"Canal Station",1599,"1, 2, 3","MA","120-00054","01/01/2015 - 12/31/2017","1,323.92","1,365","253,298.341","3,295,296",0.000,0.000,"Complete"
2016,"Canal Station",1599,"1, 2, 3","MA","120-00054","01/01/2015 - 12/31/2017",320.92,331,"44,003.736","662,641",0.000,0.000,"Complete"
2017,"Canal Station",1599,"1, 2, 3","MA","120-00054","01/01/2015 - 12/31/2017",282.89,291,"47,348.997","634,036",0.000,0.000,"Complete"
2018,"Canal Station",1599,"1, 2, 3","MA","120-00054","01/01/2018 - 12/31/2020",502.69,514,"124,906.520","1,604,088",0.000,0.000,"Complete"
2019,"Canal Station",1599,"1, 2, 3","MA","120-00054","01/01/2018 - 12/31/2020",347.76,374,"59,242.169","807,601",0.000,0.000,"Complete"
2020,"Canal Station",1599,"1, 2, 3","MA","120-00054","01/01/2018 - 12/31/2020","1,293.03","1,337","192,024.631","3,172,014",0.000,0.000,"Complete"
2021,"Canal Station",1599,"1, 2, 3","MA","120-00054","01/01/2021 - 12/31/2023",994.05,"1,069","156,409.942","2,503,224",0.000,0.000,"Complete"
2022,"Canal Station",1599,"1, 2, 3","MA","120-00054","01/01/2021 - 12/31/2023","1,890.80","2,000","409,544.201","5,515,289",0.000,0.000,"Complete"
2023,"Canal Station",1599,"1, 2, 3","MA","120-00054","01/01/2021 - 12/31/2023",361.38,375,"63,193.072","878,247",0.000,0.000,"Complete"
2024,"Canal Station",1599,"1, 2, 3","MA","120-00054","01/01/2024 - 12/31/2026","1,352.80","1,454","219,145.218","3,380,459",0.000,0.000,"Complete"
2009,"Mount Tom",1606,1,"MA","042-00040","01/01/2009 - 12/31/2011","5,778.50","5,802","595,045.300","5,799,687",0.000,0.000,"Complete"
2010,"Mount Tom",1606,1,"MA","042-00040","01/01/2009 - 12/31/2011","5,259.75","5,294","523,436.250","5,101,766",0.000,0.000,"Complete"
2011,"Mount Tom",1606,1,"MA","042-00040","01/01/2009 - 12/31/2011","1,676.25","1,723","138,269.775","1,347,631",0.000,0.000,"Complete"
2012,"Mount Tom",1606,1,"MA","042-00040","01/01/2012 - 12/31/2014","1,784.75","1,832","151,659.525","1,478,189",0.000,0.000,"Complete"
2013,"Mount Tom",1606,1,"MA","042-00040","01/01/2012 - 12/31/2014","1,297.25","1,324","136,660.600","1,331,967",0.000,0.000,"Complete"
2014,"Mount Tom",1606,1,"MA","042-00040","01/01/2012 - 12/31/2014",119.00,124,"9,775.875","95,279",0.000,0.000,"Complete"
2009,"Somerset",1613,"11, 7, 8","MA","120-00060","01/01/2009 - 12/31/2011","1,630.86","1,668","138,612.980","1,369,001",0.000,0.000,"Complete"
2010,"Somerset",1613,"11, 7, 8","MA","120-00060","01/01/2009 - 12/31/2011",50.00,50,954.700,"11,798",0.000,0.000,"Complete"
2009,"Brayton Point",1619,"1, 2, 3, 4","MA","120-00061","01/01/2009 - 12/31/2011","23,054.00","23,091","6,879,086.775","67,198,273",0.000,0.000,"Complete"
2010,"Brayton Point",1619,"1, 2, 3, 4","MA","120-00061","01/01/2009 - 12/31/2011","23,085.25","23,142","6,403,811.775","62,626,421",0.000,0.000,"Complete"
2011,"Brayton Point",1619,"1, 2, 3, 4","MA","120-00061","01/01/2009 - 12/31/2011","15,127.25","15,211","3,446,000.300","34,262,408",0.000,0.000,"Complete"
2012,"Brayton Point",1619,"1, 2, 3, 4","MA","120-00061","01/01/2012 - 12/31/2014","10,430.00","10,546","2,004,806.800","20,393,070",0.000,0.000,"Complete"
2013,"Brayton Point",1619,"1, 2, 3, 4","MA","120-00061","01/01/2012 - 12/31/2014","14,466.00","14,583","3,626,206.475","35,799,920",0.000,0.000,"Complete"
2014,"Brayton Point",1619,"1, 2, 3, 4","MA","120-00061","01/01/2012 - 12/31/2014","10,996.25","11,073","2,677,733.675","26,674,069",0.000,0.000,"Complete"
2015,"Brayton Point",1619,"1, 2, 3, 4","MA","120-00061","01/01/2015 - 12/31/2017","9,927.00","10,018","2,499,154.300","25,314,805",0.000,0.000,"Complete"
2016,"Brayton Point",1619,"1, 2, 3, 4","MA","120-00061","01/01/2015 - 12/31/2017","10,432.75","10,486","2,115,386.350","20,861,691",0.000,0.000,"Complete"
2017,"Brayton Point",1619,"1, 2, 3, 4","MA","120-00061","01/01/2015 - 12/31/2017","5,349.00","5,369","1,261,407.025","12,351,578",0.000,0.000,"Complete"
2009,"Salem Harbor Station",1626,"1, 2, 3, 4, 5, 6","MA",11900194,"01/01/2009 - 12/31/2011","20,531.10","20,660","1,481,923.046","14,522,022",0.000,0.000,"Complete"
2010,"Salem Harbor Station",1626,"1, 2, 3, 4, 5, 6","MA",11900194,"01/01/2009 - 12/31/2011","18,510.91","18,608","1,421,294.046","13,934,638",0.000,0.000,"Complete"
2011,"Salem Harbor Station",1626,"1, 2, 3, 4, 5, 6","MA",11900194,"01/01/2009 - 12/31/2011","11,385.09","11,479","725,807.559","7,115,900",0.000,0.000,"Complete"
2012,"Salem Harbor Station",1626,"1, 2, 3, 4, 5, 6","MA",11900194,"01/01/2012 - 12/31/2014","4,607.97","4,657","302,615.367","3,011,989",0.000,0.000,"Complete"
2013,"Salem Harbor Station",1626,"1, 2, 3, 4, 5, 6","MA",11900194,"01/01/2012 - 12/31/2014","4,135.96","4,185","412,068.294","4,115,839",0.000,0.000,"Complete"
2014,"Salem Harbor Station",1626,"1, 2, 3, 4, 5, 6","MA",11900194,"01/01/2012 - 12/31/2014","2,863.29","2,888","304,011.297","3,105,595",0.000,0.000,"Complete"
2009,"West Springfield",1642,"3, CTG1, CTG2","MA","042-00117","01/01/2009 - 12/31/2011","3,544.50","4,104","106,258.925","1,631,197",0.000,0.000,"Complete"
2010,"West Springfield",1642,"3, CTG1, CTG2","MA","042-00117","01/01/2009 - 12/31/2011","4,376.75","4,982","94,540.975","1,540,601",0.000,0.000,"Complete"
2011,"West Springfield",1642,"3, CTG1, CTG2","MA","042-00117","01/01/2009 - 12/31/2011","2,454.11","3,050","56,627.129","900,265",0.000,0.000,"Complete"
2012,"West Springfield",1642,"3, CTG1, CTG2","MA","042-00117","01/01/2012 - 12/31/2014","3,006.90","3,505","56,869.460","948,563",0.000,0.000,"Complete"
2013,"West Springfield",1642,"3, CTG1, CTG2","MA","042-00117","01/01/2012 - 12/31/2014","1,187.30","1,475","32,195.578","501,064",0.000,0.000,"Complete"
2014,"West Springfield",1642,"3, CTG1, CTG2","MA","042-00117","01/01/2012 - 12/31/2014","1,280.48","1,758","32,735.234","500,408",0.000,0.000,"Complete"
2015,"West Springfield",1642,"3, CTG1, CTG2","MA","042-00117","01/01/2015 - 12/31/2017","1,157.96","1,586","29,595.490","490,772",0.000,0.000,"Complete"
2016,"West Springfield",1642,"3, CTG1, CTG2","MA","042-00117","01/01/2015 - 12/31/2017","1,135.22","1,565","29,983.811","494,635",0.000,0.000,"Complete"
2017,"West Springfield",1642,"3, CTG1, CTG2","MA","042-00117","01/01/2015 - 12/31/2017",974.33,"1,313","23,043.931","374,276",0.000,0.000,"Complete"
2018,"West Springfield",1642,"3, CTG1, CTG2","MA","042-00117","01/01/2018 - 12/31/2020",557.89,757,"13,177.079","211,435",0.000,0.000,"Complete"
2019,"West Springfield",1642,"3, CTG1, CTG2","MA","042-00117","01/01/2018 - 12/31/2020",68.19,99,"1,726.266","25,583",0.000,0.000,"Complete"
2020,"West Springfield",1642,"3, CTG1, CTG2","MA","042-00117","01/01/2018 - 12/31/2020",78.02,107,"1,540.799","25,381",0.000,0.000,"Complete"
2021,"West Springfield",1642,"3, CTG1, CTG2","MA","042-00117","01/01/2021 - 12/31/2023",154.12,205,"5,476.985","72,548",0.000,0.000,"Complete"
2022,"West Springfield",1642,"3, CTG1, CTG2","MA","042-00117","01/01/2021 - 12/31/2023",27.84,43,804.379,"10,297",0.000,0.000,"Complete"
2009,"Potter",1660,"3, 4, 5","MA","119-00491","01/01/2009 - 12/31/2011",538.82,704,"14,880.200","250,060",0.000,0.000,"Complete"
2010,"Potter",1660,"3, 4, 5","MA","119-00491","01/01/2009 - 12/31/2011","2,493.59","3,040","72,868.705","1,224,608",0.000,0.000,"Complete"
2011,"Potter",1660,"3, 4, 5","MA","119-00491","01/01/2009 - 12/31/2011","1,258.83","1,603","34,518.373","579,509",0.000,0.000,"Complete"
2012,"Potter",1660,"3, 4, 5","MA","119-00491","01/01/2012 - 12/31/2014","1,486.77","1,870","41,692.350","701,347",0.000,0.000,"Complete"
2013,"Potter",1660,"3, 4, 5","MA","119-00491","01/01/2012 - 12/31/2014","1,545.90","2,007","43,845.878","727,372",0.000,0.000,"Complete"
2014,"Potter",1660,"3, 4, 5","MA","119-00491","01/01/2012 - 12/31/2014","1,668.71","2,131","50,481.957","785,823",0.000,0.000,"Complete"
2015,"Potter",1660,"3, 4, 5","MA","119-00491","01/01/2015 - 12/31/2017",847.41,"1,150","23,698.756","387,048",0.000,0.000,"Complete"
2016,"Potter",1660,"3, 4, 5","MA","119-00491","01/01/2015 - 12/31/2017","1,255.16","1,587","35,172.402","590,485",0.000,0.000,"Complete"
2017,"Potter",1660,"3, 4, 5","MA","119-00491","01/01/2015 - 12/31/2017","1,017.94","1,359","28,892.002","452,124",0.000,0.000,"Complete"
2018,"Potter",1660,"3, 4, 5","MA","119-00491","01/01/2018 - 12/31/2020",998.77,"1,259","29,815.404","469,704",0.000,0.000,"Complete"
2019,"Potter",1660,"3, 4, 5","MA","119-00491","01/01/2018 - 12/31/2020",353.50,490,"9,868.115","160,966",0.000,0.000,"Complete"
2020,"Potter",1660,"3, 4, 5","MA","119-00491","01/01/2018 - 12/31/2020",454.46,608,"12,410.217","202,330",0.000,0.000,"Complete"
2021,"Potter",1660,"3, 4, 5","MA","119-00491","01/01/2021 - 12/31/2023",521.78,748,"14,725.320","221,427",0.000,0.000,"Complete"
2022,"Potter",1660,"3, 4, 5","MA","119-00491","01/01/2021 - 12/31/2023",799.32,"1,096","22,893.413","335,807",0.000,0.000,"Complete"
2023,"Potter",1660,"3, 4, 5","MA","119-00491","01/01/2021 - 12/31/2023",806.22,"1,173","20,037.825","323,114",0.000,0.000,"Complete"
2024,"Potter",1660,"3, 4, 5","MA","119-00491","01/01/2024 - 12/31/2026",588.19,912,"14,590.948","234,339",0.000,0.000,"Complete"
2009,"Waters River",1678,2,"MA","119-00015","01/01/2009 - 12/31/2011",113.00,113,"2,065.900","32,638",0.000,0.000,"Complete"
2010,"Waters River",1678,2,"MA","119-00015","01/01/2009 - 12/31/2011",544.00,544,"10,341.300","169,389",0.000,0.000,"Complete"
2011,"Waters River",1678,2,"MA","119-00015","01/01/2009 - 12/31/2011",349.00,349,"6,655.200","108,665",0.000,0.000,"Complete"
2012,"Waters River",1678,2,"MA","119-00015","01/01/2012 - 12/31/2014",349.00,349,"6,447.600","106,204",0.000,0.000,"Complete"
2013,"Waters River",1678,2,"MA","119-00015","01/01/2012 - 12/31/2014",163.17,195,"3,455.400","54,973",0.000,0.000,"Complete"
2014,"Waters River",1678,2,"MA","119-00015","01/01/2012 - 12/31/2014",217.51,270,"5,645.800","81,887",0.000,0.000,"Complete"
2015,"Waters River",1678,2,"MA","119-00015","01/01/2015 - 12/31/2017",62.91,79,"1,559.100","25,315",0.000,0.000,"Complete"
2016,"Waters River",1678,2,"MA","119-00015","01/01/2015 - 12/31/2017",3.45,7,56.800,701,0.000,0.000,"Complete"
2017,"Waters River",1678,2,"MA","119-00015","01/01/2015 - 12/31/2017",345.24,420,"8,403.600","132,794",0.000,0.000,"Complete"
2018,"Waters River",1678,2,"MA","119-00015","01/01/2018 - 12/31/2020",90.75,122,"2,064.200","31,591",0.000,0.000,"Complete"
2019,"Waters River",1678,2,"MA","119-00015","01/01/2018 - 12/31/2020",49.12,78,"1,022.800","15,831",0.000,0.000,"Complete"
2020,"Waters River",1678,2,"MA","119-00015","01/01/2018 - 12/31/2020",95.11,130,"2,143.500","33,260",0.000,0.000,"Complete"
2021,"Waters River",1678,2,"MA","119-00015","01/01/2021 - 12/31/2023",78.40,117,"1,722.200","26,277",0.000,0.000,"Complete"
2022,"Waters River",1678,2,"MA","119-00015","01/01/2021 - 12/31/2023",179.39,228,"4,040.800","64,030",0.000,0.000,"Complete"
2023,"Waters River",1678,2,"MA","119-00015","01/01/2021 - 12/31/2023",74.49,109,"1,924.100","27,420",0.000,0.000,"Complete"
2024,"Waters River",1678,2,"MA","119-00015","01/01/2024 - 12/31/2026",109.20,148,"2,712.200","42,074",0.000,0.000,"Complete"
2009,"Cleary Flood",1682,"8, 9","MA","120-00067","01/01/2009 - 12/31/2011",500.84,533,"21,525.173","330,448",0.000,0.000,"Complete"
2010,"Cleary Flood",1682,"8, 9","MA","120-00067","01/01/2009 - 12/31/2011","1,634.41","1,761","64,275.137","1,022,752",0.000,0.000,"Complete"
2011,"Cleary Flood",1682,"8, 9","MA","120-00067","01/01/2009 - 12/31/2011","1,149.01","1,255","40,260.909","655,726",0.000,0.000,"Complete"
2012,"Cleary Flood",1682,"8, 9","MA","120-00067","01/01/2012 - 12/31/2014","1,333.27","1,457","55,918.281","931,258",0.000,0.000,"Complete"
2013,"Cleary Flood",1682,"8, 9","MA","120-00067","01/01/2012 - 12/31/2014","1,747.23","1,877","59,763.575","939,097",0.000,0.000,"Complete"
2014,"Cleary Flood",1682,"8, 9","MA","120-00067","01/01/2012 - 12/31/2014","2,462.12","2,685","99,581.252","1,626,054",0.000,0.000,"Complete"
2015,"Cleary Flood",1682,"8, 9","MA","120-00067","01/01/2015 - 12/31/2017","2,687.60","2,919","112,736.158","1,888,817",0.000,0.000,"Complete"
2016,"Cleary Flood",1682,"8, 9","MA","120-00067","01/01/2015 - 12/31/2017","1,421.19","1,552","54,656.537","912,522",0.000,0.000,"Complete"
2017,"Cleary Flood",1682,"8, 9","MA","120-00067","01/01/2015 - 12/31/2017","1,094.49","1,199","40,489.111","658,331",0.000,0.000,"Complete"
2018,"Cleary Flood",1682,"8, 9","MA","120-00067","01/01/2018 - 12/31/2020","1,398.26","1,536","54,384.013","883,780",0.000,0.000,"Complete"
2019,"Cleary Flood",1682,"8, 9","MA","120-00067","01/01/2018 - 12/31/2020",673.52,746,"23,675.394","393,760",0.000,0.000,"Complete"
2020,"Cleary Flood",1682,"8, 9","MA","120-00067","01/01/2018 - 12/31/2020",863.12,952,"33,339.974","560,040",0.000,0.000,"Complete"
2021,"Cleary Flood",1682,"8, 9","MA","120-00067","01/01/2021 - 12/31/2023",247.97,287,"7,311.337","121,813",0.000,0.000,"Complete"
2022,"Cleary Flood",1682,"8, 9","MA","120-00067","01/01/2021 - 12/31/2023",440.58,487,"16,972.290","280,765",0.000,0.000,"Complete"
2023,"Cleary Flood",1682,"8, 9","MA","120-00067","01/01/2021 - 12/31/2023",902.34,"1,020","33,940.177","561,871",0.000,0.000,"Complete"
2024,"Cleary Flood",1682,"8, 9","MA","120-00067","01/01/2024 - 12/31/2026","2,078.16","2,301","86,049.696","1,446,910",0.000,0.000,"Complete"
2009,"Merrimack",2364,"1, 2","NH","PSNH-MK","01/01/2009 - 12/31/2011","13,490.52","13,526","2,597,794.748","25,319,652",0.000,0.000,"Complete"
2010,"Merrimack",2364,"1, 2","NH","PSNH-MK","01/01/2009 - 12/31/2011","13,594.83","13,626","2,815,039.578","27,435,285",0.000,0.000,"Complete"
2011,"Merrimack",2364,"1, 2","NH","PSNH-MK","01/01/2009 - 12/31/2011","11,090.04","11,121","2,216,309.483","21,601,459",0.000,0.000,"Complete"
2012,"Merrimack",2364,"1, 2","NH","PSNH-MK","01/01/2012 - 12/31/2014","6,740.37","6,766","1,395,642.239","13,602,757",0.000,0.000,"Complete"
2013,"Merrimack",2364,"1, 2","NH","PSNH-MK","01/01/2012 - 12/31/2014","7,176.21","7,210","1,504,475.068","14,663,527",0.000,0.000,"Complete"
2014,"Merrimack",2364,"1, 2","NH","PSNH-MK","01/01/2012 - 12/31/2014","6,657.65","6,726","1,197,597.083","11,672,485",0.000,0.000,"Complete"
2015,"Merrimack",2364,"1, 2","NH","PSNH-MK","01/01/2015 - 12/31/2017","4,476.27","4,530","873,020.610","8,507,039",0.000,0.000,"Complete"
2016,"Merrimack",2364,"1, 2","NH","PSNH-MK","01/01/2015 - 12/31/2017","2,697.67","2,746","396,316.424","3,862,043",0.000,0.000,"Complete"
2017,"Merrimack",2364,"1, 2","NH","PSNH-MK","01/01/2015 - 12/31/2017","1,798.79","1,833","281,201.620","2,740,749",0.000,0.000,"Complete"
2018,"Merrimack",2364,"1, 2","NH","PSNH-MK","01/01/2018 - 12/31/2020","4,129.94","4,195","722,625.710","7,043,143",0.000,0.000,"Complete"
2019,"Merrimack",2364,"1, 2","NH","PSNH-MK","01/01/2018 - 12/31/2020","2,038.02","2,094","362,360.436","3,531,786",0.000,0.000,"Complete"
2020,"Merrimack",2364,"1, 2","NH","PSNH-MK","01/01/2018 - 12/31/2020",962.23,"1,010","144,674.354","1,410,094",0.000,0.000,"Complete"
2021,"Merrimack",2364,"1, 2","NH","PSNH-MK","01/01/2021 - 12/31/2023","2,081.70","2,155","325,997.332","3,177,344",0.000,0.000,"Complete"
2022,"Merrimack",2364,"1, 2","NH","PSNH-MK","01/01/2021 - 12/31/2023","2,228.56","2,283","363,457.280","3,542,467",0.000,0.000,"Complete"
2023,"Merrimack",2364,"1, 2","NH","PSNH-MK","01/01/2021 - 12/31/2023","1,170.65","1,204","185,980.620","1,812,655",0.000,0.000,"Complete"
2024,"Merrimack",2364,"1, 2","NH","PSNH-MK","01/01/2024 - 12/31/2026","1,026.20","1,043","350,201.182","3,413,265",0.000,0.000,"Complete"
2009,"Schiller",2367,"4, 5, 6","NH","PSNH-SR","01/01/2009 - 12/31/2011","21,993.02","22,050","1,200,053.747","11,629,306","567,175.202",0.000,"Complete"
2010,"Schiller",2367,"4, 5, 6","NH","PSNH-SR","01/01/2009 - 12/31/2011","21,915.76","22,013","1,102,320.003","10,676,357","520,855.881",0.000,"Complete"
2011,"Schiller",2367,"4, 5, 6","NH","PSNH-SR","01/01/2009 - 12/31/2011","14,940.78","15,083","784,144.805","7,583,687","471,164.840",0.000,"Complete"
2012,"Schiller",2367,"4, 5, 6","NH","PSNH-SR","01/01/2012 - 12/31/2014","11,859.68","11,997","668,152.719","6,443,694","537,703.825",0.000,"Complete"
2013,"Schiller",2367,"4, 5, 6","NH","PSNH-SR","01/01/2012 - 12/31/2014","13,582.53","13,727","787,572.394","7,604,964","553,195.362",0.000,"Complete"
2014,"Schiller",2367,"4, 5, 6","NH","PSNH-SR","01/01/2012 - 12/31/2014","13,611.64","13,737","757,167.232","7,317,232","508,162.923",0.000,"Complete"
2015,"Schiller",2367,"4, 5, 6","NH","PSNH-SR","01/01/2015 - 12/31/2017","13,425.22","13,584","728,243.939","7,040,025","508,511.862",0.000,"Complete"
2016,"Schiller",2367,"4, 5, 6","NH","PSNH-SR","01/01/2015 - 12/31/2017","10,810.38","10,945","606,479.927","5,851,301","505,037.276",0.000,"Complete"
2017,"Schiller",2367,"4, 5, 6","NH","PSNH-SR","01/01/2015 - 12/31/2017","10,902.44","11,089","595,146.602","5,754,052","501,570.446",0.000,"Complete"
2018,"Schiller",2367,"4, 5, 6","NH","PSNH-SR","01/01/2018 - 12/31/2020","11,183.97","11,437","608,573.487","5,910,802","453,850.144",0.000,"Complete"
2019,"Schiller",2367,"4, 5, 6","NH","PSNH-SR","01/01/2018 - 12/31/2020","9,072.93","9,258","505,284.683","4,889,189","425,553.162",0.000,"Complete"
2020,"Schiller",2367,"4, 5, 6","NH","PSNH-SR","01/01/2018 - 12/31/2020","1,431.11","1,582","7,243.368","81,632",0.000,0.000,"Complete"
2021,"Schiller",2367,"4, 5, 6","NH","PSNH-SR","01/01/2021 - 12/31/2023",0.00,0,0.000,0,0.000,0.000,"Complete"
2022,"Schiller",2367,"4, 5, 6","NH","PSNH-SR","01/01/2021 - 12/31/2023",0.00,0,0.000,0,0.000,0.000,"Complete"
2023,"Schiller",2367,"4, 5, 6","NH","PSNH-SR","01/01/2021 - 12/31/2023",0.00,0,0.000,0,0.000,0.000,"Complete"
2024,"Schiller",2367,"4, 5, 6","NH","PSNH-SR","01/01/2024 - 12/31/2026",0.00,0,0.000,0,0.000,0.000,"Complete"
2009,"B L England",2378,"1, 2, 3","NJ",73242,"01/01/2009 - 12/31/2011","4,543.18","4,593","513,765.951","5,044,153",0.000,0.000,"Complete"
2010,"B L England",2378,"1, 2, 3","NJ",73242,"01/01/2009 - 12/31/2011","5,651.98","5,702","660,177.312","6,463,707",0.000,0.000,"Complete"
2011,"B L England",2378,"1, 2, 3","NJ",73242,"01/01/2009 - 12/31/2011","2,942.95","2,988","294,716.324","2,926,717",0.000,0.000,"Complete"
2009,"Carlls Corner Energy Center",2379,"002001, 003001","NJ",75512,"01/01/2009 - 12/31/2011",65.00,65,"3,098.100","42,507",0.000,0.000,"Complete"
2010,"Carlls Corner Energy Center",2379,"002001, 003001","NJ",75512,"01/01/2009 - 12/31/2011",231.00,231,"9,362.600","145,760",0.000,0.000,"Complete"
2011,"Carlls Corner Energy Center",2379,"002001, 003001","NJ",75512,"01/01/2009 - 12/31/2011",531.00,531,"20,851.700","334,454",0.000,0.000,"Complete"
2020,"Carlls Corner Energy Center",2379,"002001, 003001","NJ",75512,"01/01/2018 - 12/31/2020",374.00,374,"14,599.000","235,614",0.000,0.000,"Complete"
2021,"Carlls Corner Energy Center",2379,"002001, 003001","NJ",75512,"01/01/2021 - 12/31/2023",223.00,223,"8,320.700","140,047",0.000,0.000,"Complete"
2022,"Carlls Corner Energy Center",2379,"002001, 003001","NJ",75512,"01/01/2021 - 12/31/2023",288.47,340,"8,582.500","140,068",0.000,0.000,"Complete"
2023,"Carlls Corner Energy Center",2379,"002001, 003001","NJ",75512,"01/01/2021 - 12/31/2023",151.77,191,"4,538.000","76,634",0.000,0.000,"Complete"
2024,"Carlls Corner Energy Center",2379,"002001, 003001","NJ",75512,"01/01/2024 - 12/31/2026",60.09,73,919.400,"14,444",0.000,0.000,"Complete"
2009,"Cedar Energy Station",2380,"002001, 003001, 004001","NJ",78932,"01/01/2009 - 12/31/2011",273.00,273,"7,014.800","86,520",0.000,0.000,"Complete"
2010,"Cedar Energy Station",2380,"002001, 003001, 004001","NJ",78932,"01/01/2009 - 12/31/2011",174.00,174,"5,481.000","67,635",0.000,0.000,"Complete"
2011,"Cedar Energy Station",2380,"002001, 003001, 004001","NJ",78932,"01/01/2009 - 12/31/2011",158.00,158,"4,977.000","61,415",0.000,0.000,"Complete"
2009,"Middle Energy Center",2382,005001,"NJ",73243,"01/01/2009 - 12/31/2011",4.80,6,123.800,"1,528",0.000,0.000,"Complete"
2010,"Middle Energy Center",2382,005001,"NJ",73243,"01/01/2009 - 12/31/2011",5.35,7,124.900,"1,541",0.000,0.000,"Complete"
2011,"Middle Energy Center",2382,005001,"NJ",73243,"01/01/2009 - 12/31/2011",32.00,32,757.200,"9,343",0.000,0.000,"Complete"
2009,"Deepwater",2384,"1, 8","NJ",65495,"01/01/2009 - 12/31/2011","1,584.73","1,621","73,787.903","752,330",0.000,0.000,"Complete"
2010,"Deepwater",2384,"1, 8","NJ",65495,"01/01/2009 - 12/31/2011","3,575.85","3,619","177,530.799","1,877,234",0.000,0.000,"Complete"
2011,"Deepwater",2384,"1, 8","NJ",65495,"01/01/2009 - 12/31/2011","1,080.19","1,103","17,833.626","526,545",0.000,0.000,"Complete"
2009,"Werner",2385,"009001, 010001, 011001, 012001","NJ",17823,"01/01/2009 - 12/31/2011",65.00,65,"2,874.800","35,490",0.000,0.000,"Complete"
2010,"Werner",2385,"009001, 010001, 011001, 012001","NJ",17823,"01/01/2009 - 12/31/2011",142.50,143,"6,493.100","80,153",0.000,0.000,"Complete"
2011,"Werner",2385,"009001, 010001, 011001, 012001","NJ",17823,"01/01/2009 - 12/31/2011",233.25,234,"11,615.000","143,395",0.000,0.000,"Complete"
2009,"Sayreville",2390,"012001, 014001, 015001, 016001","NJ",17884,"01/01/2009 - 12/31/2011",87.00,87,"4,022.900","53,839",0.000,0.000,"Complete"
2010,"Sayreville",2390,"012001, 014001, 015001, 016001","NJ",17884,"01/01/2009 - 12/31/2011",190.00,190,"7,800.300","113,519",0.000,0.000,"Complete"
2011,"Sayreville",2390,"012001, 014001, 015001, 016001","NJ",17884,"01/01/2009 - 12/31/2011",159.50,161,"6,870.800","100,260",0.000,0.000,"Complete"
2020,"Sayreville",2390,"012001, 014001, 015001, 016001","NJ",17884,"01/01/2018 - 12/31/2020",43.01,87,"1,558.100","21,191",0.000,0.000,"Complete"
2021,"Sayreville",2390,"012001, 014001, 015001, 016001","NJ",17884,"01/01/2021 - 12/31/2023",50.32,89,"1,739.400","25,951",0.000,0.000,"Complete"
2022,"Sayreville",2390,"012001, 014001, 015001, 016001","NJ",17884,"01/01/2021 - 12/31/2023",138.53,211,"6,013.500","79,674",0.000,0.000,"Complete"
2023,"Sayreville",2390,"012001, 014001, 015001, 016001","NJ",17884,"01/01/2021 - 12/31/2023",34.67,71,"1,208.300","16,462",0.000,0.000,"Complete"
2024,"Sayreville",2390,"012001, 014001, 015001, 016001","NJ",17884,"01/01/2024 - 12/31/2026",4.51,15,127.200,"1,875",0.000,0.000,"Complete"
2009,"Gilbert Generating Station",2393,"04, 05, 06, 07, 9","NJ",80002,"01/01/2009 - 12/31/2011",199.17,231,"12,343.625","185,992",0.000,0.000,"Complete"
2010,"Gilbert Generating Station",2393,"04, 05, 06, 07, 9","NJ",80002,"01/01/2009 - 12/31/2011",257.43,290,"12,793.373","201,537",0.000,0.000,"Complete"
2011,"Gilbert Generating Station",2393,"04, 05, 06, 07, 9","NJ",80002,"01/01/2009 - 12/31/2011",516.56,586,"21,501.866","354,493",0.000,0.000,"Complete"
2020,"Gilbert Generating Station",2393,"04, 05, 06, 07, 9","NJ",80002,"01/01/2018 - 12/31/2020",303.23,357,"14,768.308","235,760",0.000,0.000,"Complete"
2021,"Gilbert Generating Station",2393,"04, 05, 06, 07, 9","NJ",80002,"01/01/2021 - 12/31/2023","1,158.48","1,310","48,518.027","812,873",0.000,0.000,"Complete"
2022,"Gilbert Generating Station",2393,"04, 05, 06, 07, 9","NJ",80002,"01/01/2021 - 12/31/2023","1,644.03","1,881","65,777.462","1,102,930",0.000,0.000,"Complete"
2023,"Gilbert Generating Station",2393,"04, 05, 06, 07, 9","NJ",80002,"01/01/2021 - 12/31/2023",561.00,658,"23,464.082","394,770",0.000,0.000,"Complete"
2024,"Gilbert Generating Station",2393,"04, 05, 06, 07, 9","NJ",80002,"01/01/2024 - 12/31/2026",981.74,"1,132","43,236.663","727,506",0.000,0.000,"Complete"
2009,"Bergen Generating Station",2398,"1101, 1201, 1301, 1401, 2101, 2201","NJ",2488,"01/01/2009 - 12/31/2011","38,414.49","39,351","2,303,219.817","38,671,586",0.000,0.000,"Complete"
2010,"Bergen Generating Station",2398,"1101, 1201, 1301, 1401, 2101, 2201","NJ",2488,"01/01/2009 - 12/31/2011","43,898.44","44,384","2,797,540.930","47,055,107",0.000,0.000,"Complete"
2011,"Bergen Generating Station",2398,"1101, 1201, 1301, 1401, 2101, 2201","NJ",2488,"01/01/2009 - 12/31/2011","41,924.25","42,335","2,682,283.987","45,097,636",0.000,0.000,"Complete"
2020,"Bergen Generating Station",2398,"1101, 1201, 1301, 1401, 2101, 2201","NJ",2488,"01/01/2018 - 12/31/2020","10,799.38","11,349","787,560.252","13,251,580",0.000,0.000,"Complete"
2021,"Bergen Generating Station",2398,"1101, 1201, 1301, 1401, 2101, 2201","NJ",2488,"01/01/2021 - 12/31/2023","10,997.89","11,491","806,071.330","13,563,547",0.000,0.000,"Complete"
2022,"Bergen Generating Station",2398,"1101, 1201, 1301, 1401, 2101, 2201","NJ",2488,"01/01/2021 - 12/31/2023","13,482.99","14,155","974,486.555","16,324,535",0.000,0.000,"Complete"
2023,"Bergen Generating Station",2398,"1101, 1201, 1301, 1401, 2101, 2201","NJ",2488,"01/01/2021 - 12/31/2023","16,413.70","17,153","1,219,081.982","20,490,699",0.000,0.000,"Complete"
2024,"Bergen Generating Station",2398,"1101, 1201, 1301, 1401, 2101, 2201","NJ",2488,"01/01/2024 - 12/31/2026","14,377.33","15,074","1,035,605.807","17,408,324",0.000,0.000,"Complete"
2009,"Burlington Generating Station",2399,"12001, 121, 122, 123, 124, 14001, 16001, 18001, 28001, 30001, 32001, 34001","NJ",45979,"01/01/2009 - 12/31/2011","1,936.50","3,145","41,795.556","680,404",0.000,0.000,"Complete"
2010,"Burlington Generating Station",2399,"12001, 121, 122, 123, 124, 14001, 16001, 18001, 28001, 30001, 32001, 34001","NJ",45979,"01/01/2009 - 12/31/2011","3,945.64","5,867","87,842.839","1,414,353",0.000,0.000,"Complete"
2011,"Burlington Generating Station",2399,"12001, 121, 122, 123, 124, 14001, 16001, 18001, 28001, 30001, 32001, 34001","NJ",45979,"01/01/2009 - 12/31/2011","2,384.01","4,023","55,771.598","906,884",0.000,0.000,"Complete"
2020,"Burlington Generating Station",2399,"12001, 121, 122, 123, 124, 14001, 16001, 18001, 28001, 30001, 32001, 34001","NJ",45979,"01/01/2018 - 12/31/2020",405.82,928,"8,252.529","138,673",0.000,0.000,"Complete"
2021,"Burlington Generating Station",2399,"12001, 121, 122, 123, 124, 14001, 16001, 18001, 28001, 30001, 32001, 34001","NJ",45979,"01/01/2021 - 12/31/2023",478.45,846,"10,381.351","174,581",0.000,0.000,"Complete"
2022,"Burlington Generating Station",2399,"12001, 121, 122, 123, 124, 14001, 16001, 18001, 28001, 30001, 32001, 34001","NJ",45979,"01/01/2021 - 12/31/2023","1,535.50","2,702","34,476.437","561,708",0.000,0.000,"Complete"
2023,"Burlington Generating Station",2399,"12001, 121, 122, 123, 124, 14001, 16001, 18001, 28001, 30001, 32001, 34001","NJ",45979,"01/01/2021 - 12/31/2023",738.84,"1,261","15,788.470","263,845",0.000,0.000,"Complete"
2024,"Burlington Generating Station",2399,"12001, 121, 122, 123, 124, 14001, 16001, 18001, 28001, 30001, 32001, 34001","NJ",45979,"01/01/2024 - 12/31/2026","1,300.95","2,046","30,206.397","507,901",0.000,0.000,"Complete"
2009,"Edison",2400,"1001, 11001, 13001, 15001, 17001, 19001, 21001, 23001, 3001, 5001, 7001, 9001","NJ",17824,"01/01/2009 - 12/31/2011","2,084.00","2,084","39,716.700","664,852",0.000,0.000,"Complete"
2010,"Edison",2400,"1001, 11001, 13001, 15001, 17001, 19001, 21001, 23001, 3001, 5001, 7001, 9001","NJ",17824,"01/01/2009 - 12/31/2011","4,101.00","4,101","94,597.100","1,581,451",0.000,0.000,"Complete"
2011,"Edison",2400,"1001, 11001, 13001, 15001, 17001, 19001, 21001, 23001, 3001, 5001, 7001, 9001","NJ",17824,"01/01/2009 - 12/31/2011","2,461.00","2,461","52,468.800","882,681",0.000,0.000,"Complete"
2009,"Essex",2401,"10001, 12001, 14001, 16001, 18001, 20001, 2001, 22001, 24001, 26001, 28001, 35001, 4001","NJ",7627,"01/01/2009 - 12/31/2011","3,877.17","3,932","84,076.671","1,399,849",0.000,0.000,"Complete"
2010,"Essex",2401,"10001, 12001, 14001, 16001, 18001, 20001, 2001, 22001, 24001, 26001, 28001, 35001, 4001","NJ",7627,"01/01/2009 - 12/31/2011","7,010.13","7,087","171,745.921","2,862,475",0.000,0.000,"Complete"
2011,"Essex",2401,"10001, 12001, 14001, 16001, 18001, 20001, 2001, 22001, 24001, 26001, 28001, 35001, 4001","NJ",7627,"01/01/2009 - 12/31/2011","4,062.92","4,117","101,638.255","1,713,379",0.000,0.000,"Complete"
2020,"Essex",2401,"10001, 12001, 14001, 16001, 18001, 20001, 2001, 22001, 24001, 26001, 28001, 35001, 4001","NJ",7627,"01/01/2018 - 12/31/2020",24.05,69,910.647,"15,184",0.000,0.000,"Complete"
2021,"Essex",2401,"10001, 12001, 14001, 16001, 18001, 20001, 2001, 22001, 24001, 26001, 28001, 35001, 4001","NJ",7627,"01/01/2021 - 12/31/2023",63.59,109,"3,133.199","52,655",0.000,0.000,"Complete"
2022,"Essex",2401,"10001, 12001, 14001, 16001, 18001, 20001, 2001, 22001, 24001, 26001, 28001, 35001, 4001","NJ",7627,"01/01/2021 - 12/31/2023",13.69,24,700.884,"11,795",0.000,0.000,"Complete"
2009,"Hudson Generating Station",2403,"1, 2","NJ",12202,"01/01/2009 - 12/31/2011","4,129.80","4,156","1,870,629.458","18,037,702",0.000,0.000,"Complete"
2010,"Hudson Generating Station",2403,"1, 2","NJ",12202,"01/01/2009 - 12/31/2011","5,809.43","5,843","2,387,413.643","23,864,847",0.000,0.000,"Complete"
2011,"Hudson Generating Station",2403,"1, 2","NJ",12202,"01/01/2009 - 12/31/2011","4,799.72","4,824","1,967,294.703","19,965,231",0.000,0.000,"Complete"
2009,"Kearny Generating Station",2404,"121, 122, 123, 124, 131, 132, 133, 134, 141, 142, 16001, 17001","NJ",12200,"01/01/2009 - 12/31/2011","1,996.24","3,375","45,855.387","767,577",0.000,0.000,"Complete"
2010,"Kearny Generating Station",2404,"121, 122, 123, 124, 131, 132, 133, 134, 141, 142, 16001, 17001","NJ",12200,"01/01/2009 - 12/31/2011","4,281.55","6,650","103,309.643","1,710,714",0.000,0.000,"Complete"
2011,"Kearny Generating Station",2404,"121, 122, 123, 124, 131, 132, 133, 134, 141, 142, 16001, 17001","NJ",12200,"01/01/2009 - 12/31/2011","2,109.91","3,658","53,956.904","900,897",0.000,0.000,"Complete"
2020,"Kearny Generating Station",2404,"121, 122, 123, 124, 131, 132, 133, 134, 141, 142, 16001, 17001","NJ",12200,"01/01/2018 - 12/31/2020","3,425.69","7,133","67,885.522","1,141,907",0.000,0.000,"Complete"
2021,"Kearny Generating Station",2404,"121, 122, 123, 124, 131, 132, 133, 134, 141, 142, 16001, 17001","NJ",12200,"01/01/2021 - 12/31/2023","4,661.05","7,517","93,665.482","1,572,495",0.000,0.000,"Complete"
2022,"Kearny Generating Station",2404,"121, 122, 123, 124, 131, 132, 133, 134, 141, 142, 16001, 17001","NJ",12200,"01/01/2021 - 12/31/2023","7,774.15","10,386","160,743.026","2,698,678",0.000,0.000,"Complete"
2023,"Kearny Generating Station",2404,"121, 122, 123, 124, 131, 132, 133, 134, 141, 142, 16001, 17001","NJ",12200,"01/01/2021 - 12/31/2023","4,916.97","6,842","93,842.931","1,578,265",0.000,0.000,"Complete"
2024,"Kearny Generating Station",2404,"121, 122, 123, 124, 131, 132, 133, 134, 141, 142, 16001, 17001","NJ",12200,"01/01/2024 - 12/31/2026","5,629.55","7,625","104,273.722","1,754,337",0.000,0.000,"Complete"
2009,"Linden Generating Station",2406,"1101, 1201, 2101, 2201, 5, 6, 7, 8","NJ",41810,"01/01/2009 - 12/31/2011","21,426.03","22,348","1,831,032.679","30,605,489",0.000,0.000,"Complete"
2010,"Linden Generating Station",2406,"1101, 1201, 2101, 2201, 5, 6, 7, 8","NJ",41810,"01/01/2009 - 12/31/2011","25,330.65","26,432","2,198,520.547","36,958,879",0.000,0.000,"Complete"
2011,"Linden Generating Station",2406,"1101, 1201, 2101, 2201, 5, 6, 7, 8","NJ",41810,"01/01/2009 - 12/31/2011","26,927.74","27,913","2,319,482.340","39,001,669",0.000,0.000,"Complete"
2020,"Linden Generating Station",2406,"1101, 1201, 2101, 2201, 5, 6, 7, 8","NJ",41810,"01/01/2018 - 12/31/2020","14,983.60","15,833","1,465,896.209","24,664,885",0.000,0.000,"Complete"
2021,"Linden Generating Station",2406,"1101, 1201, 2101, 2201, 5, 6, 7, 8","NJ",41810,"01/01/2021 - 12/31/2023","17,339.05","18,250","1,586,772.132","26,695,184",0.000,0.000,"Complete"
2022,"Linden Generating Station",2406,"1101, 1201, 2101, 2201, 5, 6, 7, 8","NJ",41810,"01/01/2021 - 12/31/2023","23,820.34","24,903","2,215,415.163","37,102,442",0.000,0.000,"Complete"
2023,"Linden Generating Station",2406,"1101, 1201, 2101, 2201, 5, 6, 7, 8","NJ",41810,"01/01/2021 - 12/31/2023","21,477.39","22,089","2,047,492.067","34,418,877",0.000,0.000,"Complete"
2024,"Linden Generating Station",2406,"1101, 1201, 2101, 2201, 5, 6, 7, 8","NJ",41810,"01/01/2024 - 12/31/2026","22,557.66","23,233","2,106,359.669","35,427,995",0.000,0.000,"Complete"
2009,"Mercer Generating Station",2408,"1, 2, 7001","NJ",61057,"01/01/2009 - 12/31/2011","8,231.30","8,259","1,598,440.021","15,754,355",0.000,0.000,"Complete"
2010,"Mercer Generating Station",2408,"1, 2, 7001","NJ",61057,"01/01/2009 - 12/31/2011","9,453.80","9,495","2,131,872.010","20,835,804",0.000,0.000,"Complete"
2011,"Mercer Generating Station",2408,"1, 2, 7001","NJ",61057,"01/01/2009 - 12/31/2011","4,265.66","4,300","978,354.950","9,926,965",0.000,0.000,"Complete"
2009,"Salem Generating Station",2410,2001,"NJ",65500,"01/01/2009 - 12/31/2011",19.00,19,345.400,"4,267",0.000,0.000,"Complete"
2010,"Salem Generating Station",2410,2001,"NJ",65500,"01/01/2009 - 12/31/2011",34.00,34,730.200,"9,016",0.000,0.000,"Complete"
2011,"Salem Generating Station",2410,2001,"NJ",65500,"01/01/2009 - 12/31/2011",29.00,29,400.100,"4,937",0.000,0.000,"Complete"
2009,"Sewaren Generating Station",2411,"1, 12001, 2, 3, 4, 7","NJ",18068,"01/01/2009 - 12/31/2011","1,364.92","1,443","42,548.576","613,265",0.000,0.000,"Complete"
2010,"Sewaren Generating Station",2411,"1, 12001, 2, 3, 4, 7","NJ",18068,"01/01/2009 - 12/31/2011","2,551.75","2,675","84,275.347","1,387,517",0.000,0.000,"Complete"
2011,"Sewaren Generating Station",2411,"1, 12001, 2, 3, 4, 7","NJ",18068,"01/01/2009 - 12/31/2011","2,535.64","2,635","79,430.074","1,339,003",0.000,0.000,"Complete"
2020,"Sewaren Generating Station",2411,"1, 12001, 2, 3, 4, 7","NJ",18068,"01/01/2018 - 12/31/2020","8,139.09","8,146","1,485,966.328","24,978,556",0.000,0.000,"Complete"
2021,"Sewaren Generating Station",2411,"1, 12001, 2, 3, 4, 7","NJ",18068,"01/01/2021 - 12/31/2023","7,985.07","7,999","1,368,205.080","23,022,601",0.000,0.000,"Complete"
2022,"Sewaren Generating Station",2411,"1, 12001, 2, 3, 4, 7","NJ",18068,"01/01/2021 - 12/31/2023","6,510.05","6,539","1,097,215.937","18,451,196",0.000,0.000,"Complete"
2023,"Sewaren Generating Station",2411,"1, 12001, 2, 3, 4, 7","NJ",18068,"01/01/2021 - 12/31/2023","7,716.19","7,734","1,321,921.114","22,225,226",0.000,0.000,"Complete"
2024,"Sewaren Generating Station",2411,"1, 12001, 2, 3, 4, 7","NJ",18068,"01/01/2024 - 12/31/2026","6,751.70","6,766","1,072,319.624","18,039,027",0.000,0.000,"Complete"
2009,"Howard M Down",2434,"006001, U11","NJ",75507,"01/01/2009 - 12/31/2011",999.91,"1,002","19,564.817","191,516",0.000,0.000,"Complete"
2010,"Howard M Down",2434,"006001, U11","NJ",75507,"01/01/2009 - 12/31/2011",252.73,262,"5,220.538","62,266",0.000,0.000,"Complete"
2011,"Howard M Down",2434,"006001, U11","NJ",75507,"01/01/2009 - 12/31/2011",187.20,189,"3,569.742","43,958",0.000,0.000,"Complete"
2020,"Howard M Down",2434,"006001, U11","NJ",75507,"01/01/2018 - 12/31/2020","1,171.07","1,366","38,415.630","646,349",0.000,0.000,"Complete"
2021,"Howard M Down",2434,"006001, U11","NJ",75507,"01/01/2021 - 12/31/2023",810.82,954,"26,170.952","440,403",0.000,0.000,"Complete"
2022,"Howard M Down",2434,"006001, U11","NJ",75507,"01/01/2021 - 12/31/2023","1,243.01","1,473","41,191.839","693,146",0.000,0.000,"Complete"
2023,"Howard M Down",2434,"006001, U11","NJ",75507,"01/01/2021 - 12/31/2023","1,276.59","1,464","41,615.554","699,871",0.000,0.000,"Complete"
2024,"Howard M Down",2434,"006001, U11","NJ",75507,"01/01/2024 - 12/31/2026","1,389.97","1,592","45,066.997","758,083",0.000,0.000,"Complete"
2009,"Danskammer Generating Station",2480,"1, 2, 3, 4","NY",3334600011,"01/01/2009 - 12/31/2011","14,834.26","14,908","2,130,336.381","20,877,010",0.000,0.000,"Complete"
2010,"Danskammer Generating Station",2480,"1, 2, 3, 4","NY",3334600011,"01/01/2009 - 12/31/2011","12,875.00","12,970","1,775,864.634","17,411,734",0.000,0.000,"Complete"
2011,"Danskammer Generating Station",2480,"1, 2, 3, 4","NY",3334600011,"01/01/2009 - 12/31/2011","8,352.26","8,465","969,307.181","9,571,900",0.000,0.000,"Complete"
2012,"Danskammer Generating Station",2480,"1, 2, 3, 4","NY",3334600011,"01/01/2012 - 12/31/2014","3,611.77","3,712","331,982.554","3,365,696",0.000,0.000,"Complete"
2013,"Danskammer Generating Station",2480,"1, 2, 3, 4","NY",3334600011,"01/01/2012 - 12/31/2014",0.00,0,0.000,0,0.000,0.000,"Complete"
2014,"Danskammer Generating Station",2480,"1, 2, 3, 4","NY",3334600011,"01/01/2012 - 12/31/2014",158.11,170,"17,568.696","290,237",0.000,0.000,"Complete"
2015,"Danskammer Generating Station",2480,"1, 2, 3, 4","NY",3334600011,"01/01/2015 - 12/31/2017",693.08,730,"70,311.653","1,166,595",0.000,0.000,"Complete"
2016,"Danskammer Generating Station",2480,"1, 2, 3, 4","NY",3334600011,"01/01/2015 - 12/31/2017",632.51,666,"16,563.941","274,380",0.000,0.000,"Complete"
2017,"Danskammer Generating Station",2480,"1, 2, 3, 4","NY",3334600011,"01/01/2015 - 12/31/2017",203.47,234,"5,954.451","100,435",0.000,0.000,"Complete"
2018,"Danskammer Generating Station",2480,"1, 2, 3, 4","NY",3334600011,"01/01/2018 - 12/31/2020",675.51,707,"26,178.427","440,154",0.000,0.000,"Complete"
2019,"Danskammer Generating Station",2480,"1, 2, 3, 4","NY",3334600011,"01/01/2018 - 12/31/2020",191.35,208,"6,433.702","108,529",0.000,0.000,"Complete"
2020,"Danskammer Generating Station",2480,"1, 2, 3, 4","NY",3334600011,"01/01/2018 - 12/31/2020",227.91,239,"8,486.795","143,162",0.000,0.000,"Complete"
2021,"Danskammer Generating Station",2480,"1, 2, 3, 4","NY",3334600011,"01/01/2021 - 12/31/2023",239.99,251,"8,773.078","147,985",0.000,0.000,"Complete"
2022,"Danskammer Generating Station",2480,"1, 2, 3, 4","NY",3334600011,"01/01/2021 - 12/31/2023",352.75,378,"10,843.210","182,915",0.000,0.000,"Complete"
2023,"Danskammer Generating Station",2480,"1, 2, 3, 4","NY",3334600011,"01/01/2021 - 12/31/2023",405.04,425,"12,860.012","216,948",0.000,0.000,"Complete"
2024,"Danskammer Generating Station",2480,"1, 2, 3, 4","NY",3334600011,"01/01/2024 - 12/31/2026",469.85,487,"13,118.971","221,310",0.000,0.000,"Complete"
2009,"Arthur Kill",2490,"20, 30, CT0001","NY",2640300014,"01/01/2009 - 12/31/2011","7,684.75","7,718","632,554.600","10,641,987",0.000,0.000,"Complete"
2010,"Arthur Kill",2490,"20, 30, CT0001","NY",2640300014,"01/01/2009 - 12/31/2011","7,138.75","7,178","627,182.550","10,552,609",0.000,0.000,"Complete"
2011,"Arthur Kill",2490,"20, 30, CT0001","NY",2640300014,"01/01/2009 - 12/31/2011","11,291.00","11,323","1,057,835.550","17,798,382",0.000,0.000,"Complete"
2012,"Arthur Kill",2490,"20, 30, CT0001","NY",2640300014,"01/01/2012 - 12/31/2014","10,551.75","10,575","1,074,279.375","18,076,289",0.000,0.000,"Complete"
2013,"Arthur Kill",2490,"20, 30, CT0001","NY",2640300014,"01/01/2012 - 12/31/2014","9,063.75","9,090","873,495.100","14,698,181",0.000,0.000,"Complete"
2014,"Arthur Kill",2490,"20, 30, CT0001","NY",2640300014,"01/01/2012 - 12/31/2014","8,109.37","8,175","731,693.877","12,312,182",0.000,0.000,"Complete"
2015,"Arthur Kill",2490,"20, 30, CT0001","NY",2640300014,"01/01/2015 - 12/31/2017","7,693.95","7,745","699,266.170","11,766,529",0.000,0.000,"Complete"
2016,"Arthur Kill",2490,"20, 30, CT0001","NY",2640300014,"01/01/2015 - 12/31/2017","7,728.48","7,771","734,214.552","12,354,602",0.000,0.000,"Complete"
2017,"Arthur Kill",2490,"20, 30, CT0001","NY",2640300014,"01/01/2015 - 12/31/2017","6,862.52","6,921","558,311.388","9,394,665",0.000,0.000,"Complete"
2018,"Arthur Kill",2490,"20, 30, CT0001","NY",2640300014,"01/01/2018 - 12/31/2020","7,344.37","7,438","687,587.430","11,569,993",0.000,0.000,"Complete"
2019,"Arthur Kill",2490,"20, 30, CT0001","NY",2640300014,"01/01/2018 - 12/31/2020","7,775.21","7,824","618,301.756","10,404,295",0.000,0.000,"Complete"
2020,"Arthur Kill",2490,"20, 30, CT0001","NY",2640300014,"01/01/2018 - 12/31/2020","6,744.74","6,781","601,846.010","10,127,197",0.000,0.000,"Complete"
2021,"Arthur Kill",2490,"20, 30, CT0001","NY",2640300014,"01/01/2021 - 12/31/2023","6,597.86","6,663","581,317.963","9,781,858",0.000,0.000,"Complete"
2022,"Arthur Kill",2490,"20, 30, CT0001","NY",2640300014,"01/01/2021 - 12/31/2023","7,283.30","7,365","649,296.811","10,925,800",0.000,0.000,"Complete"
2023,"Arthur Kill",2490,"20, 30, CT0001","NY",2640300014,"01/01/2021 - 12/31/2023","7,843.58","7,906","699,343.336","11,767,895",0.000,0.000,"Complete"
2024,"Arthur Kill",2490,"20, 30, CT0001","NY",2640300014,"01/01/2024 - 12/31/2026","8,298.51","8,340","842,494.283","14,176,616",0.000,0.000,"Complete"
2009,"Charles Poletti",2491,001,"NY",2630100084,"01/01/2009 - 12/31/2011","6,415.51","6,435","1,070,700.222","17,470,172",0.000,0.000,"Complete"
2010,"Charles Poletti",2491,001,"NY",2630100084,"01/01/2009 - 12/31/2011",741.55,743,"96,999.850","1,467,500",0.000,0.000,"Complete"
2009,"East River",2493,"1, 2, 60, 70","NY",2620600012,"01/01/2009 - 12/31/2011","23,050.50","23,132","1,796,065.750","29,981,262",0.000,0.000,"Complete"
2010,"East River",2493,"1, 2, 60, 70","NY",2620600012,"01/01/2009 - 12/31/2011","30,165.00","30,224","2,420,393.650","40,532,446",0.000,0.000,"Complete"
2011,"East River",2493,"1, 2, 60, 70","NY",2620600012,"01/01/2009 - 12/31/2011","25,661.00","25,720","2,098,656.675","35,227,388",0.000,0.000,"Complete"
2012,"East River",2493,"1, 2, 60, 70","NY",2620600012,"01/01/2012 - 12/31/2014","27,065.25","27,105","2,306,882.100","38,752,997",0.000,0.000,"Complete"
2013,"East River",2493,"1, 2, 60, 70","NY",2620600012,"01/01/2012 - 12/31/2014","28,202.00","28,253","2,402,563.525","40,292,195",0.000,0.000,"Complete"
2014,"East River",2493,"1, 2, 60, 70","NY",2620600012,"01/01/2012 - 12/31/2014","25,188.00","25,242","2,092,500.800","34,885,781",0.000,0.000,"Complete"
2015,"East River",2493,"1, 2, 60, 70","NY",2620600012,"01/01/2015 - 12/31/2017","26,498.00","26,561","2,215,056.475","37,012,709",0.000,0.000,"Complete"
2016,"East River",2493,"1, 2, 60, 70","NY",2620600012,"01/01/2015 - 12/31/2017","26,398.75","26,453","2,216,154.900","37,149,707",0.000,0.000,"Complete"
2017,"East River",2493,"1, 2, 60, 70","NY",2620600012,"01/01/2015 - 12/31/2017","26,205.75","26,253","2,210,773.475","37,044,479",0.000,0.000,"Complete"
2018,"East River",2493,"1, 2, 60, 70","NY",2620600012,"01/01/2018 - 12/31/2020","25,261.75","25,319","2,133,003.375","35,705,063",0.000,0.000,"Complete"
2019,"East River",2493,"1, 2, 60, 70","NY",2620600012,"01/01/2018 - 12/31/2020","24,957.75","25,018","2,090,531.925","35,081,418",0.000,0.000,"Complete"
2020,"East River",2493,"1, 2, 60, 70","NY",2620600012,"01/01/2018 - 12/31/2020","25,475.50","25,519","2,173,868.175","36,564,741",0.000,0.000,"Complete"
2021,"East River",2493,"1, 2, 60, 70","NY",2620600012,"01/01/2021 - 12/31/2023","26,473.00","26,511","2,217,981.250","37,312,492",0.000,0.000,"Complete"
2022,"East River",2493,"1, 2, 60, 70","NY",2620600012,"01/01/2021 - 12/31/2023","26,161.25","26,190","2,142,801.475","35,941,055",0.000,0.000,"Complete"
2023,"East River",2493,"1, 2, 60, 70","NY",2620600012,"01/01/2021 - 12/31/2023","25,561.25","25,602","2,162,204.300","36,338,517",0.000,0.000,"Complete"
2024,"East River",2493,"1, 2, 60, 70","NY",2620600012,"01/01/2024 - 12/31/2026","26,584.00","26,619","2,075,956.500","34,913,574",0.000,0.000,"Complete"
2021,"Gowanus Generating Station",2494,"CT01-1, CT01-2, CT01-3, CT01-4, CT01-5, CT01-6, CT01-7, CT01-8, CT02-1, CT02-2, CT02-3, CT02-4, CT02-5, CT02-6, CT02-7, CT02-8, CT03-1, CT03-2, CT03-3, CT03-4, CT03-5, CT03-6, CT03-7, CT03-8, CT04-1, CT04-2, CT04-3, CT04-4, CT04-5, CT04-6, CT04-7, CT04-8","NY",2610200116,"01/01/2021 - 12/31/2023","1,084.30","1,484","17,292.600","279,438",0.000,0.000,"Complete"
2022,"Gowanus Generating Station",2494,"CT01-1, CT01-2, CT01-3, CT01-4, CT01-5, CT01-6, CT01-7, CT01-8, CT02-1, CT02-2, CT02-3, CT02-4, CT02-5, CT02-6, CT02-7, CT02-8, CT03-1, CT03-2, CT03-3, CT03-4, CT03-5, CT03-6, CT03-7, CT03-8, CT04-1, CT04-2, CT04-3, CT04-4, CT04-5, CT04-6, CT04-7, CT04-8","NY",2610200116,"01/01/2021 - 12/31/2023","1,054.80","1,421","16,685.200","269,987",0.000,0.000,"Complete"
2023,"Gowanus Generating Station",2494,"CT01-1, CT01-2, CT01-3, CT01-4, CT01-5, CT01-6, CT01-7, CT01-8, CT02-1, CT02-2, CT02-3, CT02-4, CT02-5, CT02-6, CT02-7, CT02-8, CT03-1, CT03-2, CT03-3, CT03-4, CT03-5, CT03-6, CT03-7, CT03-8, CT04-1, CT04-2, CT04-3, CT04-4, CT04-5, CT04-6, CT04-7, CT04-8","NY",2610200116,"01/01/2021 - 12/31/2023",633.70,856,"10,045.100","170,224",0.000,0.000,"Complete"
2024,"Gowanus Generating Station",2494,"CT01-1, CT01-2, CT01-3, CT01-4, CT01-5, CT01-6, CT01-7, CT01-8, CT02-1, CT02-2, CT02-3, CT02-4, CT02-5, CT02-6, CT02-7, CT02-8, CT03-1, CT03-2, CT03-3, CT03-4, CT03-5, CT03-6, CT03-7, CT03-8, CT04-1, CT04-2, CT04-3, CT04-4, CT04-5, CT04-6, CT04-7, CT04-8","NY",2610200116,"01/01/2024 - 12/31/2026",717.80,922,"11,295.900","191,482",0.000,0.000,"Complete"
2021,"Hudson Avenue",2496,"CT0003, CT0004, CT0005","NY",2610100042,"01/01/2021 - 12/31/2023",39.01,50,741.800,"9,168",0.000,0.000,"Complete"
2022,"Hudson Avenue",2496,"CT0003, CT0004, CT0005","NY",2610100042,"01/01/2021 - 12/31/2023",41.09,48,781.100,"9,657",0.000,0.000,"Complete"
2021,"Narrows Generating Station",2499,"CT01-1, CT01-2, CT01-3, CT01-4, CT01-5, CT01-6, CT01-7, CT01-8, CT02-1, CT02-2, CT02-3, CT02-4, CT02-5, CT02-6, CT02-7, CT02-8","NY",2610200086,"01/01/2021 - 12/31/2023","2,433.45","2,885","38,788.300","657,188",0.000,0.000,"Complete"
2022,"Narrows Generating Station",2499,"CT01-1, CT01-2, CT01-3, CT01-4, CT01-5, CT01-6, CT01-7, CT01-8, CT02-1, CT02-2, CT02-3, CT02-4, CT02-5, CT02-6, CT02-7, CT02-8","NY",2610200086,"01/01/2021 - 12/31/2023","2,624.00","3,170","48,687.100","797,032",0.000,0.000,"Complete"
2023,"Narrows Generating Station",2499,"CT01-1, CT01-2, CT01-3, CT01-4, CT01-5, CT01-6, CT01-7, CT01-8, CT02-1, CT02-2, CT02-3, CT02-4, CT02-5, CT02-6, CT02-7, CT02-8","NY",2610200086,"01/01/2021 - 12/31/2023","1,719.00","2,096","28,049.800","475,126",0.000,0.000,"Complete"
2024,"Narrows Generating Station",2499,"CT01-1, CT01-2, CT01-3, CT01-4, CT01-5, CT01-6, CT01-7, CT01-8, CT02-1, CT02-2, CT02-3, CT02-4, CT02-5, CT02-6, CT02-7, CT02-8","NY",2610200086,"01/01/2024 - 12/31/2026","2,426.20","2,946","39,975.800","665,618",0.000,0.000,"Complete"
2009,"Ravenswood Generating Station",2500,"10, 20, 30, CT0001, CT0010, CT0011, CT02-1, CT02-2, CT02-3, CT02-4, CT03-1, CT03-2, CT03-3, CT03-4, UCC001","NY",2630400024,"01/01/2009 - 12/31/2011","17,063.00","17,148","1,874,271.925","30,836,648",0.000,0.000,"Complete"
2010,"Ravenswood Generating Station",2500,"10, 20, 30, CT0001, CT0010, CT0011, CT02-1, CT02-2, CT02-3, CT02-4, CT03-1, CT03-2, CT03-3, CT03-4, UCC001","NY",2630400024,"01/01/2009 - 12/31/2011","16,955.50","17,017","2,117,359.675","35,042,974",0.000,0.000,"Complete"
2011,"Ravenswood Generating Station",2500,"10, 20, 30, CT0001, CT0010, CT0011, CT02-1, CT02-2, CT02-3, CT02-4, CT03-1, CT03-2, CT03-3, CT03-4, UCC001","NY",2630400024,"01/01/2009 - 12/31/2011","17,934.89","17,998","1,962,654.174","32,813,617",0.000,0.000,"Complete"
2012,"Ravenswood Generating Station",2500,"10, 20, 30, CT0001, CT0010, CT0011, CT02-1, CT02-2, CT02-3, CT02-4, CT03-1, CT03-2, CT03-3, CT03-4, UCC001","NY",2630400024,"01/01/2012 - 12/31/2014","21,480.81","21,556","2,576,559.874","43,316,188",0.000,0.000,"Complete"
2013,"Ravenswood Generating Station",2500,"10, 20, 30, CT0001, CT0010, CT0011, CT02-1, CT02-2, CT02-3, CT02-4, CT03-1, CT03-2, CT03-3, CT03-4, UCC001","NY",2630400024,"01/01/2012 - 12/31/2014","16,467.41","16,575","1,783,226.713","29,651,573",0.000,0.000,"Complete"
2014,"Ravenswood Generating Station",2500,"10, 20, 30, CT0001, CT0010, CT0011, CT02-1, CT02-2, CT02-3, CT02-4, CT03-1, CT03-2, CT03-3, CT03-4, UCC001","NY",2630400024,"01/01/2012 - 12/31/2014","20,715.22","20,789","2,819,493.707","46,674,320",0.000,0.000,"Complete"
2015,"Ravenswood Generating Station",2500,"10, 20, 30, CT0001, CT0010, CT0011, CT02-1, CT02-2, CT02-3, CT02-4, CT03-1, CT03-2, CT03-3, CT03-4, UCC001","NY",2630400024,"01/01/2015 - 12/31/2017","21,153.19","21,236","2,813,337.980","47,094,588",0.000,0.000,"Complete"
2016,"Ravenswood Generating Station",2500,"10, 20, 30, CT0001, CT0010, CT0011, CT02-1, CT02-2, CT02-3, CT02-4, CT03-1, CT03-2, CT03-3, CT03-4, UCC001","NY",2630400024,"01/01/2015 - 12/31/2017","23,331.64","23,394","3,149,597.201","52,877,275",0.000,0.000,"Complete"
2017,"Ravenswood Generating Station",2500,"10, 20, 30, CT0001, CT0010, CT0011, CT02-1, CT02-2, CT02-3, CT02-4, CT03-1, CT03-2, CT03-3, CT03-4, UCC001","NY",2630400024,"01/01/2015 - 12/31/2017","17,323.21","17,385","1,711,136.241","28,659,497",0.000,0.000,"Complete"
2018,"Ravenswood Generating Station",2500,"10, 20, 30, CT0001, CT0010, CT0011, CT02-1, CT02-2, CT02-3, CT02-4, CT03-1, CT03-2, CT03-3, CT03-4, UCC001","NY",2630400024,"01/01/2018 - 12/31/2020","17,433.02","17,533","1,985,198.036","32,940,008",0.000,0.000,"Complete"
2019,"Ravenswood Generating Station",2500,"10, 20, 30, CT0001, CT0010, CT0011, CT02-1, CT02-2, CT02-3, CT02-4, CT03-1, CT03-2, CT03-3, CT03-4, UCC001","NY",2630400024,"01/01/2018 - 12/31/2020","13,077.75","13,160","1,247,451.794","20,897,808",0.000,0.000,"Complete"
2020,"Ravenswood Generating Station",2500,"10, 20, 30, CT0001, CT0010, CT0011, CT02-1, CT02-2, CT02-3, CT02-4, CT03-1, CT03-2, CT03-3, CT03-4, UCC001","NY",2630400024,"01/01/2018 - 12/31/2020","11,066.60","11,118","1,089,195.584","18,327,873",0.000,0.000,"Complete"
2021,"Ravenswood Generating Station",2500,"10, 20, 30, CT0001, CT0010, CT0011, CT02-1, CT02-2, CT02-3, CT02-4, CT03-1, CT03-2, CT03-3, CT03-4, UCC001","NY",2630400024,"01/01/2021 - 12/31/2023","10,428.33","10,477","1,028,860.934","17,288,943",0.000,0.000,"Complete"
2022,"Ravenswood Generating Station",2500,"10, 20, 30, CT0001, CT0010, CT0011, CT02-1, CT02-2, CT02-3, CT02-4, CT03-1, CT03-2, CT03-3, CT03-4, UCC001","NY",2630400024,"01/01/2021 - 12/31/2023","10,336.64","10,400","1,043,728.593","17,386,843",0.000,0.000,"Complete"
2023,"Ravenswood Generating Station",2500,"10, 20, 30, CT0001, CT0010, CT0011, CT02-1, CT02-2, CT02-3, CT02-4, CT03-1, CT03-2, CT03-3, CT03-4, UCC001","NY",2630400024,"01/01/2021 - 12/31/2023","12,635.36","12,750","1,416,319.741","23,783,440",0.000,0.000,"Complete"
2024,"Ravenswood Generating Station",2500,"10, 20, 30, CT0001, CT0010, CT0011, CT02-1, CT02-2, CT02-3, CT02-4, CT03-1, CT03-2, CT03-3, CT03-4, UCC001","NY",2630400024,"01/01/2024 - 12/31/2026","11,291.55","11,348","1,270,204.882","21,343,255",0.000,0.000,"Complete"
2021,"74th Street",2504,"CT0001, CT0002","NY",2620400019,"01/01/2021 - 12/31/2023",50.81,58,919.600,"11,331",0.000,0.000,"Complete"
2022,"74th Street",2504,"CT0001, CT0002","NY",2620400019,"01/01/2021 - 12/31/2023",15.00,15,271.500,"3,345",0.000,0.000,"Complete"
2023,"74th Street",2504,"CT0001, CT0002","NY",2620400019,"01/01/2021 - 12/31/2023",15.00,15,271.500,"3,345",0.000,0.000,"Complete"
2024,"74th Street",2504,"CT0001, CT0002","NY",2620400019,"01/01/2024 - 12/31/2026",2.00,2,36.200,446,0.000,0.000,"Complete"
2009,"E F Barrett",2511,"10, 20, U00004, U00005, U00006, U00007, U00008, U00009, U00011, U00012, U00013, U00014, U00015, U00016, U00017, U00018, U00019","NY",1282000553,"01/01/2009 - 12/31/2011","15,935.25","15,967","674,502.500","11,296,383",0.000,0.000,"Complete"
2010,"E F Barrett",2511,"10, 20, U00004, U00005, U00006, U00007, U00008, U00009, U00011, U00012, U00013, U00014, U00015, U00016, U00017, U00018, U00019","NY",1282000553,"01/01/2009 - 12/31/2011","16,878.50","16,916","876,097.550","14,733,136",0.000,0.000,"Complete"
2011,"E F Barrett",2511,"10, 20, U00004, U00005, U00006, U00007, U00008, U00009, U00011, U00012, U00013, U00014, U00015, U00016, U00017, U00018, U00019","NY",1282000553,"01/01/2009 - 12/31/2011","16,903.25","16,930","690,756.825","11,610,177",0.000,0.000,"Complete"
2012,"E F Barrett",2511,"10, 20, U00004, U00005, U00006, U00007, U00008, U00009, U00011, U00012, U00013, U00014, U00015, U00016, U00017, U00018, U00019","NY",1282000553,"01/01/2012 - 12/31/2014","18,203.25","18,232","771,586.775","12,997,416",0.000,0.000,"Complete"
2013,"E F Barrett",2511,"10, 20, U00004, U00005, U00006, U00007, U00008, U00009, U00011, U00012, U00013, U00014, U00015, U00016, U00017, U00018, U00019","NY",1282000553,"01/01/2012 - 12/31/2014","17,957.00","18,001","780,254.550","13,082,685",0.000,0.000,"Complete"
2014,"E F Barrett",2511,"10, 20, U00004, U00005, U00006, U00007, U00008, U00009, U00011, U00012, U00013, U00014, U00015, U00016, U00017, U00018, U00019","NY",1282000553,"01/01/2012 - 12/31/2014","17,696.00","17,725","1,071,411.475","17,842,629",0.000,0.000,"Complete"
2015,"E F Barrett",2511,"10, 20, U00004, U00005, U00006, U00007, U00008, U00009, U00011, U00012, U00013, U00014, U00015, U00016, U00017, U00018, U00019","NY",1282000553,"01/01/2015 - 12/31/2017","17,958.75","17,983","1,061,960.575","17,787,391",0.000,0.000,"Complete"
2016,"E F Barrett",2511,"10, 20, U00004, U00005, U00006, U00007, U00008, U00009, U00011, U00012, U00013, U00014, U00015, U00016, U00017, U00018, U00019","NY",1282000553,"01/01/2015 - 12/31/2017","19,390.00","19,406","1,137,920.850","19,132,530",0.000,0.000,"Complete"
2017,"E F Barrett",2511,"10, 20, U00004, U00005, U00006, U00007, U00008, U00009, U00011, U00012, U00013, U00014, U00015, U00016, U00017, U00018, U00019","NY",1282000553,"01/01/2015 - 12/31/2017","15,822.50","15,845","900,567.300","15,079,494",0.000,0.000,"Complete"
2018,"E F Barrett",2511,"10, 20, U00004, U00005, U00006, U00007, U00008, U00009, U00011, U00012, U00013, U00014, U00015, U00016, U00017, U00018, U00019","NY",1282000553,"01/01/2018 - 12/31/2020","19,461.75","19,488","962,494.075","16,076,753",0.000,0.000,"Complete"
2019,"E F Barrett",2511,"10, 20, U00004, U00005, U00006, U00007, U00008, U00009, U00011, U00012, U00013, U00014, U00015, U00016, U00017, U00018, U00019","NY",1282000553,"01/01/2018 - 12/31/2020","17,021.75","17,048","954,029.850","15,985,636",0.000,0.000,"Complete"
2020,"E F Barrett",2511,"10, 20, U00004, U00005, U00006, U00007, U00008, U00009, U00011, U00012, U00013, U00014, U00015, U00016, U00017, U00018, U00019","NY",1282000553,"01/01/2018 - 12/31/2020","16,075.63","16,094","904,795.139","15,191,442",0.000,0.000,"Complete"
2021,"E F Barrett",2511,"10, 20, U00004, U00005, U00006, U00007, U00008, U00009, U00011, U00012, U00013, U00014, U00015, U00016, U00017, U00018, U00019","NY",1282000553,"01/01/2021 - 12/31/2023","24,056.60","24,100","1,003,125.328","16,738,248",0.000,0.000,"Complete"
2022,"E F Barrett",2511,"10, 20, U00004, U00005, U00006, U00007, U00008, U00009, U00011, U00012, U00013, U00014, U00015, U00016, U00017, U00018, U00019","NY",1282000553,"01/01/2021 - 12/31/2023","24,510.10","24,562","922,545.371","15,426,157",0.000,0.000,"Complete"
2023,"E F Barrett",2511,"10, 20, U00004, U00005, U00006, U00007, U00008, U00009, U00011, U00012, U00013, U00014, U00015, U00016, U00017, U00018, U00019","NY",1282000553,"01/01/2021 - 12/31/2023","22,141.17","22,178","941,456.136","15,814,050",0.000,0.000,"Complete"
2024,"E F Barrett",2511,"10, 20, U00004, U00005, U00006, U00007, U00008, U00009, U00011, U00012, U00013, U00014, U00015, U00016, U00017, U00018, U00019","NY",1282000553,"01/01/2024 - 12/31/2026","19,818.92","19,835","786,161.349","13,235,478",0.000,0.000,"Complete"
2009,"Far Rockaway",2513,40,"NY",2630800040,"01/01/2009 - 12/31/2011","2,287.00","2,303","69,618.025","1,171,496",0.000,0.000,"Complete"
2010,"Far Rockaway",2513,40,"NY",2630800040,"01/01/2009 - 12/31/2011","3,565.50","3,578","126,250.875","2,124,404",0.000,0.000,"Complete"
2011,"Far Rockaway",2513,40,"NY",2630800040,"01/01/2009 - 12/31/2011","6,214.25","6,225","221,751.450","3,731,379",0.000,0.000,"Complete"
2012,"Far Rockaway",2513,40,"NY",2630800040,"01/01/2012 - 12/31/2014","2,656.75","2,663","97,726.725","1,644,435",0.000,0.000,"Complete"
2009,"Glenwood",2514,"40, 50, U00020, U00021","NY",1282220481,"01/01/2009 - 12/31/2011","1,571.75","1,597","55,945.000","934,224",0.000,0.000,"Complete"
2010,"Glenwood",2514,"40, 50, U00020, U00021","NY",1282220481,"01/01/2009 - 12/31/2011","3,056.25","3,078","150,789.100","2,524,146",0.000,0.000,"Complete"
2011,"Glenwood",2514,"40, 50, U00020, U00021","NY",1282220481,"01/01/2009 - 12/31/2011","5,413.75","5,457","202,959.075","3,405,281",0.000,0.000,"Complete"
2012,"Glenwood",2514,"40, 50, U00020, U00021","NY",1282220481,"01/01/2012 - 12/31/2014","3,046.50","3,061","110,679.050","1,842,608",0.000,0.000,"Complete"
2013,"Glenwood",2514,"40, 50, U00020, U00021","NY",1282220481,"01/01/2012 - 12/31/2014",90.00,90,"3,259.100","40,231",0.000,0.000,"Complete"
2014,"Glenwood",2514,"40, 50, U00020, U00021","NY",1282220481,"01/01/2012 - 12/31/2014",139.00,139,"5,969.200","73,693",0.000,0.000,"Complete"
2015,"Glenwood",2514,"40, 50, U00020, U00021","NY",1282220481,"01/01/2015 - 12/31/2017",144.00,144,"5,384.800","66,488",0.000,0.000,"Complete"
2016,"Glenwood",2514,"40, 50, U00020, U00021","NY",1282220481,"01/01/2015 - 12/31/2017",103.00,103,"4,147.500","51,209",0.000,0.000,"Complete"
2017,"Glenwood",2514,"40, 50, U00020, U00021","NY",1282220481,"01/01/2015 - 12/31/2017",41.00,41,"1,442.800","17,810",0.000,0.000,"Complete"
2018,"Glenwood",2514,"40, 50, U00020, U00021","NY",1282220481,"01/01/2018 - 12/31/2020",114.00,114,"5,301.200","65,448",0.000,0.000,"Complete"
2019,"Glenwood",2514,"40, 50, U00020, U00021","NY",1282220481,"01/01/2018 - 12/31/2020",33.00,33,"1,183.300","14,609",0.000,0.000,"Complete"
2020,"Glenwood",2514,"40, 50, U00020, U00021","NY",1282220481,"01/01/2018 - 12/31/2020",53.00,53,"1,982.400","24,478",0.000,0.000,"Complete"
2021,"Glenwood",2514,"40, 50, U00020, U00021","NY",1282220481,"01/01/2021 - 12/31/2023",159.00,159,"5,737.300","70,810",0.000,0.000,"Complete"
2022,"Glenwood",2514,"40, 50, U00020, U00021","NY",1282220481,"01/01/2021 - 12/31/2023",98.00,98,"3,605.700","44,523",0.000,0.000,"Complete"
2023,"Glenwood",2514,"40, 50, U00020, U00021","NY",1282220481,"01/01/2021 - 12/31/2023",45.00,45,"1,814.600","22,403",0.000,0.000,"Complete"
2024,"Glenwood",2514,"40, 50, U00020, U00021","NY",1282220481,"01/01/2024 - 12/31/2026",122.00,122,"3,742.200","46,196",0.000,0.000,"Complete"
2009,"Northport",2516,"1, 2, 3, 4, UGT001","NY",1472600130,"01/01/2009 - 12/31/2011","18,015.50","18,076","2,333,084.625","36,311,030",0.000,0.000,"Complete"
2010,"Northport",2516,"1, 2, 3, 4, UGT001","NY",1472600130,"01/01/2009 - 12/31/2011","21,865.00","21,929","3,053,542.400","49,503,424",0.000,0.000,"Complete"
2011,"Northport",2516,"1, 2, 3, 4, UGT001","NY",1472600130,"01/01/2009 - 12/31/2011","19,913.25","19,985","2,318,832.125","37,958,337",0.000,0.000,"Complete"
2012,"Northport",2516,"1, 2, 3, 4, UGT001","NY",1472600130,"01/01/2012 - 12/31/2014","19,113.75","19,182","2,143,250.775","35,498,026",0.000,0.000,"Complete"
2013,"Northport",2516,"1, 2, 3, 4, UGT001","NY",1472600130,"01/01/2012 - 12/31/2014","16,942.25","17,018","2,072,903.525","34,065,033",0.000,0.000,"Complete"
2014,"Northport",2516,"1, 2, 3, 4, UGT001","NY",1472600130,"01/01/2012 - 12/31/2014","14,855.75","14,924","1,819,009.550","28,885,174",0.000,0.000,"Complete"
2015,"Northport",2516,"1, 2, 3, 4, UGT001","NY",1472600130,"01/01/2015 - 12/31/2017","14,424.50","14,506","2,017,523.250","32,141,156",0.000,0.000,"Complete"
2016,"Northport",2516,"1, 2, 3, 4, UGT001","NY",1472600130,"01/01/2015 - 12/31/2017","12,611.25","12,668","1,627,234.900","26,924,613",0.000,0.000,"Complete"
2017,"Northport",2516,"1, 2, 3, 4, UGT001","NY",1472600130,"01/01/2015 - 12/31/2017","8,678.00","8,718","1,089,934.700","17,938,124",0.000,0.000,"Complete"
2018,"Northport",2516,"1, 2, 3, 4, UGT001","NY",1472600130,"01/01/2018 - 12/31/2020","13,171.00","13,224","1,784,768.025","29,073,972",0.000,0.000,"Complete"
2019,"Northport",2516,"1, 2, 3, 4, UGT001","NY",1472600130,"01/01/2018 - 12/31/2020","10,410.00","10,453","1,360,082.100","22,552,536",0.000,0.000,"Complete"
2020,"Northport",2516,"1, 2, 3, 4, UGT001","NY",1472600130,"01/01/2018 - 12/31/2020","13,506.00","13,540","1,892,450.469","31,777,036",0.000,0.000,"Complete"
2021,"Northport",2516,"1, 2, 3, 4, UGT001","NY",1472600130,"01/01/2021 - 12/31/2023","17,389.13","17,451","2,605,102.776","42,445,460",0.000,0.000,"Complete"
2022,"Northport",2516,"1, 2, 3, 4, UGT001","NY",1472600130,"01/01/2021 - 12/31/2023","13,442.43","13,519","1,954,644.105","31,509,657",0.000,0.000,"Complete"
2023,"Northport",2516,"1, 2, 3, 4, UGT001","NY",1472600130,"01/01/2021 - 12/31/2023","12,199.61","12,275","1,555,544.702","26,022,453",0.000,0.000,"Complete"
2024,"Northport",2516,"1, 2, 3, 4, UGT001","NY",1472600130,"01/01/2024 - 12/31/2026","17,608.57","17,668","2,385,098.340","39,797,288",0.000,0.000,"Complete"
2009,"Port Jefferson Energy Center",2517,"1, 2, 3, 4, UGT001, UGT002, UGT003","NY",1472200107,"01/01/2009 - 12/31/2011","8,675.75","9,022","428,291.425","6,537,385",0.000,0.000,"Complete"
2010,"Port Jefferson Energy Center",2517,"1, 2, 3, 4, UGT001, UGT002, UGT003","NY",1472200107,"01/01/2009 - 12/31/2011","7,320.50","7,820","427,778.125","6,904,224",0.000,0.000,"Complete"
2011,"Port Jefferson Energy Center",2517,"1, 2, 3, 4, UGT001, UGT002, UGT003","NY",1472200107,"01/01/2009 - 12/31/2011","9,606.50","10,216","401,522.550","6,487,562",0.000,0.000,"Complete"
2012,"Port Jefferson Energy Center",2517,"1, 2, 3, 4, UGT001, UGT002, UGT003","NY",1472200107,"01/01/2012 - 12/31/2014","10,262.75","11,009","389,253.750","6,450,521",0.000,0.000,"Complete"
2013,"Port Jefferson Energy Center",2517,"1, 2, 3, 4, UGT001, UGT002, UGT003","NY",1472200107,"01/01/2012 - 12/31/2014","8,638.25","9,311","339,165.450","5,632,063",0.000,0.000,"Complete"
2014,"Port Jefferson Energy Center",2517,"1, 2, 3, 4, UGT001, UGT002, UGT003","NY",1472200107,"01/01/2012 - 12/31/2014","8,588.00","9,333","328,093.850","5,135,528",0.000,0.000,"Complete"
2015,"Port Jefferson Energy Center",2517,"1, 2, 3, 4, UGT001, UGT002, UGT003","NY",1472200107,"01/01/2015 - 12/31/2017","7,743.50","8,323","396,198.800","6,296,469",0.000,0.000,"Complete"
2016,"Port Jefferson Energy Center",2517,"1, 2, 3, 4, UGT001, UGT002, UGT003","NY",1472200107,"01/01/2015 - 12/31/2017","6,573.50","7,006","310,194.350","4,989,371",0.000,0.000,"Complete"
2017,"Port Jefferson Energy Center",2517,"1, 2, 3, 4, UGT001, UGT002, UGT003","NY",1472200107,"01/01/2015 - 12/31/2017","3,606.50","3,938","179,157.225","2,861,777",0.000,0.000,"Complete"
2018,"Port Jefferson Energy Center",2517,"1, 2, 3, 4, UGT001, UGT002, UGT003","NY",1472200107,"01/01/2018 - 12/31/2020","5,313.50","5,693","283,594.375","4,432,532",0.000,0.000,"Complete"
2019,"Port Jefferson Energy Center",2517,"1, 2, 3, 4, UGT001, UGT002, UGT003","NY",1472200107,"01/01/2018 - 12/31/2020","4,798.25","5,173","228,495.075","3,780,248",0.000,0.000,"Complete"
2020,"Port Jefferson Energy Center",2517,"1, 2, 3, 4, UGT001, UGT002, UGT003","NY",1472200107,"01/01/2018 - 12/31/2020","7,042.42","7,426","369,579.055","6,136,542",0.000,0.000,"Complete"
2021,"Port Jefferson Energy Center",2517,"1, 2, 3, 4, UGT001, UGT002, UGT003","NY",1472200107,"01/01/2021 - 12/31/2023","6,946.64","7,380","366,260.681","5,969,181",0.000,0.000,"Complete"
2022,"Port Jefferson Energy Center",2517,"1, 2, 3, 4, UGT001, UGT002, UGT003","NY",1472200107,"01/01/2021 - 12/31/2023","6,139.08","6,629","308,661.577","4,827,546",0.000,0.000,"Complete"
2023,"Port Jefferson Energy Center",2517,"1, 2, 3, 4, UGT001, UGT002, UGT003","NY",1472200107,"01/01/2021 - 12/31/2023","5,691.52","6,112","257,123.157","4,270,867",0.000,0.000,"Complete"
2024,"Port Jefferson Energy Center",2517,"1, 2, 3, 4, UGT001, UGT002, UGT003","NY",1472200107,"01/01/2024 - 12/31/2026","5,190.14","5,661","230,563.082","3,821,970",0.000,0.000,"Complete"
2009,"West Babylon Facility",2521,"UGT001","NY",1472001046,"01/01/2009 - 12/31/2011",20.00,20,627.100,"7,741",0.000,0.000,"Complete"
2010,"West Babylon Facility",2521,"UGT001","NY",1472001046,"01/01/2009 - 12/31/2011",45.00,45,"2,002.500","24,720",0.000,0.000,"Complete"
2011,"West Babylon Facility",2521,"UGT001","NY",1472001046,"01/01/2009 - 12/31/2011",109.00,109,"4,443.700","54,859",0.000,0.000,"Complete"
2012,"West Babylon Facility",2521,"UGT001","NY",1472001046,"01/01/2012 - 12/31/2014",62.00,62,"2,184.900","26,970",0.000,0.000,"Complete"
2013,"West Babylon Facility",2521,"UGT001","NY",1472001046,"01/01/2012 - 12/31/2014",76.00,76,"2,816.200","34,769",0.000,0.000,"Complete"
2014,"West Babylon Facility",2521,"UGT001","NY",1472001046,"01/01/2012 - 12/31/2014",79.00,79,"2,591.400","32,001",0.000,0.000,"Complete"
2015,"West Babylon Facility",2521,"UGT001","NY",1472001046,"01/01/2015 - 12/31/2017",52.00,52,"1,267.900","15,654",0.000,0.000,"Complete"
2016,"West Babylon Facility",2521,"UGT001","NY",1472001046,"01/01/2015 - 12/31/2017",150.00,150,"5,164.500","63,787",0.000,0.000,"Complete"
2017,"West Babylon Facility",2521,"UGT001","NY",1472001046,"01/01/2015 - 12/31/2017",47.00,47,"1,229.800","15,182",0.000,0.000,"Complete"
2018,"West Babylon Facility",2521,"UGT001","NY",1472001046,"01/01/2018 - 12/31/2020",65.00,65,"2,451.400","30,269",0.000,0.000,"Complete"
2019,"West Babylon Facility",2521,"UGT001","NY",1472001046,"01/01/2018 - 12/31/2020",90.00,90,"3,649.700","45,062",0.000,0.000,"Complete"
2020,"West Babylon Facility",2521,"UGT001","NY",1472001046,"01/01/2018 - 12/31/2020",62.00,62,"2,203.000","27,204",0.000,0.000,"Complete"
2021,"West Babylon Facility",2521,"UGT001","NY",1472001046,"01/01/2021 - 12/31/2023",35.00,35,786.600,"9,705",0.000,0.000,"Complete"
2022,"West Babylon Facility",2521,"UGT001","NY",1472001046,"01/01/2021 - 12/31/2023",7.00,7,64.100,793,0.000,0.000,"Complete"
2023,"West Babylon Facility",2521,"UGT001","NY",1472001046,"01/01/2021 - 12/31/2023",6.00,6,59.600,734,0.000,0.000,"Complete"
2024,"West Babylon Facility",2521,"UGT001","NY",1472001046,"01/01/2024 - 12/31/2026",3.00,3,34.500,427,0.000,0.000,"Complete"
2009,"GMMM Westover",2526,"11, 12, 13","NY",7034600045,"01/01/2009 - 12/31/2011","4,214.01","4,221","274,949.087","2,679,831",0.000,0.000,"Complete"
2010,"GMMM Westover",2526,"11, 12, 13","NY",7034600045,"01/01/2009 - 12/31/2011","4,437.75","4,441","292,898.785","2,854,724",0.000,0.000,"Complete"
2011,"GMMM Westover",2526,"11, 12, 13","NY",7034600045,"01/01/2009 - 12/31/2011",234.45,236,"12,123.115","118,159",0.000,0.000,"Complete"
2012,"GMMM Westover",2526,"11, 12, 13","NY",7034600045,"01/01/2012 - 12/31/2014",0.00,0,0.000,0,0.000,0.000,"Complete"
2013,"GMMM Westover",2526,"11, 12, 13","NY",7034600045,"01/01/2012 - 12/31/2014",0.00,0,0.000,0,0.000,0.000,"Complete"
2014,"GMMM Westover",2526,"11, 12, 13","NY",7034600045,"01/01/2012 - 12/31/2014",0.00,0,0.000,0,0.000,0.000,"Complete"
2009,"Greenidge Generation LLC",2527,"4, 5, 6","NY",8573600004,"01/01/2009 - 12/31/2011","6,261.18","6,282","455,795.166","4,442,121",0.000,0.000,"Complete"
2010,"Greenidge Generation LLC",2527,"4, 5, 6","NY",8573600004,"01/01/2009 - 12/31/2011","8,302.75","8,325","599,104.657","5,838,308",0.000,0.000,"Complete"
2011,"Greenidge Generation LLC",2527,"4, 5, 6","NY",8573600004,"01/01/2009 - 12/31/2011","1,771.21","1,776","113,357.495","1,104,780",0.000,0.000,"Complete"
2012,"Greenidge Generation LLC",2527,"4, 5, 6","NY",8573600004,"01/01/2012 - 12/31/2014",0.00,0,0.000,0,0.000,0.000,"Complete"
2013,"Greenidge Generation LLC",2527,"4, 5, 6","NY",8573600004,"01/01/2012 - 12/31/2014",0.00,0,0.000,0,0.000,0.000,"Complete"
2014,"Greenidge Generation LLC",2527,"4, 5, 6","NY",8573600004,"01/01/2012 - 12/31/2014",0.00,0,0.000,0,0.000,0.000,"Complete"
2015,"Greenidge Generation LLC",2527,"4, 5, 6","NY",8573600004,"01/01/2015 - 12/31/2017",0.00,0,0.000,0,0.000,0.000,"Complete"
2016,"Greenidge Generation LLC",2527,"4, 5, 6","NY",8573600004,"01/01/2015 - 12/31/2017",0.00,0,0.000,0,0.000,0.000,"Complete"
2017,"Greenidge Generation LLC",2527,"4, 5, 6","NY",8573600004,"01/01/2015 - 12/31/2017","2,951.75","3,008","124,008.779","2,091,728",0.000,0.000,"Complete"
2018,"Greenidge Generation LLC",2527,"4, 5, 6","NY",8573600004,"01/01/2018 - 12/31/2020","3,007.68","3,033","119,304.643","2,010,040",0.000,0.000,"Complete"
2019,"Greenidge Generation LLC",2527,"4, 5, 6","NY",8573600004,"01/01/2018 - 12/31/2020","1,123.86","1,135","39,405.796","664,722",0.000,0.000,"Complete"
2020,"Greenidge Generation LLC",2527,"4, 5, 6","NY",8573600004,"01/01/2018 - 12/31/2020","7,893.03","7,916","228,303.061","3,849,054",0.000,0.000,"Complete"
2021,"Greenidge Generation LLC",2527,"4, 5, 6","NY",8573600004,"01/01/2021 - 12/31/2023","8,631.00","8,634","278,846.384","4,703,822",0.000,0.000,"Complete"
2022,"Greenidge Generation LLC",2527,"4, 5, 6","NY",8573600004,"01/01/2021 - 12/31/2023","8,429.68","8,441","343,046.310","5,786,851",0.000,0.000,"Complete"
2023,"Greenidge Generation LLC",2527,"4, 5, 6","NY",8573600004,"01/01/2021 - 12/31/2023","8,439.08","8,446","388,036.305","6,544,487",0.000,0.000,"Complete"
2024,"Greenidge Generation LLC",2527,"4, 5, 6","NY",8573600004,"01/01/2024 - 12/31/2026","8,562.97","8,567","417,542.866","7,033,935",0.000,0.000,"Complete"
2009,"Cayuga Operating Company, LLC",2535,"1, 2","NY",7503200019,"01/01/2009 - 12/31/2011","13,971.11","13,991","1,711,295.046","16,588,984",0.000,0.000,"Complete"
2010,"Cayuga Operating Company, LLC",2535,"1, 2","NY",7503200019,"01/01/2009 - 12/31/2011","14,655.93","14,672","1,889,770.062","18,418,818",0.000,0.000,"Complete"
2011,"Cayuga Operating Company, LLC",2535,"1, 2","NY",7503200019,"01/01/2009 - 12/31/2011","10,658.23","10,678","1,235,532.026","12,042,233",0.000,0.000,"Complete"
2012,"Cayuga Operating Company, LLC",2535,"1, 2","NY",7503200019,"01/01/2012 - 12/31/2014","5,826.64","5,850","554,794.829","5,406,983",0.000,0.000,"Complete"
2013,"Cayuga Operating Company, LLC",2535,"1, 2","NY",7503200019,"01/01/2012 - 12/31/2014","8,505.48","8,529","907,301.143","8,843,087",0.000,0.000,"Complete"
2014,"Cayuga Operating Company, LLC",2535,"1, 2","NY",7503200019,"01/01/2012 - 12/31/2014","9,836.31","9,865","1,028,822.309","10,027,566",0.000,0.000,"Complete"
2015,"Cayuga Operating Company, LLC",2535,"1, 2","NY",7503200019,"01/01/2015 - 12/31/2017","6,091.55","6,116","601,207.531","5,859,306",0.000,0.000,"Complete"
2016,"Cayuga Operating Company, LLC",2535,"1, 2","NY",7503200019,"01/01/2015 - 12/31/2017","5,795.74","5,821","632,447.781","6,164,050",0.000,0.000,"Complete"
2017,"Cayuga Operating Company, LLC",2535,"1, 2","NY",7503200019,"01/01/2015 - 12/31/2017","4,232.73","4,262","271,309.862","2,644,311",0.000,0.000,"Complete"
2018,"Cayuga Operating Company, LLC",2535,"1, 2","NY",7503200019,"01/01/2018 - 12/31/2020","1,178.28","1,205","106,713.092","1,039,945",0.000,0.000,"Complete"
2019,"Cayuga Operating Company, LLC",2535,"1, 2","NY",7503200019,"01/01/2018 - 12/31/2020","1,433.48","1,439","107,935.895","1,052,002",0.000,0.000,"Complete"
2020,"Cayuga Operating Company, LLC",2535,"1, 2","NY",7503200019,"01/01/2018 - 12/31/2020",0.00,0,0.000,0,0.000,0.000,"Complete"
2009,"Bethlehem Energy Center (Albany)",2539,"10001, 10002, 10003","NY",4012200044,"01/01/2009 - 12/31/2011","17,428.46","17,920","1,516,133.175","25,507,378",0.000,0.000,"Complete"
2010,"Bethlehem Energy Center (Albany)",2539,"10001, 10002, 10003","NY",4012200044,"01/01/2009 - 12/31/2011","19,294.77","19,834","1,802,421.790","30,323,626",0.000,0.000,"Complete"
2011,"Bethlehem Energy Center (Albany)",2539,"10001, 10002, 10003","NY",4012200044,"01/01/2009 - 12/31/2011","18,685.12","19,387","1,787,877.292","30,084,600",0.000,0.000,"Complete"
2012,"Bethlehem Energy Center (Albany)",2539,"10001, 10002, 10003","NY",4012200044,"01/01/2012 - 12/31/2014","20,811.77","21,560","2,059,239.544","34,650,731",0.000,0.000,"Complete"
2013,"Bethlehem Energy Center (Albany)",2539,"10001, 10002, 10003","NY",4012200044,"01/01/2012 - 12/31/2014","17,247.88","17,896","1,658,654.171","27,910,094",0.000,0.000,"Complete"
2014,"Bethlehem Energy Center (Albany)",2539,"10001, 10002, 10003","NY",4012200044,"01/01/2012 - 12/31/2014","19,385.16","19,725","1,885,360.955","31,724,880",0.000,0.000,"Complete"
2015,"Bethlehem Energy Center (Albany)",2539,"10001, 10002, 10003","NY",4012200044,"01/01/2015 - 12/31/2017","21,596.06","21,754","2,130,653.177","35,852,249",0.000,0.000,"Complete"
2016,"Bethlehem Energy Center (Albany)",2539,"10001, 10002, 10003","NY",4012200044,"01/01/2015 - 12/31/2017","21,971.48","22,315","2,152,909.396","36,226,828",0.000,0.000,"Complete"
2017,"Bethlehem Energy Center (Albany)",2539,"10001, 10002, 10003","NY",4012200044,"01/01/2015 - 12/31/2017","22,058.67","22,378","2,179,725.393","36,677,963",0.000,0.000,"Complete"
2018,"Bethlehem Energy Center (Albany)",2539,"10001, 10002, 10003","NY",4012200044,"01/01/2018 - 12/31/2020","21,641.63","22,150","2,115,505.992","35,597,404",0.000,0.000,"Complete"
2019,"Bethlehem Energy Center (Albany)",2539,"10001, 10002, 10003","NY",4012200044,"01/01/2018 - 12/31/2020","19,592.97","20,361","1,874,467.225","31,541,487",0.000,0.000,"Complete"
2020,"Bethlehem Energy Center (Albany)",2539,"10001, 10002, 10003","NY",4012200044,"01/01/2018 - 12/31/2020","20,380.08","20,878","2,030,841.502","34,172,720",0.000,0.000,"Complete"
2021,"Bethlehem Energy Center (Albany)",2539,"10001, 10002, 10003","NY",4012200044,"01/01/2021 - 12/31/2023","21,585.44","21,982","2,164,358.749","36,419,580",0.000,0.000,"Complete"
2022,"Bethlehem Energy Center (Albany)",2539,"10001, 10002, 10003","NY",4012200044,"01/01/2021 - 12/31/2023","20,193.36","20,356","2,092,757.523","35,214,723",0.000,0.000,"Complete"
2023,"Bethlehem Energy Center (Albany)",2539,"10001, 10002, 10003","NY",4012200044,"01/01/2021 - 12/31/2023","23,888.83","23,959","2,503,077.651","42,119,085",0.000,0.000,"Complete"
2024,"Bethlehem Energy Center (Albany)",2539,"10001, 10002, 10003","NY",4012200044,"01/01/2024 - 12/31/2026","21,821.85","22,029","2,258,497.643","38,002,181",0.000,0.000,"Complete"
2009,"Huntley Power",2549,"67, 68","NY",9146400130,"01/01/2009 - 12/31/2011","14,783.38","14,808","2,073,692.621","19,772,121",0.000,0.000,"Complete"
2010,"Huntley Power",2549,"67, 68","NY",9146400130,"01/01/2009 - 12/31/2011","13,923.52","13,940","2,269,699.024","21,640,962",0.000,0.000,"Complete"
2011,"Huntley Power",2549,"67, 68","NY",9146400130,"01/01/2009 - 12/31/2011","10,440.93","10,474","1,635,259.706","15,591,839",0.000,0.000,"Complete"
2012,"Huntley Power",2549,"67, 68","NY",9146400130,"01/01/2012 - 12/31/2014","6,913.42","6,950","809,796.388","7,721,289",0.000,0.000,"Complete"
2013,"Huntley Power",2549,"67, 68","NY",9146400130,"01/01/2012 - 12/31/2014","9,251.27","9,286","1,201,619.582","11,457,180",0.000,0.000,"Complete"
2014,"Huntley Power",2549,"67, 68","NY",9146400130,"01/01/2012 - 12/31/2014","9,723.23","9,751","1,343,781.348","12,812,675",0.000,0.000,"Complete"
2015,"Huntley Power",2549,"67, 68","NY",9146400130,"01/01/2015 - 12/31/2017","4,004.06","4,050","483,237.398","4,607,534",0.000,0.000,"Complete"
2016,"Huntley Power",2549,"67, 68","NY",9146400130,"01/01/2015 - 12/31/2017","2,329.81","2,333","286,748.516","2,734,072",0.000,0.000,"Complete"
2017,"Huntley Power",2549,"67, 68","NY",9146400130,"01/01/2015 - 12/31/2017",0.00,0,0.000,0,0.000,0.000,"Complete"
2018,"Huntley Power",2549,"67, 68","NY",9146400130,"01/01/2018 - 12/31/2020",0.00,0,0.000,0,0.000,0.000,"Complete"
2009,"NRG Dunkirk Power",2554,"1, 2, 3, 4","NY",9060300021,"01/01/2009 - 12/31/2011","25,515.18","25,580","2,892,702.631","27,581,112",0.000,0.000,"Complete"
2010,"NRG Dunkirk Power",2554,"1, 2, 3, 4","NY",9060300021,"01/01/2009 - 12/31/2011","24,909.59","24,947","3,067,427.747","29,247,129",0.000,0.000,"Complete"
2011,"NRG Dunkirk Power",2554,"1, 2, 3, 4","NY",9060300021,"01/01/2009 - 12/31/2011","19,266.64","19,315","2,228,116.921","21,244,513",0.000,0.000,"Complete"
2012,"NRG Dunkirk Power",2554,"1, 2, 3, 4","NY",9060300021,"01/01/2012 - 12/31/2014","9,714.69","9,761","730,779.340","6,967,766",0.000,0.000,"Complete"
2013,"NRG Dunkirk Power",2554,"1, 2, 3, 4","NY",9060300021,"01/01/2012 - 12/31/2014","9,280.29","9,297","540,266.827","5,151,330",0.000,0.000,"Complete"
2014,"NRG Dunkirk Power",2554,"1, 2, 3, 4","NY",9060300021,"01/01/2012 - 12/31/2014","7,286.07","7,298","436,704.413","4,163,858",0.000,0.000,"Complete"
2015,"NRG Dunkirk Power",2554,"1, 2, 3, 4","NY",9060300021,"01/01/2015 - 12/31/2017","8,422.09","8,424","515,509.656","4,915,267",0.000,0.000,"Complete"
2016,"NRG Dunkirk Power",2554,"1, 2, 3, 4","NY",9060300021,"01/01/2015 - 12/31/2017",0.00,0,0.000,0,0.000,0.000,"Complete"
2017,"NRG Dunkirk Power",2554,"1, 2, 3, 4","NY",9060300021,"01/01/2015 - 12/31/2017",0.00,0,0.000,0,0.000,0.000,"Complete"
2018,"NRG Dunkirk Power",2554,"1, 2, 3, 4","NY",9060300021,"01/01/2018 - 12/31/2020",0.00,0,0.000,0,0.000,0.000,"Complete"
2019,"NRG Dunkirk Power",2554,"1, 2, 3, 4","NY",9060300021,"01/01/2018 - 12/31/2020",0.00,0,0.000,0,0.000,0.000,"Complete"
2020,"NRG Dunkirk Power",2554,"1, 2, 3, 4","NY",9060300021,"01/01/2018 - 12/31/2020",0.00,0,0.000,0,0.000,0.000,"Complete"
2009,"Oswego Harbor Power",2594,"3, 5, 6","NY",7351200030,"01/01/2009 - 12/31/2011",446.76,463,"76,853.825","955,123",0.000,0.000,"Complete"
2010,"Oswego Harbor Power",2594,"3, 5, 6","NY",7351200030,"01/01/2009 - 12/31/2011",457.22,470,"69,661.952","866,361",0.000,0.000,"Complete"
2011,"Oswego Harbor Power",2594,"3, 5, 6","NY",7351200030,"01/01/2009 - 12/31/2011",431.21,447,"70,660.093","874,044",0.000,0.000,"Complete"
2012,"Oswego Harbor Power",2594,"3, 5, 6","NY",7351200030,"01/01/2012 - 12/31/2014",521.03,537,"65,766.969","859,194",0.000,0.000,"Complete"
2013,"Oswego Harbor Power",2594,"3, 5, 6","NY",7351200030,"01/01/2012 - 12/31/2014",504.97,516,"92,180.704","1,139,584",0.000,0.000,"Complete"
2014,"Oswego Harbor Power",2594,"3, 5, 6","NY",7351200030,"01/01/2012 - 12/31/2014",450.92,461,"89,667.931","1,111,162",0.000,0.000,"Complete"
2015,"Oswego Harbor Power",2594,"3, 5, 6","NY",7351200030,"01/01/2015 - 12/31/2017",341.36,351,"71,519.497","889,732",0.000,0.000,"Complete"
2016,"Oswego Harbor Power",2594,"3, 5, 6","NY",7351200030,"01/01/2015 - 12/31/2017",237.59,249,"40,967.740","511,410",0.000,0.000,"Complete"
2017,"Oswego Harbor Power",2594,"3, 5, 6","NY",7351200030,"01/01/2015 - 12/31/2017",232.35,242,"38,236.337","479,176",0.000,0.000,"Complete"
2018,"Oswego Harbor Power",2594,"3, 5, 6","NY",7351200030,"01/01/2018 - 12/31/2020",350.29,362,"49,050.706","614,232",0.000,0.000,"Complete"
2019,"Oswego Harbor Power",2594,"3, 5, 6","NY",7351200030,"01/01/2018 - 12/31/2020",335.38,356,"36,632.133","465,216",0.000,0.000,"Complete"
2020,"Oswego Harbor Power",2594,"3, 5, 6","NY",7351200030,"01/01/2018 - 12/31/2020",374.69,392,"47,784.098","606,458",0.000,0.000,"Complete"
2021,"Oswego Harbor Power",2594,"3, 5, 6","NY",7351200030,"01/01/2021 - 12/31/2023",215.70,223,"35,796.402","447,678",0.000,0.000,"Complete"
2022,"Oswego Harbor Power",2594,"3, 5, 6","NY",7351200030,"01/01/2021 - 12/31/2023",360.53,374,"60,034.599","746,873",0.000,0.000,"Complete"
2023,"Oswego Harbor Power",2594,"3, 5, 6","NY",7351200030,"01/01/2021 - 12/31/2023",337.38,347,"56,824.109","706,156",0.000,0.000,"Complete"
2024,"Oswego Harbor Power",2594,"3, 5, 6","NY",7351200030,"01/01/2024 - 12/31/2026",384.31,415,"53,114.619","660,235",0.000,0.000,"Complete"
2009,"Bowline Generating Station",2625,"1, 2","NY",3392200003,"01/01/2009 - 12/31/2011",754.71,776,"131,980.778","2,053,845",0.000,0.000,"Complete"
2010,"Bowline Generating Station",2625,"1, 2","NY",3392200003,"01/01/2009 - 12/31/2011","1,303.23","1,340","224,887.567","3,793,643",0.000,0.000,"Complete"
2011,"Bowline Generating Station",2625,"1, 2","NY",3392200003,"01/01/2009 - 12/31/2011","1,122.55","1,148","155,944.471","2,630,627",0.000,0.000,"Complete"
2012,"Bowline Generating Station",2625,"1, 2","NY",3392200003,"01/01/2012 - 12/31/2014","1,559.83","1,592","264,223.814","4,457,201",0.000,0.000,"Complete"
2013,"Bowline Generating Station",2625,"1, 2","NY",3392200003,"01/01/2012 - 12/31/2014","3,897.77","3,936","774,643.973","13,028,435",0.000,0.000,"Complete"
2014,"Bowline Generating Station",2625,"1, 2","NY",3392200003,"01/01/2012 - 12/31/2014","5,248.62","5,286","924,580.711","15,360,760",0.000,0.000,"Complete"
2015,"Bowline Generating Station",2625,"1, 2","NY",3392200003,"01/01/2015 - 12/31/2017","4,178.55","4,222","904,209.820","15,038,099",0.000,0.000,"Complete"
2016,"Bowline Generating Station",2625,"1, 2","NY",3392200003,"01/01/2015 - 12/31/2017","4,366.29","4,413","868,980.723","14,617,919",0.000,0.000,"Complete"
2017,"Bowline Generating Station",2625,"1, 2","NY",3392200003,"01/01/2015 - 12/31/2017","3,794.51","3,842","775,504.259","13,016,531",0.000,0.000,"Complete"
2018,"Bowline Generating Station",2625,"1, 2","NY",3392200003,"01/01/2018 - 12/31/2020","1,789.74","1,826","330,699.198","5,398,716",0.000,0.000,"Complete"
2019,"Bowline Generating Station",2625,"1, 2","NY",3392200003,"01/01/2018 - 12/31/2020","1,173.09","1,200","194,104.990","3,273,940",0.000,0.000,"Complete"
2020,"Bowline Generating Station",2625,"1, 2","NY",3392200003,"01/01/2018 - 12/31/2020","2,179.50","2,218","417,872.923","7,048,665",0.000,0.000,"Complete"
2021,"Bowline Generating Station",2625,"1, 2","NY",3392200003,"01/01/2021 - 12/31/2023","3,023.82","3,063","603,978.873","10,186,519",0.000,0.000,"Complete"
2022,"Bowline Generating Station",2625,"1, 2","NY",3392200003,"01/01/2021 - 12/31/2023","4,065.15","4,113","905,396.476","15,109,964",0.000,0.000,"Complete"
2023,"Bowline Generating Station",2625,"1, 2","NY",3392200003,"01/01/2021 - 12/31/2023","2,713.39","2,741","566,310.975","9,532,401",0.000,0.000,"Complete"
2024,"Bowline Generating Station",2625,"1, 2","NY",3392200003,"01/01/2024 - 12/31/2026","3,853.96","3,903","809,975.557","13,662,810",0.000,0.000,"Complete"
2009,"Hillburn",2628,001,"NY",3392600059,"01/01/2009 - 12/31/2011",7.53,22,150.430,"2,204",0.000,0.000,"Complete"
2010,"Hillburn",2628,001,"NY",3392600059,"01/01/2009 - 12/31/2011",8.25,16,210.050,"2,590",0.000,0.000,"Complete"
2011,"Hillburn",2628,001,"NY",3392600059,"01/01/2009 - 12/31/2011",6.25,13,160.075,"1,973",0.000,0.000,"Complete"
2012,"Hillburn",2628,001,"NY",3392600059,"01/01/2012 - 12/31/2014",12.50,19,272.525,"4,077",0.000,0.000,"Complete"
2013,"Hillburn",2628,001,"NY",3392600059,"01/01/2012 - 12/31/2014",12.55,19,257.260,"4,330",0.000,0.000,"Complete"
2014,"Hillburn",2628,001,"NY",3392600059,"01/01/2012 - 12/31/2014",20.38,41,233.971,"3,934",0.000,0.000,"Complete"
2015,"Hillburn",2628,001,"NY",3392600059,"01/01/2015 - 12/31/2017",7.18,17,142.096,"2,389",0.000,0.000,"Complete"
2016,"Hillburn",2628,001,"NY",3392600059,"01/01/2015 - 12/31/2017",17.87,58,370.840,"6,177",0.000,0.000,"Complete"
2017,"Hillburn",2628,001,"NY",3392600059,"01/01/2015 - 12/31/2017",18.82,40,448.499,"7,537",0.000,0.000,"Complete"
2018,"Hillburn",2628,001,"NY",3392600059,"01/01/2018 - 12/31/2020",14.15,33,356.554,"5,967",0.000,0.000,"Complete"
2019,"Hillburn",2628,001,"NY",3392600059,"01/01/2018 - 12/31/2020",12.48,26,326.373,"5,493",0.000,0.000,"Complete"
2020,"Hillburn",2628,001,"NY",3392600059,"01/01/2018 - 12/31/2020",9.25,33,227.969,"3,834",0.000,0.000,"Complete"
2021,"Hillburn",2628,001,"NY",3392600059,"01/01/2021 - 12/31/2023",8.84,28,193.758,"3,260",0.000,0.000,"Complete"
2022,"Hillburn",2628,001,"NY",3392600059,"01/01/2021 - 12/31/2023",45.76,83,"1,345.850","22,614",0.000,0.000,"Complete"
2023,"Hillburn",2628,001,"NY",3392600059,"01/01/2021 - 12/31/2023",39.34,73,"1,067.584","17,915",0.000,0.000,"Complete"
2024,"Hillburn",2628,001,"NY",3392600059,"01/01/2024 - 12/31/2026",21.38,54,590.598,"9,936",0.000,0.000,"Complete"
2009,"Shoemaker",2632,1,"NY",3330900040,"01/01/2009 - 12/31/2011",7.69,16,180.457,"2,572",0.000,0.000,"Complete"
2010,"Shoemaker",2632,1,"NY",3330900040,"01/01/2009 - 12/31/2011",45.50,61,"1,460.375","17,996",0.000,0.000,"Complete"
2011,"Shoemaker",2632,1,"NY",3330900040,"01/01/2009 - 12/31/2011",55.75,70,"1,546.625","19,061",0.000,0.000,"Complete"
2012,"Shoemaker",2632,1,"NY",3330900040,"01/01/2012 - 12/31/2014",36.25,51,956.650,"12,929",0.000,0.000,"Complete"
2013,"Shoemaker",2632,1,"NY",3330900040,"01/01/2012 - 12/31/2014",82.00,103,"1,819.350","30,615",0.000,0.000,"Complete"
2014,"Shoemaker",2632,1,"NY",3330900040,"01/01/2012 - 12/31/2014",16.55,34,75.699,"1,271",0.000,0.000,"Complete"
2015,"Shoemaker",2632,1,"NY",3330900040,"01/01/2015 - 12/31/2017",65.51,100,"1,933.169","32,253",0.000,0.000,"Complete"
2016,"Shoemaker",2632,1,"NY",3330900040,"01/01/2015 - 12/31/2017",17.22,48,350.774,"5,834",0.000,0.000,"Complete"
2017,"Shoemaker",2632,1,"NY",3330900040,"01/01/2015 - 12/31/2017",17.82,34,439.210,"7,393",0.000,0.000,"Complete"
2018,"Shoemaker",2632,1,"NY",3330900040,"01/01/2018 - 12/31/2020",15.31,27,405.418,"6,792",0.000,0.000,"Complete"
2019,"Shoemaker",2632,1,"NY",3330900040,"01/01/2018 - 12/31/2020",39.29,64,"1,162.666","19,563",0.000,0.000,"Complete"
2020,"Shoemaker",2632,1,"NY",3330900040,"01/01/2018 - 12/31/2020",6.81,29,123.372,"2,075",0.000,0.000,"Complete"
2021,"Shoemaker",2632,1,"NY",3330900040,"01/01/2021 - 12/31/2023",10.10,34,209.321,"3,523",0.000,0.000,"Complete"
2022,"Shoemaker",2632,1,"NY",3330900040,"01/01/2021 - 12/31/2023",17.95,49,465.821,"7,807",0.000,0.000,"Complete"
2023,"Shoemaker",2632,1,"NY",3330900040,"01/01/2021 - 12/31/2023",36.85,69,"1,007.219","16,947",0.000,0.000,"Complete"
2024,"Shoemaker",2632,1,"NY",3330900040,"01/01/2024 - 12/31/2026",12.17,38,302.020,"5,082",0.000,0.000,"Complete"
2009,"Freeport Power Plant No. 2",2679,"5, CT3","NY",1282000358,"01/01/2009 - 12/31/2011","1,133.01","1,324","27,683.004","465,816",0.000,0.000,"Complete"
2010,"Freeport Power Plant No. 2",2679,"5, CT3","NY",1282000358,"01/01/2009 - 12/31/2011","1,380.25","1,559","33,486.800","563,496",0.000,0.000,"Complete"
2011,"Freeport Power Plant No. 2",2679,"5, CT3","NY",1282000358,"01/01/2009 - 12/31/2011","1,343.00","1,544","31,810.575","535,300",0.000,0.000,"Complete"
2012,"Freeport Power Plant No. 2",2679,"5, CT3","NY",1282000358,"01/01/2012 - 12/31/2014","1,253.25","1,451","29,183.900","491,081",0.000,0.000,"Complete"
2013,"Freeport Power Plant No. 2",2679,"5, CT3","NY",1282000358,"01/01/2012 - 12/31/2014","1,603.00","1,763","37,849.925","636,912",0.000,0.000,"Complete"
2014,"Freeport Power Plant No. 2",2679,"5, CT3","NY",1282000358,"01/01/2012 - 12/31/2014","1,272.50","1,458","31,028.450","519,869",0.000,0.000,"Complete"
2015,"Freeport Power Plant No. 2",2679,"5, CT3","NY",1282000358,"01/01/2015 - 12/31/2017","1,046.00","1,230","25,255.550","422,726",0.000,0.000,"Complete"
2016,"Freeport Power Plant No. 2",2679,"5, CT3","NY",1282000358,"01/01/2015 - 12/31/2017","1,147.50","1,349","27,444.700","461,146",0.000,0.000,"Complete"
2017,"Freeport Power Plant No. 2",2679,"5, CT3","NY",1282000358,"01/01/2015 - 12/31/2017","1,014.75","1,198","23,661.900","396,704",0.000,0.000,"Complete"
2018,"Freeport Power Plant No. 2",2679,"5, CT3","NY",1282000358,"01/01/2018 - 12/31/2020","1,131.00","1,325","26,191.625","434,637",0.000,0.000,"Complete"
2019,"Freeport Power Plant No. 2",2679,"5, CT3","NY",1282000358,"01/01/2018 - 12/31/2020",379.50,471,"8,428.950","140,611",0.000,0.000,"Complete"
2020,"Freeport Power Plant No. 2",2679,"5, CT3","NY",1282000358,"01/01/2018 - 12/31/2020",283.50,339,"6,297.150","105,953",0.000,0.000,"Complete"
2021,"Freeport Power Plant No. 2",2679,"5, CT3","NY",1282000358,"01/01/2021 - 12/31/2023","1,686.70","1,959","38,680.825","641,389",0.000,0.000,"Complete"
2022,"Freeport Power Plant No. 2",2679,"5, CT3","NY",1282000358,"01/01/2021 - 12/31/2023","1,496.09","1,857","34,420.978","565,855",0.000,0.000,"Complete"
2023,"Freeport Power Plant No. 2",2679,"5, CT3","NY",1282000358,"01/01/2021 - 12/31/2023",632.48,822,"14,645.849","245,657",0.000,0.000,"Complete"
2024,"Freeport Power Plant No. 2",2679,"5, CT3","NY",1282000358,"01/01/2024 - 12/31/2026",756.05,953,"18,417.169","309,237",0.000,0.000,"Complete"
2009,"S A Carlson",2682,"10, 20, 9","NY",9060800053,"01/01/2009 - 12/31/2011",212.75,239,"4,260.750","71,699",0.000,0.000,"Complete"
2010,"S A Carlson",2682,"10, 20, 9","NY",9060800053,"01/01/2009 - 12/31/2011",464.00,492,"10,432.200","175,553",0.000,0.000,"Complete"
2011,"S A Carlson",2682,"10, 20, 9","NY",9060800053,"01/01/2009 - 12/31/2011","2,435.50","2,488","59,296.700","997,776",0.000,0.000,"Complete"
2012,"S A Carlson",2682,"10, 20, 9","NY",9060800053,"01/01/2012 - 12/31/2014","4,809.25","4,855","117,310.550","1,973,997",0.000,0.000,"Complete"
2013,"S A Carlson",2682,"10, 20, 9","NY",9060800053,"01/01/2012 - 12/31/2014","5,463.50","5,480","135,579.200","2,281,409",0.000,0.000,"Complete"
2014,"S A Carlson",2682,"10, 20, 9","NY",9060800053,"01/01/2012 - 12/31/2014","4,977.00","5,011","122,108.525","2,054,712",0.000,0.000,"Complete"
2015,"S A Carlson",2682,"10, 20, 9","NY",9060800053,"01/01/2015 - 12/31/2017","5,169.00","5,194","125,581.225","2,113,062",0.000,0.000,"Complete"
2016,"S A Carlson",2682,"10, 20, 9","NY",9060800053,"01/01/2015 - 12/31/2017","4,705.25","4,748","110,063.025","1,851,986",0.000,0.000,"Complete"
2017,"S A Carlson",2682,"10, 20, 9","NY",9060800053,"01/01/2015 - 12/31/2017","3,327.25","3,351","80,542.950","1,355,290",0.000,0.000,"Complete"
2018,"S A Carlson",2682,"10, 20, 9","NY",9060800053,"01/01/2018 - 12/31/2020","3,033.75","3,048","71,254.875","1,199,018",0.000,0.000,"Complete"
2019,"S A Carlson",2682,"10, 20, 9","NY",9060800053,"01/01/2018 - 12/31/2020","3,711.75","3,738","86,502.200","1,455,551",0.000,0.000,"Complete"
2020,"S A Carlson",2682,"10, 20, 9","NY",9060800053,"01/01/2018 - 12/31/2020","1,927.75","1,945","36,419.700","612,809",0.000,0.000,"Complete"
2021,"S A Carlson",2682,"10, 20, 9","NY",9060800053,"01/01/2021 - 12/31/2023","1,681.25","1,696","36,365.850","611,881",0.000,0.000,"Complete"
2022,"S A Carlson",2682,"10, 20, 9","NY",9060800053,"01/01/2021 - 12/31/2023","1,744.25","1,750","41,731.000","702,173",0.000,0.000,"Complete"
2023,"S A Carlson",2682,"10, 20, 9","NY",9060800053,"01/01/2021 - 12/31/2023","1,219.00","1,225","28,643.950","482,011",0.000,0.000,"Complete"
2024,"S A Carlson",2682,"10, 20, 9","NY",9060800053,"01/01/2024 - 12/31/2026","1,058.50","1,070","19,410.375","326,767",0.000,0.000,"Complete"
2022,"Brunot Island Power Station",3096,"1A, 2A, 2B, 3","PA"," ","01/01/2021 - 12/31/2023",679.68,741,"24,452.815","411,465",0.000,0.000,"Incomplete"
2023,"Brunot Island Power Station",3096,"1A, 2A, 2B, 3","PA"," ","01/01/2021 - 12/31/2023","2,145.20","2,238","71,984.670","1,211,252",0.000,0.000,"Incomplete"
2022,"Mountain",3111,"031, 032","PA"," ","01/01/2021 - 12/31/2023",280.60,290,"6,446.200","79,580",0.000,0.000,"Complete"
2023,"Mountain",3111,"031, 032","PA"," ","01/01/2021 - 12/31/2023",194.15,201,"4,173.200","51,511",0.000,0.000,"Complete"
2022,"Portland",3113,5,"PA"," ","01/01/2021 - 12/31/2023",48.11,55,"5,836.121","71,929",0.000,0.000,"Complete"
2023,"Portland",3113,5,"PA"," ","01/01/2021 - 12/31/2023",8.34,18,745.337,"9,185",0.000,0.000,"Complete"
2022,"Tolna",3116,"031, 032","PA"," ","01/01/2021 - 12/31/2023",180.45,187,"3,833.900","47,333",0.000,0.000,"Complete"
2023,"Tolna",3116,"031, 032","PA"," ","01/01/2021 - 12/31/2023",37.83,39,585.200,"7,224",0.000,0.000,"Complete"
2022,"Conemaugh",3118,"1, 2","PA"," ","01/01/2021 - 12/31/2023","3,547.59","3,554","2,301,422.053","22,462,542",0.000,0.000,"Complete"
2023,"Conemaugh",3118,"1, 2","PA"," ","01/01/2021 - 12/31/2023","5,690.47","5,700","3,069,606.847","29,956,846",0.000,0.000,"Complete"
2022,"Homer City",3122,"1, 2, 3","PA"," ","01/01/2021 - 12/31/2023","4,883.28","4,899","2,036,010.746","19,844,173",0.000,0.000,"Complete"
2023,"Homer City",3122,"1, 2, 3","PA"," ","01/01/2021 - 12/31/2023","3,572.77","3,580","1,259,350.466","12,274,364",0.000,0.000,"Complete"
2022,"Seward",3130,"1, 2","PA"," ","01/01/2021 - 12/31/2023","6,873.94","6,893","1,685,172.181","16,403,227",0.000,0.000,"Complete"
2023,"Seward",3130,"1, 2","PA"," ","01/01/2021 - 12/31/2023","10,057.84","10,083","2,487,286.824","25,091,021",0.000,0.000,"Complete"
2022,"Shawville",3131,"1, 2, 3, 4","PA"," ","01/01/2021 - 12/31/2023","6,053.88","6,253","375,991.582","6,326,746",0.000,0.000,"Complete"
2023,"Shawville",3131,"1, 2, 3, 4","PA"," ","01/01/2021 - 12/31/2023","16,092.85","16,588","1,053,069.860","17,720,024",0.000,0.000,"Complete"
2022,"Warren",3132,005,"PA"," ","01/01/2021 - 12/31/2023",178.93,197,"7,608.004","128,027",0.000,0.000,"Complete"
2023,"Warren",3132,005,"PA"," ","01/01/2021 - 12/31/2023",386.53,462,"16,584.803","278,957",0.000,0.000,"Complete"
2022,"Keystone",3136,"1, 2","PA"," ","01/01/2021 - 12/31/2023","2,313.43","2,319","1,708,322.542","16,650,310",0.000,0.000,"Complete"
2023,"Keystone",3136,"1, 2","PA"," ","01/01/2021 - 12/31/2023","4,421.28","4,432","3,039,819.772","29,627,852",0.000,0.000,"Complete"
2022,"New Castle",3138,"3, 4, 5","PA"," ","01/01/2021 - 12/31/2023","6,176.70","6,479","234,346.520","3,943,313",0.000,0.000,"Complete"
2023,"New Castle",3138,"3, 4, 5","PA"," ","01/01/2021 - 12/31/2023","14,303.35","14,620","601,388.059","10,119,566",0.000,0.000,"Complete"
2022,"Brunner Island, LLC",3140,"1, 2, 3","PA"," ","01/01/2021 - 12/31/2023","7,955.62","7,990","1,493,412.176","22,534,272",0.000,0.000,"Complete"
2023,"Brunner Island, LLC",3140,"1, 2, 3","PA"," ","01/01/2021 - 12/31/2023","10,505.21","10,572","1,834,804.810","30,504,756",0.000,0.000,"Complete"
2022,"Martins Creek, LLC",3148,"3, 4","PA"," ","01/01/2021 - 12/31/2023",886.30,928,"160,455.915","2,632,732",0.000,0.000,"Complete"
2023,"Martins Creek, LLC",3148,"3, 4","PA"," ","01/01/2021 - 12/31/2023","2,497.95","2,600","423,145.966","7,119,718",0.000,0.000,"Complete"
2022,"Montour, LLC",3149,"1, 2","PA"," ","01/01/2021 - 12/31/2023",694.14,702,"319,188.035","3,110,985",0.000,0.000,"Complete"
2023,"Montour, LLC",3149,"1, 2","PA"," ","01/01/2021 - 12/31/2023","1,520.21","1,546","528,826.844","6,494,802",0.000,0.000,"Complete"
2022,"Eddystone Generating Station",3161,"3, 4","PA"," ","01/01/2021 - 12/31/2023",283.20,300,"17,576.701","264,873",0.000,0.000,"Complete"
2023,"Eddystone Generating Station",3161,"3, 4","PA"," ","01/01/2021 - 12/31/2023",543.13,571,"28,331.933","446,143",0.000,0.000,"Complete"
2022,"Richmond",3168,"91, 92","PA"," ","01/01/2021 - 12/31/2023",132.73,158,"6,794.000","83,901",0.000,0.000,"Complete"
2023,"Richmond",3168,"91, 92","PA"," ","01/01/2021 - 12/31/2023",17.22,26,879.800,"10,866",0.000,0.000,"Complete"
2022,"Hunlock Creek Generating LLC",3176,"CT5, CT6","PA"," ","01/01/2021 - 12/31/2023","6,098.25","6,434","172,139.427","2,896,570",0.000,0.000,"Complete"
2023,"Hunlock Creek Generating LLC",3176,"CT5, CT6","PA"," ","01/01/2021 - 12/31/2023","10,512.74","11,152","288,860.363","4,860,729",0.000,0.000,"Complete"
2009,"Manchester Street Station",3236,"10, 11, 9","RI",936,"01/01/2009 - 12/31/2011","12,994.00","13,739","882,037.050","14,877,201",0.000,0.000,"Complete"
2010,"Manchester Street Station",3236,"10, 11, 9","RI",936,"01/01/2009 - 12/31/2011","14,243.75","14,990","959,672.100","16,188,821",0.000,0.000,"Complete"
2011,"Manchester Street Station",3236,"10, 11, 9","RI",936,"01/01/2009 - 12/31/2011","17,375.75","17,925","1,195,976.250","20,174,346",0.000,0.000,"Complete"
2012,"Manchester Street Station",3236,"10, 11, 9","RI",936,"01/01/2012 - 12/31/2014","18,904.00","19,474","1,257,818.600","21,217,453",0.000,0.000,"Complete"
2013,"Manchester Street Station",3236,"10, 11, 9","RI",936,"01/01/2012 - 12/31/2014","12,787.50","13,511","748,706.325","12,547,408",0.000,0.000,"Complete"
2014,"Manchester Street Station",3236,"10, 11, 9","RI",936,"01/01/2012 - 12/31/2014","13,637.50","14,358","831,508.800","13,852,650",0.000,0.000,"Complete"
2015,"Manchester Street Station",3236,"10, 11, 9","RI",936,"01/01/2015 - 12/31/2017","15,651.50","16,389","1,016,045.000","16,909,887",0.000,0.000,"Complete"
2016,"Manchester Street Station",3236,"10, 11, 9","RI",936,"01/01/2015 - 12/31/2017","15,323.25","16,263","958,719.075","16,164,082",0.000,0.000,"Complete"
2017,"Manchester Street Station",3236,"10, 11, 9","RI",936,"01/01/2015 - 12/31/2017","14,156.75","15,074","896,519.325","15,017,965",0.000,0.000,"Complete"
2018,"Manchester Street Station",3236,"10, 11, 9","RI",936,"01/01/2018 - 12/31/2020","14,585.50","15,486","950,166.225","15,868,008",0.000,0.000,"Complete"
2019,"Manchester Street Station",3236,"10, 11, 9","RI",936,"01/01/2018 - 12/31/2020","11,062.25","11,736","750,418.750","12,651,954",0.000,0.000,"Complete"
2020,"Manchester Street Station",3236,"10, 11, 9","RI",936,"01/01/2018 - 12/31/2020","11,481.25","11,975","804,654.425","13,565,121",0.000,0.000,"Complete"
2021,"Manchester Street Station",3236,"10, 11, 9","RI",936,"01/01/2021 - 12/31/2023","10,207.50","10,688","706,005.800","11,892,648",0.000,0.000,"Complete"
2022,"Manchester Street Station",3236,"10, 11, 9","RI",936,"01/01/2021 - 12/31/2023","7,546.75","8,010","510,227.225","8,501,687",0.000,0.000,"Complete"
2023,"Manchester Street Station",3236,"10, 11, 9","RI",936,"01/01/2021 - 12/31/2023","12,285.25","12,754","895,888.625","15,044,626",0.000,0.000,"Complete"
2024,"Manchester Street Station",3236,"10, 11, 9","RI",936,"01/01/2024 - 12/31/2026","9,774.00","10,145","703,949.650","11,854,909",0.000,0.000,"Complete"
2009,"Berlin 5",3734,"A, B","VT"," ","01/01/2009 - 12/31/2011",91.80,102,"1,648.700","20,346",0.000,0.000,"Complete"
2010,"Berlin 5",3734,"A, B","VT"," ","01/01/2009 - 12/31/2011",187.20,198,"3,419.400","42,238",0.000,0.000,"Complete"
2011,"Berlin 5",3734,"A, B","VT"," ","01/01/2009 - 12/31/2011",325.90,336,"6,166.900","76,130",0.000,0.000,"Complete"
2012,"Berlin 5",3734,"A, B","VT"," ","01/01/2012 - 12/31/2014",102.70,115,"2,080.300","25,664",0.000,0.000,"Complete"
2013,"Berlin 5",3734,"A, B","VT"," ","01/01/2012 - 12/31/2014",136.30,149,"2,386.400","29,462",0.000,0.000,"Complete"
2014,"Berlin 5",3734,"A, B","VT"," ","01/01/2012 - 12/31/2014",171.70,181,"2,331.400","28,851",0.000,0.000,"Complete"
2015,"Berlin 5",3734,"A, B","VT"," ","01/01/2015 - 12/31/2017",37.90,52,747.600,"9,224",0.000,0.000,"Complete"
2016,"Berlin 5",3734,"A, B","VT"," ","01/01/2015 - 12/31/2017",105.10,110,"1,821.600","22,485",0.000,0.000,"Complete"
2017,"Berlin 5",3734,"A, B","VT"," ","01/01/2015 - 12/31/2017",205.30,217,"3,596.900","44,414",0.000,0.000,"Complete"
2018,"Berlin 5",3734,"A, B","VT"," ","01/01/2018 - 12/31/2020",105.20,115,"1,269.300","15,623",0.000,0.000,"Complete"
2019,"Berlin 5",3734,"A, B","VT"," ","01/01/2018 - 12/31/2020",22.30,34,410.100,"5,064",0.000,0.000,"Complete"
2020,"Berlin 5",3734,"A, B","VT"," ","01/01/2018 - 12/31/2020",20.20,32,344.400,"4,252",0.000,0.000,"Complete"
2021,"Berlin 5",3734,"A, B","VT"," ","01/01/2021 - 12/31/2023",124.80,136,"2,402.100","29,668",0.000,0.000,"Complete"
2022,"Berlin 5",3734,"A, B","VT"," ","01/01/2021 - 12/31/2023",178.40,186,"3,380.400","41,734",0.000,0.000,"Complete"
2023,"Berlin 5",3734,"A, B","VT"," ","01/01/2021 - 12/31/2023",68.40,74,"1,243.000","15,351",0.000,0.000,"Complete"
2024,"Berlin 5",3734,"A, B","VT"," ","01/01/2024 - 12/31/2026",74.80,86,"1,400.400","17,292",0.000,0.000,"Complete"
2009,"Penny Lane Gas Turbine ",3754,"CT1, CT2","VT"," ","01/01/2009 - 12/31/2011",25.00,39,316.600,"3,910",0.000,0.000,"Complete"
2010,"Penny Lane Gas Turbine ",3754,"CT1, CT2","VT"," ","01/01/2009 - 12/31/2011",21.79,44,336.600,"4,158",0.000,0.000,"Complete"
2011,"Penny Lane Gas Turbine ",3754,"CT1, CT2","VT"," ","01/01/2009 - 12/31/2011",26.35,46,370.000,"4,567",0.000,0.000,"Complete"
2012,"Penny Lane Gas Turbine ",3754,"CT1, CT2","VT"," ","01/01/2012 - 12/31/2014",18.25,34,238.800,"2,947",0.000,0.000,"Complete"
2013,"Penny Lane Gas Turbine ",3754,"CT1, CT2","VT"," ","01/01/2012 - 12/31/2014",32.05,53,374.500,"4,625",0.000,0.000,"Complete"
2014,"Penny Lane Gas Turbine ",3754,"CT1, CT2","VT"," ","01/01/2012 - 12/31/2014",36.60,64,376.300,"4,647",0.000,0.000,"Complete"
2015,"Penny Lane Gas Turbine ",3754,"CT1, CT2","VT"," ","01/01/2015 - 12/31/2017",57.10,262,468.400,"5,796",0.000,0.000,"Complete"
2016,"Penny Lane Gas Turbine ",3754,"CT1, CT2","VT"," ","01/01/2015 - 12/31/2017",80.00,124,855.900,"10,565",0.000,0.000,"Complete"
2017,"Penny Lane Gas Turbine ",3754,"CT1, CT2","VT"," ","01/01/2015 - 12/31/2017",77.86,105,752.300,"9,286",0.000,0.000,"Complete"
2018,"Penny Lane Gas Turbine ",3754,"CT1, CT2","VT"," ","01/01/2018 - 12/31/2020",69.30,88,802.800,"9,905",0.000,0.000,"Complete"
2019,"Penny Lane Gas Turbine ",3754,"CT1, CT2","VT"," ","01/01/2018 - 12/31/2020",12.40,20,135.400,"1,674",0.000,0.000,"Complete"
2020,"Penny Lane Gas Turbine ",3754,"CT1, CT2","VT"," ","01/01/2018 - 12/31/2020",83.80,118,740.200,"9,126",0.000,0.000,"Complete"
2021,"Penny Lane Gas Turbine ",3754,"CT1, CT2","VT"," ","01/01/2021 - 12/31/2023",61.60,88,657.200,"8,102",0.000,0.000,"Complete"
2022,"Penny Lane Gas Turbine ",3754,"CT1, CT2","VT"," ","01/01/2021 - 12/31/2023",58.30,77,523.000,"6,444",0.000,0.000,"Complete"
2023,"Penny Lane Gas Turbine ",3754,"CT1, CT2","VT"," ","01/01/2021 - 12/31/2023",78.50,106,822.900,"10,168",0.000,0.000,"Complete"
2024,"Penny Lane Gas Turbine ",3754,"CT1, CT2","VT"," ","01/01/2024 - 12/31/2026",54.00,72,617.800,"7,634",0.000,0.000,"Complete"
2021,"Clinch River",3775,"1, 2","VA"," ","01/01/2021 - 12/31/2023","1,615.25","1,646","100,316.862","1,688,040",0.000,0.000,"Complete"
2022,"Clinch River",3775,"1, 2","VA"," ","01/01/2021 - 12/31/2023",966.83,996,"61,147.518","1,028,960",0.000,0.000,"Complete"
2023,"Clinch River",3775,"1, 2","VA"," ","01/01/2021 - 12/31/2023","1,200.87","1,220","66,784.892","1,123,801",0.000,0.000,"Complete"
2021,"Tasley Energy Center",3785,"TA10","VA"," ","01/01/2021 - 12/31/2023",22.00,22,847.000,"10,441",0.000,0.000,"Complete"
2022,"Tasley Energy Center",3785,"TA10","VA"," ","01/01/2021 - 12/31/2023",88.00,88,"3,388.000","41,765",0.000,0.000,"Complete"
2023,"Tasley Energy Center",3785,"TA10","VA"," ","01/01/2021 - 12/31/2023",115.00,115,"4,427.500","54,579",0.000,0.000,"Complete"
2021,"Chesterfield Power Station",3797,"**8A, 5, 6, 7","VA"," ","01/01/2021 - 12/31/2023","14,867.18","14,914","2,050,186.229","26,316,936",0.000,0.000,"Complete"
2022,"Chesterfield Power Station",3797,"**8A, 5, 6, 7","VA"," ","01/01/2021 - 12/31/2023","16,054.01","16,121","2,388,415.314","29,440,388",0.000,0.000,"Complete"
2023,"Chesterfield Power Station",3797,"**8A, 5, 6, 7","VA"," ","01/01/2021 - 12/31/2023","13,147.78","13,179","1,419,057.711","20,322,837",0.000,0.000,"Complete"
2021,"Possum Point Power Station",3804,"6A, 6B","VA"," ","01/01/2021 - 12/31/2023","10,850.74","10,882","1,005,263.821","16,908,717",0.000,0.000,"Complete"
2022,"Possum Point Power Station",3804,"6A, 6B","VA"," ","01/01/2021 - 12/31/2023","8,469.86","8,505","777,458.644","13,042,295",0.000,0.000,"Complete"
2023,"Possum Point Power Station",3804,"6A, 6B","VA"," ","01/01/2021 - 12/31/2023","9,222.02","9,250","813,389.994","13,686,771",0.000,0.000,"Complete"
2021,"Yorktown Power Station",3809,3,"VA"," ","01/01/2021 - 12/31/2023",502.22,513,"48,438.667","598,522",0.000,0.000,"Complete"
2022,"Yorktown Power Station",3809,3,"VA"," ","01/01/2021 - 12/31/2023",777.17,789,"34,294.609","423,923",0.000,0.000,"Complete"
2023,"Yorktown Power Station",3809,3,"VA"," ","01/01/2021 - 12/31/2023",157.25,160,"1,624.589","20,096",0.000,0.000,"Complete"
2009,"Cumberland Energy Center",5083,"004001, 05001","NJ",75508,"01/01/2009 - 12/31/2011",140.31,183,"7,329.929","113,851",0.000,0.000,"Complete"
2010,"Cumberland Energy Center",5083,"004001, 05001","NJ",75508,"01/01/2009 - 12/31/2011",794.37,"1,004","40,862.626","678,761",0.000,0.000,"Complete"
2011,"Cumberland Energy Center",5083,"004001, 05001","NJ",75508,"01/01/2009 - 12/31/2011",735.02,"1,000","38,518.634","637,267",0.000,0.000,"Complete"
2020,"Cumberland Energy Center",5083,"004001, 05001","NJ",75508,"01/01/2018 - 12/31/2020",834.36,"1,070","41,713.796","690,251",0.000,0.000,"Complete"
2021,"Cumberland Energy Center",5083,"004001, 05001","NJ",75508,"01/01/2021 - 12/31/2023",746.83,936,"37,697.006","633,651",0.000,0.000,"Complete"
2022,"Cumberland Energy Center",5083,"004001, 05001","NJ",75508,"01/01/2021 - 12/31/2023","1,171.02","1,411","59,017.224","972,747",0.000,0.000,"Complete"
2023,"Cumberland Energy Center",5083,"004001, 05001","NJ",75508,"01/01/2021 - 12/31/2023",819.99,998,"40,609.371","682,380",0.000,0.000,"Complete"
2024,"Cumberland Energy Center",5083,"004001, 05001","NJ",75508,"01/01/2024 - 12/31/2026",762.42,967,"38,818.122","651,063",0.000,0.000,"Complete"
2009,"Stony Brook Energy Center",6081,"001, 002, 003, 004, 005","MA"," ","01/01/2009 - 12/31/2011","1,522.50","1,683","70,946.575","1,108,869",0.000,0.000,"Complete"
2010,"Stony Brook Energy Center",6081,"001, 002, 003, 004, 005","MA"," ","01/01/2009 - 12/31/2011","3,860.25","4,234","172,839.575","2,802,318",0.000,0.000,"Complete"
2011,"Stony Brook Energy Center",6081,"001, 002, 003, 004, 005","MA"," ","01/01/2009 - 12/31/2011","1,946.75","2,108","89,477.600","1,389,028",0.000,0.000,"Complete"
2012,"Stony Brook Energy Center",6081,"001, 002, 003, 004, 005","MA"," ","01/01/2012 - 12/31/2014","1,598.50","1,736","71,720.175","1,162,693",0.000,0.000,"Complete"
2013,"Stony Brook Energy Center",6081,"001, 002, 003, 004, 005","MA"," ","01/01/2012 - 12/31/2014","1,487.75","1,648","76,079.950","1,081,206",0.000,0.000,"Complete"
2014,"Stony Brook Energy Center",6081,"001, 002, 003, 004, 005","MA"," ","01/01/2012 - 12/31/2014","2,313.25","2,441","132,606.300","1,868,973",0.000,0.000,"Complete"
2015,"Stony Brook Energy Center",6081,"001, 002, 003, 004, 005","MA"," ","01/01/2015 - 12/31/2017","2,475.75","2,610","129,125.325","1,992,844",0.000,0.000,"Complete"
2016,"Stony Brook Energy Center",6081,"001, 002, 003, 004, 005","MA"," ","01/01/2015 - 12/31/2017","1,329.50","1,415","65,288.300","1,042,576",0.000,0.000,"Complete"
2017,"Stony Brook Energy Center",6081,"001, 002, 003, 004, 005","MA"," ","01/01/2015 - 12/31/2017","1,190.00","1,257","61,386.125","939,884",0.000,0.000,"Complete"
2018,"Stony Brook Energy Center",6081,"001, 002, 003, 004, 005","MA"," ","01/01/2018 - 12/31/2020","1,321.00","1,384","73,846.500","1,052,240",0.000,0.000,"Complete"
2019,"Stony Brook Energy Center",6081,"001, 002, 003, 004, 005","MA"," ","01/01/2018 - 12/31/2020",619.00,667,"27,493.600","449,981",0.000,0.000,"Complete"
2020,"Stony Brook Energy Center",6081,"001, 002, 003, 004, 005","MA"," ","01/01/2018 - 12/31/2020","1,181.75","1,278","55,276.025","916,620",0.000,0.000,"Complete"
2021,"Stony Brook Energy Center",6081,"001, 002, 003, 004, 005","MA"," ","01/01/2021 - 12/31/2023",768.00,828,"32,229.025","525,646",0.000,0.000,"Complete"
2022,"Stony Brook Energy Center",6081,"001, 002, 003, 004, 005","MA"," ","01/01/2021 - 12/31/2023","1,273.25","1,338","69,664.925","1,013,864",0.000,0.000,"Complete"
2023,"Stony Brook Energy Center",6081,"001, 002, 003, 004, 005","MA"," ","01/01/2021 - 12/31/2023",311.50,340,"18,099.750","234,047",0.000,0.000,"Complete"
2024,"Stony Brook Energy Center",6081,"001, 002, 003, 004, 005","MA"," ","01/01/2024 - 12/31/2026",665.00,717,"35,814.350","482,005",0.000,0.000,"Complete"
2009,"Somerset Operating Company  (Kintigh)",6082,1,"NY",9293800003,"01/01/2009 - 12/31/2011","6,671.34","6,696","3,469,912.399","33,819,833",0.000,0.000,"Complete"
2010,"Somerset Operating Company  (Kintigh)",6082,1,"NY",9293800003,"01/01/2009 - 12/31/2011","8,056.40","8,062","4,399,354.327","42,878,736",0.000,0.000,"Complete"
2011,"Somerset Operating Company  (Kintigh)",6082,1,"NY",9293800003,"01/01/2009 - 12/31/2011","8,230.36","8,237","3,771,125.188","36,755,602",0.000,0.000,"Complete"
2012,"Somerset Operating Company  (Kintigh)",6082,1,"NY",9293800003,"01/01/2012 - 12/31/2014","5,446.93","5,466","2,198,965.255","21,432,373",0.000,0.000,"Complete"
2013,"Somerset Operating Company  (Kintigh)",6082,1,"NY",9293800003,"01/01/2012 - 12/31/2014","5,457.75","5,482","2,196,386.523","21,407,243",0.000,0.000,"Complete"
2014,"Somerset Operating Company  (Kintigh)",6082,1,"NY",9293800003,"01/01/2012 - 12/31/2014","3,891.93","3,912","1,845,712.217","17,989,413",0.000,0.000,"Complete"
2015,"Somerset Operating Company  (Kintigh)",6082,1,"NY",9293800003,"01/01/2015 - 12/31/2017","1,666.62","1,682","629,770.334","6,138,112",0.000,0.000,"Complete"
2016,"Somerset Operating Company  (Kintigh)",6082,1,"NY",9293800003,"01/01/2015 - 12/31/2017","1,752.12","1,780","669,753.353","6,527,811",0.000,0.000,"Complete"
2017,"Somerset Operating Company  (Kintigh)",6082,1,"NY",9293800003,"01/01/2015 - 12/31/2017",945.35,967,"368,542.190","3,592,029",0.000,0.000,"Complete"
2018,"Somerset Operating Company  (Kintigh)",6082,1,"NY",9293800003,"01/01/2018 - 12/31/2020","1,326.96","1,348","596,664.248","5,815,445",0.000,0.000,"Complete"
2019,"Somerset Operating Company  (Kintigh)",6082,1,"NY",9293800003,"01/01/2018 - 12/31/2020","1,137.25","1,153","364,032.953","3,548,075",0.000,0.000,"Complete"
2020,"Somerset Operating Company  (Kintigh)",6082,1,"NY",9293800003,"01/01/2018 - 12/31/2020",586.01,596,"174,360.030","1,699,406",0.000,0.000,"Complete"
2009,"New Haven Harbor",6156,"NHB1, NHHS2, NHHS3, NHHS4","CT","117-551","01/01/2009 - 12/31/2011",702.97,721,"132,750.417","1,640,111",0.000,0.000,"Complete"
2010,"New Haven Harbor",6156,"NHB1, NHHS2, NHHS3, NHHS4","CT","117-551","01/01/2009 - 12/31/2011","1,077.41","1,129","149,117.046","1,842,327",0.000,0.000,"Complete"
2011,"New Haven Harbor",6156,"NHB1, NHHS2, NHHS3, NHHS4","CT","117-551","01/01/2009 - 12/31/2011",811.35,856,"75,347.012","1,048,392",0.000,0.000,"Complete"
2012,"New Haven Harbor",6156,"NHB1, NHHS2, NHHS3, NHHS4","CT","117-551","01/01/2012 - 12/31/2014","1,289.36","1,379","90,539.455","1,396,071",0.000,0.000,"Complete"
2013,"New Haven Harbor",6156,"NHB1, NHHS2, NHHS3, NHHS4","CT","117-551","01/01/2012 - 12/31/2014","1,025.14","1,153","105,511.332","1,379,164",0.000,0.000,"Complete"
2014,"New Haven Harbor",6156,"NHB1, NHHS2, NHHS3, NHHS4","CT","117-551","01/01/2012 - 12/31/2014","1,463.38","1,631","202,434.845","2,602,657",0.000,0.000,"Complete"
2015,"New Haven Harbor",6156,"NHB1, NHHS2, NHHS3, NHHS4","CT","117-551","01/01/2015 - 12/31/2017",963.37,"1,086","128,078.508","1,712,567",0.000,0.000,"Complete"
2016,"New Haven Harbor",6156,"NHB1, NHHS2, NHHS3, NHHS4","CT","117-551","01/01/2015 - 12/31/2017",480.09,541,"47,182.466","674,656",0.000,0.000,"Complete"
2017,"New Haven Harbor",6156,"NHB1, NHHS2, NHHS3, NHHS4","CT","117-551","01/01/2015 - 12/31/2017",531.54,620,"42,794.158","607,666",0.000,0.000,"Complete"
2018,"New Haven Harbor",6156,"NHB1, NHHS2, NHHS3, NHHS4","CT","117-551","01/01/2018 - 12/31/2020",605.60,682,"53,178.919","735,169",0.000,0.000,"Complete"
2019,"New Haven Harbor",6156,"NHB1, NHHS2, NHHS3, NHHS4","CT","117-551","01/01/2018 - 12/31/2020",230.66,274,"14,692.245","234,766",0.000,0.000,"Complete"
2020,"New Haven Harbor",6156,"NHB1, NHHS2, NHHS3, NHHS4","CT","117-551","01/01/2018 - 12/31/2020",194.46,243,"12,584.359","191,629",0.000,0.000,"Complete"
2021,"New Haven Harbor",6156,"NHB1, NHHS2, NHHS3, NHHS4","CT","117-551","01/01/2021 - 12/31/2023",409.78,488,"28,402.933","419,743",0.000,0.000,"Complete"
2022,"New Haven Harbor",6156,"NHB1, NHHS2, NHHS3, NHHS4","CT","117-551","01/01/2021 - 12/31/2023",546.33,666,"64,856.888","836,924",0.000,0.000,"Complete"
2023,"New Haven Harbor",6156,"NHB1, NHHS2, NHHS3, NHHS4","CT","117-551","01/01/2021 - 12/31/2023",309.51,367,"30,415.273","422,100",0.000,0.000,"Complete"
2024,"New Haven Harbor",6156,"NHB1, NHHS2, NHHS3, NHHS4","CT","117-551","01/01/2024 - 12/31/2026",497.55,571,"28,288.776","444,564",0.000,0.000,"Complete"
2009,"Alfred L Pierce Generating Station",6635,"AP-1","CT","189-114","01/01/2009 - 12/31/2011",52.25,61,"3,923.850","61,043",0.000,0.000,"Complete"
2010,"Alfred L Pierce Generating Station",6635,"AP-1","CT","189-114","01/01/2009 - 12/31/2011",80.25,98,"5,443.175","85,341",0.000,0.000,"Complete"
2011,"Alfred L Pierce Generating Station",6635,"AP-1","CT","189-114","01/01/2009 - 12/31/2011",70.18,91,"3,470.135","54,809",0.000,0.000,"Complete"
2012,"Alfred L Pierce Generating Station",6635,"AP-1","CT","189-114","01/01/2012 - 12/31/2014",90.19,118,"4,908.927","78,882",0.000,0.000,"Complete"
2013,"Alfred L Pierce Generating Station",6635,"AP-1","CT","189-114","01/01/2012 - 12/31/2014",130.50,187,"6,722.224","111,323",0.000,0.000,"Complete"
2014,"Alfred L Pierce Generating Station",6635,"AP-1","CT","189-114","01/01/2012 - 12/31/2014",186.61,272,"10,052.094","160,071",0.000,0.000,"Complete"
2015,"Alfred L Pierce Generating Station",6635,"AP-1","CT","189-114","01/01/2015 - 12/31/2017",37.04,55,"1,753.252","29,173",0.000,0.000,"Complete"
2016,"Alfred L Pierce Generating Station",6635,"AP-1","CT","189-114","01/01/2015 - 12/31/2017",68.04,106,"2,436.233","40,002",0.000,0.000,"Complete"
2017,"Alfred L Pierce Generating Station",6635,"AP-1","CT","189-114","01/01/2015 - 12/31/2017",60.35,93,"2,575.769","40,903",0.000,0.000,"Complete"
2018,"Alfred L Pierce Generating Station",6635,"AP-1","CT","189-114","01/01/2018 - 12/31/2020",50.41,67,"2,129.813","34,643",0.000,0.000,"Complete"
2019,"Alfred L Pierce Generating Station",6635,"AP-1","CT","189-114","01/01/2018 - 12/31/2020",41.84,76,"1,949.226","29,021",0.000,0.000,"Complete"
2020,"Alfred L Pierce Generating Station",6635,"AP-1","CT","189-114","01/01/2018 - 12/31/2020",32.30,62,"1,372.158","22,075",0.000,0.000,"Complete"
2021,"Alfred L Pierce Generating Station",6635,"AP-1","CT","189-114","01/01/2021 - 12/31/2023",77.32,108,"3,557.594","58,954",0.000,0.000,"Complete"
2022,"Alfred L Pierce Generating Station",6635,"AP-1","CT","189-114","01/01/2021 - 12/31/2023",45.00,60,"2,353.094","39,035",0.000,0.000,"Complete"
2023,"Alfred L Pierce Generating Station",6635,"AP-1","CT","189-114","01/01/2021 - 12/31/2023",60.64,83,"3,144.841","52,395",0.000,0.000,"Complete"
2024,"Alfred L Pierce Generating Station",6635,"AP-1","CT","189-114","01/01/2024 - 12/31/2026",136.30,187,"6,365.235","106,501",0.000,0.000,"Complete"
2009,"West Station",6776,002001,"NJ",75482,"01/01/2009 - 12/31/2011",14.56,23,427.700,"5,277",0.000,0.000,"Complete"
2010,"West Station",6776,002001,"NJ",75482,"01/01/2009 - 12/31/2011",146.03,189,"4,590.100","56,662",0.000,0.000,"Complete"
2011,"West Station",6776,002001,"NJ",75482,"01/01/2009 - 12/31/2011",70.44,88,"2,199.300","27,155",0.000,0.000,"Complete"
2020,"West Station",6776,002001,"NJ",75482,"01/01/2018 - 12/31/2020",8.48,15,178.500,"2,204",0.000,0.000,"Complete"
2021,"West Station",6776,002001,"NJ",75482,"01/01/2021 - 12/31/2023",12.85,30,348.800,"4,309",0.000,0.000,"Complete"
2022,"West Station",6776,002001,"NJ",75482,"01/01/2021 - 12/31/2023",0.00,0,0.000,0,0.000,0.000,"Complete"
2023,"West Station",6776,002001,"NJ",75482,"01/01/2021 - 12/31/2023",0.00,0,0.000,0,0.000,0.000,"Complete"
2024,"West Station",6776,002001,"NJ",75482,"01/01/2024 - 12/31/2026",0.00,0,0.000,0,0.000,0.000,"Complete"
2021,"Gravel Neck Combustion Turbine",7032,"3, 4, 5, 6","VA"," ","01/01/2021 - 12/31/2023",447.55,533,"21,386.900","334,159",0.000,0.000,"Complete"
2022,"Gravel Neck Combustion Turbine",7032,"3, 4, 5, 6","VA"," ","01/01/2021 - 12/31/2023",521.98,601,"28,793.100","424,749",0.000,0.000,"Complete"
2023,"Gravel Neck Combustion Turbine",7032,"3, 4, 5, 6","VA"," ","01/01/2021 - 12/31/2023","1,584.79","1,770","70,338.100","1,177,422",0.000,0.000,"Complete"
2009,"Forked River Power",7138,"002001, 003001","NJ",78912,"01/01/2009 - 12/31/2011",71.30,72,"1,440.000","23,101",0.000,0.000,"Complete"
2010,"Forked River Power",7138,"002001, 003001","NJ",78912,"01/01/2009 - 12/31/2011",448.78,506,"11,034.200","178,530",0.000,0.000,"Complete"
2011,"Forked River Power",7138,"002001, 003001","NJ",78912,"01/01/2009 - 12/31/2011",156.35,200,"3,130.600","51,490",0.000,0.000,"Complete"
2020,"Forked River Power",7138,"002001, 003001","NJ",78912,"01/01/2018 - 12/31/2020",196.15,251,"4,549.900","77,111",0.000,0.000,"Complete"
2021,"Forked River Power",7138,"002001, 003001","NJ",78912,"01/01/2021 - 12/31/2023",300.12,368,"7,086.000","119,143",0.000,0.000,"Complete"
2022,"Forked River Power",7138,"002001, 003001","NJ",78912,"01/01/2021 - 12/31/2023",271.53,342,"6,134.800","103,871",0.000,0.000,"Complete"
2023,"Forked River Power",7138,"002001, 003001","NJ",78912,"01/01/2021 - 12/31/2023",135.27,175,"3,180.500","53,148",0.000,0.000,"Complete"
2024,"Forked River Power",7138,"002001, 003001","NJ",78912,"01/01/2024 - 12/31/2026",222.45,284,"5,571.800","88,664",0.000,0.000,"Complete"
2009,"Wading River Facility",7146,"UGT007, UGT008, UGT009, UGT013, UGT014","NY",1472200108,"01/01/2009 - 12/31/2011",719.25,839,"48,276.850","594,985",0.000,0.000,"Complete"
2010,"Wading River Facility",7146,"UGT007, UGT008, UGT009, UGT013, UGT014","NY",1472200108,"01/01/2009 - 12/31/2011","1,116.50","1,241","73,922.600","911,074",0.000,0.000,"Complete"
2011,"Wading River Facility",7146,"UGT007, UGT008, UGT009, UGT013, UGT014","NY",1472200108,"01/01/2009 - 12/31/2011",601.50,703,"39,451.575","486,230",0.000,0.000,"Complete"
2012,"Wading River Facility",7146,"UGT007, UGT008, UGT009, UGT013, UGT014","NY",1472200108,"01/01/2012 - 12/31/2014",849.00,950,"59,320.825","731,059",0.000,0.000,"Complete"
2013,"Wading River Facility",7146,"UGT007, UGT008, UGT009, UGT013, UGT014","NY",1472200108,"01/01/2012 - 12/31/2014",781.00,885,"51,150.950","630,435",0.000,0.000,"Complete"
2014,"Wading River Facility",7146,"UGT007, UGT008, UGT009, UGT013, UGT014","NY",1472200108,"01/01/2012 - 12/31/2014",479.00,601,"32,711.800","403,158",0.000,0.000,"Complete"
2015,"Wading River Facility",7146,"UGT007, UGT008, UGT009, UGT013, UGT014","NY",1472200108,"01/01/2015 - 12/31/2017",351.25,445,"21,181.600","261,100",0.000,0.000,"Complete"
2016,"Wading River Facility",7146,"UGT007, UGT008, UGT009, UGT013, UGT014","NY",1472200108,"01/01/2015 - 12/31/2017",521.00,626,"30,160.025","371,802",0.000,0.000,"Complete"
2017,"Wading River Facility",7146,"UGT007, UGT008, UGT009, UGT013, UGT014","NY",1472200108,"01/01/2015 - 12/31/2017",156.25,195,"8,908.500","109,810",0.000,0.000,"Complete"
2018,"Wading River Facility",7146,"UGT007, UGT008, UGT009, UGT013, UGT014","NY",1472200108,"01/01/2018 - 12/31/2020",273.00,331,"17,247.875","212,616",0.000,0.000,"Complete"
2019,"Wading River Facility",7146,"UGT007, UGT008, UGT009, UGT013, UGT014","NY",1472200108,"01/01/2018 - 12/31/2020",240.50,308,"14,697.725","181,158",0.000,0.000,"Complete"
2020,"Wading River Facility",7146,"UGT007, UGT008, UGT009, UGT013, UGT014","NY",1472200108,"01/01/2018 - 12/31/2020",658.00,741,"42,278.925","521,063",0.000,0.000,"Complete"
2021,"Wading River Facility",7146,"UGT007, UGT008, UGT009, UGT013, UGT014","NY",1472200108,"01/01/2021 - 12/31/2023",676.00,795,"35,969.769","443,402",0.000,0.000,"Complete"
2022,"Wading River Facility",7146,"UGT007, UGT008, UGT009, UGT013, UGT014","NY",1472200108,"01/01/2021 - 12/31/2023",414.21,559,"24,315.870","299,687",0.000,0.000,"Complete"
2023,"Wading River Facility",7146,"UGT007, UGT008, UGT009, UGT013, UGT014","NY",1472200108,"01/01/2021 - 12/31/2023",313.86,432,"16,886.894","208,136",0.000,0.000,"Complete"
2024,"Wading River Facility",7146,"UGT007, UGT008, UGT009, UGT013, UGT014","NY",1472200108,"01/01/2024 - 12/31/2026",167.97,239,"9,218.287","113,626",0.000,0.000,"Complete"
2009,"Hay Road",7153,"**3, 1, 2, 5, 6, 7","DE",1000300388,"01/01/2009 - 12/31/2011","9,718.99","10,846","651,583.304","10,876,400",0.000,0.000,"Complete"
2010,"Hay Road",7153,"**3, 1, 2, 5, 6, 7","DE",1000300388,"01/01/2009 - 12/31/2011","18,104.72","19,507","1,218,247.035","20,430,840",0.000,0.000,"Complete"
2011,"Hay Road",7153,"**3, 1, 2, 5, 6, 7","DE",1000300388,"01/01/2009 - 12/31/2011","29,259.49","30,637","1,952,486.783","32,831,362",0.000,0.000,"Complete"
2012,"Hay Road",7153,"**3, 1, 2, 5, 6, 7","DE",1000300388,"01/01/2012 - 12/31/2014","38,403.71","39,464","2,536,173.116","42,676,215",0.000,0.000,"Complete"
2013,"Hay Road",7153,"**3, 1, 2, 5, 6, 7","DE",1000300388,"01/01/2012 - 12/31/2014","33,736.87","35,132","2,205,734.677","37,091,264",0.000,0.000,"Complete"
2014,"Hay Road",7153,"**3, 1, 2, 5, 6, 7","DE",1000300388,"01/01/2012 - 12/31/2014","34,346.24","35,514","2,250,268.531","37,515,218",0.000,0.000,"Complete"
2015,"Hay Road",7153,"**3, 1, 2, 5, 6, 7","DE",1000300388,"01/01/2015 - 12/31/2017","31,631.98","33,044","2,056,597.309","34,316,566",0.000,0.000,"Complete"
2016,"Hay Road",7153,"**3, 1, 2, 5, 6, 7","DE",1000300388,"01/01/2015 - 12/31/2017","29,063.61","30,312","1,879,685.321","31,567,538",0.000,0.000,"Complete"
2017,"Hay Road",7153,"**3, 1, 2, 5, 6, 7","DE",1000300388,"01/01/2015 - 12/31/2017","25,882.55","27,464","1,729,536.119","29,049,255",0.000,0.000,"Complete"
2018,"Hay Road",7153,"**3, 1, 2, 5, 6, 7","DE",1000300388,"01/01/2018 - 12/31/2020","20,211.02","21,851","1,389,676.650","23,061,589",0.000,0.000,"Complete"
2019,"Hay Road",7153,"**3, 1, 2, 5, 6, 7","DE",1000300388,"01/01/2018 - 12/31/2020","11,002.36","12,019","727,329.462","12,226,546",0.000,0.000,"Complete"
2020,"Hay Road",7153,"**3, 1, 2, 5, 6, 7","DE",1000300388,"01/01/2018 - 12/31/2020","12,808.00","14,002","852,744.125","14,348,604",0.000,0.000,"Complete"
2021,"Hay Road",7153,"**3, 1, 2, 5, 6, 7","DE",1000300388,"01/01/2021 - 12/31/2023","9,285.02","10,120","625,681.826","10,521,521",0.000,0.000,"Complete"
2022,"Hay Road",7153,"**3, 1, 2, 5, 6, 7","DE",1000300388,"01/01/2021 - 12/31/2023","15,296.92","16,672","1,020,476.458","17,039,047",0.000,0.000,"Complete"
2023,"Hay Road",7153,"**3, 1, 2, 5, 6, 7","DE",1000300388,"01/01/2021 - 12/31/2023","14,910.42","16,321","1,006,360.152","16,931,656",0.000,0.000,"Complete"
2024,"Hay Road",7153,"**3, 1, 2, 5, 6, 7","DE",1000300388,"01/01/2024 - 12/31/2026","13,621.71","15,106","924,458.460","15,540,731",0.000,0.000,"Complete"
2021,"Darbytown Combustion Turbine",7212,"1, 2, 3, 4","VA"," ","01/01/2021 - 12/31/2023",849.84,969,"40,965.900","657,385",0.000,0.000,"Complete"
2022,"Darbytown Combustion Turbine",7212,"1, 2, 3, 4","VA"," ","01/01/2021 - 12/31/2023",876.23,962,"48,689.500","703,208",0.000,0.000,"Complete"
2023,"Darbytown Combustion Turbine",7212,"1, 2, 3, 4","VA"," ","01/01/2021 - 12/31/2023","2,052.08","2,261","93,930.000","1,570,095",0.000,0.000,"Complete"
2021,"Clover Power Station",7213,"1, 2","VA"," ","01/01/2021 - 12/31/2023","4,011.73","4,032","1,053,088.107","10,263,991",0.000,0.000,"Complete"
2022,"Clover Power Station",7213,"1, 2","VA"," ","01/01/2021 - 12/31/2023","2,792.53","2,808","734,507.260","7,158,960",0.000,0.000,"Complete"
2023,"Clover Power Station",7213,"1, 2","VA"," ","01/01/2021 - 12/31/2023","1,460.13","1,473","306,980.278","2,992,010",0.000,0.000,"Complete"
2009,"Sherman Avenue",7288,1,"NJ",75476,"01/01/2009 - 12/31/2011",104.89,120,"5,381.023","90,485",0.000,0.000,"Complete"
2010,"Sherman Avenue",7288,1,"NJ",75476,"01/01/2009 - 12/31/2011",34.97,54,"1,641.337","27,581",0.000,0.000,"Complete"
2011,"Sherman Avenue",7288,1,"NJ",75476,"01/01/2009 - 12/31/2011",498.66,578,"26,592.742","433,744",0.000,0.000,"Complete"
2020,"Sherman Avenue",7288,1,"NJ",75476,"01/01/2018 - 12/31/2020",236.93,293,"12,892.044","216,920",0.000,0.000,"Complete"
2021,"Sherman Avenue",7288,1,"NJ",75476,"01/01/2021 - 12/31/2023",185.93,228,"10,106.561","170,086",0.000,0.000,"Complete"
2022,"Sherman Avenue",7288,1,"NJ",75476,"01/01/2021 - 12/31/2023",300.09,354,"17,702.018","283,921",0.000,0.000,"Complete"
2023,"Sherman Avenue",7288,1,"NJ",75476,"01/01/2021 - 12/31/2023",459.39,549,"26,476.203","438,480",0.000,0.000,"Complete"
2024,"Sherman Avenue",7288,1,"NJ",75476,"01/01/2024 - 12/31/2026",355.53,431,"20,730.278","336,516",0.000,0.000,"Complete"
2009,"Richard M Flynn (Holtsville)",7314,001,"NY",1472200926,"01/01/2009 - 12/31/2011","8,426.24","8,443","594,395.482","9,826,415",0.000,0.000,"Complete"
2010,"Richard M Flynn (Holtsville)",7314,001,"NY",1472200926,"01/01/2009 - 12/31/2011","6,485.28","6,492","455,709.986","7,645,851",0.000,0.000,"Complete"
2011,"Richard M Flynn (Holtsville)",7314,001,"NY",1472200926,"01/01/2009 - 12/31/2011","7,308.93","7,333","505,787.544","8,507,937",0.000,0.000,"Complete"
2012,"Richard M Flynn (Holtsville)",7314,001,"NY",1472200926,"01/01/2012 - 12/31/2014","8,430.56","8,444","585,673.103","9,854,584",0.000,0.000,"Complete"
2013,"Richard M Flynn (Holtsville)",7314,001,"NY",1472200926,"01/01/2012 - 12/31/2014","8,304.11","8,309","579,984.407","9,735,766",0.000,0.000,"Complete"
2014,"Richard M Flynn (Holtsville)",7314,001,"NY",1472200926,"01/01/2012 - 12/31/2014","8,369.80","8,381","591,793.962","9,724,782",0.000,0.000,"Complete"
2015,"Richard M Flynn (Holtsville)",7314,001,"NY",1472200926,"01/01/2015 - 12/31/2017","7,180.26","7,193","495,415.562","8,244,814",0.000,0.000,"Complete"
2016,"Richard M Flynn (Holtsville)",7314,001,"NY",1472200926,"01/01/2015 - 12/31/2017","8,396.30","8,407","566,238.644","9,484,637",0.000,0.000,"Complete"
2017,"Richard M Flynn (Holtsville)",7314,001,"NY",1472200926,"01/01/2015 - 12/31/2017","7,498.36","7,504","474,397.267","7,939,323",0.000,0.000,"Complete"
2018,"Richard M Flynn (Holtsville)",7314,001,"NY",1472200926,"01/01/2018 - 12/31/2020","5,393.93","5,502","324,616.859","5,374,166",0.000,0.000,"Complete"
2019,"Richard M Flynn (Holtsville)",7314,001,"NY",1472200926,"01/01/2018 - 12/31/2020","3,358.92","3,471","198,820.283","3,307,905",0.000,0.000,"Complete"
2020,"Richard M Flynn (Holtsville)",7314,001,"NY",1472200926,"01/01/2018 - 12/31/2020","4,723.80","4,793","278,476.368","4,680,842",0.000,0.000,"Complete"
2021,"Richard M Flynn (Holtsville)",7314,001,"NY",1472200926,"01/01/2021 - 12/31/2023","1,086.08","1,117","64,990.927","1,084,043",0.000,0.000,"Complete"
2022,"Richard M Flynn (Holtsville)",7314,001,"NY",1472200926,"01/01/2021 - 12/31/2023","5,503.78","5,604","359,947.268","5,778,094",0.000,0.000,"Complete"
2023,"Richard M Flynn (Holtsville)",7314,001,"NY",1472200926,"01/01/2021 - 12/31/2023","3,654.90","3,765","207,504.694","3,474,835",0.000,0.000,"Complete"
2024,"Richard M Flynn (Holtsville)",7314,001,"NY",1472200926,"01/01/2024 - 12/31/2026","4,002.75","4,084","233,756.552","3,932,478",0.000,0.000,"Complete"
2009,"Van Sant",7318,"**11","DE",1000100076,"01/01/2009 - 12/31/2011",24.15,30,511.307,"8,471",0.000,0.000,"Complete"
2010,"Van Sant",7318,"**11","DE",1000100076,"01/01/2009 - 12/31/2011",206.27,244,"3,683.570","61,743",0.000,0.000,"Complete"
2011,"Van Sant",7318,"**11","DE",1000100076,"01/01/2009 - 12/31/2011",89.79,102,"2,200.305","34,341",0.000,0.000,"Complete"
2012,"Van Sant",7318,"**11","DE",1000100076,"01/01/2012 - 12/31/2014",31.90,39,692.721,"10,785",0.000,0.000,"Complete"
2013,"Van Sant",7318,"**11","DE",1000100076,"01/01/2012 - 12/31/2014",104.15,134,"1,503.564","24,245",0.000,0.000,"Complete"
2014,"Van Sant",7318,"**11","DE",1000100076,"01/01/2012 - 12/31/2014",82.68,110,"1,778.840","25,518",0.000,0.000,"Complete"
2015,"Van Sant",7318,"**11","DE",1000100076,"01/01/2015 - 12/31/2017",121.70,168,"2,408.552","34,728",0.000,0.000,"Complete"
2016,"Van Sant",7318,"**11","DE",1000100076,"01/01/2015 - 12/31/2017",33.68,47,994.631,"14,972",0.000,0.000,"Complete"
2017,"Van Sant",7318,"**11","DE",1000100076,"01/01/2015 - 12/31/2017",97.95,119,"2,784.441","46,842",0.000,0.000,"Complete"
2018,"Van Sant",7318,"**11","DE",1000100076,"01/01/2018 - 12/31/2020",233.03,313,"5,839.588","91,741",0.000,0.000,"Complete"
2019,"Van Sant",7318,"**11","DE",1000100076,"01/01/2018 - 12/31/2020",132.31,178,"3,397.677","56,662",0.000,0.000,"Complete"
2020,"Van Sant",7318,"**11","DE",1000100076,"01/01/2018 - 12/31/2020",243.83,322,"6,053.573","99,860",0.000,0.000,"Complete"
2021,"Van Sant",7318,"**11","DE",1000100076,"01/01/2021 - 12/31/2023",189.15,240,"4,884.896","82,201",0.000,0.000,"Complete"
2022,"Van Sant",7318,"**11","DE",1000100076,"01/01/2021 - 12/31/2023",58.24,90,"1,357.113","22,707",0.000,0.000,"Complete"
2023,"Van Sant",7318,"**11","DE",1000100076,"01/01/2021 - 12/31/2023",30.95,48,623.821,"10,484",0.000,0.000,"Complete"
2024,"Van Sant",7318,"**11","DE",1000100076,"01/01/2024 - 12/31/2026",40.88,52,"1,073.740","18,067",0.000,0.000,"Complete"
2009,"Rock Springs Generating Facility",7835,"1, 2, 3, 4","MD"," ","01/01/2009 - 12/31/2011",865.87,"1,002","82,654.096","1,390,780",0.000,0.000,"Complete"
2010,"Rock Springs Generating Facility",7835,"1, 2, 3, 4","MD"," ","01/01/2009 - 12/31/2011","3,046.47","3,382","294,107.771","4,948,958",0.000,0.000,"Complete"
2011,"Rock Springs Generating Facility",7835,"1, 2, 3, 4","MD"," ","01/01/2009 - 12/31/2011","1,936.06","2,175","183,915.577","3,094,707",0.000,0.000,"Complete"
2012,"Rock Springs Generating Facility",7835,"1, 2, 3, 4","MD"," ","01/01/2012 - 12/31/2014","2,553.30","2,838","244,563.735","4,115,335",0.000,0.000,"Complete"
2013,"Rock Springs Generating Facility",7835,"1, 2, 3, 4","MD"," ","01/01/2012 - 12/31/2014","1,990.82","2,239","193,914.035","3,262,988",0.000,0.000,"Complete"
2014,"Rock Springs Generating Facility",7835,"1, 2, 3, 4","MD"," ","01/01/2012 - 12/31/2014","1,929.68","2,158","188,681.793","3,174,933",0.000,0.000,"Complete"
2015,"Rock Springs Generating Facility",7835,"1, 2, 3, 4","MD"," ","01/01/2015 - 12/31/2017","4,972.49","5,316","497,586.440","8,372,876",0.000,0.000,"Complete"
2016,"Rock Springs Generating Facility",7835,"1, 2, 3, 4","MD"," ","01/01/2015 - 12/31/2017","5,350.99","5,737","541,537.069","9,112,350",0.000,0.000,"Complete"
2017,"Rock Springs Generating Facility",7835,"1, 2, 3, 4","MD"," ","01/01/2015 - 12/31/2017","2,932.61","3,234","296,509.331","4,989,342",0.000,0.000,"Complete"
2018,"Rock Springs Generating Facility",7835,"1, 2, 3, 4","MD"," ","01/01/2018 - 12/31/2020","2,706.10","3,038","272,136.446","4,579,219",0.000,0.000,"Complete"
2019,"Rock Springs Generating Facility",7835,"1, 2, 3, 4","MD"," ","01/01/2018 - 12/31/2020",483.07,588,"48,576.890","817,399",0.000,0.000,"Complete"
2020,"Rock Springs Generating Facility",7835,"1, 2, 3, 4","MD"," ","01/01/2018 - 12/31/2020","1,610.69","1,797","166,526.445","2,802,117",0.000,0.000,"Complete"
2021,"Rock Springs Generating Facility",7835,"1, 2, 3, 4","MD"," ","01/01/2021 - 12/31/2023","1,479.76","1,663","146,247.286","2,460,872",0.000,0.000,"Complete"
2022,"Rock Springs Generating Facility",7835,"1, 2, 3, 4","MD"," ","01/01/2021 - 12/31/2023","1,398.21","1,569","143,423.960","2,413,367",0.000,0.000,"Complete"
2023,"Rock Springs Generating Facility",7835,"1, 2, 3, 4","MD"," ","01/01/2021 - 12/31/2023","1,319.91","1,483","131,559.965","2,213,734",0.000,0.000,"Complete"
2024,"Rock Springs Generating Facility",7835,"1, 2, 3, 4","MD"," ","01/01/2024 - 12/31/2026","1,170.76","1,342","110,243.873","1,858,194",0.000,0.000,"Complete"
2021,"Marsh Run Generation Facility",7836,"EU1, EU2, EU3","VA"," ","01/01/2021 - 12/31/2023","4,387.50","4,963","413,274.972","6,928,418",0.000,0.000,"Complete"
2022,"Marsh Run Generation Facility",7836,"EU1, EU2, EU3","VA"," ","01/01/2021 - 12/31/2023","2,707.00","3,138","223,459.915","3,659,617",0.000,0.000,"Complete"
2023,"Marsh Run Generation Facility",7836,"EU1, EU2, EU3","VA"," ","01/01/2021 - 12/31/2023","1,855.45","2,175","143,369.634","2,409,605",0.000,0.000,"Complete"
2021,"Louisa Generation Facility",7837,"EU1, EU2, EU3, EU4, EU5","VA"," ","01/01/2021 - 12/31/2023","5,000.86","5,703","320,698.380","5,370,565",0.000,0.000,"Complete"
2022,"Louisa Generation Facility",7837,"EU1, EU2, EU3, EU4, EU5","VA"," ","01/01/2021 - 12/31/2023","2,942.57","3,412","168,789.283","2,762,361",0.000,0.000,"Complete"
2023,"Louisa Generation Facility",7837,"EU1, EU2, EU3, EU4, EU5","VA"," ","01/01/2021 - 12/31/2023","3,435.53","3,961","173,232.420","2,912,578",0.000,0.000,"Complete"
2021,"Remington Combustion Turbine Station",7838,"1, 2, 3, 4","VA"," ","01/01/2021 - 12/31/2023","3,724.71","4,196","306,170.887","5,123,663",0.000,0.000,"Complete"
2022,"Remington Combustion Turbine Station",7838,"1, 2, 3, 4","VA"," ","01/01/2021 - 12/31/2023","5,326.46","6,000","441,691.570","7,245,537",0.000,0.000,"Complete"
2023,"Remington Combustion Turbine Station",7838,"1, 2, 3, 4","VA"," ","01/01/2021 - 12/31/2023","2,424.62","2,744","182,518.890","3,046,872",0.000,0.000,"Complete"
2021,"Ladysmith Combustion Turbine Sta",7839,"1, 2, 3, 4, 5","VA"," ","01/01/2021 - 12/31/2023","3,262.03","3,647","295,405.641","4,846,897",0.000,0.000,"Complete"
2022,"Ladysmith Combustion Turbine Sta",7839,"1, 2, 3, 4, 5","VA"," ","01/01/2021 - 12/31/2023","6,031.07","6,655","550,696.401","8,957,830",0.000,0.000,"Complete"
2023,"Ladysmith Combustion Turbine Sta",7839,"1, 2, 3, 4, 5","VA"," ","01/01/2021 - 12/31/2023","5,986.12","6,515","518,687.744","8,678,750",0.000,0.000,"Complete"
2009,"Glenwood Landing Energy Center",7869,"UGT011, UGT012, UGT013","NY",1282402146,"01/01/2009 - 12/31/2011","1,395.75","1,772","30,547.375","509,188",0.000,0.000,"Complete"
2010,"Glenwood Landing Energy Center",7869,"UGT011, UGT012, UGT013","NY",1282402146,"01/01/2009 - 12/31/2011","2,762.00","3,307","61,118.875","1,028,174",0.000,0.000,"Complete"
2011,"Glenwood Landing Energy Center",7869,"UGT011, UGT012, UGT013","NY",1282402146,"01/01/2009 - 12/31/2011","2,308.50","2,827","52,473.225","879,660",0.000,0.000,"Complete"
2012,"Glenwood Landing Energy Center",7869,"UGT011, UGT012, UGT013","NY",1282402146,"01/01/2012 - 12/31/2014","3,572.25","4,116","83,632.275","1,407,273",0.000,0.000,"Complete"
2013,"Glenwood Landing Energy Center",7869,"UGT011, UGT012, UGT013","NY",1282402146,"01/01/2012 - 12/31/2014","3,674.00","4,273","85,509.900","1,438,394",0.000,0.000,"Complete"
2014,"Glenwood Landing Energy Center",7869,"UGT011, UGT012, UGT013","NY",1282402146,"01/01/2012 - 12/31/2014","5,292.75","6,132","122,026.525","2,031,001",0.000,0.000,"Complete"
2015,"Glenwood Landing Energy Center",7869,"UGT011, UGT012, UGT013","NY",1282402146,"01/01/2015 - 12/31/2017","4,740.00","5,517","112,045.075","1,872,412",0.000,0.000,"Complete"
2016,"Glenwood Landing Energy Center",7869,"UGT011, UGT012, UGT013","NY",1282402146,"01/01/2015 - 12/31/2017","5,148.25","6,026","119,898.475","2,015,272",0.000,0.000,"Complete"
2017,"Glenwood Landing Energy Center",7869,"UGT011, UGT012, UGT013","NY",1282402146,"01/01/2015 - 12/31/2017","2,792.00","3,402","64,276.150","1,077,099",0.000,0.000,"Complete"
2018,"Glenwood Landing Energy Center",7869,"UGT011, UGT012, UGT013","NY",1282402146,"01/01/2018 - 12/31/2020","2,358.50","2,864","54,641.000","908,709",0.000,0.000,"Complete"
2019,"Glenwood Landing Energy Center",7869,"UGT011, UGT012, UGT013","NY",1282402146,"01/01/2018 - 12/31/2020","2,128.50","2,741","49,906.325","838,915",0.000,0.000,"Complete"
2020,"Glenwood Landing Energy Center",7869,"UGT011, UGT012, UGT013","NY",1282402146,"01/01/2018 - 12/31/2020","2,711.50","3,276","66,337.450","1,113,288",0.000,0.000,"Complete"
2021,"Glenwood Landing Energy Center",7869,"UGT011, UGT012, UGT013","NY",1282402146,"01/01/2021 - 12/31/2023","3,518.24","4,150","87,926.293","1,473,986",0.000,0.000,"Complete"
2022,"Glenwood Landing Energy Center",7869,"UGT011, UGT012, UGT013","NY",1282402146,"01/01/2021 - 12/31/2023","4,761.15","5,673","124,888.717","2,086,930",0.000,0.000,"Complete"
2023,"Glenwood Landing Energy Center",7869,"UGT011, UGT012, UGT013","NY",1282402146,"01/01/2021 - 12/31/2023","3,638.03","4,510","94,767.759","1,593,289",0.000,0.000,"Complete"
2024,"Glenwood Landing Energy Center",7869,"UGT011, UGT012, UGT013","NY",1282402146,"01/01/2024 - 12/31/2026","3,221.80","4,076","83,753.879","1,406,466",0.000,0.000,"Complete"
2009,"Vernon Boulevard",7909,"VB01, VB02","NY",2630401377,"01/01/2009 - 12/31/2011",490.26,724,"11,252.078","189,358",0.000,0.000,"Complete"
2010,"Vernon Boulevard",7909,"VB01, VB02","NY",2630401377,"01/01/2009 - 12/31/2011","1,792.54","2,260","40,943.811","688,951",0.000,0.000,"Complete"
2011,"Vernon Boulevard",7909,"VB01, VB02","NY",2630401377,"01/01/2009 - 12/31/2011","2,160.69","2,742","49,286.044","829,307",0.000,0.000,"Complete"
2012,"Vernon Boulevard",7909,"VB01, VB02","NY",2630401377,"01/01/2012 - 12/31/2014","1,860.93","2,223","42,076.278","708,030",0.000,0.000,"Complete"
2013,"Vernon Boulevard",7909,"VB01, VB02","NY",2630401377,"01/01/2012 - 12/31/2014","2,112.36","2,725","47,300.730","795,943",0.000,0.000,"Complete"
2014,"Vernon Boulevard",7909,"VB01, VB02","NY",2630401377,"01/01/2012 - 12/31/2014","1,279.75","1,656","28,845.418","485,367",0.000,0.000,"Complete"
2015,"Vernon Boulevard",7909,"VB01, VB02","NY",2630401377,"01/01/2015 - 12/31/2017","1,316.00","1,721","29,615.322","498,363",0.000,0.000,"Complete"
2016,"Vernon Boulevard",7909,"VB01, VB02","NY",2630401377,"01/01/2015 - 12/31/2017","1,382.40","1,799","31,065.789","522,743",0.000,0.000,"Complete"
2017,"Vernon Boulevard",7909,"VB01, VB02","NY",2630401377,"01/01/2015 - 12/31/2017","1,352.80","1,705","30,854.342","519,190",0.000,0.000,"Complete"
2018,"Vernon Boulevard",7909,"VB01, VB02","NY",2630401377,"01/01/2018 - 12/31/2020","1,682.60","2,070","38,730.533","651,712",0.000,0.000,"Complete"
2019,"Vernon Boulevard",7909,"VB01, VB02","NY",2630401377,"01/01/2018 - 12/31/2020",963.62,"1,257","21,624.932","363,868",0.000,0.000,"Complete"
2020,"Vernon Boulevard",7909,"VB01, VB02","NY",2630401377,"01/01/2018 - 12/31/2020","1,780.85","2,241","40,516.260","681,728",0.000,0.000,"Complete"
2021,"Vernon Boulevard",7909,"VB01, VB02","NY",2630401377,"01/01/2021 - 12/31/2023","2,347.16","2,933","56,265.408","946,788",0.000,0.000,"Complete"
2022,"Vernon Boulevard",7909,"VB01, VB02","NY",2630401377,"01/01/2021 - 12/31/2023","3,268.11","4,008","79,119.581","1,331,339",0.000,0.000,"Complete"
2023,"Vernon Boulevard",7909,"VB01, VB02","NY",2630401377,"01/01/2021 - 12/31/2023","3,213.24","3,896","78,097.783","1,314,166",0.000,0.000,"Complete"
2024,"Vernon Boulevard",7909,"VB01, VB02","NY",2630401377,"01/01/2024 - 12/31/2026","3,187.70","3,911","75,072.414","1,263,233",0.000,0.000,"Complete"
2009,"23rd and 3rd",7910,"2301, 2302","NY",2610200482,"01/01/2009 - 12/31/2011","2,156.40","2,674","49,819.207","838,329",0.000,0.000,"Complete"
2010,"23rd and 3rd",7910,"2301, 2302","NY",2610200482,"01/01/2009 - 12/31/2011","3,832.27","4,572","90,954.276","1,530,523",0.000,0.000,"Complete"
2011,"23rd and 3rd",7910,"2301, 2302","NY",2610200482,"01/01/2009 - 12/31/2011","4,684.97","5,497","110,450.448","1,858,553",0.000,0.000,"Complete"
2012,"23rd and 3rd",7910,"2301, 2302","NY",2610200482,"01/01/2012 - 12/31/2014","3,266.73","3,926","75,765.355","1,274,895",0.000,0.000,"Complete"
2013,"23rd and 3rd",7910,"2301, 2302","NY",2610200482,"01/01/2012 - 12/31/2014","4,805.74","5,507","112,749.696","1,897,260",0.000,0.000,"Complete"
2014,"23rd and 3rd",7910,"2301, 2302","NY",2610200482,"01/01/2012 - 12/31/2014","1,942.51","2,371","44,651.053","751,366",0.000,0.000,"Complete"
2015,"23rd and 3rd",7910,"2301, 2302","NY",2610200482,"01/01/2015 - 12/31/2017","3,090.59","3,624","74,073.937","1,246,089",0.000,0.000,"Complete"
2016,"23rd and 3rd",7910,"2301, 2302","NY",2610200482,"01/01/2015 - 12/31/2017","3,035.44","3,619","73,492.857","1,236,667",0.000,0.000,"Complete"
2017,"23rd and 3rd",7910,"2301, 2302","NY",2610200482,"01/01/2015 - 12/31/2017","2,330.51","2,802","57,960.208","975,323",0.000,0.000,"Complete"
2018,"23rd and 3rd",7910,"2301, 2302","NY",2610200482,"01/01/2018 - 12/31/2020","3,121.11","3,659","77,583.559","1,305,483",0.000,0.000,"Complete"
2019,"23rd and 3rd",7910,"2301, 2302","NY",2610200482,"01/01/2018 - 12/31/2020","1,978.87","2,318","49,107.204","826,353",0.000,0.000,"Complete"
2020,"23rd and 3rd",7910,"2301, 2302","NY",2610200482,"01/01/2018 - 12/31/2020","2,730.72","3,319","66,746.553","1,123,144",0.000,0.000,"Complete"
2021,"23rd and 3rd",7910,"2301, 2302","NY",2610200482,"01/01/2021 - 12/31/2023","2,060.28","2,533","50,564.667","850,859",0.000,0.000,"Complete"
2022,"23rd and 3rd",7910,"2301, 2302","NY",2610200482,"01/01/2021 - 12/31/2023","3,046.51","3,749","75,439.586","1,269,363",0.000,0.000,"Complete"
2023,"23rd and 3rd",7910,"2301, 2302","NY",2610200482,"01/01/2021 - 12/31/2023","1,452.23","1,853","35,058.548","589,929",0.000,0.000,"Complete"
2024,"23rd and 3rd",7910,"2301, 2302","NY",2610200482,"01/01/2024 - 12/31/2026","2,694.40","3,261","65,761.980","1,106,597",0.000,0.000,"Complete"
2009,"Brentwood",7912,"BW01","NY",1472803067,"01/01/2009 - 12/31/2011",423.34,545,"10,332.528","173,872",0.000,0.000,"Complete"
2010,"Brentwood",7912,"BW01","NY",1472803067,"01/01/2009 - 12/31/2011","1,518.91","1,837","38,525.567","648,247",0.000,0.000,"Complete"
2011,"Brentwood",7912,"BW01","NY",1472803067,"01/01/2009 - 12/31/2011","1,550.02","1,962","40,229.849","676,953",0.000,0.000,"Complete"
2012,"Brentwood",7912,"BW01","NY",1472803067,"01/01/2012 - 12/31/2014","1,648.80","1,953","41,371.273","696,150",0.000,0.000,"Complete"
2013,"Brentwood",7912,"BW01","NY",1472803067,"01/01/2012 - 12/31/2014","1,856.73","2,170","46,876.744","788,752",0.000,0.000,"Complete"
2014,"Brentwood",7912,"BW01","NY",1472803067,"01/01/2012 - 12/31/2014",999.19,"1,250","24,223.823","407,608",0.000,0.000,"Complete"
2015,"Brentwood",7912,"BW01","NY",1472803067,"01/01/2015 - 12/31/2017","1,358.01","1,678","34,375.958","578,419",0.000,0.000,"Complete"
2016,"Brentwood",7912,"BW01","NY",1472803067,"01/01/2015 - 12/31/2017","1,295.84","1,604","31,097.724","523,264",0.000,0.000,"Complete"
2017,"Brentwood",7912,"BW01","NY",1472803067,"01/01/2015 - 12/31/2017","1,173.26","1,467","29,430.288","495,225",0.000,0.000,"Complete"
2018,"Brentwood",7912,"BW01","NY",1472803067,"01/01/2018 - 12/31/2020","1,470.25","1,820","35,882.299","603,812",0.000,0.000,"Complete"
2019,"Brentwood",7912,"BW01","NY",1472803067,"01/01/2018 - 12/31/2020","1,262.95","1,635","32,189.954","541,649",0.000,0.000,"Complete"
2020,"Brentwood",7912,"BW01","NY",1472803067,"01/01/2018 - 12/31/2020","1,895.95","2,328","51,758.055","870,959",0.000,0.000,"Complete"
2021,"Brentwood",7912,"BW01","NY",1472803067,"01/01/2021 - 12/31/2023","1,496.62","1,860","39,683.429","667,723",0.000,0.000,"Complete"
2022,"Brentwood",7912,"BW01","NY",1472803067,"01/01/2021 - 12/31/2023","1,626.98","2,055","43,153.837","726,157",0.000,0.000,"Complete"
2023,"Brentwood",7912,"BW01","NY",1472803067,"01/01/2021 - 12/31/2023",890.80,"1,195","22,904.018","385,382",0.000,0.000,"Complete"
2024,"Brentwood",7912,"BW01","NY",1472803067,"01/01/2024 - 12/31/2026",923.06,"1,203","24,370.493","410,084",0.000,0.000,"Complete"
2009,"Hell Gate",7913,"HG01, HG02","NY",2600700724,"01/01/2009 - 12/31/2011",432.99,623,"9,965.194","167,681",0.000,0.000,"Complete"
2010,"Hell Gate",7913,"HG01, HG02","NY",2600700724,"01/01/2009 - 12/31/2011","1,108.89","1,455","26,390.760","444,035",0.000,0.000,"Complete"
2011,"Hell Gate",7913,"HG01, HG02","NY",2600700724,"01/01/2009 - 12/31/2011",797.15,"1,062","19,597.049","329,774",0.000,0.000,"Complete"
2012,"Hell Gate",7913,"HG01, HG02","NY",2600700724,"01/01/2012 - 12/31/2014","1,444.58","1,839","35,046.402","589,760",0.000,0.000,"Complete"
2013,"Hell Gate",7913,"HG01, HG02","NY",2600700724,"01/01/2012 - 12/31/2014","1,202.01","1,548","29,029.300","488,472",0.000,0.000,"Complete"
2014,"Hell Gate",7913,"HG01, HG02","NY",2600700724,"01/01/2012 - 12/31/2014","1,209.01","1,579","28,920.633","486,637",0.000,0.000,"Complete"
2015,"Hell Gate",7913,"HG01, HG02","NY",2600700724,"01/01/2015 - 12/31/2017","1,210.36","1,573","29,387.812","494,505",0.000,0.000,"Complete"
2016,"Hell Gate",7913,"HG01, HG02","NY",2600700724,"01/01/2015 - 12/31/2017","1,134.73","1,500","26,849.758","451,807",0.000,0.000,"Complete"
2017,"Hell Gate",7913,"HG01, HG02","NY",2600700724,"01/01/2015 - 12/31/2017",772.27,"1,030","18,577.410","312,627",0.000,0.000,"Complete"
2018,"Hell Gate",7913,"HG01, HG02","NY",2600700724,"01/01/2018 - 12/31/2020","1,065.28","1,376","25,751.035","433,302",0.000,0.000,"Complete"
2019,"Hell Gate",7913,"HG01, HG02","NY",2600700724,"01/01/2018 - 12/31/2020",770.52,"1,033","18,674.475","314,243",0.000,0.000,"Complete"
2020,"Hell Gate",7913,"HG01, HG02","NY",2600700724,"01/01/2018 - 12/31/2020","1,624.49","2,063","40,058.627","674,066",0.000,0.000,"Complete"
2021,"Hell Gate",7913,"HG01, HG02","NY",2600700724,"01/01/2021 - 12/31/2023","1,934.46","2,403","47,751.474","803,588",0.000,0.000,"Complete"
2022,"Hell Gate",7913,"HG01, HG02","NY",2600700724,"01/01/2021 - 12/31/2023","2,950.31","3,546","73,633.086","1,239,034",0.000,0.000,"Complete"
2023,"Hell Gate",7913,"HG01, HG02","NY",2600700724,"01/01/2021 - 12/31/2023","2,685.11","3,293","66,740.810","1,123,115",0.000,0.000,"Complete"
2024,"Hell Gate",7913,"HG01, HG02","NY",2600700724,"01/01/2024 - 12/31/2026","2,827.68","3,444","67,563.117","1,136,898",0.000,0.000,"Complete"
2009,"Harlem River Yard",7914,"HR01, HR02","NY",2600700726,"01/01/2009 - 12/31/2011",399.60,601,"9,132.263","153,672",0.000,0.000,"Complete"
2010,"Harlem River Yard",7914,"HR01, HR02","NY",2600700726,"01/01/2009 - 12/31/2011","1,104.26","1,398","26,779.593","450,627",0.000,0.000,"Complete"
2011,"Harlem River Yard",7914,"HR01, HR02","NY",2600700726,"01/01/2009 - 12/31/2011",821.97,"1,080","19,935.746","335,479",0.000,0.000,"Complete"
2012,"Harlem River Yard",7914,"HR01, HR02","NY",2600700726,"01/01/2012 - 12/31/2014","1,288.26","1,659","30,965.885","521,053",0.000,0.000,"Complete"
2013,"Harlem River Yard",7914,"HR01, HR02","NY",2600700726,"01/01/2012 - 12/31/2014","1,128.32","1,554","26,618.009","447,891",0.000,0.000,"Complete"
2014,"Harlem River Yard",7914,"HR01, HR02","NY",2600700726,"01/01/2012 - 12/31/2014","1,439.77","1,865","34,276.180","576,749",0.000,0.000,"Complete"
2015,"Harlem River Yard",7914,"HR01, HR02","NY",2600700726,"01/01/2015 - 12/31/2017","1,170.34","1,550","28,315.957","476,447",0.000,0.000,"Complete"
2016,"Harlem River Yard",7914,"HR01, HR02","NY",2600700726,"01/01/2015 - 12/31/2017","1,228.30","1,597","29,762.693","500,826",0.000,0.000,"Complete"
2017,"Harlem River Yard",7914,"HR01, HR02","NY",2600700726,"01/01/2015 - 12/31/2017",635.12,885,"15,201.287","255,799",0.000,0.000,"Complete"
2018,"Harlem River Yard",7914,"HR01, HR02","NY",2600700726,"01/01/2018 - 12/31/2020","1,100.78","1,410","26,702.401","449,286",0.000,0.000,"Complete"
2019,"Harlem River Yard",7914,"HR01, HR02","NY",2600700726,"01/01/2018 - 12/31/2020",777.01,"1,048","18,658.059","313,974",0.000,0.000,"Complete"
2020,"Harlem River Yard",7914,"HR01, HR02","NY",2600700726,"01/01/2018 - 12/31/2020","1,523.51","1,924","36,424.699","612,915",0.000,0.000,"Complete"
2021,"Harlem River Yard",7914,"HR01, HR02","NY",2600700726,"01/01/2021 - 12/31/2023","1,899.10","2,406","45,828.415","771,140",0.000,0.000,"Complete"
2022,"Harlem River Yard",7914,"HR01, HR02","NY",2600700726,"01/01/2021 - 12/31/2023","3,090.18","3,743","74,509.104","1,253,755",0.000,0.000,"Complete"
2023,"Harlem River Yard",7914,"HR01, HR02","NY",2600700726,"01/01/2021 - 12/31/2023","2,506.54","3,073","59,136.013","995,065",0.000,0.000,"Complete"
2024,"Harlem River Yard",7914,"HR01, HR02","NY",2600700726,"01/01/2024 - 12/31/2026","2,948.58","3,622","70,117.406","1,179,899",0.000,0.000,"Complete"
2009,"North 1st",7915,"NO1","NY",2610101077,"01/01/2009 - 12/31/2011",308.38,433,"7,565.974","127,312",0.000,0.000,"Complete"
2010,"North 1st",7915,"NO1","NY",2610101077,"01/01/2009 - 12/31/2011","1,260.13","1,563","31,757.866","534,364",0.000,0.000,"Complete"
2011,"North 1st",7915,"NO1","NY",2610101077,"01/01/2009 - 12/31/2011","2,029.31","2,499","49,923.935","840,080",0.000,0.000,"Complete"
2012,"North 1st",7915,"NO1","NY",2610101077,"01/01/2012 - 12/31/2014","1,202.83","1,460","29,434.865","495,296",0.000,0.000,"Complete"
2013,"North 1st",7915,"NO1","NY",2610101077,"01/01/2012 - 12/31/2014","1,162.05","1,385","29,133.695","490,245",0.000,0.000,"Complete"
2014,"North 1st",7915,"NO1","NY",2610101077,"01/01/2012 - 12/31/2014",928.91,"1,178","22,836.469","384,263",0.000,0.000,"Complete"
2015,"North 1st",7915,"NO1","NY",2610101077,"01/01/2015 - 12/31/2017",839.05,"1,044","20,358.663","342,583",0.000,0.000,"Complete"
2016,"North 1st",7915,"NO1","NY",2610101077,"01/01/2015 - 12/31/2017","1,082.16","1,341","29,026.896","488,433",0.000,0.000,"Complete"
2017,"North 1st",7915,"NO1","NY",2610101077,"01/01/2015 - 12/31/2017",914.61,"1,115","24,708.674","415,752",0.000,0.000,"Complete"
2018,"North 1st",7915,"NO1","NY",2610101077,"01/01/2018 - 12/31/2020","1,233.83","1,462","34,161.247","574,802",0.000,0.000,"Complete"
2019,"North 1st",7915,"NO1","NY",2610101077,"01/01/2018 - 12/31/2020",754.12,922,"20,278.177","341,197",0.000,0.000,"Complete"
2020,"North 1st",7915,"NO1","NY",2610101077,"01/01/2018 - 12/31/2020","1,123.56","1,378","30,911.431","520,139",0.000,0.000,"Complete"
2021,"North 1st",7915,"NO1","NY",2610101077,"01/01/2021 - 12/31/2023",809.70,"1,029","22,382.226","376,629",0.000,0.000,"Complete"
2022,"North 1st",7915,"NO1","NY",2610101077,"01/01/2021 - 12/31/2023","1,685.43","2,072","45,636.231","767,899",0.000,0.000,"Complete"
2023,"North 1st",7915,"NO1","NY",2610101077,"01/01/2021 - 12/31/2023",777.33,989,"20,605.690","346,737",0.000,0.000,"Complete"
2024,"North 1st",7915,"NO1","NY",2610101077,"01/01/2024 - 12/31/2026","1,616.71","1,980","42,498.963","715,112",0.000,0.000,"Complete"
2009,"Warren F. Sam Beasley Pwr Station",7962,"1, 2","DE",1000100152,"01/01/2009 - 12/31/2011",301.13,398,"7,995.031","134,304",0.000,0.000,"Complete"
2010,"Warren F. Sam Beasley Pwr Station",7962,"1, 2","DE",1000100152,"01/01/2009 - 12/31/2011",683.68,820,"18,547.282","309,328",0.000,0.000,"Complete"
2011,"Warren F. Sam Beasley Pwr Station",7962,"1, 2","DE",1000100152,"01/01/2009 - 12/31/2011",434.67,529,"11,846.876","194,330",0.000,0.000,"Complete"
2012,"Warren F. Sam Beasley Pwr Station",7962,"1, 2","DE",1000100152,"01/01/2012 - 12/31/2014",296.44,383,"7,918.660","126,249",0.000,0.000,"Complete"
2013,"Warren F. Sam Beasley Pwr Station",7962,"1, 2","DE",1000100152,"01/01/2012 - 12/31/2014",535.27,674,"14,022.307","235,036",0.000,0.000,"Complete"
2014,"Warren F. Sam Beasley Pwr Station",7962,"1, 2","DE",1000100152,"01/01/2012 - 12/31/2014","1,047.65","1,573","27,522.280","429,023",0.000,0.000,"Complete"
2015,"Warren F. Sam Beasley Pwr Station",7962,"1, 2","DE",1000100152,"01/01/2015 - 12/31/2017","1,068.10","1,488","26,570.477","428,128",0.000,0.000,"Complete"
2016,"Warren F. Sam Beasley Pwr Station",7962,"1, 2","DE",1000100152,"01/01/2015 - 12/31/2017","1,871.53","2,287","48,446.980","780,177",0.000,0.000,"Complete"
2017,"Warren F. Sam Beasley Pwr Station",7962,"1, 2","DE",1000100152,"01/01/2015 - 12/31/2017",536.01,772,"13,092.680","210,096",0.000,0.000,"Complete"
2018,"Warren F. Sam Beasley Pwr Station",7962,"1, 2","DE",1000100152,"01/01/2018 - 12/31/2020",809.58,"1,056","21,637.815","339,936",0.000,0.000,"Complete"
2019,"Warren F. Sam Beasley Pwr Station",7962,"1, 2","DE",1000100152,"01/01/2018 - 12/31/2020",762.87,"1,006","19,205.790","321,987",0.000,0.000,"Complete"
2020,"Warren F. Sam Beasley Pwr Station",7962,"1, 2","DE",1000100152,"01/01/2018 - 12/31/2020",726.98,945,"19,223.133","320,563",0.000,0.000,"Complete"
2021,"Warren F. Sam Beasley Pwr Station",7962,"1, 2","DE",1000100152,"01/01/2021 - 12/31/2023",574.24,717,"15,729.656","257,277",0.000,0.000,"Complete"
2022,"Warren F. Sam Beasley Pwr Station",7962,"1, 2","DE",1000100152,"01/01/2021 - 12/31/2023","1,486.99","1,767","42,726.444","674,090",0.000,0.000,"Complete"
2023,"Warren F. Sam Beasley Pwr Station",7962,"1, 2","DE",1000100152,"01/01/2021 - 12/31/2023",453.70,552,"12,161.786","200,323",0.000,0.000,"Complete"
2024,"Warren F. Sam Beasley Pwr Station",7962,"1, 2","DE",1000100152,"01/01/2024 - 12/31/2026","1,621.61","1,877","44,705.501","751,222",0.000,0.000,"Complete"
2009,"Newington",8002,1,"NH","PSNH-NT","01/01/2009 - 12/31/2011","1,092.83","1,144","197,436.227","2,587,905",0.000,0.000,"Complete"
2010,"Newington",8002,1,"NH","PSNH-NT","01/01/2009 - 12/31/2011","1,878.12","1,995","216,602.575","3,413,618",0.000,0.000,"Complete"
2011,"Newington",8002,1,"NH","PSNH-NT","01/01/2009 - 12/31/2011","1,036.03","1,096","127,608.150","1,871,482",0.000,0.000,"Complete"
2012,"Newington",8002,1,"NH","PSNH-NT","01/01/2012 - 12/31/2014",603.50,652,"68,600.156","1,078,255",0.000,0.000,"Complete"
2013,"Newington",8002,1,"NH","PSNH-NT","01/01/2012 - 12/31/2014",772.32,814,"89,708.068","1,209,522",0.000,0.000,"Complete"
2014,"Newington",8002,1,"NH","PSNH-NT","01/01/2012 - 12/31/2014",886.66,923,"137,277.589","1,826,094",0.000,0.000,"Complete"
2015,"Newington",8002,1,"NH","PSNH-NT","01/01/2015 - 12/31/2017",728.31,766,"129,085.806","1,683,537",0.000,0.000,"Complete"
2016,"Newington",8002,1,"NH","PSNH-NT","01/01/2015 - 12/31/2017",420.58,483,"45,104.698","695,698",0.000,0.000,"Complete"
2017,"Newington",8002,1,"NH","PSNH-NT","01/01/2015 - 12/31/2017",364.60,390,"43,648.028","663,485",0.000,0.000,"Complete"
2018,"Newington",8002,1,"NH","PSNH-NT","01/01/2018 - 12/31/2020",644.46,668,"121,120.336","1,618,618",0.000,0.000,"Complete"
2019,"Newington",8002,1,"NH","PSNH-NT","01/01/2018 - 12/31/2020",99.49,106,"6,654.413","100,699",0.000,0.000,"Complete"
2020,"Newington",8002,1,"NH","PSNH-NT","01/01/2018 - 12/31/2020",195.49,207,"15,086.256","244,345",0.000,0.000,"Complete"
2021,"Newington",8002,1,"NH","PSNH-NT","01/01/2021 - 12/31/2023",489.64,516,"50,607.084","784,321",0.000,0.000,"Complete"
2022,"Newington",8002,1,"NH","PSNH-NT","01/01/2021 - 12/31/2023",741.26,785,"134,064.908","1,769,484",0.000,0.000,"Complete"
2023,"Newington",8002,1,"NH","PSNH-NT","01/01/2021 - 12/31/2023",347.53,367,"51,438.771","726,234",0.000,0.000,"Complete"
2024,"Newington",8002,1,"NH","PSNH-NT","01/01/2024 - 12/31/2026",488.99,520,"53,111.540","865,833",0.000,0.000,"Complete"
2009,"Roseton Generating LLC",8006,"1, 2","NY",3346000075,"01/01/2009 - 12/31/2011","1,556.76","1,582","347,566.794","4,577,010",0.000,0.000,"Complete"
2010,"Roseton Generating LLC",8006,"1, 2","NY",3346000075,"01/01/2009 - 12/31/2011","2,118.70","2,211","332,601.985","5,448,116",0.000,0.000,"Complete"
2011,"Roseton Generating LLC",8006,"1, 2","NY",3346000075,"01/01/2009 - 12/31/2011","1,311.11","1,352","215,094.757","3,404,585",0.000,0.000,"Complete"
2012,"Roseton Generating LLC",8006,"1, 2","NY",3346000075,"01/01/2012 - 12/31/2014","1,846.11","1,910","298,137.119","4,962,358",0.000,0.000,"Complete"
2013,"Roseton Generating LLC",8006,"1, 2","NY",3346000075,"01/01/2012 - 12/31/2014","1,498.49","1,549","217,888.557","3,566,475",0.000,0.000,"Complete"
2014,"Roseton Generating LLC",8006,"1, 2","NY",3346000075,"01/01/2012 - 12/31/2014","1,746.47","1,784","295,500.747","4,134,566",0.000,0.000,"Complete"
2015,"Roseton Generating LLC",8006,"1, 2","NY",3346000075,"01/01/2015 - 12/31/2017","2,166.82","2,219","376,947.447","5,245,773",0.000,0.000,"Complete"
2016,"Roseton Generating LLC",8006,"1, 2","NY",3346000075,"01/01/2015 - 12/31/2017","1,559.96","1,613","213,991.005","3,368,144",0.000,0.000,"Complete"
2017,"Roseton Generating LLC",8006,"1, 2","NY",3346000075,"01/01/2015 - 12/31/2017","1,371.48","1,407","231,915.087","3,543,992",0.000,0.000,"Complete"
2018,"Roseton Generating LLC",8006,"1, 2","NY",3346000075,"01/01/2018 - 12/31/2020","1,922.26","1,972","384,529.529","5,430,670",0.000,0.000,"Complete"
2019,"Roseton Generating LLC",8006,"1, 2","NY",3346000075,"01/01/2018 - 12/31/2020",841.74,866,"101,198.394","1,683,375",0.000,0.000,"Complete"
2020,"Roseton Generating LLC",8006,"1, 2","NY",3346000075,"01/01/2018 - 12/31/2020",600.73,616,"74,412.184","1,238,392",0.000,0.000,"Complete"
2021,"Roseton Generating LLC",8006,"1, 2","NY",3346000075,"01/01/2021 - 12/31/2023",827.81,869,"98,379.997","1,618,401",0.000,0.000,"Complete"
2022,"Roseton Generating LLC",8006,"1, 2","NY",3346000075,"01/01/2021 - 12/31/2023","1,841.58","1,894","359,257.199","5,014,572",0.000,0.000,"Complete"
2023,"Roseton Generating LLC",8006,"1, 2","NY",3346000075,"01/01/2021 - 12/31/2023","1,122.82","1,174","133,774.438","2,110,307",0.000,0.000,"Complete"
2024,"Roseton Generating LLC",8006,"1, 2","NY",3346000075,"01/01/2024 - 12/31/2026","1,297.00","1,341","161,606.839","2,644,794",0.000,0.000,"Complete"
2009,"Holtsville Facility",8007,"U00001, U00002, U00003, U00004, U00005, U00006, U00007, U00008, U00009, U00010, U00011, U00012, U00013, U00014, U00015, U00016, U00017, U00018, U00019, U00020","NY",1472200105,"01/01/2009 - 12/31/2011","2,859.68","2,989","54,741.446","675,798",0.000,0.000,"Complete"
2010,"Holtsville Facility",8007,"U00001, U00002, U00003, U00004, U00005, U00006, U00007, U00008, U00009, U00010, U00011, U00012, U00013, U00014, U00015, U00016, U00017, U00018, U00019, U00020","NY",1472200105,"01/01/2009 - 12/31/2011","4,704.00","4,704","87,563.700","1,081,097",0.000,0.000,"Complete"
2011,"Holtsville Facility",8007,"U00001, U00002, U00003, U00004, U00005, U00006, U00007, U00008, U00009, U00010, U00011, U00012, U00013, U00014, U00015, U00016, U00017, U00018, U00019, U00020","NY",1472200105,"01/01/2009 - 12/31/2011","2,713.00","2,713","49,842.900","615,521",0.000,0.000,"Complete"
2012,"Holtsville Facility",8007,"U00001, U00002, U00003, U00004, U00005, U00006, U00007, U00008, U00009, U00010, U00011, U00012, U00013, U00014, U00015, U00016, U00017, U00018, U00019, U00020","NY",1472200105,"01/01/2012 - 12/31/2014","3,236.00","3,236","59,904.800","739,538",0.000,0.000,"Complete"
2013,"Holtsville Facility",8007,"U00001, U00002, U00003, U00004, U00005, U00006, U00007, U00008, U00009, U00010, U00011, U00012, U00013, U00014, U00015, U00016, U00017, U00018, U00019, U00020","NY",1472200105,"01/01/2012 - 12/31/2014","3,936.00","3,936","76,696.100","946,656",0.000,0.000,"Complete"
2014,"Holtsville Facility",8007,"U00001, U00002, U00003, U00004, U00005, U00006, U00007, U00008, U00009, U00010, U00011, U00012, U00013, U00014, U00015, U00016, U00017, U00018, U00019, U00020","NY",1472200105,"01/01/2012 - 12/31/2014","2,290.00","2,290","40,953.700","505,564",0.000,0.000,"Complete"
2015,"Holtsville Facility",8007,"U00001, U00002, U00003, U00004, U00005, U00006, U00007, U00008, U00009, U00010, U00011, U00012, U00013, U00014, U00015, U00016, U00017, U00018, U00019, U00020","NY",1472200105,"01/01/2015 - 12/31/2017","1,987.00","1,987","31,366.400","387,218",0.000,0.000,"Complete"
2016,"Holtsville Facility",8007,"U00001, U00002, U00003, U00004, U00005, U00006, U00007, U00008, U00009, U00010, U00011, U00012, U00013, U00014, U00015, U00016, U00017, U00018, U00019, U00020","NY",1472200105,"01/01/2015 - 12/31/2017","2,712.00","2,712","45,355.500","560,032",0.000,0.000,"Complete"
2017,"Holtsville Facility",8007,"U00001, U00002, U00003, U00004, U00005, U00006, U00007, U00008, U00009, U00010, U00011, U00012, U00013, U00014, U00015, U00016, U00017, U00018, U00019, U00020","NY",1472200105,"01/01/2015 - 12/31/2017","1,168.00","1,168","18,398.600","227,159",0.000,0.000,"Complete"
2018,"Holtsville Facility",8007,"U00001, U00002, U00003, U00004, U00005, U00006, U00007, U00008, U00009, U00010, U00011, U00012, U00013, U00014, U00015, U00016, U00017, U00018, U00019, U00020","NY",1472200105,"01/01/2018 - 12/31/2020","2,700.00","2,700","51,928.200","640,965",0.000,0.000,"Complete"
2019,"Holtsville Facility",8007,"U00001, U00002, U00003, U00004, U00005, U00006, U00007, U00008, U00009, U00010, U00011, U00012, U00013, U00014, U00015, U00016, U00017, U00018, U00019, U00020","NY",1472200105,"01/01/2018 - 12/31/2020","1,485.00","1,485","26,197.800","323,429",0.000,0.000,"Complete"
2020,"Holtsville Facility",8007,"U00001, U00002, U00003, U00004, U00005, U00006, U00007, U00008, U00009, U00010, U00011, U00012, U00013, U00014, U00015, U00016, U00017, U00018, U00019, U00020","NY",1472200105,"01/01/2018 - 12/31/2020","3,115.00","3,115","56,988.500","703,671",0.000,0.000,"Complete"
2021,"Holtsville Facility",8007,"U00001, U00002, U00003, U00004, U00005, U00006, U00007, U00008, U00009, U00010, U00011, U00012, U00013, U00014, U00015, U00016, U00017, U00018, U00019, U00020","NY",1472200105,"01/01/2021 - 12/31/2023","2,938.00","2,938","44,036.800","543,610",0.000,0.000,"Complete"
2022,"Holtsville Facility",8007,"U00001, U00002, U00003, U00004, U00005, U00006, U00007, U00008, U00009, U00010, U00011, U00012, U00013, U00014, U00015, U00016, U00017, U00018, U00019, U00020","NY",1472200105,"01/01/2021 - 12/31/2023","2,503.00","2,503","37,079.700","457,726",0.000,0.000,"Complete"
2023,"Holtsville Facility",8007,"U00001, U00002, U00003, U00004, U00005, U00006, U00007, U00008, U00009, U00010, U00011, U00012, U00013, U00014, U00015, U00016, U00017, U00018, U00019, U00020","NY",1472200105,"01/01/2021 - 12/31/2023","1,338.00","1,338","21,849.600","269,788",0.000,0.000,"Complete"
2024,"Holtsville Facility",8007,"U00001, U00002, U00003, U00004, U00005, U00006, U00007, U00008, U00009, U00010, U00011, U00012, U00013, U00014, U00015, U00016, U00017, U00018, U00019, U00020","NY",1472200105,"01/01/2024 - 12/31/2026","1,730.00","1,730","27,832.000","343,801",0.000,0.000,"Complete"
2009,"Mickleton Energy Center",8008,001001,"NJ",55784,"01/01/2009 - 12/31/2011",11.00,11,713.900,"12,012",0.000,0.000,"Complete"
2010,"Mickleton Energy Center",8008,001001,"NJ",55784,"01/01/2009 - 12/31/2011",41.00,41,"2,660.900","44,772",0.000,0.000,"Complete"
2011,"Mickleton Energy Center",8008,001001,"NJ",55784,"01/01/2009 - 12/31/2011",58.00,58,"3,764.200","63,336",0.000,0.000,"Complete"
2020,"Mickleton Energy Center",8008,001001,"NJ",55784,"01/01/2018 - 12/31/2020",0.00,0,0.000,0,0.000,0.000,"Complete"
2021,"Mickleton Energy Center",8008,001001,"NJ",55784,"01/01/2021 - 12/31/2023",91.00,91,"5,905.900","99,372",0.000,0.000,"Complete"
2022,"Mickleton Energy Center",8008,001001,"NJ",55784,"01/01/2021 - 12/31/2023",63.10,70,"3,223.900","54,482",0.000,0.000,"Complete"
2023,"Mickleton Energy Center",8008,001001,"NJ",55784,"01/01/2021 - 12/31/2023",47.96,60,"2,122.800","35,983",0.000,0.000,"Complete"
2024,"Mickleton Energy Center",8008,001001,"NJ",55784,"01/01/2024 - 12/31/2026",0.00,0,0.000,0,0.000,0.000,"Complete"
2022,"Croydon Generating Station",8012,"11, 12, 21, 22, 31, 32, 41, 42","PA"," ","01/01/2021 - 12/31/2023",402.79,484,"21,343.700","263,512",0.000,0.000,"Complete"
2023,"Croydon Generating Station",8012,"11, 12, 21, 22, 31, 32, 41, 42","PA"," ","01/01/2021 - 12/31/2023",21.68,54,852.000,"10,519",0.000,0.000,"Complete"
2009,"Pouch Terminal",8053,"PT01","NY",2640200295,"01/01/2009 - 12/31/2011","1,386.20","1,746","35,305.741","594,089",0.000,0.000,"Complete"
2010,"Pouch Terminal",8053,"PT01","NY",2640200295,"01/01/2009 - 12/31/2011","1,996.72","2,392","50,786.581","854,611",0.000,0.000,"Complete"
2011,"Pouch Terminal",8053,"PT01","NY",2640200295,"01/01/2009 - 12/31/2011","2,575.18","3,079","65,222.701","1,097,503",0.000,0.000,"Complete"
2012,"Pouch Terminal",8053,"PT01","NY",2640200295,"01/01/2012 - 12/31/2014","2,273.52","2,722","57,549.692","968,416",0.000,0.000,"Complete"
2013,"Pouch Terminal",8053,"PT01","NY",2640200295,"01/01/2012 - 12/31/2014","2,481.90","2,887","62,724.412","1,055,491",0.000,0.000,"Complete"
2014,"Pouch Terminal",8053,"PT01","NY",2640200295,"01/01/2012 - 12/31/2014","1,017.13","1,269","25,370.202","426,896",0.000,0.000,"Complete"
2015,"Pouch Terminal",8053,"PT01","NY",2640200295,"01/01/2015 - 12/31/2017","1,445.72","1,712","38,503.292","647,867",0.000,0.000,"Complete"
2016,"Pouch Terminal",8053,"PT01","NY",2640200295,"01/01/2015 - 12/31/2017","1,526.37","1,808","41,291.268","694,765",0.000,0.000,"Complete"
2017,"Pouch Terminal",8053,"PT01","NY",2640200295,"01/01/2015 - 12/31/2017","1,102.94","1,325","28,713.951","483,160",0.000,0.000,"Complete"
2018,"Pouch Terminal",8053,"PT01","NY",2640200295,"01/01/2018 - 12/31/2020","1,404.48","1,654","38,413.173","646,403",0.000,0.000,"Complete"
2019,"Pouch Terminal",8053,"PT01","NY",2640200295,"01/01/2018 - 12/31/2020","1,173.05","1,383","31,967.695","537,919",0.000,0.000,"Complete"
2020,"Pouch Terminal",8053,"PT01","NY",2640200295,"01/01/2018 - 12/31/2020","1,435.04","1,735","39,045.315","656,805",0.000,0.000,"Complete"
2021,"Pouch Terminal",8053,"PT01","NY",2640200295,"01/01/2021 - 12/31/2023","1,332.95","1,604","36,703.633","617,622",0.000,0.000,"Complete"
2022,"Pouch Terminal",8053,"PT01","NY",2640200295,"01/01/2021 - 12/31/2023","1,429.25","1,748","38,639.138","650,179",0.000,0.000,"Complete"
2023,"Pouch Terminal",8053,"PT01","NY",2640200295,"01/01/2021 - 12/31/2023","1,016.87","1,263","27,238.158","458,331",0.000,0.000,"Complete"
2024,"Pouch Terminal",8053,"PT01","NY",2640200295,"01/01/2024 - 12/31/2026","1,820.35","2,173","47,603.939","801,031",0.000,0.000,"Complete"
2009,"Astoria Generating Station",8906,"20, 31RH, 32SH, 41SH, 42RH, 51RH, 52SH, CT0001","NY",2630100185,"01/01/2009 - 12/31/2011","28,979.20","29,070","1,087,807.838","17,591,418",0.000,0.000,"Complete"
2010,"Astoria Generating Station",8906,"20, 31RH, 32SH, 41SH, 42RH, 51RH, 52SH, CT0001","NY",2630100185,"01/01/2009 - 12/31/2011","29,624.51","29,733","1,302,980.568","21,419,568",0.000,0.000,"Complete"
2011,"Astoria Generating Station",8906,"20, 31RH, 32SH, 41SH, 42RH, 51RH, 52SH, CT0001","NY",2630100185,"01/01/2009 - 12/31/2011","23,683.06","23,809","956,695.804","15,930,034",0.000,0.000,"Complete"
2012,"Astoria Generating Station",8906,"20, 31RH, 32SH, 41SH, 42RH, 51RH, 52SH, CT0001","NY",2630100185,"01/01/2012 - 12/31/2014","22,146.29","22,216","949,542.640","15,950,624",0.000,0.000,"Complete"
2013,"Astoria Generating Station",8906,"20, 31RH, 32SH, 41SH, 42RH, 51RH, 52SH, CT0001","NY",2630100185,"01/01/2012 - 12/31/2014","20,123.68","20,204","785,079.303","13,071,338",0.000,0.000,"Complete"
2014,"Astoria Generating Station",8906,"20, 31RH, 32SH, 41SH, 42RH, 51RH, 52SH, CT0001","NY",2630100185,"01/01/2012 - 12/31/2014","16,034.07","16,133","827,175.793","13,423,857",0.000,0.000,"Complete"
2015,"Astoria Generating Station",8906,"20, 31RH, 32SH, 41SH, 42RH, 51RH, 52SH, CT0001","NY",2630100185,"01/01/2015 - 12/31/2017","16,887.09","16,949","676,846.512","11,226,764",0.000,0.000,"Complete"
2016,"Astoria Generating Station",8906,"20, 31RH, 32SH, 41SH, 42RH, 51RH, 52SH, CT0001","NY",2630100185,"01/01/2015 - 12/31/2017","14,411.31","14,475","603,010.997","10,044,722",0.000,0.000,"Complete"
2017,"Astoria Generating Station",8906,"20, 31RH, 32SH, 41SH, 42RH, 51RH, 52SH, CT0001","NY",2630100185,"01/01/2015 - 12/31/2017","14,918.46","14,966","575,295.393","9,619,279",0.000,0.000,"Complete"
2018,"Astoria Generating Station",8906,"20, 31RH, 32SH, 41SH, 42RH, 51RH, 52SH, CT0001","NY",2630100185,"01/01/2018 - 12/31/2020","19,095.76","19,185","797,147.451","13,190,262",0.000,0.000,"Complete"
2019,"Astoria Generating Station",8906,"20, 31RH, 32SH, 41SH, 42RH, 51RH, 52SH, CT0001","NY",2630100185,"01/01/2018 - 12/31/2020","13,680.74","13,735","492,158.014","8,233,746",0.000,0.000,"Complete"
2020,"Astoria Generating Station",8906,"20, 31RH, 32SH, 41SH, 42RH, 51RH, 52SH, CT0001","NY",2630100185,"01/01/2018 - 12/31/2020","15,570.65","15,644","533,408.173","8,970,392",0.000,0.000,"Complete"
2021,"Astoria Generating Station",8906,"20, 31RH, 32SH, 41SH, 42RH, 51RH, 52SH, CT0001","NY",2630100185,"01/01/2021 - 12/31/2023","13,367.73","13,450","504,255.293","8,451,666",0.000,0.000,"Complete"
2022,"Astoria Generating Station",8906,"20, 31RH, 32SH, 41SH, 42RH, 51RH, 52SH, CT0001","NY",2630100185,"01/01/2021 - 12/31/2023","15,937.57","16,031","603,055.786","10,019,246",0.000,0.000,"Complete"
2023,"Astoria Generating Station",8906,"20, 31RH, 32SH, 41SH, 42RH, 51RH, 52SH, CT0001","NY",2630100185,"01/01/2021 - 12/31/2023","12,966.14","13,095","537,360.642","8,720,797",0.000,0.000,"Complete"
2024,"Astoria Generating Station",8906,"20, 31RH, 32SH, 41SH, 42RH, 51RH, 52SH, CT0001","NY",2630100185,"01/01/2024 - 12/31/2026","15,628.20","15,765","608,241.159","10,233,035",0.000,0.000,"Complete"
2009,"Energy Center Dover LLC",10030,"2, 3","DE",1000100127,"01/01/2009 - 12/31/2011",455.46,564,"11,817.163","189,817",0.000,0.000,"Complete"
2010,"Energy Center Dover LLC",10030,"2, 3","DE",1000100127,"01/01/2009 - 12/31/2011",834.11,991,"20,480.441","337,597",0.000,0.000,"Complete"
2011,"Energy Center Dover LLC",10030,"2, 3","DE",1000100127,"01/01/2009 - 12/31/2011",704.52,829,"17,393.261","288,270",0.000,0.000,"Complete"
2012,"Energy Center Dover LLC",10030,"2, 3","DE",1000100127,"01/01/2012 - 12/31/2014",877.48,"1,045","21,054.522","353,343",0.000,0.000,"Complete"
2013,"Energy Center Dover LLC",10030,"2, 3","DE",1000100127,"01/01/2012 - 12/31/2014","2,146.73","2,333","53,520.697","899,576",0.000,0.000,"Complete"
2014,"Energy Center Dover LLC",10030,"2, 3","DE",1000100127,"01/01/2012 - 12/31/2014","3,846.51","4,157","99,648.542","1,651,520",0.000,0.000,"Complete"
2015,"Energy Center Dover LLC",10030,"2, 3","DE",1000100127,"01/01/2015 - 12/31/2017","5,183.92","5,486","129,718.509","2,169,318",0.000,0.000,"Complete"
2016,"Energy Center Dover LLC",10030,"2, 3","DE",1000100127,"01/01/2015 - 12/31/2017","4,672.38","4,933","127,924.714","2,134,664",0.000,0.000,"Complete"
2017,"Energy Center Dover LLC",10030,"2, 3","DE",1000100127,"01/01/2015 - 12/31/2017","1,453.91","1,615","37,855.293","634,141",0.000,0.000,"Complete"
2018,"Energy Center Dover LLC",10030,"2, 3","DE",1000100127,"01/01/2018 - 12/31/2020","1,952.98","2,217","49,153.986","817,598",0.000,0.000,"Complete"
2019,"Energy Center Dover LLC",10030,"2, 3","DE",1000100127,"01/01/2018 - 12/31/2020","2,219.91","2,471","57,427.178","965,292",0.000,0.000,"Complete"
2020,"Energy Center Dover LLC",10030,"2, 3","DE",1000100127,"01/01/2018 - 12/31/2020","1,932.17","2,211","50,212.926","844,882",0.000,0.000,"Complete"
2021,"Energy Center Dover LLC",10030,"2, 3","DE",1000100127,"01/01/2021 - 12/31/2023","2,784.40","3,133","69,400.547","1,165,264",0.000,0.000,"Complete"
2022,"Energy Center Dover LLC",10030,"2, 3","DE",1000100127,"01/01/2021 - 12/31/2023","2,647.41","2,986","61,609.720","1,029,450",0.000,0.000,"Complete"
2023,"Energy Center Dover LLC",10030,"2, 3","DE",1000100127,"01/01/2021 - 12/31/2023","2,175.98","2,468","53,041.426","891,809",0.000,0.000,"Complete"
2024,"Energy Center Dover LLC",10030,"2, 3","DE",1000100127,"01/01/2024 - 12/31/2026","2,611.68","3,003","65,365.572","1,098,772",0.000,0.000,"Complete"
2009,"Logan Generating Plant",10043,1001,"NJ",55834,"01/01/2009 - 12/31/2011","8,250.25","8,255","1,095,102.650","10,673,611",0.000,0.000,"Complete"
2010,"Logan Generating Plant",10043,1001,"NJ",55834,"01/01/2009 - 12/31/2011","7,538.75","7,556","1,135,936.300","11,042,510",0.000,0.000,"Complete"
2011,"Logan Generating Plant",10043,1001,"NJ",55834,"01/01/2009 - 12/31/2011","8,204.50","8,215","1,011,927.900","9,863,512",0.000,0.000,"Complete"
2020,"Logan Generating Plant",10043,1001,"NJ",55834,"01/01/2018 - 12/31/2020","8,181.79","8,197","612,697.089","5,979,732",0.000,0.000,"Complete"
2021,"Logan Generating Plant",10043,1001,"NJ",55834,"01/01/2021 - 12/31/2023","7,949.56","7,972","738,365.855","7,225,656",0.000,0.000,"Complete"
2022,"Logan Generating Plant",10043,1001,"NJ",55834,"01/01/2021 - 12/31/2023","2,290.99","2,305","263,170.495","2,573,896",0.000,0.000,"Complete"
2009,"Pedricktown Cogeneration Plant",10099,001001,"NJ",65497,"01/01/2009 - 12/31/2011",934.00,"1,054","48,035.039","807,538",0.000,0.000,"Complete"
2010,"Pedricktown Cogeneration Plant",10099,001001,"NJ",65497,"01/01/2009 - 12/31/2011","1,674.09","1,815","90,022.932","1,505,379",0.000,0.000,"Complete"
2011,"Pedricktown Cogeneration Plant",10099,001001,"NJ",65497,"01/01/2009 - 12/31/2011","1,918.32","2,020","102,514.206","1,721,369",0.000,0.000,"Complete"
2020,"Pedricktown Cogeneration Plant",10099,001001,"NJ",65497,"01/01/2018 - 12/31/2020",587.81,641,"32,001.772","538,472",0.000,0.000,"Complete"
2021,"Pedricktown Cogeneration Plant",10099,001001,"NJ",65497,"01/01/2021 - 12/31/2023",478.13,526,"25,034.361","418,891",0.000,0.000,"Complete"
2022,"Pedricktown Cogeneration Plant",10099,001001,"NJ",65497,"01/01/2021 - 12/31/2023",137.30,152,"7,616.127","128,151",0.000,0.000,"Complete"
2022,"Gilberton Power Company",10113,"031, 032","PA"," ","01/01/2021 - 12/31/2023","8,496.15","8,502","474,959.182","4,220,810",0.000,0.000,"Complete"
2023,"Gilberton Power Company",10113,"031, 032","PA"," ","01/01/2021 - 12/31/2023","16,348.05","16,370","960,451.805","8,298,982",0.000,0.000,"Complete"
2022,"Colver Green Energy",10143,"AAB01","PA"," ","01/01/2021 - 12/31/2023","4,273.55","4,279","542,785.922","5,154,890",0.000,0.000,"Complete"
2023,"Colver Green Energy",10143,"AAB01","PA"," ","01/01/2021 - 12/31/2023","7,997.38","8,024","986,547.682","9,363,005",0.000,0.000,"Complete"
2009,"MBTA South Boston Power Facility",10176,"A, B","MA","119-01667","01/01/2009 - 12/31/2011",138.13,247,"4,432.700","54,699",0.000,0.000,"Complete"
2010,"MBTA South Boston Power Facility",10176,"A, B","MA","119-01667","01/01/2009 - 12/31/2011",191.62,279,"6,149.800","75,883",0.000,0.000,"Complete"
2011,"MBTA South Boston Power Facility",10176,"A, B","MA","119-01667","01/01/2009 - 12/31/2011",34.94,53,"1,121.100","13,837",0.000,0.000,"Complete"
2012,"MBTA South Boston Power Facility",10176,"A, B","MA","119-01667","01/01/2012 - 12/31/2014",27.95,54,896.800,"11,069",0.000,0.000,"Complete"
2013,"MBTA South Boston Power Facility",10176,"A, B","MA","119-01667","01/01/2012 - 12/31/2014",11.30,19,362.800,"4,474",0.000,0.000,"Complete"
2014,"MBTA South Boston Power Facility",10176,"A, B","MA","119-01667","01/01/2012 - 12/31/2014",115.44,179,"3,705.100","45,714",0.000,0.000,"Complete"
2015,"MBTA South Boston Power Facility",10176,"A, B","MA","119-01667","01/01/2015 - 12/31/2017",87.20,136,"2,798.500","34,531",0.000,0.000,"Complete"
2016,"MBTA South Boston Power Facility",10176,"A, B","MA","119-01667","01/01/2015 - 12/31/2017",34.23,65,"1,098.700","13,555",0.000,0.000,"Complete"
2017,"MBTA South Boston Power Facility",10176,"A, B","MA","119-01667","01/01/2015 - 12/31/2017",77.08,113,"2,473.800","30,523",0.000,0.000,"Complete"
2018,"MBTA South Boston Power Facility",10176,"A, B","MA","119-01667","01/01/2018 - 12/31/2020",44.77,65,"1,436.700","17,730",0.000,0.000,"Complete"
2019,"MBTA South Boston Power Facility",10176,"A, B","MA","119-01667","01/01/2018 - 12/31/2020",16.46,30,528.300,"6,519",0.000,0.000,"Complete"
2020,"MBTA South Boston Power Facility",10176,"A, B","MA","119-01667","01/01/2018 - 12/31/2020",14.94,28,479.700,"5,916",0.000,0.000,"Complete"
2021,"MBTA South Boston Power Facility",10176,"A, B","MA","119-01667","01/01/2021 - 12/31/2023",14.72,24,472.400,"5,829",0.000,0.000,"Complete"
2022,"MBTA South Boston Power Facility",10176,"A, B","MA","119-01667","01/01/2021 - 12/31/2023",26.70,44,857.000,"10,573",0.000,0.000,"Complete"
2023,"MBTA South Boston Power Facility",10176,"A, B","MA","119-01667","01/01/2021 - 12/31/2023",19.05,32,611.300,"7,544",0.000,0.000,"Complete"
2024,"MBTA South Boston Power Facility",10176,"A, B","MA","119-01667","01/01/2024 - 12/31/2026",34.47,55,"1,105.800","13,651",0.000,0.000,"Complete"
2009,"Castleton Power, LLC",10190,1,"NY",4384400008,"01/01/2009 - 12/31/2011","1,137.37","1,273","31,464.224","528,908",0.000,0.000,"Complete"
2010,"Castleton Power, LLC",10190,1,"NY",4384400008,"01/01/2009 - 12/31/2011","2,578.05","2,833","72,444.183","1,218,627",0.000,0.000,"Complete"
2011,"Castleton Power, LLC",10190,1,"NY",4384400008,"01/01/2009 - 12/31/2011","1,684.57","1,901","45,694.940","767,748",0.000,0.000,"Complete"
2012,"Castleton Power, LLC",10190,1,"NY",4384400008,"01/01/2012 - 12/31/2014","2,770.26","2,949","74,568.194","1,254,384",0.000,0.000,"Complete"
2013,"Castleton Power, LLC",10190,1,"NY",4384400008,"01/01/2012 - 12/31/2014","2,023.37","2,198","56,461.669","947,060",0.000,0.000,"Complete"
2014,"Castleton Power, LLC",10190,1,"NY",4384400008,"01/01/2012 - 12/31/2014","4,148.39","4,379","123,785.976","2,039,078",0.000,0.000,"Complete"
2015,"Castleton Power, LLC",10190,1,"NY",4384400008,"01/01/2015 - 12/31/2017","4,806.52","4,871","153,265.815","2,549,479",0.000,0.000,"Complete"
2016,"Castleton Power, LLC",10190,1,"NY",4384400008,"01/01/2015 - 12/31/2017","4,603.57","4,674","140,538.844","2,364,623",0.000,0.000,"Complete"
2017,"Castleton Power, LLC",10190,1,"NY",4384400008,"01/01/2015 - 12/31/2017","2,735.56","2,760","87,340.804","1,463,237",0.000,0.000,"Complete"
2018,"Castleton Power, LLC",10190,1,"NY",4384400008,"01/01/2018 - 12/31/2020","2,273.62","2,301","73,756.805","1,231,301",0.000,0.000,"Complete"
2019,"Castleton Power, LLC",10190,1,"NY",4384400008,"01/01/2018 - 12/31/2020","2,372.31","2,417","72,312.390","1,216,663",0.000,0.000,"Complete"
2020,"Castleton Power, LLC",10190,1,"NY",4384400008,"01/01/2018 - 12/31/2020","1,481.90","1,541","43,928.712","739,156",0.000,0.000,"Complete"
2021,"Castleton Power, LLC",10190,1,"NY",4384400008,"01/01/2021 - 12/31/2023","2,620.09","2,742","81,698.482","1,374,700",0.000,0.000,"Complete"
2022,"Castleton Power, LLC",10190,1,"NY",4384400008,"01/01/2021 - 12/31/2023","3,136.51","3,296","98,307.944","1,653,893",0.000,0.000,"Complete"
2023,"Castleton Power, LLC",10190,1,"NY",4384400008,"01/01/2021 - 12/31/2023","1,634.46","1,704","50,310.811","844,956",0.000,0.000,"Complete"
2024,"Castleton Power, LLC",10190,1,"NY",4384400008,"01/01/2024 - 12/31/2026","1,513.76","1,585","47,866.668","805,452",0.000,0.000,"Complete"
2009,"Bellingham",10307,"1, 2","MA",12001550,"01/01/2009 - 12/31/2011","2,079.76","2,180","136,875.440","2,291,508",0.000,0.000,"Complete"
2010,"Bellingham",10307,"1, 2","MA",12001550,"01/01/2009 - 12/31/2011","7,384.57","7,590","477,526.908","8,034,338",0.000,0.000,"Complete"
2011,"Bellingham",10307,"1, 2","MA",12001550,"01/01/2009 - 12/31/2011","4,752.97","5,026","309,498.719","5,206,216",0.000,0.000,"Complete"
2012,"Bellingham",10307,"1, 2","MA",12001550,"01/01/2012 - 12/31/2014","3,044.08","3,256","196,869.568","3,312,203",0.000,0.000,"Complete"
2013,"Bellingham",10307,"1, 2","MA",12001550,"01/01/2012 - 12/31/2014","2,007.68","2,100","134,069.813","2,228,784",0.000,0.000,"Complete"
2014,"Bellingham",10307,"1, 2","MA",12001550,"01/01/2012 - 12/31/2014","3,125.55","3,239","215,699.484","3,491,527",0.000,0.000,"Complete"
2015,"Bellingham",10307,"1, 2","MA",12001550,"01/01/2015 - 12/31/2017","8,143.95","8,193","572,548.851","9,592,176",0.000,0.000,"Complete"
2016,"Bellingham",10307,"1, 2","MA",12001550,"01/01/2015 - 12/31/2017","5,128.14","5,283","329,400.044","5,540,558",0.000,0.000,"Complete"
2017,"Bellingham",10307,"1, 2","MA",12001550,"01/01/2015 - 12/31/2017","6,307.25","6,388","389,415.297","6,550,390",0.000,0.000,"Complete"
2018,"Bellingham",10307,"1, 2","MA",12001550,"01/01/2018 - 12/31/2020","1,047.03","1,097","69,821.875","1,107,568",0.000,0.000,"Complete"
2019,"Bellingham",10307,"1, 2","MA",12001550,"01/01/2018 - 12/31/2020",455.03,489,"27,899.763","466,803",0.000,0.000,"Complete"
2020,"Bellingham",10307,"1, 2","MA",12001550,"01/01/2018 - 12/31/2020",474.37,498,"28,751.054","481,656",0.000,0.000,"Complete"
2021,"Bellingham",10307,"1, 2","MA",12001550,"01/01/2021 - 12/31/2023","1,067.78","1,097","68,088.058","1,143,929",0.000,0.000,"Complete"
2022,"Bellingham",10307,"1, 2","MA",12001550,"01/01/2021 - 12/31/2023","1,709.90","1,762","112,676.495","1,869,680",0.000,0.000,"Complete"
2023,"Bellingham",10307,"1, 2","MA",12001550,"01/01/2021 - 12/31/2023",807.17,838,"52,535.762","859,863",0.000,0.000,"Complete"
2024,"Bellingham",10307,"1, 2","MA",12001550,"01/01/2024 - 12/31/2026","2,908.78","2,942","186,414.821","3,135,213",0.000,0.000,"Complete"
2009,"Sayreville Power LP",10308,"1001, 1002","NJ",18072,"01/01/2009 - 12/31/2011","6,936.19","7,382","458,896.811","7,721,829",0.000,0.000,"Complete"
2010,"Sayreville Power LP",10308,"1001, 1002","NJ",18072,"01/01/2009 - 12/31/2011","7,753.68","8,161","494,430.157","8,319,765",0.000,0.000,"Complete"
2011,"Sayreville Power LP",10308,"1001, 1002","NJ",18072,"01/01/2009 - 12/31/2011","8,069.08","8,518","512,300.317","8,620,496",0.000,0.000,"Complete"
2020,"Sayreville Power LP",10308,"1001, 1002","NJ",18072,"01/01/2018 - 12/31/2020","2,567.22","2,748","173,577.202","2,920,807",0.000,0.000,"Complete"
2021,"Sayreville Power LP",10308,"1001, 1002","NJ",18072,"01/01/2021 - 12/31/2023","5,284.36","5,639","345,172.410","5,808,160",0.000,0.000,"Complete"
2022,"Sayreville Power LP",10308,"1001, 1002","NJ",18072,"01/01/2021 - 12/31/2023","5,192.62","5,561","341,301.227","5,743,017",0.000,0.000,"Complete"
2023,"Sayreville Power LP",10308,"1001, 1002","NJ",18072,"01/01/2021 - 12/31/2023","7,508.60","8,001","483,822.585","8,141,201",0.000,0.000,"Complete"
2024,"Sayreville Power LP",10308,"1001, 1002","NJ",18072,"01/01/2024 - 12/31/2026","4,317.42","4,649","273,326.503","4,599,182",0.000,0.000,"Complete"
2022,"Mt. Carmel Cogeneration",10343,"SG-101","PA"," ","01/01/2021 - 12/31/2023","2,369.93","2,401","225,597.784","1,916,623",0.000,0.000,"Complete"
2023,"Mt. Carmel Cogeneration",10343,"SG-101","PA"," ","01/01/2021 - 12/31/2023","3,781.79","3,828","286,382.573","2,513,196",0.000,0.000,"Complete"
2009,"Black River Generation, LLC",10464,"E0001, E0002, E0003","NY",6224000009,"01/01/2009 - 12/31/2011","4,555.04","4,599","105,708.320","1,011,237",0.000,0.000,"Complete"
2010,"Black River Generation, LLC",10464,"E0001, E0002, E0003","NY",6224000009,"01/01/2009 - 12/31/2011","4,918.84","4,956","124,180.801","1,182,594",0.000,0.000,"Complete"
2011,"Black River Generation, LLC",10464,"E0001, E0002, E0003","NY",6224000009,"01/01/2009 - 12/31/2011",0.00,0,0.000,0,0.000,0.000,"Complete"
2012,"Black River Generation, LLC",10464,"E0001, E0002, E0003","NY",6224000009,"01/01/2012 - 12/31/2014",0.00,0,0.000,0,0.000,0.000,"Complete"
2013,"Black River Generation, LLC",10464,"E0001, E0002, E0003","NY",6224000009,"01/01/2012 - 12/31/2014","14,160.33","14,246","333,686.441","3,392,039","283,031.830",0.000,"Complete"
2014,"Black River Generation, LLC",10464,"E0001, E0002, E0003","NY",6224000009,"01/01/2012 - 12/31/2014","22,840.90","22,893","501,515.449","4,699,793","416,112.770",0.000,"Complete"
2015,"Black River Generation, LLC",10464,"E0001, E0002, E0003","NY",6224000009,"01/01/2015 - 12/31/2017","23,368.24","23,433","529,106.041","4,904,250","466,608.690",0.000,"Complete"
2016,"Black River Generation, LLC",10464,"E0001, E0002, E0003","NY",6224000009,"01/01/2015 - 12/31/2017","24,393.55","24,430","615,716.812","5,735,509","528,498.310",0.000,"Complete"
2017,"Black River Generation, LLC",10464,"E0001, E0002, E0003","NY",6224000009,"01/01/2015 - 12/31/2017","24,767.50","24,807","626,855.965","5,881,478","512,681.570",0.000,"Complete"
2018,"Black River Generation, LLC",10464,"E0001, E0002, E0003","NY",6224000009,"01/01/2018 - 12/31/2020","24,921.34","24,959","636,233.576","5,985,775","511,902.350",0.000,"Complete"
2019,"Black River Generation, LLC",10464,"E0001, E0002, E0003","NY",6224000009,"01/01/2018 - 12/31/2020","24,074.04","24,128","543,723.062","5,122,422","429,908.970",0.000,"Complete"
2020,"Black River Generation, LLC",10464,"E0001, E0002, E0003","NY",6224000009,"01/01/2018 - 12/31/2020","24,560.13","24,607","594,534.783","5,644,634","501,399.600",0.000,"Complete"
2021,"Black River Generation, LLC",10464,"E0001, E0002, E0003","NY",6224000009,"01/01/2021 - 12/31/2023","23,533.69","23,583","613,781.390","5,817,354","472,753.740",0.000,"Complete"
2022,"Black River Generation, LLC",10464,"E0001, E0002, E0003","NY",6224000009,"01/01/2021 - 12/31/2023","23,664.39","23,712","506,983.422","4,782,880","403,535.310",0.000,"Complete"
2023,"Black River Generation, LLC",10464,"E0001, E0002, E0003","NY",6224000009,"01/01/2021 - 12/31/2023","7,282.15","7,294","143,898.539","1,365,618","84,346.260",0.000,"Complete"
2009,"Severstal Sparrows Point LLC (MD LIESA source- not subject to 2009-2012 RGGI CO2 allowance compliance obligation)",10485,"BLR1, BLR2, BLR3, BLR4","MD","05-0147","01/01/2009 - 12/31/2011","No Data","No Data","No Data","No Data","No Data","No Data","Incomplete"
2010,"Severstal Sparrows Point LLC (MD LIESA source- not subject to 2009-2012 RGGI CO2 allowance compliance obligation)",10485,"BLR1, BLR2, BLR3, BLR4","MD","05-0147","01/01/2009 - 12/31/2011","No Data","No Data","No Data","No Data","No Data","No Data","Incomplete"
2011,"Severstal Sparrows Point LLC (MD LIESA source- not subject to 2009-2012 RGGI CO2 allowance compliance obligation)",10485,"BLR1, BLR2, BLR3, BLR4","MD","05-0147","01/01/2009 - 12/31/2011","9,694.92","9,763","896,818.081","3,388,352",0.000,0.000,"Complete"
2012,"Severstal Sparrows Point LLC (MD LIESA source- not subject to 2009-2012 RGGI CO2 allowance compliance obligation)",10485,"BLR1, BLR2, BLR3, BLR4","MD","05-0147","01/01/2012 - 12/31/2014","6,140.14","6,185","655,870.484","2,429,937",0.000,0.000,"Complete"
2013,"Severstal Sparrows Point LLC (MD LIESA source- not subject to 2009-2012 RGGI CO2 allowance compliance obligation)",10485,"BLR1, BLR2, BLR3, BLR4","MD","05-0147","01/01/2012 - 12/31/2014","No Data","No Data","No Data","No Data","No Data","No Data","Incomplete"
2014,"Severstal Sparrows Point LLC (MD LIESA source- not subject to 2009-2012 RGGI CO2 allowance compliance obligation)",10485,"BLR1, BLR2, BLR3, BLR4","MD","05-0147","01/01/2012 - 12/31/2014","No Data","No Data","No Data","No Data","No Data","No Data","Incomplete"
2009,"Carneys Point",10566,"1001, 1002","NJ",65498,"01/01/2009 - 12/31/2011","16,158.75","16,191","1,483,559.525","14,456,641",0.000,0.000,"Complete"
2010,"Carneys Point",10566,"1001, 1002","NJ",65498,"01/01/2009 - 12/31/2011","16,678.50","16,693","1,570,485.250","15,296,445",0.000,0.000,"Complete"
2011,"Carneys Point",10566,"1001, 1002","NJ",65498,"01/01/2009 - 12/31/2011","16,066.00","16,097","1,202,123.050","11,710,921",0.000,0.000,"Complete"
2020,"Carneys Point",10566,"1001, 1002","NJ",65498,"01/01/2018 - 12/31/2020","16,853.13","16,873","861,741.167","8,400,665",0.000,0.000,"Complete"
2021,"Carneys Point",10566,"1001, 1002","NJ",65498,"01/01/2021 - 12/31/2023","12,747.66","12,776","757,461.572","7,386,526",0.000,0.000,"Complete"
2022,"Carneys Point",10566,"1001, 1002","NJ",65498,"01/01/2021 - 12/31/2023","7,286.90","7,298","473,667.178","4,617,893",0.000,0.000,"Complete"
2009,"Ahlstrom Power Windsor Locks, LLC",10567,"GT1","CT","213-1","01/01/2009 - 12/31/2011","8,537.25","8,542","221,521.825","3,723,099",0.000,0.000,"Complete"
2010,"Ahlstrom Power Windsor Locks, LLC",10567,"GT1","CT","213-1","01/01/2009 - 12/31/2011","8,331.75","8,335","189,124.425","3,171,618",0.000,0.000,"Complete"
2011,"Ahlstrom Power Windsor Locks, LLC",10567,"GT1","CT","213-1","01/01/2009 - 12/31/2011","8,578.00","8,581","214,275.150","3,597,991",0.000,0.000,"Complete"
2012,"Ahlstrom Power Windsor Locks, LLC",10567,"GT1","CT","213-1","01/01/2012 - 12/31/2014","2,745.50","2,754","66,007.875","1,108,989",0.000,0.000,"Complete"
2013,"Ahlstrom Power Windsor Locks, LLC",10567,"GT1","CT","213-1","01/01/2012 - 12/31/2014",46.50,57,941.600,"13,744",0.000,0.000,"Complete"
2014,"Ahlstrom Power Windsor Locks, LLC",10567,"GT1","CT","213-1","01/01/2012 - 12/31/2014",256.75,287,"6,608.450","93,017",0.000,0.000,"Complete"
2015,"Ahlstrom Power Windsor Locks, LLC",10567,"GT1","CT","213-1","01/01/2015 - 12/31/2017",219.50,245,"4,773.575","75,975",0.000,0.000,"Complete"
2016,"Ahlstrom Power Windsor Locks, LLC",10567,"GT1","CT","213-1","01/01/2015 - 12/31/2017",602.75,667,"12,919.300","216,849",0.000,0.000,"Complete"
2017,"Ahlstrom Power Windsor Locks, LLC",10567,"GT1","CT","213-1","01/01/2015 - 12/31/2017",278.04,346,"6,061.924","100,890",0.000,0.000,"Complete"
2018,"Ahlstrom Power Windsor Locks, LLC",10567,"GT1","CT","213-1","01/01/2018 - 12/31/2020","1,234.01","1,338","27,334.738","445,632",0.000,0.000,"Complete"
2019,"Ahlstrom Power Windsor Locks, LLC",10567,"GT1","CT","213-1","01/01/2018 - 12/31/2020",192.31,223,"3,767.044","61,822",0.000,0.000,"Complete"
2020,"Ahlstrom Power Windsor Locks, LLC",10567,"GT1","CT","213-1","01/01/2018 - 12/31/2020",294.40,323,"5,184.077","86,882",0.000,0.000,"Complete"
2021,"Ahlstrom Power Windsor Locks, LLC",10567,"GT1","CT","213-1","01/01/2021 - 12/31/2023","1,063.27","1,139","18,065.583","302,678",0.000,0.000,"Complete"
2022,"Ahlstrom Power Windsor Locks, LLC",10567,"GT1","CT","213-1","01/01/2021 - 12/31/2023",751.27,821,"15,088.519","239,872",0.000,0.000,"Complete"
2023,"Ahlstrom Power Windsor Locks, LLC",10567,"GT1","CT","213-1","01/01/2021 - 12/31/2023",233.40,278,"4,397.809","72,780",0.000,0.000,"Complete"
2024,"Ahlstrom Power Windsor Locks, LLC",10567,"GT1","CT","213-1","01/01/2024 - 12/31/2026",436.81,475,"8,512.864","143,055",0.000,0.000,"Complete"
2022,"Ebensburg Power Company",10603,031,"PA"," ","01/01/2021 - 12/31/2023","3,917.99","3,926","253,608.230","2,405,000",0.000,0.000,"Complete"
2023,"Ebensburg Power Company",10603,031,"PA"," ","01/01/2021 - 12/31/2023","6,403.65","6,408","434,639.725","4,121,662",0.000,0.000,"Complete"
2009,"Beaver Falls, LLC",10617,1,"NY",6232000018,"01/01/2009 - 12/31/2011",379.82,431,"11,432.224","185,132",0.000,0.000,"Complete"
2010,"Beaver Falls, LLC",10617,1,"NY",6232000018,"01/01/2009 - 12/31/2011",36.14,56,"1,123.137","17,768",0.000,0.000,"Complete"
2011,"Beaver Falls, LLC",10617,1,"NY",6232000018,"01/01/2009 - 12/31/2011",61.09,75,"1,781.207","29,972",0.000,0.000,"Complete"
2012,"Beaver Falls, LLC",10617,1,"NY",6232000018,"01/01/2012 - 12/31/2014",119.11,134,"3,546.881","59,680",0.000,0.000,"Complete"
2013,"Beaver Falls, LLC",10617,1,"NY",6232000018,"01/01/2012 - 12/31/2014",112.31,120,"3,397.429","57,174",0.000,0.000,"Complete"
2014,"Beaver Falls, LLC",10617,1,"NY",6232000018,"01/01/2012 - 12/31/2014",22.31,25,744.823,"12,531",0.000,0.000,"Complete"
2015,"Beaver Falls, LLC",10617,1,"NY",6232000018,"01/01/2015 - 12/31/2017",54.55,61,"1,696.812","28,552",0.000,0.000,"Complete"
2016,"Beaver Falls, LLC",10617,1,"NY",6232000018,"01/01/2015 - 12/31/2017",47.27,55,"1,563.431","26,311",0.000,0.000,"Complete"
2017,"Beaver Falls, LLC",10617,1,"NY",6232000018,"01/01/2015 - 12/31/2017",102.66,112,"3,198.349","53,821",0.000,0.000,"Complete"
2018,"Beaver Falls, LLC",10617,1,"NY",6232000018,"01/01/2018 - 12/31/2020",187.84,205,"5,963.211","100,335",0.000,0.000,"Complete"
2019,"Beaver Falls, LLC",10617,1,"NY",6232000018,"01/01/2018 - 12/31/2020",33.00,38,"1,091.111","18,357",0.000,0.000,"Complete"
2020,"Beaver Falls, LLC",10617,1,"NY",6232000018,"01/01/2018 - 12/31/2020",32.15,33,"1,180.788","19,862",0.000,0.000,"Complete"
2021,"Beaver Falls, LLC",10617,1,"NY",6232000018,"01/01/2021 - 12/31/2023",76.71,85,"2,396.511","40,320",0.000,0.000,"Complete"
2022,"Beaver Falls, LLC",10617,1,"NY",6232000018,"01/01/2021 - 12/31/2023",94.43,99,"3,028.926","50,966",0.000,0.000,"Complete"
2023,"Beaver Falls, LLC",10617,1,"NY",6232000018,"01/01/2021 - 12/31/2023",79.13,83,"2,510.974","42,255",0.000,0.000,"Complete"
2024,"Beaver Falls, LLC",10617,1,"NY",6232000018,"01/01/2024 - 12/31/2026",150.06,161,"4,503.894","75,783",0.000,0.000,"Complete"
2009,"Allegany Station No. 133",10619,00001,"NY",9025800018,"01/01/2009 - 12/31/2011","1,057.83","1,107","26,492.052","445,803",0.000,0.000,"Complete"
2010,"Allegany Station No. 133",10619,00001,"NY",9025800018,"01/01/2009 - 12/31/2011",918.29,969,"24,580.835","413,640",0.000,0.000,"Complete"
2011,"Allegany Station No. 133",10619,00001,"NY",9025800018,"01/01/2009 - 12/31/2011","1,880.00","2,036","38,983.204","655,965",0.000,0.000,"Complete"
2012,"Allegany Station No. 133",10619,00001,"NY",9025800018,"01/01/2012 - 12/31/2014","1,906.10","2,047","39,818.570","670,027",0.000,0.000,"Complete"
2013,"Allegany Station No. 133",10619,00001,"NY",9025800018,"01/01/2012 - 12/31/2014",9.44,13,213.118,"3,585",0.000,0.000,"Complete"
2014,"Allegany Station No. 133",10619,00001,"NY",9025800018,"01/01/2012 - 12/31/2014","2,044.05","2,139","48,451.623","815,302",0.000,0.000,"Complete"
2015,"Allegany Station No. 133",10619,00001,"NY",9025800018,"01/01/2015 - 12/31/2017","2,227.39","2,359","53,649.728","902,772",0.000,0.000,"Complete"
2016,"Allegany Station No. 133",10619,00001,"NY",9025800018,"01/01/2015 - 12/31/2017","1,826.04","1,952","43,533.443","732,533",0.000,0.000,"Complete"
2017,"Allegany Station No. 133",10619,00001,"NY",9025800018,"01/01/2015 - 12/31/2017",692.35,774,"17,072.000","287,271",0.000,0.000,"Complete"
2018,"Allegany Station No. 133",10619,00001,"NY",9025800018,"01/01/2018 - 12/31/2020",822.10,899,"18,691.601","314,519",0.000,0.000,"Complete"
2019,"Allegany Station No. 133",10619,00001,"NY",9025800018,"01/01/2018 - 12/31/2020",386.80,447,"8,459.997","142,365",0.000,0.000,"Complete"
2020,"Allegany Station No. 133",10619,00001,"NY",9025800018,"01/01/2018 - 12/31/2020",420.57,475,"9,364.501","157,585",0.000,0.000,"Complete"
2021,"Allegany Station No. 133",10619,00001,"NY",9025800018,"01/01/2021 - 12/31/2023",348.74,401,"7,734.072","130,143",0.000,0.000,"Complete"
2022,"Allegany Station No. 133",10619,00001,"NY",9025800018,"01/01/2021 - 12/31/2023",919.06,"1,047","21,280.830","358,112",0.000,0.000,"Complete"
2023,"Allegany Station No. 133",10619,00001,"NY",9025800018,"01/01/2021 - 12/31/2023",265.66,311,"5,982.533","100,660",0.000,0.000,"Complete"
2024,"Allegany Station No. 133",10619,00001,"NY",9025800018,"01/01/2024 - 12/31/2026",348.81,398,"7,799.133","131,235",0.000,0.000,"Complete"
2009,"Carthage Energy",10620,1,"NY",6226000024,"01/01/2009 - 12/31/2011",98.72,116,"2,704.926","42,790",0.000,0.000,"Complete"
2010,"Carthage Energy",10620,1,"NY",6226000024,"01/01/2009 - 12/31/2011",293.20,352,"6,605.525","111,011",0.000,0.000,"Complete"
2011,"Carthage Energy",10620,1,"NY",6226000024,"01/01/2009 - 12/31/2011",150.29,171,"3,559.134","59,893",0.000,0.000,"Complete"
2012,"Carthage Energy",10620,1,"NY",6226000024,"01/01/2012 - 12/31/2014",547.54,621,"13,030.465","219,263",0.000,0.000,"Complete"
2013,"Carthage Energy",10620,1,"NY",6226000024,"01/01/2012 - 12/31/2014",67.88,81,"1,710.297","28,776",0.000,0.000,"Complete"
2014,"Carthage Energy",10620,1,"NY",6226000024,"01/01/2012 - 12/31/2014",241.92,296,"6,613.115","107,346",0.000,0.000,"Complete"
2015,"Carthage Energy",10620,1,"NY",6226000024,"01/01/2015 - 12/31/2017",238.63,279,"5,609.734","93,160",0.000,0.000,"Complete"
2016,"Carthage Energy",10620,1,"NY",6226000024,"01/01/2015 - 12/31/2017",253.20,299,"5,629.988","94,230",0.000,0.000,"Complete"
2017,"Carthage Energy",10620,1,"NY",6226000024,"01/01/2015 - 12/31/2017",121.76,150,"2,709.884","45,596",0.000,0.000,"Complete"
2018,"Carthage Energy",10620,1,"NY",6226000024,"01/01/2018 - 12/31/2020",468.05,541,"10,733.032","180,611",0.000,0.000,"Complete"
2019,"Carthage Energy",10620,1,"NY",6226000024,"01/01/2018 - 12/31/2020",78.08,87,"1,747.254","29,396",0.000,0.000,"Complete"
2020,"Carthage Energy",10620,1,"NY",6226000024,"01/01/2018 - 12/31/2020",114.82,138,"2,551.519","42,940",0.000,0.000,"Complete"
2021,"Carthage Energy",10620,1,"NY",6226000024,"01/01/2021 - 12/31/2023",116.34,138,"2,684.060","45,166",0.000,0.000,"Complete"
2022,"Carthage Energy",10620,1,"NY",6226000024,"01/01/2021 - 12/31/2023",66.42,77,"1,541.585","25,931",0.000,0.000,"Complete"
2023,"Carthage Energy",10620,1,"NY",6226000024,"01/01/2021 - 12/31/2023",60.24,75,"1,300.400","21,885",0.000,0.000,"Complete"
2024,"Carthage Energy",10620,1,"NY",6226000024,"01/01/2024 - 12/31/2026",77.20,90,"1,821.404","30,646",0.000,0.000,"Complete"
2009,"Syracuse, LLC",10621,1,"NY",7313200035,"01/01/2009 - 12/31/2011",428.45,495,"12,698.901","213,067",0.000,0.000,"Complete"
2010,"Syracuse, LLC",10621,1,"NY",7313200035,"01/01/2009 - 12/31/2011",128.60,142,"3,840.256","64,618",0.000,0.000,"Complete"
2011,"Syracuse, LLC",10621,1,"NY",7313200035,"01/01/2009 - 12/31/2011",147.12,166,"4,656.939","78,359",0.000,0.000,"Complete"
2012,"Syracuse, LLC",10621,1,"NY",7313200035,"01/01/2012 - 12/31/2014",250.45,282,"8,205.263","138,062",0.000,0.000,"Complete"
2013,"Syracuse, LLC",10621,1,"NY",7313200035,"01/01/2012 - 12/31/2014",385.85,410,"13,063.620","219,826",0.000,0.000,"Complete"
2014,"Syracuse, LLC",10621,1,"NY",7313200035,"01/01/2012 - 12/31/2014",654.05,679,"20,874.344","351,246",0.000,0.000,"Complete"
2015,"Syracuse, LLC",10621,1,"NY",7313200035,"01/01/2015 - 12/31/2017",412.80,434,"13,716.360","230,788",0.000,0.000,"Complete"
2016,"Syracuse, LLC",10621,1,"NY",7313200035,"01/01/2015 - 12/31/2017",427.41,440,"14,404.662","242,397",0.000,0.000,"Complete"
2017,"Syracuse, LLC",10621,1,"NY",7313200035,"01/01/2015 - 12/31/2017",328.28,344,"10,500.612","176,703",0.000,0.000,"Complete"
2018,"Syracuse, LLC",10621,1,"NY",7313200035,"01/01/2018 - 12/31/2020",514.30,570,"16,759.623","282,012",0.000,0.000,"Complete"
2019,"Syracuse, LLC",10621,1,"NY",7313200035,"01/01/2018 - 12/31/2020",273.32,290,"7,409.839","124,672",0.000,0.000,"Complete"
2020,"Syracuse, LLC",10621,1,"NY",7313200035,"01/01/2018 - 12/31/2020",108.89,116,"3,005.003","50,566",0.000,0.000,"Complete"
2021,"Syracuse, LLC",10621,1,"NY",7313200035,"01/01/2021 - 12/31/2023",205.83,223,"6,600.704","111,074",0.000,0.000,"Complete"
2022,"Syracuse, LLC",10621,1,"NY",7313200035,"01/01/2021 - 12/31/2023",65.79,76,"1,739.505","29,269",0.000,0.000,"Complete"
2023,"Syracuse, LLC",10621,1,"NY",7313200035,"01/01/2021 - 12/31/2023",189.79,208,"6,152.986","103,536",0.000,0.000,"Complete"
2024,"Syracuse, LLC",10621,1,"NY",7313200035,"01/01/2024 - 12/31/2026",245.36,252,"8,543.407","143,751",0.000,0.000,"Complete"
2021,"Hopewell Cogeneration Facility",10633,"1, 2, 3","VA"," ","01/01/2021 - 12/31/2023","8,923.25","9,177","512,643.150","8,613,134",0.000,0.000,"Complete"
2022,"Hopewell Cogeneration Facility",10633,"1, 2, 3","VA"," ","01/01/2021 - 12/31/2023","6,393.00","6,681","372,370.225","6,170,197",0.000,0.000,"Complete"
2023,"Hopewell Cogeneration Facility",10633,"1, 2, 3","VA"," ","01/01/2021 - 12/31/2023","8,482.74","8,769","489,215.674","8,230,876",0.000,0.000,"Complete"
2009,"AES Thames",10675,"UNITA, UNITB","CT","107-44","01/01/2009 - 12/31/2011","16,440.28","16,459","1,588,593.801","15,483,445",0.000,0.000,"Complete"
2010,"AES Thames",10675,"UNITA, UNITB","CT","107-44","01/01/2009 - 12/31/2011","16,279.55","16,310","1,596,730.456","15,562,687",0.000,0.000,"Complete"
2011,"AES Thames",10675,"UNITA, UNITB","CT","107-44","01/01/2009 - 12/31/2011",833.19,837,"68,066.659","663,416",0.000,0.000,"Complete"
2009,"AES Warrior Run",10678,001,"MD",24,"01/01/2009 - 12/31/2011","7,185.30","7,197","1,291,525.165","12,605,988",0.000,0.000,"Complete"
2010,"AES Warrior Run",10678,001,"MD",24,"01/01/2009 - 12/31/2011","8,296.06","8,307","1,562,314.757","15,232,884",0.000,0.000,"Complete"
2011,"AES Warrior Run",10678,001,"MD",24,"01/01/2009 - 12/31/2011","8,425.49","8,431","1,626,206.833","15,857,480",0.000,0.000,"Complete"
2012,"AES Warrior Run",10678,001,"MD",24,"01/01/2012 - 12/31/2014","8,357.02","8,362","1,539,522.399","15,009,598",0.000,0.000,"Complete"
2013,"AES Warrior Run",10678,001,"MD",24,"01/01/2012 - 12/31/2014","8,329.02","8,340","1,624,845.293","15,840,536",0.000,0.000,"Complete"
2014,"AES Warrior Run",10678,001,"MD",24,"01/01/2012 - 12/31/2014","7,692.40","7,706","1,499,060.244","14,615,569",0.000,0.000,"Complete"
2015,"AES Warrior Run",10678,001,"MD",24,"01/01/2015 - 12/31/2017","8,407.43","8,414","1,448,462.941","14,119,606",0.000,0.000,"Complete"
2016,"AES Warrior Run",10678,001,"MD",24,"01/01/2015 - 12/31/2017","7,858.80","7,872","1,192,906.456","11,630,594",0.000,0.000,"Complete"
2017,"AES Warrior Run",10678,001,"MD",24,"01/01/2015 - 12/31/2017","8,207.39","8,215","1,348,725.059","13,150,280",0.000,0.000,"Complete"
2018,"AES Warrior Run",10678,001,"MD",24,"01/01/2018 - 12/31/2020","7,301.86","7,305","1,374,466.382","13,397,733",0.000,0.000,"Complete"
2019,"AES Warrior Run",10678,001,"MD",24,"01/01/2018 - 12/31/2020","8,312.94","8,314","1,340,617.345","13,068,331",0.000,0.000,"Complete"
2020,"AES Warrior Run",10678,001,"MD",24,"01/01/2018 - 12/31/2020","8,386.81","8,389","1,221,680.864","11,908,739",0.000,0.000,"Complete"
2021,"AES Warrior Run",10678,001,"MD",24,"01/01/2021 - 12/31/2023","8,059.76","8,065","1,543,642.920","15,047,254",0.000,0.000,"Complete"
2022,"AES Warrior Run",10678,001,"MD",24,"01/01/2021 - 12/31/2023","7,482.33","7,487","1,537,259.246","14,986,552",0.000,0.000,"Complete"
2023,"AES Warrior Run",10678,001,"MD",24,"01/01/2021 - 12/31/2023","6,429.91","6,440","857,150.516","8,357,782",0.000,0.000,"Complete"
2024,"AES Warrior Run",10678,001,"MD",24,"01/01/2024 - 12/31/2026","3,026.90","3,029","415,155.970","4,047,525",0.000,0.000,"Complete"
2009,"Selkirk Cogen Partners",10725,"CTG101, CTG201, CTG301","NY",4012200078,"01/01/2009 - 12/31/2011","16,040.37","16,245","924,164.337","15,550,864",0.000,0.000,"Complete"
2010,"Selkirk Cogen Partners",10725,"CTG101, CTG201, CTG301","NY",4012200078,"01/01/2009 - 12/31/2011","15,463.53","15,677","885,988.338","14,908,610",0.000,0.000,"Complete"
2011,"Selkirk Cogen Partners",10725,"CTG101, CTG201, CTG301","NY",4012200078,"01/01/2009 - 12/31/2011","18,540.20","18,728","1,035,035.803","17,416,568",0.000,0.000,"Complete"
2012,"Selkirk Cogen Partners",10725,"CTG101, CTG201, CTG301","NY",4012200078,"01/01/2012 - 12/31/2014","15,379.97","15,551","864,583.565","14,548,502",0.000,0.000,"Complete"
2013,"Selkirk Cogen Partners",10725,"CTG101, CTG201, CTG301","NY",4012200078,"01/01/2012 - 12/31/2014","17,844.76","18,106","1,026,930.852","17,280,335",0.000,0.000,"Complete"
2014,"Selkirk Cogen Partners",10725,"CTG101, CTG201, CTG301","NY",4012200078,"01/01/2012 - 12/31/2014","10,891.27","11,042","626,101.317","10,535,504",0.000,0.000,"Complete"
2015,"Selkirk Cogen Partners",10725,"CTG101, CTG201, CTG301","NY",4012200078,"01/01/2015 - 12/31/2017","10,310.46","10,572","578,616.263","9,736,271",0.000,0.000,"Complete"
2016,"Selkirk Cogen Partners",10725,"CTG101, CTG201, CTG301","NY",4012200078,"01/01/2015 - 12/31/2017","6,004.89","6,184","334,450.499","5,627,762",0.000,0.000,"Complete"
2017,"Selkirk Cogen Partners",10725,"CTG101, CTG201, CTG301","NY",4012200078,"01/01/2015 - 12/31/2017","2,289.09","2,364","121,011.975","2,036,226",0.000,0.000,"Complete"
2018,"Selkirk Cogen Partners",10725,"CTG101, CTG201, CTG301","NY",4012200078,"01/01/2018 - 12/31/2020","4,160.28","4,282","220,209.192","3,705,444",0.000,0.000,"Complete"
2019,"Selkirk Cogen Partners",10725,"CTG101, CTG201, CTG301","NY",4012200078,"01/01/2018 - 12/31/2020","1,339.35","1,381","70,768.184","1,190,799",0.000,0.000,"Complete"
2020,"Selkirk Cogen Partners",10725,"CTG101, CTG201, CTG301","NY",4012200078,"01/01/2018 - 12/31/2020","1,434.78","1,480","74,291.378","1,250,218",0.000,0.000,"Complete"
2021,"Selkirk Cogen Partners",10725,"CTG101, CTG201, CTG301","NY",4012200078,"01/01/2021 - 12/31/2023","1,104.61","1,141","58,825.118","989,890",0.000,0.000,"Complete"
2022,"Selkirk Cogen Partners",10725,"CTG101, CTG201, CTG301","NY",4012200078,"01/01/2021 - 12/31/2023","3,337.82","3,386","182,281.127","3,067,183",0.000,0.000,"Complete"
2023,"Selkirk Cogen Partners",10725,"CTG101, CTG201, CTG301","NY",4012200078,"01/01/2021 - 12/31/2023","1,460.34","1,496","77,486.717","1,303,920",0.000,0.000,"Complete"
2024,"Selkirk Cogen Partners",10725,"CTG101, CTG201, CTG301","NY",4012200078,"01/01/2024 - 12/31/2026",996.34,"1,027","52,545.201","884,170",0.000,0.000,"Complete"
2009,"Masspower",10726,"1, 2","MA",04200007,"01/01/2009 - 12/31/2011","1,718.75","1,780","91,249.175","1,535,093",0.000,0.000,"Complete"
2010,"Masspower",10726,"1, 2","MA",04200007,"01/01/2009 - 12/31/2011","5,324.25","5,535","277,924.675","4,676,598",0.000,0.000,"Complete"
2011,"Masspower",10726,"1, 2","MA",04200007,"01/01/2009 - 12/31/2011","7,682.50","7,904","413,130.375","6,951,782",0.000,0.000,"Complete"
2012,"Masspower",10726,"1, 2","MA",04200007,"01/01/2012 - 12/31/2014","8,208.00","8,594","428,435.300","7,209,252",0.000,0.000,"Complete"
2013,"Masspower",10726,"1, 2","MA",04200007,"01/01/2012 - 12/31/2014","6,719.25","7,054","353,423.600","5,947,005",0.000,0.000,"Complete"
2014,"Masspower",10726,"1, 2","MA",04200007,"01/01/2012 - 12/31/2014","7,152.25","7,465","385,508.450","6,486,866",0.000,0.000,"Complete"
2015,"Masspower",10726,"1, 2","MA",04200007,"01/01/2015 - 12/31/2017","7,934.75","8,254","430,756.800","7,248,224",0.000,0.000,"Complete"
2016,"Masspower",10726,"1, 2","MA",04200007,"01/01/2015 - 12/31/2017","6,360.75","6,620","335,041.125","5,637,654",0.000,0.000,"Complete"
2017,"Masspower",10726,"1, 2","MA",04200007,"01/01/2015 - 12/31/2017","5,964.75","6,259","312,634.775","5,260,664",0.000,0.000,"Complete"
2018,"Masspower",10726,"1, 2","MA",04200007,"01/01/2018 - 12/31/2020","4,902.50","5,142","254,381.575","4,280,406",0.000,0.000,"Complete"
2019,"Masspower",10726,"1, 2","MA",04200007,"01/01/2018 - 12/31/2020","2,780.50","2,924","142,529.500","2,398,377",0.000,0.000,"Complete"
2020,"Masspower",10726,"1, 2","MA",04200007,"01/01/2018 - 12/31/2020","3,587.00","3,777","178,018.800","2,995,553",0.000,0.000,"Complete"
2021,"Masspower",10726,"1, 2","MA",04200007,"01/01/2021 - 12/31/2023","2,655.25","2,790","131,141.400","2,206,714",0.000,0.000,"Complete"
2022,"Masspower",10726,"1, 2","MA",04200007,"01/01/2021 - 12/31/2023","2,410.75","2,538","119,730.450","2,014,689",0.000,0.000,"Complete"
2023,"Masspower",10726,"1, 2","MA",04200007,"01/01/2021 - 12/31/2023","6,260.75","6,612","311,910.425","5,248,439",0.000,0.000,"Complete"
2024,"Masspower",10726,"1, 2","MA",04200007,"01/01/2024 - 12/31/2026","4,741.25","4,973","240,551.600","4,047,703",0.000,0.000,"Complete"
2009,"Camden Plant Holding, LLC",10751,"002001, 004001","NJ",51608,"01/01/2009 - 12/31/2011","1,871.94","1,993","120,721.488","2,031,363",0.000,0.000,"Complete"
2010,"Camden Plant Holding, LLC",10751,"002001, 004001","NJ",51608,"01/01/2009 - 12/31/2011","3,194.46","3,323","210,446.087","3,541,144",0.000,0.000,"Complete"
2011,"Camden Plant Holding, LLC",10751,"002001, 004001","NJ",51608,"01/01/2009 - 12/31/2011","1,591.27","1,707","101,159.583","1,702,177",0.000,0.000,"Complete"
2020,"Camden Plant Holding, LLC",10751,"002001, 004001","NJ",51608,"01/01/2018 - 12/31/2020",962.80,"1,056","63,797.797","1,073,547",0.000,0.000,"Complete"
2021,"Camden Plant Holding, LLC",10751,"002001, 004001","NJ",51608,"01/01/2021 - 12/31/2023",666.12,728,"44,383.700","746,861",0.000,0.000,"Complete"
2022,"Camden Plant Holding, LLC",10751,"002001, 004001","NJ",51608,"01/01/2021 - 12/31/2023",929.28,"1,017","58,106.517","977,724",0.000,0.000,"Complete"
2023,"Camden Plant Holding, LLC",10751,"002001, 004001","NJ",51608,"01/01/2021 - 12/31/2023",715.36,794,"44,109.363","742,218",0.000,0.000,"Complete"
2024,"Camden Plant Holding, LLC",10751,"002001, 004001","NJ",51608,"01/01/2024 - 12/31/2026",983.77,"1,089","57,529.905","968,049",0.000,0.000,"Complete"
2009,"Lowell Cogeneration Company",10802,001,"MA","121-00265","01/01/2009 - 12/31/2011",115.67,153,"1,600.449","25,898",0.000,0.000,"Complete"
2010,"Lowell Cogeneration Company",10802,001,"MA","121-00265","01/01/2009 - 12/31/2011",60.52,81,955.311,"14,006",0.000,0.000,"Complete"
2011,"Lowell Cogeneration Company",10802,001,"MA","121-00265","01/01/2009 - 12/31/2011",230.73,256,"3,517.709","57,243",0.000,0.000,"Complete"
2012,"Lowell Cogeneration Company",10802,001,"MA","121-00265","01/01/2012 - 12/31/2014",164.95,189,"2,469.818","41,313",0.000,0.000,"Complete"
2013,"Lowell Cogeneration Company",10802,001,"MA","121-00265","01/01/2012 - 12/31/2014",0.00,0,0.000,0,0.000,0.000,"Complete"
2009,"AG - Energy",10803,"1, 2","NY",6401200053,"01/01/2009 - 12/31/2011",0.00,0,0.000,0,0.000,0.000,"Complete"
2010,"AG - Energy",10803,"1, 2","NY",6401200053,"01/01/2009 - 12/31/2011",0.00,0,0.000,0,0.000,0.000,"Complete"
2011,"AG - Energy",10803,"1, 2","NY",6401200053,"01/01/2009 - 12/31/2011",0.00,0,0.000,0,0.000,0.000,"Complete"
2012,"AG - Energy",10803,"1, 2","NY",6401200053,"01/01/2012 - 12/31/2014",0.00,0,0.000,0,0.000,0.000,"Complete"
2013,"AG - Energy",10803,"1, 2","NY",6401200053,"01/01/2012 - 12/31/2014",0.00,0,0.000,0,0.000,0.000,"Complete"
2014,"AG - Energy",10803,"1, 2","NY",6401200053,"01/01/2012 - 12/31/2014",0.00,0,0.000,0,0.000,0.000,"Complete"
2015,"AG - Energy",10803,"1, 2","NY",6401200053,"01/01/2015 - 12/31/2017",0.00,0,0.000,0,0.000,0.000,"Complete"
2016,"AG - Energy",10803,"1, 2","NY",6401200053,"01/01/2015 - 12/31/2017",0.00,0,0.000,0,0.000,0.000,"Complete"
2017,"AG - Energy",10803,"1, 2","NY",6401200053,"01/01/2015 - 12/31/2017",0.00,0,0.000,0,0.000,0.000,"Complete"
2018,"AG - Energy",10803,"1, 2","NY",6401200053,"01/01/2018 - 12/31/2020",0.00,0,0.000,0,0.000,0.000,"Complete"
2019,"AG - Energy",10803,"1, 2","NY",6401200053,"01/01/2018 - 12/31/2020",0.00,0,0.000,0,0.000,0.000,"Complete"
2020,"AG - Energy",10803,"1, 2","NY",6401200053,"01/01/2018 - 12/31/2020",0.00,0,0.000,0,0.000,0.000,"Complete"
2021,"AG - Energy",10803,"1, 2","NY",6401200053,"01/01/2021 - 12/31/2023",0.00,0,0.000,0,0.000,0.000,"Complete"
2022,"AG - Energy",10803,"1, 2","NY",6401200053,"01/01/2021 - 12/31/2023",0.00,0,0.000,0,0.000,0.000,"Complete"
2023,"AG - Energy",10803,"1, 2","NY",6401200053,"01/01/2021 - 12/31/2023",0.00,0,0.000,0,0.000,0.000,"Complete"
2009,"Deer Island Treatment",10823,"S42, S43","MA","119-01899","01/01/2009 - 12/31/2011",95.64,155,"1,395.680","17,202",0.000,0.000,"Complete"
2010,"Deer Island Treatment",10823,"S42, S43","MA","119-01899","01/01/2009 - 12/31/2011","1,229.47","1,287","15,444.466","190,314",0.000,0.000,"Complete"
2011,"Deer Island Treatment",10823,"S42, S43","MA","119-01899","01/01/2009 - 12/31/2011",217.06,278,"2,577.306","31,766",0.000,0.000,"Complete"
2012,"Deer Island Treatment",10823,"S42, S43","MA","119-01899","01/01/2012 - 12/31/2014",177.61,240,"2,547.255","31,399",0.000,0.000,"Complete"
2013,"Deer Island Treatment",10823,"S42, S43","MA","119-01899","01/01/2012 - 12/31/2014",201.39,284,"2,324.597","28,642",0.000,0.000,"Complete"
2014,"Deer Island Treatment",10823,"S42, S43","MA","119-01899","01/01/2012 - 12/31/2014",293.15,372,"3,712.463","45,758",0.000,0.000,"Complete"
2015,"Deer Island Treatment",10823,"S42, S43","MA","119-01899","01/01/2015 - 12/31/2017",137.41,196,"1,641.266","20,230",0.000,0.000,"Complete"
2016,"Deer Island Treatment",10823,"S42, S43","MA","119-01899","01/01/2015 - 12/31/2017",444.05,551,"4,917.265","60,603",0.000,0.000,"Complete"
2017,"Deer Island Treatment",10823,"S42, S43","MA","119-01899","01/01/2015 - 12/31/2017",603.61,694,"9,342.401","115,100",0.000,0.000,"Complete"
2018,"Deer Island Treatment",10823,"S42, S43","MA","119-01899","01/01/2018 - 12/31/2020",472.76,541,"5,972.685","73,609",0.000,0.000,"Complete"
2019,"Deer Island Treatment",10823,"S42, S43","MA","119-01899","01/01/2018 - 12/31/2020",690.98,742,"8,299.690","102,314",0.000,0.000,"Complete"
2020,"Deer Island Treatment",10823,"S42, S43","MA","119-01899","01/01/2018 - 12/31/2020",233.44,293,"2,567.853","31,639",0.000,0.000,"Complete"
2021,"Deer Island Treatment",10823,"S42, S43","MA","119-01899","01/01/2021 - 12/31/2023",156.14,192,"1,902.582","23,454",0.000,0.000,"Complete"
2022,"Deer Island Treatment",10823,"S42, S43","MA","119-01899","01/01/2021 - 12/31/2023",57.32,97,653.880,"8,059",0.000,0.000,"Complete"
2023,"Deer Island Treatment",10823,"S42, S43","MA","119-01899","01/01/2021 - 12/31/2023",154.92,191,"1,999.623","24,647",0.000,0.000,"Complete"
2024,"Deer Island Treatment",10823,"S42, S43","MA","119-01899","01/01/2024 - 12/31/2026",233.33,274,"2,903.655","35,791",0.000,0.000,"Complete"
2022,"Hazleton Generation",10870,"TURB2, TURB3, TURB4, TURBIN","PA"," ","01/01/2021 - 12/31/2023",533.20,604,"11,971.145","189,675",0.000,0.000,"Complete"
2023,"Hazleton Generation",10870,"TURB2, TURB3, TURB4, TURBIN","PA"," ","01/01/2021 - 12/31/2023",411.90,487,"8,992.312","150,366",0.000,0.000,"Complete"
2009,"Pittsfield Generating",50002,"1, 2, 3","MA","117-00006","01/01/2009 - 12/31/2011",718.25,810,"15,834.325","257,632",0.000,0.000,"Complete"
2010,"Pittsfield Generating",50002,"1, 2, 3","MA","117-00006","01/01/2009 - 12/31/2011","4,186.50","4,473","99,307.800","1,664,307",0.000,0.000,"Complete"
2011,"Pittsfield Generating",50002,"1, 2, 3","MA","117-00006","01/01/2009 - 12/31/2011","4,426.30","4,780","101,461.576","1,673,344",0.000,0.000,"Complete"
2012,"Pittsfield Generating",50002,"1, 2, 3","MA","117-00006","01/01/2012 - 12/31/2014","6,640.23","7,107","156,283.926","2,562,034",0.000,0.000,"Complete"
2013,"Pittsfield Generating",50002,"1, 2, 3","MA","117-00006","01/01/2012 - 12/31/2014","5,101.74","5,551","128,718.066","2,012,706",0.000,0.000,"Complete"
2014,"Pittsfield Generating",50002,"1, 2, 3","MA","117-00006","01/01/2012 - 12/31/2014","2,938.73","3,195","79,893.622","1,242,979",0.000,0.000,"Complete"
2015,"Pittsfield Generating",50002,"1, 2, 3","MA","117-00006","01/01/2015 - 12/31/2017","5,254.06","5,514","135,406.619","2,233,815",0.000,0.000,"Complete"
2016,"Pittsfield Generating",50002,"1, 2, 3","MA","117-00006","01/01/2015 - 12/31/2017","5,111.74","5,355","127,727.159","2,141,556",0.000,0.000,"Complete"
2017,"Pittsfield Generating",50002,"1, 2, 3","MA","117-00006","01/01/2015 - 12/31/2017","3,563.09","3,889","86,846.155","1,441,673",0.000,0.000,"Complete"
2018,"Pittsfield Generating",50002,"1, 2, 3","MA","117-00006","01/01/2018 - 12/31/2020","2,673.49","2,860","63,420.491","1,041,579",0.000,0.000,"Complete"
2019,"Pittsfield Generating",50002,"1, 2, 3","MA","117-00006","01/01/2018 - 12/31/2020","1,894.24","1,963","42,321.121","710,240",0.000,0.000,"Complete"
2020,"Pittsfield Generating",50002,"1, 2, 3","MA","117-00006","01/01/2018 - 12/31/2020",858.55,952,"19,151.953","321,452",0.000,0.000,"Complete"
2021,"Pittsfield Generating",50002,"1, 2, 3","MA","117-00006","01/01/2021 - 12/31/2023","1,604.25","1,709","34,921.433","586,824",0.000,0.000,"Complete"
2022,"Pittsfield Generating",50002,"1, 2, 3","MA","117-00006","01/01/2021 - 12/31/2023","1,392.89","1,501","31,297.430","526,068",0.000,0.000,"Complete"
2023,"Pittsfield Generating",50002,"1, 2, 3","MA","117-00006","01/01/2021 - 12/31/2023",509.94,573,"11,258.045","186,981",0.000,0.000,"Complete"
2024,"Pittsfield Generating",50002,"1, 2, 3","MA","117-00006","01/01/2024 - 12/31/2026",740.10,820,"15,947.776","267,530",0.000,0.000,"Complete"
2009,"Linden Cogeneration Facility",50006,"004001, 005001, 006001, 007001, 008001, 009001, 10001","NJ",41809,"01/01/2009 - 12/31/2011","41,163.57","41,394","2,643,669.254","44,284,928",0.000,0.000,"Complete"
2010,"Linden Cogeneration Facility",50006,"004001, 005001, 006001, 007001, 008001, 009001, 10001","NJ",41809,"01/01/2009 - 12/31/2011","40,291.21","40,511","2,571,993.655","42,949,298",0.000,0.000,"Complete"
2011,"Linden Cogeneration Facility",50006,"004001, 005001, 006001, 007001, 008001, 009001, 10001","NJ",41809,"01/01/2009 - 12/31/2011","37,781.14","37,959","2,391,158.015","40,204,265",0.000,0.000,"Complete"
2020,"Linden Cogeneration Facility",50006,"004001, 005001, 006001, 007001, 008001, 009001, 10001","NJ",41809,"01/01/2018 - 12/31/2020","48,208.41","48,362","2,908,231.739","48,924,011",0.000,"1,330,840.000","Complete"
2021,"Linden Cogeneration Facility",50006,"004001, 005001, 006001, 007001, 008001, 009001, 10001","NJ",41809,"01/01/2021 - 12/31/2023","48,245.50","48,340","3,085,125.266","51,875,920",0.000,"1,428,761.000","Complete"
2022,"Linden Cogeneration Facility",50006,"004001, 005001, 006001, 007001, 008001, 009001, 10001","NJ",41809,"01/01/2021 - 12/31/2023","45,654.21","45,746","2,983,940.236","50,194,566",0.000,"1,387,981.000","Complete"
2023,"Linden Cogeneration Facility",50006,"004001, 005001, 006001, 007001, 008001, 009001, 10001","NJ",41809,"01/01/2021 - 12/31/2023","46,224.89","46,334","3,096,556.054","52,072,478",0.000,"1,311,649.000","Complete"
2024,"Linden Cogeneration Facility",50006,"004001, 005001, 006001, 007001, 008001, 009001, 10001","NJ",41809,"01/01/2024 - 12/31/2026","46,099.64","46,186","3,146,486.718","52,904,890",0.000,"1,454,047.000","Complete"
2009,"Niagara Generation, LLC",50202,1,"NY",9291100152,"01/01/2009 - 12/31/2011","4,191.81","4,224","208,400.401","1,896,539",0.000,0.000,"Complete"
2010,"Niagara Generation, LLC",50202,1,"NY",9291100152,"01/01/2009 - 12/31/2011","1,829.47","1,841","88,665.563","851,706",0.000,0.000,"Complete"
2011,"Niagara Generation, LLC",50202,1,"NY",9291100152,"01/01/2009 - 12/31/2011",0.00,0,0.000,0,0.000,0.000,"Complete"
2012,"Niagara Generation, LLC",50202,1,"NY",9291100152,"01/01/2012 - 12/31/2014","3,502.30","3,540","186,614.811","1,720,515",0.000,0.000,"Complete"
2013,"Niagara Generation, LLC",50202,1,"NY",9291100152,"01/01/2012 - 12/31/2014","1,650.82","1,655","74,661.413","705,682",0.000,0.000,"Complete"
2014,"Niagara Generation, LLC",50202,1,"NY",9291100152,"01/01/2012 - 12/31/2014","4,477.92","4,527","156,367.952","1,499,670",0.000,0.000,"Complete"
2015,"Niagara Generation, LLC",50202,1,"NY",9291100152,"01/01/2015 - 12/31/2017","2,074.98","2,104","70,935.286","691,862",0.000,0.000,"Complete"
2016,"Niagara Generation, LLC",50202,1,"NY",9291100152,"01/01/2015 - 12/31/2017",0.00,0,0.000,0,0.000,0.000,"Complete"
2017,"Niagara Generation, LLC",50202,1,"NY",9291100152,"01/01/2015 - 12/31/2017",0.00,0,0.000,0,0.000,0.000,"Complete"
2018,"Niagara Generation, LLC",50202,1,"NY",9291100152,"01/01/2018 - 12/31/2020",0.00,0,0.000,0,0.000,0.000,"Complete"
2009,"Bucksport Generation LLC",50243,"B5, GEN4","ME","A-22","01/01/2009 - 12/31/2011","8,326.75","8,336","809,077.204","14,149,291",0.000,0.000,"Complete"
2010,"Bucksport Generation LLC",50243,"B5, GEN4","ME","A-22","01/01/2009 - 12/31/2011","8,493.50","8,502","813,063.986","13,895,215",0.000,0.000,"Complete"
2011,"Bucksport Generation LLC",50243,"B5, GEN4","ME","A-22","01/01/2009 - 12/31/2011","8,065.75","8,072","766,547.607","13,076,083",0.000,0.000,"Complete"
2012,"Bucksport Generation LLC",50243,"B5, GEN4","ME","A-22","01/01/2012 - 12/31/2014","8,464.25","8,474","787,071.331","13,427,061",0.000,0.000,"Complete"
2013,"Bucksport Generation LLC",50243,"B5, GEN4","ME","A-22","01/01/2012 - 12/31/2014","8,254.50","8,264","793,406.434","13,586,536",0.000,0.000,"Complete"
2014,"Bucksport Generation LLC",50243,"B5, GEN4","ME","A-22","01/01/2012 - 12/31/2014","3,417.00","3,469","259,499.339","4,456,968",0.000,0.000,"Complete"
2015,"Bucksport Generation LLC",50243,"B5, GEN4","ME","A-22","01/01/2015 - 12/31/2017",522.50,554,"40,954.131","628,933",0.000,0.000,"Complete"
2016,"Bucksport Generation LLC",50243,"B5, GEN4","ME","A-22","01/01/2015 - 12/31/2017",123.75,166,"6,322.661","108,107",0.000,0.000,"Complete"
2017,"Bucksport Generation LLC",50243,"B5, GEN4","ME","A-22","01/01/2015 - 12/31/2017",138.47,161,"5,091.798","80,451",0.000,0.000,"Complete"
2018,"Bucksport Generation LLC",50243,"B5, GEN4","ME","A-22","01/01/2018 - 12/31/2020",97.50,118,"8,939.687","127,346",0.000,0.000,"Complete"
2019,"Bucksport Generation LLC",50243,"B5, GEN4","ME","A-22","01/01/2018 - 12/31/2020",16.50,24,"1,312.899","20,690",0.000,0.000,"Complete"
2020,"Bucksport Generation LLC",50243,"B5, GEN4","ME","A-22","01/01/2018 - 12/31/2020",39.18,50,"2,987.202","49,397",0.000,0.000,"Complete"
2021,"Bucksport Generation LLC",50243,"B5, GEN4","ME","A-22","01/01/2021 - 12/31/2023",57.50,71,"4,364.103","72,830",0.000,0.000,"Complete"
2022,"Bucksport Generation LLC",50243,"B5, GEN4","ME","A-22","01/01/2021 - 12/31/2023",92.50,116,"7,243.093","114,025",0.000,0.000,"Complete"
2023,"Bucksport Generation LLC",50243,"B5, GEN4","ME","A-22","01/01/2021 - 12/31/2023",137.25,174,"10,048.495","169,445",0.000,0.000,"Complete"
2024,"Bucksport Generation LLC",50243,"B5, GEN4","ME","A-22","01/01/2024 - 12/31/2026",135.51,169,"9,965.584","169,810",0.000,0.000,"Complete"
2022,"PEI Power Corporation",50279,2,"PA"," ","01/01/2021 - 12/31/2023",963.75,"1,074","23,563.525","396,500",0.000,0.000,"Complete"
2023,"PEI Power Corporation",50279,2,"PA"," ","01/01/2021 - 12/31/2023","2,081.25","2,265","52,053.925","875,930",0.000,0.000,"Complete"
2009,"Luke Paper Company (MD LIESA source- not subject to 2009-2020 RGGI CO2 allowance compliance obligation)",50282,"PR003, PR004, PR005","MD",24,"01/01/2009 - 12/31/2011","16,807.83","16,886","995,739.920",0,0.000,0.000,"Complete"
2010,"Luke Paper Company (MD LIESA source- not subject to 2009-2020 RGGI CO2 allowance compliance obligation)",50282,"PR003, PR004, PR005","MD",24,"01/01/2009 - 12/31/2011","17,721.83","17,768","950,699.213",0,0.000,0.000,"Complete"
2011,"Luke Paper Company (MD LIESA source- not subject to 2009-2020 RGGI CO2 allowance compliance obligation)",50282,"PR003, PR004, PR005","MD",24,"01/01/2009 - 12/31/2011","17,464.57","17,526","1,034,649.823",0,0.000,0.000,"Complete"
2012,"Luke Paper Company (MD LIESA source- not subject to 2009-2020 RGGI CO2 allowance compliance obligation)",50282,"PR003, PR004, PR005","MD",24,"01/01/2012 - 12/31/2014","19,233.06","19,264","937,960.491",0,0.000,0.000,"Complete"
2013,"Luke Paper Company (MD LIESA source- not subject to 2009-2020 RGGI CO2 allowance compliance obligation)",50282,"PR003, PR004, PR005","MD",24,"01/01/2012 - 12/31/2014","17,575.74","17,643","811,734.715",0,0.000,0.000,"Complete"
2014,"Luke Paper Company (MD LIESA source- not subject to 2009-2020 RGGI CO2 allowance compliance obligation)",50282,"PR003, PR004, PR005","MD",24,"01/01/2012 - 12/31/2014","15,083.14","15,174","805,683.735",0,0.000,0.000,"Complete"
2015,"Luke Paper Company (MD LIESA source- not subject to 2009-2020 RGGI CO2 allowance compliance obligation)",50282,"PR003, PR004, PR005","MD",24,"01/01/2015 - 12/31/2017","14,369.10","14,438","685,946.645",0,0.000,0.000,"Complete"
2016,"Luke Paper Company (MD LIESA source- not subject to 2009-2020 RGGI CO2 allowance compliance obligation)",50282,"PR003, PR004, PR005","MD",24,"01/01/2015 - 12/31/2017","18,078.60","18,116","566,264.080",0,0.000,0.000,"Complete"
2017,"Luke Paper Company (MD LIESA source- not subject to 2009-2020 RGGI CO2 allowance compliance obligation)",50282,"PR003, PR004, PR005","MD",24,"01/01/2015 - 12/31/2017","17,395.88","17,435","586,937.384",0,0.000,0.000,"Complete"
2018,"Luke Paper Company (MD LIESA source- not subject to 2009-2020 RGGI CO2 allowance compliance obligation)",50282,"PR003, PR004, PR005","MD",24,"01/01/2018 - 12/31/2020","19,091.62","19,140","586,581.835",0,0.000,0.000,"Complete"
2019,"Luke Paper Company (MD LIESA source- not subject to 2009-2020 RGGI CO2 allowance compliance obligation)",50282,"PR003, PR004, PR005","MD",24,"01/01/2018 - 12/31/2020","8,322.29","8,331","237,473.899",0,0.000,0.000,"Complete"
2020,"Luke Paper Company (MD LIESA source- not subject to 2009-2020 RGGI CO2 allowance compliance obligation)",50282,"PR003, PR004, PR005","MD",24,"01/01/2018 - 12/31/2020",0.00,0,0.000,0,0.000,0.000,"Complete"
2009,"Bethpage Energy Center",50292,"GT1, GT2, GT3, GT4","NY",1282400947,"01/01/2009 - 12/31/2011","10,062.75","10,641","230,687.085","3,881,736",0.000,0.000,"Complete"
2010,"Bethpage Energy Center",50292,"GT1, GT2, GT3, GT4","NY",1282400947,"01/01/2009 - 12/31/2011","11,475.77","12,224","223,656.384","3,763,557",0.000,0.000,"Complete"
2011,"Bethpage Energy Center",50292,"GT1, GT2, GT3, GT4","NY",1282400947,"01/01/2009 - 12/31/2011","10,360.85","11,373","218,080.561","3,669,721",0.000,0.000,"Complete"
2012,"Bethpage Energy Center",50292,"GT1, GT2, GT3, GT4","NY",1282400947,"01/01/2012 - 12/31/2014","14,334.18","15,201","261,569.519","4,401,345",0.000,0.000,"Complete"
2013,"Bethpage Energy Center",50292,"GT1, GT2, GT3, GT4","NY",1282400947,"01/01/2012 - 12/31/2014","18,289.32","19,409","334,373.451","5,626,416",0.000,0.000,"Complete"
2014,"Bethpage Energy Center",50292,"GT1, GT2, GT3, GT4","NY",1282400947,"01/01/2012 - 12/31/2014","17,416.55","18,423","293,112.067","4,932,157",0.000,0.000,"Complete"
2015,"Bethpage Energy Center",50292,"GT1, GT2, GT3, GT4","NY",1282400947,"01/01/2015 - 12/31/2017","22,092.59","23,303","440,779.582","7,416,979",0.000,0.000,"Complete"
2016,"Bethpage Energy Center",50292,"GT1, GT2, GT3, GT4","NY",1282400947,"01/01/2015 - 12/31/2017","20,685.46","21,629","434,202.125","7,306,213",0.000,0.000,"Complete"
2017,"Bethpage Energy Center",50292,"GT1, GT2, GT3, GT4","NY",1282400947,"01/01/2015 - 12/31/2017","17,822.30","19,130","329,677.038","5,547,314",0.000,0.000,"Complete"
2018,"Bethpage Energy Center",50292,"GT1, GT2, GT3, GT4","NY",1282400947,"01/01/2018 - 12/31/2020","14,424.22","15,442","243,463.828","4,097,086",0.000,0.000,"Complete"
2019,"Bethpage Energy Center",50292,"GT1, GT2, GT3, GT4","NY",1282400947,"01/01/2018 - 12/31/2020","10,764.87","11,784","179,955.764","3,028,104",0.000,0.000,"Complete"
2020,"Bethpage Energy Center",50292,"GT1, GT2, GT3, GT4","NY",1282400947,"01/01/2018 - 12/31/2020","13,401.84","14,334","264,031.917","4,442,749",0.000,0.000,"Complete"
2021,"Bethpage Energy Center",50292,"GT1, GT2, GT3, GT4","NY",1282400947,"01/01/2021 - 12/31/2023","17,294.75","18,132","381,551.710","6,420,506",0.000,0.000,"Complete"
2022,"Bethpage Energy Center",50292,"GT1, GT2, GT3, GT4","NY",1282400947,"01/01/2021 - 12/31/2023","13,287.29","13,983","269,383.962","4,533,121",0.000,0.000,"Complete"
2023,"Bethpage Energy Center",50292,"GT1, GT2, GT3, GT4","NY",1282400947,"01/01/2021 - 12/31/2023","16,913.60","17,623","347,026.912","5,839,670",0.000,0.000,"Complete"
2024,"Bethpage Energy Center",50292,"GT1, GT2, GT3, GT4","NY",1282400947,"01/01/2024 - 12/31/2026","14,825.76","15,528","328,306.557","5,524,354",0.000,0.000,"Complete"
2009,"Newark Bay Cogen",50385,"1001, 2001","NJ",7617,"01/01/2009 - 12/31/2011","3,211.60","3,404","89,464.488","1,505,369",0.000,0.000,"Complete"
2010,"Newark Bay Cogen",50385,"1001, 2001","NJ",7617,"01/01/2009 - 12/31/2011","6,114.39","6,323","187,992.126","3,163,338",0.000,0.000,"Complete"
2011,"Newark Bay Cogen",50385,"1001, 2001","NJ",7617,"01/01/2009 - 12/31/2011","9,197.19","9,499","280,860.635","4,726,051",0.000,0.000,"Complete"
2020,"Newark Bay Cogen",50385,"1001, 2001","NJ",7617,"01/01/2018 - 12/31/2020","1,085.70","1,182","31,281.952","526,379",0.000,0.000,"Complete"
2021,"Newark Bay Cogen",50385,"1001, 2001","NJ",7617,"01/01/2021 - 12/31/2023","1,171.05","1,260","34,072.647","573,357",0.000,0.000,"Complete"
2022,"Newark Bay Cogen",50385,"1001, 2001","NJ",7617,"01/01/2021 - 12/31/2023",186.05,202,"5,849.111","98,438",0.000,0.000,"Complete"
2022,"Pixelle Specialty Solutions",50397,"036, 039","PA"," ","01/01/2021 - 12/31/2023","6,241.34","6,251","255,022.975","2,864,093",0.000,0.000,"Incomplete"
2023,"Pixelle Specialty Solutions",50397,"036, 039","PA"," ","01/01/2021 - 12/31/2023","11,711.11","11,723","484,439.550","4,992,346",0.000,0.000,"Incomplete"
2009,"Indeck-Silver Springs Energy Center",50449,1,"NY",9563200010,"01/01/2009 - 12/31/2011",119.75,123,"2,507.625","42,198",0.000,0.000,"Complete"
2010,"Indeck-Silver Springs Energy Center",50449,1,"NY",9563200010,"01/01/2009 - 12/31/2011",316.75,325,"6,722.325","112,269",0.000,0.000,"Complete"
2011,"Indeck-Silver Springs Energy Center",50449,1,"NY",9563200010,"01/01/2009 - 12/31/2011",349.50,357,"7,745.850","130,369",0.000,0.000,"Complete"
2012,"Indeck-Silver Springs Energy Center",50449,1,"NY",9563200010,"01/01/2012 - 12/31/2014","1,550.00","1,583","36,036.075","606,392",0.000,0.000,"Complete"
2013,"Indeck-Silver Springs Energy Center",50449,1,"NY",9563200010,"01/01/2012 - 12/31/2014","1,221.25","1,262","27,525.525","463,195",0.000,0.000,"Complete"
2014,"Indeck-Silver Springs Energy Center",50449,1,"NY",9563200010,"01/01/2012 - 12/31/2014",965.25,"1,028","21,491.700","357,688",0.000,0.000,"Complete"
2015,"Indeck-Silver Springs Energy Center",50449,1,"NY",9563200010,"01/01/2015 - 12/31/2017","2,667.50","2,763","63,112.500","1,059,505",0.000,0.000,"Complete"
2016,"Indeck-Silver Springs Energy Center",50449,1,"NY",9563200010,"01/01/2015 - 12/31/2017","1,997.25","2,075","46,567.850","783,559",0.000,0.000,"Complete"
2017,"Indeck-Silver Springs Energy Center",50449,1,"NY",9563200010,"01/01/2015 - 12/31/2017","1,383.75","1,445","33,046.775","556,090",0.000,0.000,"Complete"
2018,"Indeck-Silver Springs Energy Center",50449,1,"NY",9563200010,"01/01/2018 - 12/31/2020","1,885.50","1,953","44,889.000","755,276",0.000,0.000,"Complete"
2019,"Indeck-Silver Springs Energy Center",50449,1,"NY",9563200010,"01/01/2018 - 12/31/2020","1,084.50","1,137","24,993.600","420,543",0.000,0.000,"Complete"
2020,"Indeck-Silver Springs Energy Center",50449,1,"NY",9563200010,"01/01/2018 - 12/31/2020","1,226.25","1,333","27,219.100","458,029",0.000,0.000,"Complete"
2021,"Indeck-Silver Springs Energy Center",50449,1,"NY",9563200010,"01/01/2021 - 12/31/2023",973.50,"1,023","22,224.150","373,954",0.000,0.000,"Complete"
2022,"Indeck-Silver Springs Energy Center",50449,1,"NY",9563200010,"01/01/2021 - 12/31/2023",408.00,433,"8,941.775","150,461",0.000,0.000,"Complete"
2023,"Indeck-Silver Springs Energy Center",50449,1,"NY",9563200010,"01/01/2021 - 12/31/2023","1,028.75","1,074","23,372.750","392,017",0.000,0.000,"Complete"
2024,"Indeck-Silver Springs Energy Center",50449,1,"NY",9563200010,"01/01/2024 - 12/31/2026","1,505.50","1,551","35,687.025","600,488",0.000,0.000,"Complete"
2009,"Indeck-Oswego Energy Center",50450,1,"NY",7351200005,"01/01/2009 - 12/31/2011",92.50,99,"2,153.300","36,232",0.000,0.000,"Complete"
2010,"Indeck-Oswego Energy Center",50450,1,"NY",7351200005,"01/01/2009 - 12/31/2011",214.25,221,"5,096.950","85,767",0.000,0.000,"Complete"
2011,"Indeck-Oswego Energy Center",50450,1,"NY",7351200005,"01/01/2009 - 12/31/2011",258.00,269,"6,340.300","106,669",0.000,0.000,"Complete"
2012,"Indeck-Oswego Energy Center",50450,1,"NY",7351200005,"01/01/2012 - 12/31/2014",537.00,559,"13,834.575","232,775",0.000,0.000,"Complete"
2013,"Indeck-Oswego Energy Center",50450,1,"NY",7351200005,"01/01/2012 - 12/31/2014",993.00,"1,037","25,795.450","434,058",0.000,0.000,"Complete"
2014,"Indeck-Oswego Energy Center",50450,1,"NY",7351200005,"01/01/2012 - 12/31/2014","1,311.50","1,348","36,255.325","602,229",0.000,0.000,"Complete"
2015,"Indeck-Oswego Energy Center",50450,1,"NY",7351200005,"01/01/2015 - 12/31/2017","1,953.25","2,035","49,753.550","834,173",0.000,0.000,"Complete"
2016,"Indeck-Oswego Energy Center",50450,1,"NY",7351200005,"01/01/2015 - 12/31/2017","1,221.25","1,265","29,242.575","492,022",0.000,0.000,"Complete"
2017,"Indeck-Oswego Energy Center",50450,1,"NY",7351200005,"01/01/2015 - 12/31/2017","1,233.75","1,283","30,783.200","517,963",0.000,0.000,"Complete"
2018,"Indeck-Oswego Energy Center",50450,1,"NY",7351200005,"01/01/2018 - 12/31/2020","1,554.75","1,611","37,134.425","624,801",0.000,0.000,"Complete"
2019,"Indeck-Oswego Energy Center",50450,1,"NY",7351200005,"01/01/2018 - 12/31/2020",586.75,616,"13,840.150","232,866",0.000,0.000,"Complete"
2020,"Indeck-Oswego Energy Center",50450,1,"NY",7351200005,"01/01/2018 - 12/31/2020",475.75,497,"10,974.925","184,664",0.000,0.000,"Complete"
2021,"Indeck-Oswego Energy Center",50450,1,"NY",7351200005,"01/01/2021 - 12/31/2023",567.50,608,"13,190.900","221,913",0.000,0.000,"Complete"
2022,"Indeck-Oswego Energy Center",50450,1,"NY",7351200005,"01/01/2021 - 12/31/2023",310.75,328,"7,214.200","121,386",0.000,0.000,"Complete"
2023,"Indeck-Oswego Energy Center",50450,1,"NY",7351200005,"01/01/2021 - 12/31/2023",791.25,843,"18,733.000","315,215",0.000,0.000,"Complete"
2024,"Indeck-Oswego Energy Center",50450,1,"NY",7351200005,"01/01/2024 - 12/31/2026","1,081.75","1,158","26,875.950","452,202",0.000,0.000,"Complete"
2009,"Indeck-Yerkes Energy Center",50451,1,"NY",9146400153,"01/01/2009 - 12/31/2011",171.25,176,"3,852.400","64,782",0.000,0.000,"Complete"
2010,"Indeck-Yerkes Energy Center",50451,1,"NY",9146400153,"01/01/2009 - 12/31/2011",504.25,513,"11,600.200","195,150",0.000,0.000,"Complete"
2011,"Indeck-Yerkes Energy Center",50451,1,"NY",9146400153,"01/01/2009 - 12/31/2011",291.50,296,"6,532.525","109,927",0.000,0.000,"Complete"
2012,"Indeck-Yerkes Energy Center",50451,1,"NY",9146400153,"01/01/2012 - 12/31/2014","1,348.50","1,372","31,003.250","521,603",0.000,0.000,"Complete"
2013,"Indeck-Yerkes Energy Center",50451,1,"NY",9146400153,"01/01/2012 - 12/31/2014","1,335.75","1,366","32,946.500","554,230",0.000,0.000,"Complete"
2014,"Indeck-Yerkes Energy Center",50451,1,"NY",9146400153,"01/01/2012 - 12/31/2014","1,576.75","1,607","40,096.700","674,367",0.000,0.000,"Complete"
2015,"Indeck-Yerkes Energy Center",50451,1,"NY",9146400153,"01/01/2015 - 12/31/2017","2,921.25","2,990","72,646.950","1,221,821",0.000,0.000,"Complete"
2016,"Indeck-Yerkes Energy Center",50451,1,"NY",9146400153,"01/01/2015 - 12/31/2017","2,537.25","2,604","62,094.150","1,041,234",0.000,0.000,"Complete"
2017,"Indeck-Yerkes Energy Center",50451,1,"NY",9146400153,"01/01/2015 - 12/31/2017","1,270.50","1,317","29,853.725","502,372",0.000,0.000,"Complete"
2018,"Indeck-Yerkes Energy Center",50451,1,"NY",9146400153,"01/01/2018 - 12/31/2020","1,584.00","1,629","36,794.500","619,080",0.000,0.000,"Complete"
2019,"Indeck-Yerkes Energy Center",50451,1,"NY",9146400153,"01/01/2018 - 12/31/2020",698.25,724,"15,498.025","260,800",0.000,0.000,"Complete"
2020,"Indeck-Yerkes Energy Center",50451,1,"NY",9146400153,"01/01/2018 - 12/31/2020",605.25,631,"13,520.075","227,489",0.000,0.000,"Complete"
2021,"Indeck-Yerkes Energy Center",50451,1,"NY",9146400153,"01/01/2021 - 12/31/2023",584.50,612,"13,483.550","226,822",0.000,0.000,"Complete"
2022,"Indeck-Yerkes Energy Center",50451,1,"NY",9146400153,"01/01/2021 - 12/31/2023",365.00,377,"8,890.200","149,376",0.000,0.000,"Complete"
2023,"Indeck-Yerkes Energy Center",50451,1,"NY",9146400153,"01/01/2021 - 12/31/2023",786.00,807,"18,630.550","313,455",0.000,0.000,"Complete"
2024,"Indeck-Yerkes Energy Center",50451,1,"NY",9146400153,"01/01/2024 - 12/31/2026",547.00,564,"13,083.450","220,097",0.000,0.000,"Complete"
2009,"Indeck-Corinth Energy Center",50458,1,"NY",5412600028,"01/01/2009 - 12/31/2011","3,443.25","3,462","212,395.100","3,573,900",0.000,0.000,"Complete"
2010,"Indeck-Corinth Energy Center",50458,1,"NY",5412600028,"01/01/2009 - 12/31/2011","4,738.25","4,759","292,301.725","4,918,496",0.000,0.000,"Complete"
2011,"Indeck-Corinth Energy Center",50458,1,"NY",5412600028,"01/01/2009 - 12/31/2011","6,938.50","6,950","432,211.250","7,272,666",0.000,0.000,"Complete"
2012,"Indeck-Corinth Energy Center",50458,1,"NY",5412600028,"01/01/2012 - 12/31/2014","5,098.25","5,104","316,819.075","5,331,099",0.000,0.000,"Complete"
2013,"Indeck-Corinth Energy Center",50458,1,"NY",5412600028,"01/01/2012 - 12/31/2014","6,990.25","7,008","431,260.925","7,256,771",0.000,0.000,"Complete"
2014,"Indeck-Corinth Energy Center",50458,1,"NY",5412600028,"01/01/2012 - 12/31/2014","6,795.50","6,825","421,705.250","7,094,105",0.000,0.000,"Complete"
2015,"Indeck-Corinth Energy Center",50458,1,"NY",5412600028,"01/01/2015 - 12/31/2017","6,100.25","6,242","377,679.375","6,307,630",0.000,0.000,"Complete"
2016,"Indeck-Corinth Energy Center",50458,1,"NY",5412600028,"01/01/2015 - 12/31/2017","5,417.25","5,530","332,731.150","5,577,832",0.000,0.000,"Complete"
2017,"Indeck-Corinth Energy Center",50458,1,"NY",5412600028,"01/01/2015 - 12/31/2017","5,255.00","5,326","326,133.850","5,479,223",0.000,0.000,"Complete"
2018,"Indeck-Corinth Energy Center",50458,1,"NY",5412600028,"01/01/2018 - 12/31/2020","5,462.25","5,556","338,487.900","5,661,023",0.000,0.000,"Complete"
2019,"Indeck-Corinth Energy Center",50458,1,"NY",5412600028,"01/01/2018 - 12/31/2020","4,519.25","4,562","284,004.225","4,748,013",0.000,0.000,"Complete"
2020,"Indeck-Corinth Energy Center",50458,1,"NY",5412600028,"01/01/2018 - 12/31/2020","3,041.50","3,077","186,815.925","3,143,563",0.000,0.000,"Complete"
2021,"Indeck-Corinth Energy Center",50458,1,"NY",5412600028,"01/01/2021 - 12/31/2023","4,459.00","4,571","269,456.275","4,534,123",0.000,0.000,"Complete"
2022,"Indeck-Corinth Energy Center",50458,1,"NY",5412600028,"01/01/2021 - 12/31/2023","4,900.25","4,945","295,010.125","4,964,126",0.000,0.000,"Complete"
2023,"Indeck-Corinth Energy Center",50458,1,"NY",5412600028,"01/01/2021 - 12/31/2023","4,152.00","4,219","249,743.650","4,202,433",0.000,0.000,"Complete"
2024,"Indeck-Corinth Energy Center",50458,1,"NY",5412600028,"01/01/2024 - 12/31/2026","3,417.75","3,470","205,889.025","3,464,524",0.000,0.000,"Complete"
2022,"Procter & Gamble Paper Products",50463,"328001, 328002","PA"," ","01/01/2021 - 12/31/2023","4,319.42","4,326",0.000,"2,292,059",0.000,0.000,"Incomplete"
2023,"Procter & Gamble Paper Products",50463,"328001, 328002","PA"," ","01/01/2021 - 12/31/2023","6,957.50","6,961",0.000,"3,711,480",0.000,0.000,"Incomplete"
2009,"Covanta Niagara",50472,"R1B01, R1B02","NY",9291100113,"01/01/2009 - 12/31/2011",0.00,0,0.000,0,0.000,0.000,"Complete"
2010,"Covanta Niagara",50472,"R1B01, R1B02","NY",9291100113,"01/01/2009 - 12/31/2011",97.00,97,"2,522.000","42,680",0.000,0.000,"Complete"
2011,"Covanta Niagara",50472,"R1B01, R1B02","NY",9291100113,"01/01/2009 - 12/31/2011",0.00,0,0.000,0,0.000,0.000,"Complete"
2012,"Covanta Niagara",50472,"R1B01, R1B02","NY",9291100113,"01/01/2012 - 12/31/2014",491.00,491,"12,766.000","216,040",0.000,0.000,"Complete"
2013,"Covanta Niagara",50472,"R1B01, R1B02","NY",9291100113,"01/01/2012 - 12/31/2014","2,114.00","2,114","54,964.000","930,160",0.000,0.000,"Complete"
2014,"Covanta Niagara",50472,"R1B01, R1B02","NY",9291100113,"01/01/2012 - 12/31/2014","5,780.00","5,780","150,280.000","2,543,200",0.000,0.000,"Complete"
2015,"Covanta Niagara",50472,"R1B01, R1B02","NY",9291100113,"01/01/2015 - 12/31/2017","2,703.00","2,703","51,345.900","869,171",0.000,0.000,"Complete"
2016,"Covanta Niagara",50472,"R1B01, R1B02","NY",9291100113,"01/01/2015 - 12/31/2017","2,689.25","2,719","26,142.575","439,877",0.000,0.000,"Complete"
2017,"Covanta Niagara",50472,"R1B01, R1B02","NY",9291100113,"01/01/2015 - 12/31/2017","1,828.75","1,864","18,623.200","313,331",0.000,0.000,"Complete"
2018,"Covanta Niagara",50472,"R1B01, R1B02","NY",9291100113,"01/01/2018 - 12/31/2020","3,877.75","3,907","39,361.225","662,350",0.000,0.000,"Complete"
2019,"Covanta Niagara",50472,"R1B01, R1B02","NY",9291100113,"01/01/2018 - 12/31/2020","2,224.00","2,248","21,669.900","364,659",0.000,0.000,"Complete"
2020,"Covanta Niagara",50472,"R1B01, R1B02","NY",9291100113,"01/01/2018 - 12/31/2020","3,012.25","3,040","27,032.600","454,926",0.000,0.000,"Complete"
2021,"Covanta Niagara",50472,"R1B01, R1B02","NY",9291100113,"01/01/2021 - 12/31/2023","1,505.00","1,528","16,969.425","285,521",0.000,0.000,"Complete"
2022,"Covanta Niagara",50472,"R1B01, R1B02","NY",9291100113,"01/01/2021 - 12/31/2023","1,306.00","1,320","12,648.300","212,837",0.000,0.000,"Complete"
2023,"Covanta Niagara",50472,"R1B01, R1B02","NY",9291100113,"01/01/2021 - 12/31/2023","1,104.00","1,120","12,157.200","204,574",0.000,0.000,"Complete"
2024,"Covanta Niagara",50472,"R1B01, R1B02","NY",9291100113,"01/01/2024 - 12/31/2026",846.25,860,"9,065.425","152,553",0.000,0.000,"Complete"
2009,"Bayonne Plant Holding, LLC",50497,"001001, 002001, 004001","NJ",12174,"01/01/2009 - 12/31/2011","1,090.35","1,236","28,985.746","486,700",0.000,0.000,"Complete"
2010,"Bayonne Plant Holding, LLC",50497,"001001, 002001, 004001","NJ",12174,"01/01/2009 - 12/31/2011","3,397.25","3,691","90,589.152","1,524,335",0.000,0.000,"Complete"
2011,"Bayonne Plant Holding, LLC",50497,"001001, 002001, 004001","NJ",12174,"01/01/2009 - 12/31/2011","6,063.86","6,433","155,443.195","2,615,623",0.000,0.000,"Complete"
2009,"Capitol District Energy Center",50498,"GT","CT","75-766","01/01/2009 - 12/31/2011",207.25,240,"4,254.625","69,014",0.000,0.000,"Complete"
2010,"Capitol District Energy Center",50498,"GT","CT","75-766","01/01/2009 - 12/31/2011",307.50,341,"6,245.325","103,236",0.000,0.000,"Complete"
2011,"Capitol District Energy Center",50498,"GT","CT","75-766","01/01/2009 - 12/31/2011",152.50,170,"3,356.425","55,956",0.000,0.000,"Complete"
2012,"Capitol District Energy Center",50498,"GT","CT","75-766","01/01/2012 - 12/31/2014",601.59,662,"14,771.225","247,740",0.000,0.000,"Complete"
2013,"Capitol District Energy Center",50498,"GT","CT","75-766","01/01/2012 - 12/31/2014",574.30,623,"16,098.079","267,873",0.000,0.000,"Complete"
2014,"Capitol District Energy Center",50498,"GT","CT","75-766","01/01/2012 - 12/31/2014",631.78,697,"17,848.861","281,915",0.000,0.000,"Complete"
2015,"Capitol District Energy Center",50498,"GT","CT","75-766","01/01/2015 - 12/31/2017","1,751.63","1,798","45,880.790","762,474",0.000,0.000,"Complete"
2016,"Capitol District Energy Center",50498,"GT","CT","75-766","01/01/2015 - 12/31/2017","2,158.85","2,191","57,134.857","957,519",0.000,0.000,"Complete"
2017,"Capitol District Energy Center",50498,"GT","CT","75-766","01/01/2015 - 12/31/2017",985.41,"1,018","27,455.552","458,951",0.000,0.000,"Complete"
2018,"Capitol District Energy Center",50498,"GT","CT","75-766","01/01/2018 - 12/31/2020","1,126.21","1,163","30,203.051","501,991",0.000,0.000,"Complete"
2019,"Capitol District Energy Center",50498,"GT","CT","75-766","01/01/2018 - 12/31/2020",154.28,171,"3,418.700","57,527",0.000,0.000,"Complete"
2020,"Capitol District Energy Center",50498,"GT","CT","75-766","01/01/2018 - 12/31/2020",243.23,267,"5,900.867","99,299",0.000,0.000,"Complete"
2021,"Capitol District Energy Center",50498,"GT","CT","75-766","01/01/2021 - 12/31/2023",0.00,0,0.000,0,0.000,0.000,"Complete"
2009,"Eagle Point Power Generation",50561,"0001, 0002","NJ",55781,"01/01/2009 - 12/31/2011","3,565.29","3,581","166,300.341","2,798,340",0.000,0.000,"Complete"
2010,"Eagle Point Power Generation",50561,"0001, 0002","NJ",55781,"01/01/2009 - 12/31/2011","1,597.56","1,642","76,908.585","1,294,091",0.000,0.000,"Complete"
2011,"Eagle Point Power Generation",50561,"0001, 0002","NJ",55781,"01/01/2009 - 12/31/2011","1,430.56","1,510","65,716.116","1,105,784",0.000,0.000,"Complete"
2020,"Eagle Point Power Generation",50561,"0001, 0002","NJ",55781,"01/01/2018 - 12/31/2020","4,754.39","4,950","263,724.553","4,437,363",0.000,0.000,"Complete"
2021,"Eagle Point Power Generation",50561,"0001, 0002","NJ",55781,"01/01/2021 - 12/31/2023","1,827.23","1,967","96,968.817","1,631,212",0.000,0.000,"Complete"
2022,"Eagle Point Power Generation",50561,"0001, 0002","NJ",55781,"01/01/2021 - 12/31/2023","2,343.41","2,535","127,239.344","2,122,852",0.000,0.000,"Complete"
2023,"Eagle Point Power Generation",50561,"0001, 0002","NJ",55781,"01/01/2021 - 12/31/2023","2,283.03","2,497","121,507.083","2,043,960",0.000,0.000,"Complete"
2024,"Eagle Point Power Generation",50561,"0001, 0002","NJ",55781,"01/01/2024 - 12/31/2026","1,689.02","1,853","88,525.785","1,512,433",0.000,0.000,"Complete"
2022,"Rausch Creek Generation, LLC",50611,031,"PA"," ","01/01/2021 - 12/31/2023","3,287.05","3,304","180,309.323","1,527,709",0.000,0.000,"Complete"
2023,"Rausch Creek Generation, LLC",50611,031,"PA"," ","01/01/2021 - 12/31/2023","7,234.64","7,255","386,253.760","3,269,930",0.000,0.000,"Complete"
2009,"Syracuse Energy Corporation",50651,"BLR1, BLR2, BLR3, BLR4, BLR5","NY",7313200052,"01/01/2009 - 12/31/2011","30,600.60","30,665","405,992.313","3,957,106",0.000,0.000,"Complete"
2010,"Syracuse Energy Corporation",50651,"BLR1, BLR2, BLR3, BLR4, BLR5","NY",7313200052,"01/01/2009 - 12/31/2011","35,281.09","35,343","435,556.859","4,245,200",0.000,0.000,"Complete"
2011,"Syracuse Energy Corporation",50651,"BLR1, BLR2, BLR3, BLR4, BLR5","NY",7313200052,"01/01/2009 - 12/31/2011","35,057.18","35,137","399,574.441","3,894,532",0.000,0.000,"Complete"
2012,"Syracuse Energy Corporation",50651,"BLR1, BLR2, BLR3, BLR4, BLR5","NY",7313200052,"01/01/2012 - 12/31/2014","34,105.03","34,170","396,507.736","3,864,616",0.000,0.000,"Complete"
2013,"Syracuse Energy Corporation",50651,"BLR1, BLR2, BLR3, BLR4, BLR5","NY",7313200052,"01/01/2012 - 12/31/2014","23,473.14","23,534","281,303.684","2,741,767",0.000,0.000,"Complete"
2009,"Sterling Power Plant",50744,00001,"NY",6301400011,"01/01/2009 - 12/31/2011",171.25,181,"4,178.650","70,301",0.000,0.000,"Complete"
2010,"Sterling Power Plant",50744,00001,"NY",6301400011,"01/01/2009 - 12/31/2011",246.75,252,"5,917.250","99,549",0.000,0.000,"Complete"
2011,"Sterling Power Plant",50744,00001,"NY",6301400011,"01/01/2009 - 12/31/2011",94.75,100,"2,166.325","36,448",0.000,0.000,"Complete"
2012,"Sterling Power Plant",50744,00001,"NY",6301400011,"01/01/2012 - 12/31/2014",762.50,776,"18,239.025","306,887",0.000,0.000,"Complete"
2013,"Sterling Power Plant",50744,00001,"NY",6301400011,"01/01/2012 - 12/31/2014",509.50,528,"12,914.025","217,339",0.000,0.000,"Complete"
2014,"Sterling Power Plant",50744,00001,"NY",6301400011,"01/01/2012 - 12/31/2014",435.71,477,"11,095.957","186,724",0.000,0.000,"Complete"
2015,"Sterling Power Plant",50744,00001,"NY",6301400011,"01/01/2015 - 12/31/2017",435.51,482,"10,572.609","177,905",0.000,0.000,"Complete"
2016,"Sterling Power Plant",50744,00001,"NY",6301400011,"01/01/2015 - 12/31/2017",266.57,306,"5,815.002","97,830",0.000,0.000,"Complete"
2017,"Sterling Power Plant",50744,00001,"NY",6301400011,"01/01/2015 - 12/31/2017",284.65,322,"6,451.051","108,551",0.000,0.000,"Complete"
2018,"Sterling Power Plant",50744,00001,"NY",6301400011,"01/01/2018 - 12/31/2020",554.22,609,"12,781.759","215,078",0.000,0.000,"Complete"
2019,"Sterling Power Plant",50744,00001,"NY",6301400011,"01/01/2018 - 12/31/2020",162.46,177,"3,771.227","63,453",0.000,0.000,"Complete"
2020,"Sterling Power Plant",50744,00001,"NY",6301400011,"01/01/2018 - 12/31/2020",98.34,108,"2,156.130","36,272",0.000,0.000,"Complete"
2021,"Sterling Power Plant",50744,00001,"NY",6301400011,"01/01/2021 - 12/31/2023",341.75,376,"7,743.303","130,298",0.000,0.000,"Complete"
2022,"Sterling Power Plant",50744,00001,"NY",6301400011,"01/01/2021 - 12/31/2023",86.42,103,"1,951.849","32,852",0.000,0.000,"Complete"
2023,"Sterling Power Plant",50744,00001,"NY",6301400011,"01/01/2021 - 12/31/2023",50.81,56,"1,083.907","18,238",0.000,0.000,"Complete"
2024,"Sterling Power Plant",50744,00001,"NY",6301400011,"01/01/2024 - 12/31/2026",88.87,103,"1,903.404","32,039",0.000,0.000,"Complete"
2022,"Panther Creek Energy Facility",50776,"1, 2","PA"," ","01/01/2021 - 12/31/2023","6,824.96","6,855",0.000,"3,884,163",0.000,0.000,"Complete"
2023,"Panther Creek Energy Facility",50776,"1, 2","PA"," ","01/01/2021 - 12/31/2023","14,341.70","14,392",0.000,"6,991,009",0.000,0.000,"Complete"
2009,"EFS Parlin Holdings, LLC",50799,"001001, 003001","NJ",18061,"01/01/2009 - 12/31/2011",344.31,384,"9,277.587","156,117",0.000,0.000,"Complete"
2010,"EFS Parlin Holdings, LLC",50799,"001001, 003001","NJ",18061,"01/01/2009 - 12/31/2011","1,577.85","1,725","40,822.991","686,926",0.000,0.000,"Complete"
2011,"EFS Parlin Holdings, LLC",50799,"001001, 003001","NJ",18061,"01/01/2009 - 12/31/2011","1,712.29","1,895","44,160.935","743,176",0.000,0.000,"Complete"
2020,"EFS Parlin Holdings, LLC",50799,"001001, 003001","NJ",18061,"01/01/2018 - 12/31/2020",160.76,181,"3,886.510","65,399",0.000,0.000,"Complete"
2021,"EFS Parlin Holdings, LLC",50799,"001001, 003001","NJ",18061,"01/01/2021 - 12/31/2023",218.19,253,"5,491.307","92,403",0.000,0.000,"Complete"
2022,"EFS Parlin Holdings, LLC",50799,"001001, 003001","NJ",18061,"01/01/2021 - 12/31/2023",534.57,581,"14,275.004","240,171",0.000,0.000,"Complete"
2023,"EFS Parlin Holdings, LLC",50799,"001001, 003001","NJ",18061,"01/01/2021 - 12/31/2023",198.39,224,"5,103.996","85,895",0.000,0.000,"Complete"
2009,"Elmwood Power LLC",50852,002001,"NJ",2624,"01/01/2009 - 12/31/2011",89.16,103,"3,073.477","51,716",0.000,0.000,"Complete"
2010,"Elmwood Power LLC",50852,002001,"NJ",2624,"01/01/2009 - 12/31/2011",437.17,493,"15,230.644","256,271",0.000,0.000,"Complete"
2011,"Elmwood Power LLC",50852,002001,"NJ",2624,"01/01/2009 - 12/31/2011",418.89,466,"14,818.952","249,360",0.000,0.000,"Complete"
2020,"Elmwood Power LLC",50852,002001,"NJ",2624,"01/01/2018 - 12/31/2020",22.45,29,719.890,"12,117",0.000,0.000,"Complete"
2021,"Elmwood Power LLC",50852,002001,"NJ",2624,"01/01/2021 - 12/31/2023",0.00,0,0.000,0,0.000,0.000,"Complete"
2022,"Elmwood Power LLC",50852,002001,"NJ",2624,"01/01/2021 - 12/31/2023",0.00,0,0.000,0,0.000,0.000,"Complete"
2023,"Elmwood Power LLC",50852,002001,"NJ",2624,"01/01/2021 - 12/31/2023",0.00,0,0.000,0,0.000,0.000,"Complete"
2022,"Northampton Generating Plant",50888,"NGC01","PA"," ","01/01/2021 - 12/31/2023","2,248.00","2,248","260,539.100","2,240,630",0.000,0.000,"Complete"
2023,"Northampton Generating Plant",50888,"NGC01","PA"," ","01/01/2021 - 12/31/2023","5,943.00","5,943","663,737.000","5,708,095",0.000,0.000,"Complete"
2022,"Scrubgrass Generating Plant",50974,"1, 2","PA"," ","01/01/2021 - 12/31/2023","6,147.22","6,193","296,086.940","2,791,841",0.000,0.000,"Complete"
2023,"Scrubgrass Generating Plant",50974,"1, 2","PA"," ","01/01/2021 - 12/31/2023","9,522.47","9,577","493,356.133","4,652,855",0.000,0.000,"Complete"
2009,"Carr Street Generating Station",50978,"A, B","NY",7312600127,"01/01/2009 - 12/31/2011",611.67,736,"9,798.699","164,879",0.000,0.000,"Complete"
2010,"Carr Street Generating Station",50978,"A, B","NY",7312600127,"01/01/2009 - 12/31/2011",917.87,"1,036","15,213.559","253,860",0.000,0.000,"Complete"
2011,"Carr Street Generating Station",50978,"A, B","NY",7312600127,"01/01/2009 - 12/31/2011",593.89,670,"10,079.854","169,628",0.000,0.000,"Complete"
2012,"Carr Street Generating Station",50978,"A, B","NY",7312600127,"01/01/2012 - 12/31/2014","1,795.85","2,050","33,293.791","560,231",0.000,0.000,"Complete"
2013,"Carr Street Generating Station",50978,"A, B","NY",7312600127,"01/01/2012 - 12/31/2014","1,099.76","1,260","20,839.084","347,553",0.000,0.000,"Complete"
2014,"Carr Street Generating Station",50978,"A, B","NY",7312600127,"01/01/2012 - 12/31/2014","2,575.02","2,862","48,973.158","824,133",0.000,0.000,"Complete"
2015,"Carr Street Generating Station",50978,"A, B","NY",7312600127,"01/01/2015 - 12/31/2017","7,727.76","8,514","155,074.516","2,599,984",0.000,0.000,"Complete"
2016,"Carr Street Generating Station",50978,"A, B","NY",7312600127,"01/01/2015 - 12/31/2017","4,486.54","4,964","90,858.701","1,528,865",0.000,0.000,"Complete"
2017,"Carr Street Generating Station",50978,"A, B","NY",7312600127,"01/01/2015 - 12/31/2017","2,175.21","2,404","42,782.095","719,882",0.000,0.000,"Complete"
2018,"Carr Street Generating Station",50978,"A, B","NY",7312600127,"01/01/2018 - 12/31/2020","3,811.54","4,256","86,082.109","1,446,628",0.000,0.000,"Complete"
2019,"Carr Street Generating Station",50978,"A, B","NY",7312600127,"01/01/2018 - 12/31/2020","1,416.78","1,620","29,204.544","491,439",0.000,0.000,"Complete"
2020,"Carr Street Generating Station",50978,"A, B","NY",7312600127,"01/01/2018 - 12/31/2020","2,831.54","3,170","55,745.064","937,995",0.000,0.000,"Complete"
2021,"Carr Street Generating Station",50978,"A, B","NY",7312600127,"01/01/2021 - 12/31/2023","3,687.65","3,984","79,334.778","1,334,901",0.000,0.000,"Complete"
2022,"Carr Street Generating Station",50978,"A, B","NY",7312600127,"01/01/2021 - 12/31/2023","3,942.36","4,259","86,393.972","1,453,764",0.000,0.000,"Complete"
2023,"Carr Street Generating Station",50978,"A, B","NY",7312600127,"01/01/2021 - 12/31/2023","4,443.82","4,821","97,962.777","1,648,357",0.000,0.000,"Complete"
2024,"Carr Street Generating Station",50978,"A, B","NY",7312600127,"01/01/2024 - 12/31/2026","3,850.32","4,069","93,737.034","1,577,363",0.000,0.000,"Complete"
2009,"Ocean State Power",51030,"1, 2","RI",2998,"01/01/2009 - 12/31/2011","4,595.19","4,982","256,880.710","4,322,543",0.000,0.000,"Complete"
2010,"Ocean State Power",51030,"1, 2","RI",2998,"01/01/2009 - 12/31/2011","6,789.37","7,275","375,423.296","6,317,211",0.000,0.000,"Complete"
2011,"Ocean State Power",51030,"1, 2","RI",2998,"01/01/2009 - 12/31/2011","6,242.48","6,715","354,582.736","5,966,435",0.000,0.000,"Complete"
2012,"Ocean State Power",51030,"1, 2","RI",2998,"01/01/2012 - 12/31/2014","7,512.93","8,038","424,406.055","7,141,447",0.000,0.000,"Complete"
2013,"Ocean State Power",51030,"1, 2","RI",2998,"01/01/2012 - 12/31/2014","6,151.71","6,577","342,501.121","5,763,480",0.000,0.000,"Complete"
2014,"Ocean State Power",51030,"1, 2","RI",2998,"01/01/2012 - 12/31/2014","5,320.32","5,719","297,466.622","5,005,459",0.000,0.000,"Complete"
2015,"Ocean State Power",51030,"1, 2","RI",2998,"01/01/2015 - 12/31/2017","6,163.52","6,522","364,082.269","6,091,634",0.000,0.000,"Complete"
2016,"Ocean State Power",51030,"1, 2","RI",2998,"01/01/2015 - 12/31/2017","4,177.22","4,285","245,003.723","4,119,279",0.000,0.000,"Complete"
2017,"Ocean State Power",51030,"1, 2","RI",2998,"01/01/2015 - 12/31/2017","4,471.32","4,730","260,172.630","4,357,477",0.000,0.000,"Complete"
2018,"Ocean State Power",51030,"1, 2","RI",2998,"01/01/2018 - 12/31/2020","5,938.30","6,224","314,860.898","5,278,339",0.000,0.000,"Complete"
2019,"Ocean State Power",51030,"1, 2","RI",2998,"01/01/2018 - 12/31/2020","5,893.47","6,365","320,037.990","5,375,291",0.000,0.000,"Complete"
2020,"Ocean State Power",51030,"1, 2","RI",2998,"01/01/2018 - 12/31/2020","5,896.38","6,645","307,762.369","5,175,092",0.000,0.000,"Complete"
2021,"Ocean State Power",51030,"1, 2","RI",2998,"01/01/2021 - 12/31/2023","9,453.72","10,057","505,161.033","8,483,601",0.000,0.000,"Complete"
2022,"Ocean State Power",51030,"1, 2","RI",2998,"01/01/2021 - 12/31/2023","7,360.62","8,092","384,873.265","6,365,698",0.000,0.000,"Complete"
2023,"Ocean State Power",51030,"1, 2","RI",2998,"01/01/2021 - 12/31/2023","11,573.24","11,928","642,163.648","10,785,386",0.000,0.000,"Complete"
2024,"Ocean State Power",51030,"1, 2","RI",2998,"01/01/2024 - 12/31/2026","10,722.56","11,082","583,189.719","9,810,687",0.000,0.000,"Complete"
2021,"Doswell Limited Partnership",52019,"501, 502, 601, 602, CT1, CT2, CT3","VA"," ","01/01/2021 - 12/31/2023","32,674.51","33,843","2,515,762.324","42,276,742",0.000,0.000,"Complete"
2022,"Doswell Limited Partnership",52019,"501, 502, 601, 602, CT1, CT2, CT3","VA"," ","01/01/2021 - 12/31/2023","32,226.01","33,453","2,493,715.997","41,781,578",0.000,0.000,"Complete"
2023,"Doswell Limited Partnership",52019,"501, 502, 601, 602, CT1, CT2, CT3","VA"," ","01/01/2021 - 12/31/2023","36,694.00","37,564","2,842,367.478","47,820,512",0.000,0.000,"Complete"
2009,"Dartmouth Power",52026,1,"MA","120-00025","01/01/2009 - 12/31/2011",698.66,771,"18,072.239","302,184",0.000,0.000,"Complete"
2010,"Dartmouth Power",52026,1,"MA","120-00025","01/01/2009 - 12/31/2011","2,355.06","2,537","61,583.746","1,036,295",0.000,0.000,"Complete"
2011,"Dartmouth Power",52026,1,"MA","120-00025","01/01/2009 - 12/31/2011","1,954.77","2,128","52,249.041","878,730",0.000,0.000,"Complete"
2012,"Dartmouth Power",52026,1,"MA","120-00025","01/01/2012 - 12/31/2014","2,628.30","2,807","69,799.109","1,174,465",0.000,0.000,"Complete"
2013,"Dartmouth Power",52026,1,"MA","120-00025","01/01/2012 - 12/31/2014","2,564.46","2,694","66,444.966","1,117,006",0.000,0.000,"Complete"
2014,"Dartmouth Power",52026,1,"MA","120-00025","01/01/2012 - 12/31/2014","2,743.24","2,849","70,892.362","1,156,404",0.000,0.000,"Complete"
2015,"Dartmouth Power",52026,1,"MA","120-00025","01/01/2015 - 12/31/2017","2,125.44","2,297","54,476.100","903,594",0.000,0.000,"Complete"
2016,"Dartmouth Power",52026,1,"MA","120-00025","01/01/2015 - 12/31/2017","1,741.83","1,885","44,275.091","744,838",0.000,0.000,"Complete"
2017,"Dartmouth Power",52026,1,"MA","120-00025","01/01/2015 - 12/31/2017","1,703.94","1,865","41,989.953","700,334",0.000,0.000,"Complete"
2018,"Dartmouth Power",52026,1,"MA","120-00025","01/01/2018 - 12/31/2020","1,110.78","1,223","28,432.020","465,592",0.000,0.000,"Complete"
2019,"Dartmouth Power",52026,1,"MA","120-00025","01/01/2018 - 12/31/2020","1,015.26","1,137","24,255.557","407,811",0.000,0.000,"Complete"
2020,"Dartmouth Power",52026,1,"MA","120-00025","01/01/2018 - 12/31/2020",791.86,886,"19,074.079","320,573",0.000,0.000,"Complete"
2021,"Dartmouth Power",52026,1,"MA","120-00025","01/01/2021 - 12/31/2023",656.87,730,"15,598.867","262,227",0.000,0.000,"Complete"
2022,"Dartmouth Power",52026,1,"MA","120-00025","01/01/2021 - 12/31/2023",910.30,"1,009","23,454.753","387,948",0.000,0.000,"Complete"
2023,"Dartmouth Power",52026,1,"MA","120-00025","01/01/2021 - 12/31/2023",506.87,560,"12,561.099","210,554",0.000,0.000,"Complete"
2024,"Dartmouth Power",52026,1,"MA","120-00025","01/01/2024 - 12/31/2026",998.36,"1,118","24,034.919","404,002",0.000,0.000,"Complete"
2009,"Nassau Energy Corporation",52056,00004,"NY",1282001015,"01/01/2009 - 12/31/2011","7,324.36","7,348","223,843.051","3,748,506",0.000,0.000,"Complete"
2010,"Nassau Energy Corporation",52056,00004,"NY",1282001015,"01/01/2009 - 12/31/2011","8,545.21","8,556","269,674.794","4,534,973",0.000,0.000,"Complete"
2011,"Nassau Energy Corporation",52056,00004,"NY",1282001015,"01/01/2009 - 12/31/2011","6,828.02","6,851","214,840.311","3,614,106",0.000,0.000,"Complete"
2012,"Nassau Energy Corporation",52056,00004,"NY",1282001015,"01/01/2012 - 12/31/2014","7,435.02","7,447","237,872.182","4,002,248",0.000,0.000,"Complete"
2013,"Nassau Energy Corporation",52056,00004,"NY",1282001015,"01/01/2012 - 12/31/2014","7,134.58","7,162","228,878.481","3,839,964",0.000,0.000,"Complete"
2014,"Nassau Energy Corporation",52056,00004,"NY",1282001015,"01/01/2012 - 12/31/2014","6,807.31","6,822","211,377.508","3,534,859",0.000,0.000,"Complete"
2015,"Nassau Energy Corporation",52056,00004,"NY",1282001015,"01/01/2015 - 12/31/2017","6,444.58","6,478","196,024.587","3,291,449",0.000,0.000,"Complete"
2016,"Nassau Energy Corporation",52056,00004,"NY",1282001015,"01/01/2015 - 12/31/2017","8,146.21","8,177","232,380.874","3,869,862",0.000,0.000,"Complete"
2017,"Nassau Energy Corporation",52056,00004,"NY",1282001015,"01/01/2015 - 12/31/2017","7,895.33","7,914","202,920.324","3,414,423",0.000,0.000,"Complete"
2018,"Nassau Energy Corporation",52056,00004,"NY",1282001015,"01/01/2018 - 12/31/2020","7,447.39","7,468","203,111.834","3,395,441",0.000,0.000,"Complete"
2019,"Nassau Energy Corporation",52056,00004,"NY",1282001015,"01/01/2018 - 12/31/2020","8,206.18","8,222","212,647.212","3,571,381",0.000,0.000,"Complete"
2020,"Nassau Energy Corporation",52056,00004,"NY",1282001015,"01/01/2018 - 12/31/2020","4,644.63","4,668","105,527.713","1,775,503",0.000,0.000,"Complete"
2021,"Nassau Energy Corporation",52056,00004,"NY",1282001015,"01/01/2021 - 12/31/2023","7,363.11","7,387","188,349.458","3,167,353",0.000,0.000,"Complete"
2022,"Nassau Energy Corporation",52056,00004,"NY",1282001015,"01/01/2021 - 12/31/2023","3,166.82","3,167","81,459.814","1,370,703",0.000,0.000,"Complete"
2021,"Elizabeth River Combustion Turbine Sta",52087,"CT-1, CT-2, CT-3","VA"," ","01/01/2021 - 12/31/2023",483.21,545,"36,446.800","549,292",0.000,0.000,"Complete"
2022,"Elizabeth River Combustion Turbine Sta",52087,"CT-1, CT-2, CT-3","VA"," ","01/01/2021 - 12/31/2023",650.17,707,"53,187.900","771,311",0.000,0.000,"Complete"
2023,"Elizabeth River Combustion Turbine Sta",52087,"CT-1, CT-2, CT-3","VA"," ","01/01/2021 - 12/31/2023","1,159.67","1,238","78,091.000","1,313,817",0.000,0.000,"Complete"
2012,"Delaware City Refinery",52193,"CCU 1, CCU 2, Turbine Generators","DE",1000300016,"01/01/2012 - 12/31/2014",0.00,0,0.000,0,0.000,0.000,"Complete"
2013,"Delaware City Refinery",52193,"CCU 1, CCU 2, Turbine Generators","DE",1000300016,"01/01/2012 - 12/31/2014","8,736.00","8,736","98,587.000","1,659,727",0.000,0.000,"Complete"
2014,"Delaware City Refinery",52193,"CCU 1, CCU 2, Turbine Generators","DE",1000300016,"01/01/2012 - 12/31/2014","7,848.00","7,848","51,701.000","951,371",0.000,0.000,"Complete"
2015,"Delaware City Refinery",52193,"CCU 1, CCU 2, Turbine Generators","DE",1000300016,"01/01/2015 - 12/31/2017","13,416.00","13,416","169,025.000","2,845,533",0.000,0.000,"Complete"
2016,"Delaware City Refinery",52193,"CCU 1, CCU 2, Turbine Generators","DE",1000300016,"01/01/2015 - 12/31/2017","15,240.00","15,240","203,447.000","3,425,049",0.000,0.000,"Complete"
2017,"Delaware City Refinery",52193,"CCU 1, CCU 2, Turbine Generators","DE",1000300016,"01/01/2015 - 12/31/2017","13,368.00","13,368","153,919.000","2,591,235",0.000,0.000,"Complete"
2018,"Delaware City Refinery",52193,"CCU 1, CCU 2, Turbine Generators","DE",1000300016,"01/01/2018 - 12/31/2020","11,856.00","11,856","112,611.000","1,895,793",0.000,0.000,"Complete"
2019,"Delaware City Refinery",52193,"CCU 1, CCU 2, Turbine Generators","DE",1000300016,"01/01/2018 - 12/31/2020","16,637.00","16,637","206,525.280","3,476,854",0.000,0.000,"Complete"
2020,"Delaware City Refinery",52193,"CCU 1, CCU 2, Turbine Generators","DE",1000300016,"01/01/2018 - 12/31/2020","15,031.00","15,031","140,167.000","2,369,134",0.000,0.000,"Complete"
2021,"Delaware City Refinery",52193,"CCU 1, CCU 2, Turbine Generators","DE",1000300016,"01/01/2021 - 12/31/2023","11,655.00","11,655","66,172.000","1,113,723",0.000,0.000,"Complete"
2022,"Delaware City Refinery",52193,"CCU 1, CCU 2, Turbine Generators","DE",1000300016,"01/01/2021 - 12/31/2023","10,104.00","11,830","120,747.000","2,022,767",0.000,0.000,"Complete"
2023,"Delaware City Refinery",52193,"CCU 1, CCU 2, Turbine Generators","DE",1000300016,"01/01/2021 - 12/31/2023","14,928.00","14,928","180,203.000","3,033,719",0.000,0.000,"Complete"
2024,"Delaware City Refinery",52193,"CCU 1, CCU 2, Turbine Generators","DE",1000300016,"01/01/2024 - 12/31/2026","13,560.00","13,560","198,426.000","3,341,785",0.000,0.000,"Complete"
2009,"Rensselaer Cogen",54034,"1GTDBS","NY",4381400029,"01/01/2009 - 12/31/2011",35.03,40,"1,110.841","18,691",0.000,0.000,"Complete"
2010,"Rensselaer Cogen",54034,"1GTDBS","NY",4381400029,"01/01/2009 - 12/31/2011",402.18,434,"14,667.449","246,821",0.000,0.000,"Complete"
2011,"Rensselaer Cogen",54034,"1GTDBS","NY",4381400029,"01/01/2009 - 12/31/2011",136.03,145,"4,733.347","79,654",0.000,0.000,"Complete"
2012,"Rensselaer Cogen",54034,"1GTDBS","NY",4381400029,"01/01/2012 - 12/31/2014",978.40,"1,027","36,913.728","621,148",0.000,0.000,"Complete"
2013,"Rensselaer Cogen",54034,"1GTDBS","NY",4381400029,"01/01/2012 - 12/31/2014","1,100.37","1,138","43,322.355","728,963",0.000,0.000,"Complete"
2014,"Rensselaer Cogen",54034,"1GTDBS","NY",4381400029,"01/01/2012 - 12/31/2014",658.41,685,"25,013.529","420,903",0.000,0.000,"Complete"
2015,"Rensselaer Cogen",54034,"1GTDBS","NY",4381400029,"01/01/2015 - 12/31/2017",627.45,657,"23,239.814","391,050",0.000,0.000,"Complete"
2016,"Rensselaer Cogen",54034,"1GTDBS","NY",4381400029,"01/01/2015 - 12/31/2017",462.64,492,"16,625.721","279,764",0.000,0.000,"Complete"
2017,"Rensselaer Cogen",54034,"1GTDBS","NY",4381400029,"01/01/2015 - 12/31/2017",99.07,104,"3,290.869","55,383",0.000,0.000,"Complete"
2018,"Rensselaer Cogen",54034,"1GTDBS","NY",4381400029,"01/01/2018 - 12/31/2020",67.38,73,"2,310.867","38,893",0.000,0.000,"Complete"
2019,"Rensselaer Cogen",54034,"1GTDBS","NY",4381400029,"01/01/2018 - 12/31/2020",48.02,52,"1,824.405","30,699",0.000,0.000,"Complete"
2020,"Rensselaer Cogen",54034,"1GTDBS","NY",4381400029,"01/01/2018 - 12/31/2020",67.11,70,"2,559.018","43,063",0.000,0.000,"Complete"
2021,"Rensselaer Cogen",54034,"1GTDBS","NY",4381400029,"01/01/2021 - 12/31/2023",488.90,508,"18,455.017","310,545",0.000,0.000,"Complete"
2022,"Rensselaer Cogen",54034,"1GTDBS","NY",4381400029,"01/01/2021 - 12/31/2023","1,006.94","1,033","37,402.042","629,363",0.000,0.000,"Complete"
2023,"Rensselaer Cogen",54034,"1GTDBS","NY",4381400029,"01/01/2021 - 12/31/2023",365.09,380,"13,079.000","220,036",0.000,0.000,"Complete"
2024,"Rensselaer Cogen",54034,"1GTDBS","NY",4381400029,"01/01/2024 - 12/31/2026",269.51,280,"9,844.187","165,649",0.000,0.000,"Complete"
2009,"Lockport",54041,"011854, 011855, 011856","NY",9292600016,"01/01/2009 - 12/31/2011",315.25,367,"7,201.975","121,195",0.000,0.000,"Complete"
2010,"Lockport",54041,"011854, 011855, 011856","NY",9292600016,"01/01/2009 - 12/31/2011","1,058.75","1,074","26,919.950","452,975",0.000,0.000,"Complete"
2011,"Lockport",54041,"011854, 011855, 011856","NY",9292600016,"01/01/2009 - 12/31/2011","1,169.25","1,188","31,669.425","532,889",0.000,0.000,"Complete"
2012,"Lockport",54041,"011854, 011855, 011856","NY",9292600016,"01/01/2012 - 12/31/2014","5,188.75","5,263","139,385.525","2,345,472",0.000,0.000,"Complete"
2013,"Lockport",54041,"011854, 011855, 011856","NY",9292600016,"01/01/2012 - 12/31/2014","7,046.00","7,163","198,594.775","3,341,769",0.000,0.000,"Complete"
2014,"Lockport",54041,"011854, 011855, 011856","NY",9292600016,"01/01/2012 - 12/31/2014","6,891.25","7,057","200,968.000","3,381,728",0.000,0.000,"Complete"
2015,"Lockport",54041,"011854, 011855, 011856","NY",9292600016,"01/01/2015 - 12/31/2017","5,152.50","5,302","148,409.100","2,497,175",0.000,0.000,"Complete"
2016,"Lockport",54041,"011854, 011855, 011856","NY",9292600016,"01/01/2015 - 12/31/2017","11,857.75","12,143","318,155.325","5,353,513",0.000,0.000,"Complete"
2017,"Lockport",54041,"011854, 011855, 011856","NY",9292600016,"01/01/2015 - 12/31/2017","2,908.09","3,023","68,723.217","1,156,480",0.000,0.000,"Complete"
2018,"Lockport",54041,"011854, 011855, 011856","NY",9292600016,"01/01/2018 - 12/31/2020","8,493.49","8,884","240,146.174","4,040,180",0.000,0.000,"Complete"
2019,"Lockport",54041,"011854, 011855, 011856","NY",9292600016,"01/01/2018 - 12/31/2020","4,005.10","4,206","114,016.907","1,918,203",0.000,0.000,"Complete"
2020,"Lockport",54041,"011854, 011855, 011856","NY",9292600016,"01/01/2018 - 12/31/2020","3,195.93","3,374","91,498.818","1,539,734",0.000,0.000,"Complete"
2021,"Lockport",54041,"011854, 011855, 011856","NY",9292600016,"01/01/2021 - 12/31/2023","1,018.01","1,076","31,252.364","525,992",0.000,0.000,"Complete"
2022,"Lockport",54041,"011854, 011855, 011856","NY",9292600016,"01/01/2021 - 12/31/2023","3,165.51","3,255","107,403.242","1,807,277",0.000,0.000,"Complete"
2023,"Lockport",54041,"011854, 011855, 011856","NY",9292600016,"01/01/2021 - 12/31/2023","1,690.46","1,730","52,850.528","889,347",0.000,0.000,"Complete"
2024,"Lockport",54041,"011854, 011855, 011856","NY",9292600016,"01/01/2024 - 12/31/2026","3,277.24","3,346","104,703.657","1,761,875",0.000,0.000,"Complete"
2009,"Pawtucket Power Associates, LP",54056,1,"RI",3000,"01/01/2009 - 12/31/2011",312.50,356,"8,763.525","144,411",0.000,0.000,"Complete"
2010,"Pawtucket Power Associates, LP",54056,1,"RI",3000,"01/01/2009 - 12/31/2011","1,018.75","1,149","28,029.775","469,030",0.000,0.000,"Complete"
2011,"Pawtucket Power Associates, LP",54056,1,"RI",3000,"01/01/2009 - 12/31/2011",467.34,577,"12,581.428","207,828",0.000,0.000,"Complete"
2012,"Pawtucket Power Associates, LP",54056,1,"RI",3000,"01/01/2012 - 12/31/2014",143.90,168,"3,555.014","59,828",0.000,0.000,"Complete"
2013,"Pawtucket Power Associates, LP",54056,1,"RI",3000,"01/01/2012 - 12/31/2014",25.32,37,593.126,"9,978",0.000,0.000,"Complete"
2014,"Pawtucket Power Associates, LP",54056,1,"RI",3000,"01/01/2012 - 12/31/2014",115.95,147,"2,964.305","49,876",0.000,0.000,"Complete"
2015,"Pawtucket Power Associates, LP",54056,1,"RI",3000,"01/01/2015 - 12/31/2017",354.83,415,"9,207.369","147,984",0.000,0.000,"Complete"
2016,"Pawtucket Power Associates, LP",54056,1,"RI",3000,"01/01/2015 - 12/31/2017",379.92,419,"10,159.507","169,529",0.000,0.000,"Complete"
2017,"Pawtucket Power Associates, LP",54056,1,"RI",3000,"01/01/2015 - 12/31/2017",280.67,322,"7,580.834","123,120",0.000,0.000,"Complete"
2018,"Pawtucket Power Associates, LP",54056,1,"RI",3000,"01/01/2018 - 12/31/2020",227.09,262,"6,185.306","98,541",0.000,0.000,"Complete"
2019,"Pawtucket Power Associates, LP",54056,1,"RI",3000,"01/01/2018 - 12/31/2020",100.77,112,"2,628.601","43,962",0.000,0.000,"Complete"
2020,"Pawtucket Power Associates, LP",54056,1,"RI",3000,"01/01/2018 - 12/31/2020",120.09,140,"3,047.980","51,068",0.000,0.000,"Complete"
2021,"Pawtucket Power Associates, LP",54056,1,"RI",3000,"01/01/2021 - 12/31/2023",66.40,74,"2,424.713","30,019",0.000,0.000,"Complete"
2009,"Indeck-Olean Energy Center",54076,1,"NY",9041200042,"01/01/2009 - 12/31/2011","3,060.25","3,075","94,377.050","1,587,435",0.000,0.000,"Complete"
2010,"Indeck-Olean Energy Center",54076,1,"NY",9041200042,"01/01/2009 - 12/31/2011","4,546.75","4,560","140,985.725","2,363,932",0.000,0.000,"Complete"
2011,"Indeck-Olean Energy Center",54076,1,"NY",9041200042,"01/01/2009 - 12/31/2011","2,358.75","2,368","77,155.425","1,294,115",0.000,0.000,"Complete"
2012,"Indeck-Olean Energy Center",54076,1,"NY",9041200042,"01/01/2012 - 12/31/2014","2,160.25","2,168","69,525.050","1,169,919",0.000,0.000,"Complete"
2013,"Indeck-Olean Energy Center",54076,1,"NY",9041200042,"01/01/2012 - 12/31/2014","2,306.50","2,327","75,589.325","1,268,997",0.000,0.000,"Complete"
2014,"Indeck-Olean Energy Center",54076,1,"NY",9041200042,"01/01/2012 - 12/31/2014","5,128.00","5,144","170,259.975","2,862,442",0.000,0.000,"Complete"
2015,"Indeck-Olean Energy Center",54076,1,"NY",9041200042,"01/01/2015 - 12/31/2017","5,997.25","6,008","207,134.975","3,481,925",0.000,0.000,"Complete"
2016,"Indeck-Olean Energy Center",54076,1,"NY",9041200042,"01/01/2015 - 12/31/2017","2,008.50","2,040","65,271.100","1,098,286",0.000,0.000,"Complete"
2017,"Indeck-Olean Energy Center",54076,1,"NY",9041200042,"01/01/2015 - 12/31/2017","1,403.25","1,452","45,535.025","766,198",0.000,0.000,"Complete"
2018,"Indeck-Olean Energy Center",54076,1,"NY",9041200042,"01/01/2018 - 12/31/2020","2,161.50","2,226","69,788.575","1,174,054",0.000,0.000,"Complete"
2019,"Indeck-Olean Energy Center",54076,1,"NY",9041200042,"01/01/2018 - 12/31/2020","1,927.25","1,985","62,272.600","1,047,456",0.000,0.000,"Complete"
2020,"Indeck-Olean Energy Center",54076,1,"NY",9041200042,"01/01/2018 - 12/31/2020","1,412.25","1,474","44,458.975","748,124",0.000,0.000,"Complete"
2021,"Indeck-Olean Energy Center",54076,1,"NY",9041200042,"01/01/2021 - 12/31/2023",882.00,916,"28,388.325","477,670",0.000,0.000,"Complete"
2022,"Indeck-Olean Energy Center",54076,1,"NY",9041200042,"01/01/2021 - 12/31/2023","1,616.75","1,667","54,040.700","908,254",0.000,0.000,"Complete"
2023,"Indeck-Olean Energy Center",54076,1,"NY",9041200042,"01/01/2021 - 12/31/2023",595.50,617,"19,361.025","325,075",0.000,0.000,"Complete"
2024,"Indeck-Olean Energy Center",54076,1,"NY",9041200042,"01/01/2024 - 12/31/2026",572.75,592,"18,075.625","304,183",0.000,0.000,"Complete"
2009,"KIAC Cogeneration",54114,"GT1, GT2","NY",2630800096,"01/01/2009 - 12/31/2011","11,027.22","11,332","283,299.398","4,767,044",0.000,0.000,"Complete"
2010,"KIAC Cogeneration",54114,"GT1, GT2","NY",2630800096,"01/01/2009 - 12/31/2011","12,476.74","12,715","322,360.059","5,424,361",0.000,0.000,"Complete"
2011,"KIAC Cogeneration",54114,"GT1, GT2","NY",2630800096,"01/01/2009 - 12/31/2011","11,774.74","12,068","302,781.829","5,094,722",0.000,0.000,"Complete"
2012,"KIAC Cogeneration",54114,"GT1, GT2","NY",2630800096,"01/01/2012 - 12/31/2014","13,931.09","14,266","352,291.420","5,927,705",0.000,0.000,"Complete"
2013,"KIAC Cogeneration",54114,"GT1, GT2","NY",2630800096,"01/01/2012 - 12/31/2014","13,015.70","13,339","325,012.087","5,468,627",0.000,0.000,"Complete"
2014,"KIAC Cogeneration",54114,"GT1, GT2","NY",2630800096,"01/01/2012 - 12/31/2014","14,944.54","15,159","373,919.814","6,287,974",0.000,0.000,"Complete"
2015,"KIAC Cogeneration",54114,"GT1, GT2","NY",2630800096,"01/01/2015 - 12/31/2017","14,151.47","14,403","368,395.256","6,197,276",0.000,0.000,"Complete"
2016,"KIAC Cogeneration",54114,"GT1, GT2","NY",2630800096,"01/01/2015 - 12/31/2017","13,863.76","14,052","360,622.583","6,068,088",0.000,0.000,"Complete"
2017,"KIAC Cogeneration",54114,"GT1, GT2","NY",2630800096,"01/01/2015 - 12/31/2017","12,133.01","12,454","313,459.828","5,274,665",0.000,0.000,"Complete"
2018,"KIAC Cogeneration",54114,"GT1, GT2","NY",2630800096,"01/01/2018 - 12/31/2020","12,489.39","12,803","327,844.313","5,508,395",0.000,0.000,"Complete"
2019,"KIAC Cogeneration",54114,"GT1, GT2","NY",2630800096,"01/01/2018 - 12/31/2020","10,851.53","11,064","269,595.058","4,536,409",0.000,0.000,"Complete"
2020,"KIAC Cogeneration",54114,"GT1, GT2","NY",2630800096,"01/01/2018 - 12/31/2020","10,452.92","10,612","256,622.174","4,316,863",0.000,0.000,"Complete"
2021,"KIAC Cogeneration",54114,"GT1, GT2","NY",2630800096,"01/01/2021 - 12/31/2023","10,982.26","11,149","274,986.703","4,627,121",0.000,0.000,"Complete"
2022,"KIAC Cogeneration",54114,"GT1, GT2","NY",2630800096,"01/01/2021 - 12/31/2023","12,527.44","12,767","320,352.838","5,383,200",0.000,0.000,"Complete"
2023,"KIAC Cogeneration",54114,"GT1, GT2","NY",2630800096,"01/01/2021 - 12/31/2023","9,702.94","9,972","245,694.979","4,134,173",0.000,0.000,"Complete"
2024,"KIAC Cogeneration",54114,"GT1, GT2","NY",2630800096,"01/01/2024 - 12/31/2026","9,213.07","9,503","225,682.831","3,797,245",0.000,0.000,"Complete"
2009,"World Generation X, LLC",54131,"NTCT1","NY",9291200059,"01/01/2009 - 12/31/2011",97.75,101,"2,605.000","43,830",0.000,0.000,"Complete"
2010,"World Generation X, LLC",54131,"NTCT1","NY",9291200059,"01/01/2009 - 12/31/2011",634.50,653,"17,015.325","286,330",0.000,0.000,"Complete"
2011,"World Generation X, LLC",54131,"NTCT1","NY",9291200059,"01/01/2009 - 12/31/2011",311.75,319,"8,440.075","142,011",0.000,0.000,"Complete"
2012,"World Generation X, LLC",54131,"NTCT1","NY",9291200059,"01/01/2012 - 12/31/2014","1,518.75","1,557","39,368.125","662,454",0.000,0.000,"Complete"
2013,"World Generation X, LLC",54131,"NTCT1","NY",9291200059,"01/01/2012 - 12/31/2014","1,011.50","1,047","27,135.500","456,600",0.000,0.000,"Complete"
2014,"World Generation X, LLC",54131,"NTCT1","NY",9291200059,"01/01/2012 - 12/31/2014",744.75,766,"20,703.050","348,381",0.000,0.000,"Complete"
2015,"World Generation X, LLC",54131,"NTCT1","NY",9291200059,"01/01/2015 - 12/31/2017",807.25,817,"21,892.675","368,365",0.000,0.000,"Complete"
2016,"World Generation X, LLC",54131,"NTCT1","NY",9291200059,"01/01/2015 - 12/31/2017","1,636.25","1,648","43,306.650","728,755",0.000,0.000,"Complete"
2017,"World Generation X, LLC",54131,"NTCT1","NY",9291200059,"01/01/2015 - 12/31/2017",210.00,216,"5,755.600","96,840",0.000,0.000,"Complete"
2018,"World Generation X, LLC",54131,"NTCT1","NY",9291200059,"01/01/2018 - 12/31/2020",473.00,480,"12,447.850","209,456",0.000,0.000,"Complete"
2019,"World Generation X, LLC",54131,"NTCT1","NY",9291200059,"01/01/2018 - 12/31/2020",333.68,337,"9,245.167","155,575",0.000,0.000,"Complete"
2020,"World Generation X, LLC",54131,"NTCT1","NY",9291200059,"01/01/2018 - 12/31/2020",420.74,440,"10,981.236","184,773",0.000,0.000,"Complete"
2021,"World Generation X, LLC",54131,"NTCT1","NY",9291200059,"01/01/2021 - 12/31/2023",116.64,125,"2,845.406","47,875",0.000,0.000,"Complete"
2022,"World Generation X, LLC",54131,"NTCT1","NY",9291200059,"01/01/2021 - 12/31/2023",958.58,977,"28,886.865","486,080",0.000,0.000,"Complete"
2023,"World Generation X, LLC",54131,"NTCT1","NY",9291200059,"01/01/2021 - 12/31/2023","1,390.36","1,404","37,772.271","635,612",0.000,0.000,"Complete"
2024,"World Generation X, LLC",54131,"NTCT1","NY",9291200059,"01/01/2024 - 12/31/2026","5,488.77","5,499","140,684.491","2,367,319",0.000,0.000,"Complete"
2009,"Nissequogue Energy Center",54149,1,"NY",1472202441,"01/01/2009 - 12/31/2011","7,481.09","7,515","181,346.129","3,028,471",0.000,0.000,"Complete"
2010,"Nissequogue Energy Center",54149,1,"NY",1472202441,"01/01/2009 - 12/31/2011","8,012.87","8,033","207,690.217","3,494,804",0.000,0.000,"Complete"
2011,"Nissequogue Energy Center",54149,1,"NY",1472202441,"01/01/2009 - 12/31/2011","7,518.22","7,542","191,486.286","3,222,120",0.000,0.000,"Complete"
2012,"Nissequogue Energy Center",54149,1,"NY",1472202441,"01/01/2012 - 12/31/2014","8,226.26","8,249","209,263.775","3,521,271",0.000,0.000,"Complete"
2013,"Nissequogue Energy Center",54149,1,"NY",1472202441,"01/01/2012 - 12/31/2014","8,302.34","8,316","216,622.550","3,644,425",0.000,0.000,"Complete"
2014,"Nissequogue Energy Center",54149,1,"NY",1472202441,"01/01/2012 - 12/31/2014","8,103.49","8,119","204,078.138","3,412,881",0.000,0.000,"Complete"
2015,"Nissequogue Energy Center",54149,1,"NY",1472202441,"01/01/2015 - 12/31/2017","8,012.98","8,046","188,917.723","3,178,860",0.000,0.000,"Complete"
2016,"Nissequogue Energy Center",54149,1,"NY",1472202441,"01/01/2015 - 12/31/2017","8,074.97","8,099","193,764.840","3,260,450",0.000,0.000,"Complete"
2017,"Nissequogue Energy Center",54149,1,"NY",1472202441,"01/01/2015 - 12/31/2017","8,102.51","8,117","205,822.982","3,463,388",0.000,0.000,"Complete"
2018,"Nissequogue Energy Center",54149,1,"NY",1472202441,"01/01/2018 - 12/31/2020","8,162.99","8,180","209,258.781","3,519,669",0.000,0.000,"Complete"
2019,"Nissequogue Energy Center",54149,1,"NY",1472202441,"01/01/2018 - 12/31/2020","7,972.95","7,996","197,236.769","3,318,799",0.000,0.000,"Complete"
2020,"Nissequogue Energy Center",54149,1,"NY",1472202441,"01/01/2018 - 12/31/2020","8,332.01","8,345","198,180.252","3,334,709",0.000,0.000,"Complete"
2021,"Nissequogue Energy Center",54149,1,"NY",1472202441,"01/01/2021 - 12/31/2023","7,729.59","7,741","190,426.186","3,200,977",0.000,0.000,"Complete"
2022,"Nissequogue Energy Center",54149,1,"NY",1472202441,"01/01/2021 - 12/31/2023","7,894.48","7,915","189,738.620","3,187,949",0.000,0.000,"Complete"
2023,"Nissequogue Energy Center",54149,1,"NY",1472202441,"01/01/2021 - 12/31/2023","7,948.81","7,958","186,917.544","3,144,275",0.000,0.000,"Complete"
2024,"Nissequogue Energy Center",54149,1,"NY",1472202441,"01/01/2024 - 12/31/2026","8,153.25","8,164","198,367.352","3,337,855",0.000,0.000,"Complete"
2021,"Birchwood Power Facility",54304,001,"VA"," ","01/01/2021 - 12/31/2023",680.05,689,"104,810.073","1,021,548",0.000,0.000,"Complete"
2009,"Ocean State Power II",54324,"3, 4","RI",2998,"01/01/2009 - 12/31/2011","4,910.82","5,308","284,638.535","4,789,574",0.000,0.000,"Complete"
2010,"Ocean State Power II",54324,"3, 4","RI",2998,"01/01/2009 - 12/31/2011","6,140.51","6,556","361,039.869","6,075,132",0.000,0.000,"Complete"
2011,"Ocean State Power II",54324,"3, 4","RI",2998,"01/01/2009 - 12/31/2011","6,666.36","7,180","401,003.829","6,747,688",0.000,0.000,"Complete"
2012,"Ocean State Power II",54324,"3, 4","RI",2998,"01/01/2012 - 12/31/2014","6,069.98","6,466","353,210.619","5,943,464",0.000,0.000,"Complete"
2013,"Ocean State Power II",54324,"3, 4","RI",2998,"01/01/2012 - 12/31/2014","5,144.52","5,494","304,441.343","5,122,848",0.000,0.000,"Complete"
2014,"Ocean State Power II",54324,"3, 4","RI",2998,"01/01/2012 - 12/31/2014","5,006.98","5,375","294,493.493","4,955,388",0.000,0.000,"Complete"
2015,"Ocean State Power II",54324,"3, 4","RI",2998,"01/01/2015 - 12/31/2017","5,132.73","5,467","332,857.457","5,594,379",0.000,0.000,"Complete"
2016,"Ocean State Power II",54324,"3, 4","RI",2998,"01/01/2015 - 12/31/2017","2,671.34","2,874","167,034.138","2,776,641",0.000,0.000,"Complete"
2017,"Ocean State Power II",54324,"3, 4","RI",2998,"01/01/2015 - 12/31/2017","4,688.04","4,903","311,525.974","5,203,727",0.000,0.000,"Complete"
2018,"Ocean State Power II",54324,"3, 4","RI",2998,"01/01/2018 - 12/31/2020","7,635.62","8,028","420,204.781","7,018,116",0.000,0.000,"Complete"
2019,"Ocean State Power II",54324,"3, 4","RI",2998,"01/01/2018 - 12/31/2020","5,587.46","5,998","303,186.636","5,096,394",0.000,0.000,"Complete"
2020,"Ocean State Power II",54324,"3, 4","RI",2998,"01/01/2018 - 12/31/2020","5,700.46","6,443","301,591.385","5,073,498",0.000,0.000,"Complete"
2021,"Ocean State Power II",54324,"3, 4","RI",2998,"01/01/2021 - 12/31/2023","8,148.82","8,847","432,844.840","7,276,564",0.000,0.000,"Complete"
2022,"Ocean State Power II",54324,"3, 4","RI",2998,"01/01/2021 - 12/31/2023","6,856.48","7,494","354,629.092","5,965,057",0.000,0.000,"Complete"
2023,"Ocean State Power II",54324,"3, 4","RI",2998,"01/01/2021 - 12/31/2023","9,714.50","10,049","539,057.320","9,056,893",0.000,0.000,"Complete"
2024,"Ocean State Power II",54324,"3, 4","RI",2998,"01/01/2024 - 12/31/2026","8,333.96","8,630","448,238.559","7,540,599",0.000,0.000,"Complete"
2009,"Project Orange Facility",54425,"001, 002","NY",7311500229,"01/01/2009 - 12/31/2011","4,853.12","4,903","94,067.867","1,582,866",0.000,0.000,"Complete"
2010,"Project Orange Facility",54425,"001, 002","NY",7311500229,"01/01/2009 - 12/31/2011","4,535.47","4,709","81,018.449","1,363,263",0.000,0.000,"Complete"
2009,"Independence",54547,"1, 2, 3, 4","NY",7355600040,"01/01/2009 - 12/31/2011","13,964.17","14,701","1,297,631.275","21,835,092",0.000,0.000,"Complete"
2010,"Independence",54547,"1, 2, 3, 4","NY",7355600040,"01/01/2009 - 12/31/2011","16,796.45","17,715","1,531,734.554","25,774,418",0.000,0.000,"Complete"
2011,"Independence",54547,"1, 2, 3, 4","NY",7355600040,"01/01/2009 - 12/31/2011","15,382.61","16,078","1,393,805.722","23,453,427",0.000,0.000,"Complete"
2012,"Independence",54547,"1, 2, 3, 4","NY",7355600040,"01/01/2012 - 12/31/2014","27,270.33","27,496","2,411,464.509","40,577,480",0.000,0.000,"Complete"
2013,"Independence",54547,"1, 2, 3, 4","NY",7355600040,"01/01/2012 - 12/31/2014","25,949.93","26,158","2,283,822.427","38,429,763",0.000,0.000,"Complete"
2014,"Independence",54547,"1, 2, 3, 4","NY",7355600040,"01/01/2012 - 12/31/2014","29,964.95","30,066","2,625,378.911","44,177,093",0.000,0.000,"Complete"
2015,"Independence",54547,"1, 2, 3, 4","NY",7355600040,"01/01/2015 - 12/31/2017","31,429.37","31,560","2,818,346.471","47,424,068",0.000,0.000,"Complete"
2016,"Independence",54547,"1, 2, 3, 4","NY",7355600040,"01/01/2015 - 12/31/2017","23,398.36","23,759","2,042,970.514","34,376,946",0.000,0.000,"Complete"
2017,"Independence",54547,"1, 2, 3, 4","NY",7355600040,"01/01/2015 - 12/31/2017","20,233.18","21,129","1,827,176.195","30,745,772",0.000,0.000,"Complete"
2018,"Independence",54547,"1, 2, 3, 4","NY",7355600040,"01/01/2018 - 12/31/2020","24,017.58","25,128","2,234,070.484","37,592,472",0.000,0.000,"Complete"
2019,"Independence",54547,"1, 2, 3, 4","NY",7355600040,"01/01/2018 - 12/31/2020","22,962.90","23,939","2,142,043.806","36,044,057",0.000,0.000,"Complete"
2020,"Independence",54547,"1, 2, 3, 4","NY",7355600040,"01/01/2018 - 12/31/2020","18,804.44","19,427","1,758,469.349","29,589,733",0.000,0.000,"Complete"
2021,"Independence",54547,"1, 2, 3, 4","NY",7355600040,"01/01/2021 - 12/31/2023","16,387.19","16,888","1,504,581.103","25,317,489",0.000,0.000,"Complete"
2022,"Independence",54547,"1, 2, 3, 4","NY",7355600040,"01/01/2021 - 12/31/2023","16,356.61","16,875","1,579,205.058","26,573,214",0.000,0.000,"Complete"
2023,"Independence",54547,"1, 2, 3, 4","NY",7355600040,"01/01/2021 - 12/31/2023","18,292.60","18,850","1,728,173.035","29,079,849",0.000,0.000,"Complete"
2024,"Independence",54547,"1, 2, 3, 4","NY",7355600040,"01/01/2024 - 12/31/2026","26,809.11","27,331","2,623,140.942","44,139,239",0.000,0.000,"Complete"
2009,"Saranac Power Partners, LP",54574,"00001, 00002","NY",5094200106,"01/01/2009 - 12/31/2011","10,721.17","10,845","594,792.568","10,008,448",0.000,0.000,"Complete"
2010,"Saranac Power Partners, LP",54574,"00001, 00002","NY",5094200106,"01/01/2009 - 12/31/2011","4,057.66","4,239","214,743.848","3,613,297",0.000,0.000,"Complete"
2011,"Saranac Power Partners, LP",54574,"00001, 00002","NY",5094200106,"01/01/2009 - 12/31/2011","3,588.83","3,748","203,160.049","3,418,591",0.000,0.000,"Complete"
2012,"Saranac Power Partners, LP",54574,"00001, 00002","NY",5094200106,"01/01/2012 - 12/31/2014","4,806.76","5,041","244,782.808","4,118,921",0.000,0.000,"Complete"
2013,"Saranac Power Partners, LP",54574,"00001, 00002","NY",5094200106,"01/01/2012 - 12/31/2014","4,956.17","5,103","270,395.425","4,549,861",0.000,0.000,"Complete"
2014,"Saranac Power Partners, LP",54574,"00001, 00002","NY",5094200106,"01/01/2012 - 12/31/2014","1,905.56","1,942","126,521.920","2,129,005",0.000,0.000,"Complete"
2015,"Saranac Power Partners, LP",54574,"00001, 00002","NY",5094200106,"01/01/2015 - 12/31/2017","1,931.89","2,081","103,038.929","1,733,846",0.000,0.000,"Complete"
2016,"Saranac Power Partners, LP",54574,"00001, 00002","NY",5094200106,"01/01/2015 - 12/31/2017","1,037.94","1,106","49,607.092","834,740",0.000,0.000,"Complete"
2017,"Saranac Power Partners, LP",54574,"00001, 00002","NY",5094200106,"01/01/2015 - 12/31/2017",654.76,691,"33,688.692","566,893",0.000,0.000,"Complete"
2018,"Saranac Power Partners, LP",54574,"00001, 00002","NY",5094200106,"01/01/2018 - 12/31/2020",758.52,799,"39,763.070","669,099",0.000,0.000,"Complete"
2019,"Saranac Power Partners, LP",54574,"00001, 00002","NY",5094200106,"01/01/2018 - 12/31/2020",798.94,831,"45,748.182","769,802",0.000,0.000,"Complete"
2020,"Saranac Power Partners, LP",54574,"00001, 00002","NY",5094200106,"01/01/2018 - 12/31/2020",380.07,405,"18,937.010","318,655",0.000,0.000,"Complete"
2021,"Saranac Power Partners, LP",54574,"00001, 00002","NY",5094200106,"01/01/2021 - 12/31/2023",527.34,551,"27,073.486","455,567",0.000,0.000,"Complete"
2022,"Saranac Power Partners, LP",54574,"00001, 00002","NY",5094200106,"01/01/2021 - 12/31/2023","1,199.74","1,267","56,124.921","944,388",0.000,0.000,"Complete"
2023,"Saranac Power Partners, LP",54574,"00001, 00002","NY",5094200106,"01/01/2021 - 12/31/2023","3,099.76","3,228","140,866.752","2,370,378",0.000,0.000,"Complete"
2024,"Saranac Power Partners, LP",54574,"00001, 00002","NY",5094200106,"01/01/2024 - 12/31/2026","4,561.11","4,754","202,037.114","3,399,399",0.000,0.000,"Complete"
2009,"Tanner Street Generation, LLC",54586,2,"MA","121-00362","01/01/2009 - 12/31/2011",823.96,933,"24,912.028","412,560",0.000,0.000,"Complete"
2010,"Tanner Street Generation, LLC",54586,2,"MA","121-00362","01/01/2009 - 12/31/2011","1,498.99","1,636","46,027.097","774,276",0.000,0.000,"Complete"
2011,"Tanner Street Generation, LLC",54586,2,"MA","121-00362","01/01/2009 - 12/31/2011","1,528.11","1,644","50,978.836","854,758",0.000,0.000,"Complete"
2012,"Tanner Street Generation, LLC",54586,2,"MA","121-00362","01/01/2012 - 12/31/2014","2,166.85","2,410","74,240.627","1,247,127",0.000,0.000,"Complete"
2013,"Tanner Street Generation, LLC",54586,2,"MA","121-00362","01/01/2012 - 12/31/2014",981.27,"1,105","29,053.587","465,643",0.000,0.000,"Complete"
2014,"Tanner Street Generation, LLC",54586,2,"MA","121-00362","01/01/2012 - 12/31/2014","1,492.23","1,662","52,585.183","831,665",0.000,0.000,"Complete"
2015,"Tanner Street Generation, LLC",54586,2,"MA","121-00362","01/01/2015 - 12/31/2017","2,198.53","2,423","71,861.141","1,195,396",0.000,0.000,"Complete"
2016,"Tanner Street Generation, LLC",54586,2,"MA","121-00362","01/01/2015 - 12/31/2017","1,451.42","1,620","49,340.025","826,161",0.000,0.000,"Complete"
2017,"Tanner Street Generation, LLC",54586,2,"MA","121-00362","01/01/2015 - 12/31/2017","1,013.97","1,139","32,051.318","532,087",0.000,0.000,"Complete"
2018,"Tanner Street Generation, LLC",54586,2,"MA","121-00362","01/01/2018 - 12/31/2020",609.55,699,"20,540.484","333,484",0.000,0.000,"Complete"
2019,"Tanner Street Generation, LLC",54586,2,"MA","121-00362","01/01/2018 - 12/31/2020",252.44,298,"7,443.921","124,136",0.000,0.000,"Complete"
2020,"Tanner Street Generation, LLC",54586,2,"MA","121-00362","01/01/2018 - 12/31/2020",364.84,437,"11,177.651","187,712",0.000,0.000,"Complete"
2021,"Tanner Street Generation, LLC",54586,2,"MA","121-00362","01/01/2021 - 12/31/2023",429.73,493,"13,427.872","225,643",0.000,0.000,"Complete"
2022,"Tanner Street Generation, LLC",54586,2,"MA","121-00362","01/01/2021 - 12/31/2023",387.90,436,"12,741.117","213,343",0.000,0.000,"Complete"
2023,"Tanner Street Generation, LLC",54586,2,"MA","121-00362","01/01/2021 - 12/31/2023",0.00,0,0.000,0,0.000,0.000,"Complete"
2009,"Massena Energy Facility",54592,001,"NY",6405800046,"01/01/2009 - 12/31/2011",22.35,25,753.505,"12,648",0.000,0.000,"Complete"
2010,"Massena Energy Facility",54592,001,"NY",6405800046,"01/01/2009 - 12/31/2011",95.11,106,"3,138.303","52,811",0.000,0.000,"Complete"
2011,"Massena Energy Facility",54592,001,"NY",6405800046,"01/01/2009 - 12/31/2011",58.13,62,"1,980.607","33,326",0.000,0.000,"Complete"
2012,"Massena Energy Facility",54592,001,"NY",6405800046,"01/01/2012 - 12/31/2014",94.86,100,"3,468.811","58,364",0.000,0.000,"Complete"
2013,"Massena Energy Facility",54592,001,"NY",6405800046,"01/01/2012 - 12/31/2014",56.67,74,"1,641.742","27,621",0.000,0.000,"Complete"
2014,"Massena Energy Facility",54592,001,"NY",6405800046,"01/01/2012 - 12/31/2014",34.32,41,"1,044.856","17,580",0.000,0.000,"Complete"
2015,"Massena Energy Facility",54592,001,"NY",6405800046,"01/01/2015 - 12/31/2017",51.34,56,"1,791.355","30,143",0.000,0.000,"Complete"
2016,"Massena Energy Facility",54592,001,"NY",6405800046,"01/01/2015 - 12/31/2017",67.27,80,"2,268.213","38,167",0.000,0.000,"Complete"
2017,"Massena Energy Facility",54592,001,"NY",6405800046,"01/01/2015 - 12/31/2017",79.36,86,"2,855.776","48,054",0.000,0.000,"Complete"
2018,"Massena Energy Facility",54592,001,"NY",6405800046,"01/01/2018 - 12/31/2020",30.56,34,"1,004.885","16,911",0.000,0.000,"Complete"
2019,"Massena Energy Facility",54592,001,"NY",6405800046,"01/01/2018 - 12/31/2020",23.41,27,803.558,"13,520",0.000,0.000,"Complete"
2020,"Massena Energy Facility",54592,001,"NY",6405800046,"01/01/2018 - 12/31/2020",20.10,23,679.074,"11,427",0.000,0.000,"Complete"
2021,"Massena Energy Facility",54592,001,"NY",6405800046,"01/01/2021 - 12/31/2023",225.07,232,"8,680.212","146,068",0.000,0.000,"Complete"
2022,"Massena Energy Facility",54592,001,"NY",6405800046,"01/01/2021 - 12/31/2023",9.15,12,292.567,"4,922",0.000,0.000,"Complete"
2023,"Massena Energy Facility",54592,001,"NY",6405800046,"01/01/2021 - 12/31/2023",287.76,295,"11,273.405","189,703",0.000,0.000,"Complete"
2024,"Massena Energy Facility",54592,001,"NY",6405800046,"01/01/2024 - 12/31/2026",166.94,172,"6,358.243","106,987",0.000,0.000,"Complete"
2009,"Batavia Energy",54593,1,"NY",8180200045,"01/01/2009 - 12/31/2011",597.25,612,"15,719.225","264,456",0.000,0.000,"Complete"
2010,"Batavia Energy",54593,1,"NY",8180200045,"01/01/2009 - 12/31/2011",717.75,734,"17,960.925","302,143",0.000,0.000,"Complete"
2011,"Batavia Energy",54593,1,"NY",8180200045,"01/01/2009 - 12/31/2011","1,573.00","1,595","40,143.575","675,273",0.000,0.000,"Complete"
2012,"Batavia Energy",54593,1,"NY",8180200045,"01/01/2012 - 12/31/2014","1,998.25","2,018","50,681.425","852,530",0.000,0.000,"Complete"
2013,"Batavia Energy",54593,1,"NY",8180200045,"01/01/2012 - 12/31/2014",872.50,894,"21,543.625","362,387",0.000,0.000,"Complete"
2014,"Batavia Energy",54593,1,"NY",8180200045,"01/01/2012 - 12/31/2014",243.84,268,"5,713.951","96,118",0.000,0.000,"Complete"
2015,"Batavia Energy",54593,1,"NY",8180200045,"01/01/2015 - 12/31/2017",727.01,764,"18,451.351","310,462",0.000,0.000,"Complete"
2016,"Batavia Energy",54593,1,"NY",8180200045,"01/01/2015 - 12/31/2017","1,015.00","1,061","26,397.075","444,190",0.000,0.000,"Complete"
2017,"Batavia Energy",54593,1,"NY",8180200045,"01/01/2015 - 12/31/2017",450.50,483,"11,352.150","191,027",0.000,0.000,"Complete"
2018,"Batavia Energy",54593,1,"NY",8180200045,"01/01/2018 - 12/31/2020",776.15,867,"19,420.046","326,890",0.000,0.000,"Complete"
2019,"Batavia Energy",54593,1,"NY",8180200045,"01/01/2018 - 12/31/2020",192.19,206,"5,086.227","85,592",0.000,0.000,"Complete"
2020,"Batavia Energy",54593,1,"NY",8180200045,"01/01/2018 - 12/31/2020",159.96,183,"3,843.732","64,677",0.000,0.000,"Complete"
2021,"Batavia Energy",54593,1,"NY",8180200045,"01/01/2021 - 12/31/2023",360.97,403,"8,985.533","151,250",0.000,0.000,"Complete"
2022,"Batavia Energy",54593,1,"NY",8180200045,"01/01/2021 - 12/31/2023",58.80,74,"1,345.775","22,652",0.000,0.000,"Complete"
2023,"Batavia Energy",54593,1,"NY",8180200045,"01/01/2021 - 12/31/2023",134.47,147,"3,454.159","58,134",0.000,0.000,"Complete"
2024,"Batavia Energy",54593,1,"NY",8180200045,"01/01/2024 - 12/31/2026",90.71,111,"2,068.916","34,808",0.000,0.000,"Complete"
2009,"Pratt & Whitney, East Hartford",54605,001,"CT","53-9","01/01/2009 - 12/31/2011","5,531.20","5,621","87,315.009","1,462,910",0.000,0.000,"Complete"
2010,"Pratt & Whitney, East Hartford",54605,001,"CT","53-9","01/01/2009 - 12/31/2011","5,844.08","5,904","93,122.474","1,564,972",0.000,0.000,"Complete"
2011,"Pratt & Whitney, East Hartford",54605,001,"CT","53-9","01/01/2009 - 12/31/2011","3,159.10","3,213","45,773.253","769,209",0.000,0.000,"Complete"
2012,"Pratt & Whitney, East Hartford",54605,001,"CT","53-9","01/01/2012 - 12/31/2014","2,216.63","2,263","31,600.867","530,037",0.000,0.000,"Complete"
2013,"Pratt & Whitney, East Hartford",54605,001,"CT","53-9","01/01/2012 - 12/31/2014","4,354.41","4,416","60,494.425","1,012,472",0.000,0.000,"Complete"
2014,"Pratt & Whitney, East Hartford",54605,001,"CT","53-9","01/01/2012 - 12/31/2014",244.85,264,"4,058.951","50,027",0.000,0.000,"Complete"
2015,"Pratt & Whitney, East Hartford",54605,001,"CT","53-9","01/01/2015 - 12/31/2017",44.68,74,664.701,"8,192",0.000,0.000,"Complete"
2016,"Pratt & Whitney, East Hartford",54605,001,"CT","53-9","01/01/2015 - 12/31/2017",166.04,204,"2,317.468","35,242",0.000,0.000,"Complete"
2017,"Pratt & Whitney, East Hartford",54605,001,"CT","53-9","01/01/2015 - 12/31/2017","3,234.21","3,272","40,761.710","685,863",0.000,0.000,"Complete"
2018,"Pratt & Whitney, East Hartford",54605,001,"CT","53-9","01/01/2018 - 12/31/2020","4,824.35","4,845","60,479.590","1,017,690",0.000,0.000,"Complete"
2019,"Pratt & Whitney, East Hartford",54605,001,"CT","53-9","01/01/2018 - 12/31/2020","5,512.80","5,535","71,793.170","1,208,027",0.000,0.000,"Complete"
2020,"Pratt & Whitney, East Hartford",54605,001,"CT","53-9","01/01/2018 - 12/31/2020","4,579.91","4,598","58,569.660","985,538",0.000,0.000,"Complete"
2021,"Pratt & Whitney, East Hartford",54605,001,"CT","53-9","01/01/2021 - 12/31/2023","5,679.36","5,707","79,889.999","1,344,309",0.000,0.000,"Complete"
2022,"Pratt & Whitney, East Hartford",54605,001,"CT","53-9","01/01/2021 - 12/31/2023","4,158.73","4,182","48,863.847","822,260",0.000,0.000,"Complete"
2023,"Pratt & Whitney, East Hartford",54605,001,"CT","53-9","01/01/2021 - 12/31/2023","7,072.94","7,083","87,693.539","1,475,590",0.000,0.000,"Complete"
2024,"Pratt & Whitney, East Hartford",54605,001,"CT","53-9","01/01/2024 - 12/31/2026","7,223.66","7,239","88,955.143","1,496,848",0.000,0.000,"Complete"
2022,"St. Nicholas Cogeneration Project",54634,1,"PA"," ","01/01/2021 - 12/31/2023","3,955.84","3,964","610,564.283","5,118,594",0.000,0.000,"Complete"
2023,"St. Nicholas Cogeneration Project",54634,1,"PA"," ","01/01/2021 - 12/31/2023","8,223.74","8,236","1,243,314.422","10,408,253",0.000,0.000,"Complete"
2022,"Domtar Paper Company, LLC",54638,"040, 041","PA"," ","01/01/2021 - 12/31/2023","4,047.72","4,049",0.000,"726,092",0.000,0.000,"Incomplete"
2023,"Domtar Paper Company, LLC",54638,"040, 041","PA"," ","01/01/2021 - 12/31/2023","5,182.46","5,198",0.000,"767,008",0.000,0.000,"Incomplete"
2009,"Lakewood",54640,"001001, 002001","NJ",78896,"01/01/2009 - 12/31/2011",668.91,737,"38,131.333","608,441",0.000,0.000,"Complete"
2010,"Lakewood",54640,"001001, 002001","NJ",78896,"01/01/2009 - 12/31/2011","2,876.27","3,025","156,035.176","2,612,262",0.000,0.000,"Complete"
2011,"Lakewood",54640,"001001, 002001","NJ",78896,"01/01/2009 - 12/31/2011","2,991.05","3,141","162,689.283","2,735,815",0.000,0.000,"Complete"
2020,"Lakewood",54640,"001001, 002001","NJ",78896,"01/01/2018 - 12/31/2020","2,052.70","2,152","115,518.244","1,943,861",0.000,0.000,"Complete"
2021,"Lakewood",54640,"001001, 002001","NJ",78896,"01/01/2021 - 12/31/2023","2,402.90","2,514","134,338.509","2,260,459",0.000,0.000,"Complete"
2022,"Lakewood",54640,"001001, 002001","NJ",78896,"01/01/2021 - 12/31/2023","3,387.21","3,499","188,760.649","3,139,639",0.000,0.000,"Complete"
2023,"Lakewood",54640,"001001, 002001","NJ",78896,"01/01/2021 - 12/31/2023","2,180.33","2,231","119,999.037","2,010,385",0.000,0.000,"Complete"
2024,"Lakewood",54640,"001001, 002001","NJ",78896,"01/01/2024 - 12/31/2026","2,134.88","2,219","114,682.263","1,923,549",0.000,0.000,"Complete"
2022,"Grays Ferry Cogen Partnership",54785,"2, 25","PA"," ","01/01/2021 - 12/31/2023","8,651.30","8,671","378,113.834","6,362,433",0.000,0.000,"Complete"
2023,"Grays Ferry Cogen Partnership",54785,"2, 25","PA"," ","01/01/2021 - 12/31/2023","16,715.19","16,741","771,496.518","12,978,978",0.000,0.000,"Complete"
2009,"Milford Power, LLC",54805,1,"MA",12001504,"01/01/2009 - 12/31/2011","1,510.34","1,548","104,646.297","1,760,883",0.000,0.000,"Complete"
2010,"Milford Power, LLC",54805,1,"MA",12001504,"01/01/2009 - 12/31/2011","2,789.94","2,823","196,733.961","3,310,410",0.000,0.000,"Complete"
2011,"Milford Power, LLC",54805,1,"MA",12001504,"01/01/2009 - 12/31/2011","1,524.19","1,548","104,982.171","1,766,516",0.000,0.000,"Complete"
2012,"Milford Power, LLC",54805,1,"MA",12001504,"01/01/2012 - 12/31/2014","2,806.19","2,834","191,311.706","3,219,176",0.000,0.000,"Complete"
2013,"Milford Power, LLC",54805,1,"MA",12001504,"01/01/2012 - 12/31/2014","1,584.40","1,627","104,200.310","1,753,387",0.000,0.000,"Complete"
2014,"Milford Power, LLC",54805,1,"MA",12001504,"01/01/2012 - 12/31/2014","3,342.46","3,374","226,700.343","3,814,640",0.000,0.000,"Complete"
2015,"Milford Power, LLC",54805,1,"MA",12001504,"01/01/2015 - 12/31/2017","3,559.32","3,583","237,455.600","3,995,700",0.000,0.000,"Complete"
2016,"Milford Power, LLC",54805,1,"MA",12001504,"01/01/2015 - 12/31/2017",781.11,820,"47,497.947","799,263",0.000,0.000,"Complete"
2017,"Milford Power, LLC",54805,1,"MA",12001504,"01/01/2015 - 12/31/2017","1,824.26","1,948","111,916.835","1,883,201",0.000,0.000,"Complete"
2018,"Milford Power, LLC",54805,1,"MA",12001504,"01/01/2018 - 12/31/2020","1,918.25","1,998","122,578.840","2,062,626",0.000,0.000,"Complete"
2019,"Milford Power, LLC",54805,1,"MA",12001504,"01/01/2018 - 12/31/2020","1,541.78","1,604","107,838.203","1,814,558",0.000,0.000,"Complete"
2020,"Milford Power, LLC",54805,1,"MA",12001504,"01/01/2018 - 12/31/2020","1,446.34","1,549","104,361.763","1,756,061",0.000,0.000,"Complete"
2021,"Milford Power, LLC",54805,1,"MA",12001504,"01/01/2021 - 12/31/2023","1,695.04","1,769","130,000.090","2,187,527",0.000,0.000,"Complete"
2022,"Milford Power, LLC",54805,1,"MA",12001504,"01/01/2021 - 12/31/2023","1,084.08","1,120","77,666.159","1,306,885",0.000,0.000,"Complete"
2023,"Milford Power, LLC",54805,1,"MA",12001504,"01/01/2021 - 12/31/2023","1,499.28","1,536","107,542.912","1,809,641",0.000,0.000,"Complete"
2024,"Milford Power, LLC",54805,1,"MA",12001504,"01/01/2024 - 12/31/2026","1,806.40","1,841","129,444.631","2,178,152",0.000,0.000,"Complete"
2009,"Brandywine Power Facility",54832,"1, 2","MD","MDR000013870","01/01/2009 - 12/31/2011","6,101.23","6,439","317,579.529","5,329,181",0.000,0.000,"Complete"
2010,"Brandywine Power Facility",54832,"1, 2","MD","MDR000013870","01/01/2009 - 12/31/2011","5,622.36","5,928","288,774.121","4,850,376",0.000,0.000,"Complete"
2011,"Brandywine Power Facility",54832,"1, 2","MD","MDR000013870","01/01/2009 - 12/31/2011","5,585.97","5,916","270,798.400","4,545,351",0.000,0.000,"Complete"
2012,"Brandywine Power Facility",54832,"1, 2","MD","MDR000013870","01/01/2012 - 12/31/2014","6,527.06","6,939","329,880.861","5,549,820",0.000,0.000,"Complete"
2013,"Brandywine Power Facility",54832,"1, 2","MD","MDR000013870","01/01/2012 - 12/31/2014","9,095.79","9,725","450,925.378","7,586,240",0.000,0.000,"Complete"
2014,"Brandywine Power Facility",54832,"1, 2","MD","MDR000013870","01/01/2012 - 12/31/2014","9,825.88","10,185","458,347.615","7,707,040",0.000,0.000,"Complete"
2015,"Brandywine Power Facility",54832,"1, 2","MD","MDR000013870","01/01/2015 - 12/31/2017","12,821.72","12,907","600,104.642","10,090,778",0.000,0.000,"Complete"
2016,"Brandywine Power Facility",54832,"1, 2","MD","MDR000013870","01/01/2015 - 12/31/2017","13,300.92","13,428","635,544.728","10,688,163",0.000,0.000,"Complete"
2017,"Brandywine Power Facility",54832,"1, 2","MD","MDR000013870","01/01/2015 - 12/31/2017","7,502.19","7,776","339,189.676","5,702,929",0.000,0.000,"Complete"
2018,"Brandywine Power Facility",54832,"1, 2","MD","MDR000013870","01/01/2018 - 12/31/2020","12,304.95","12,420","549,435.220","9,150,860",0.000,0.000,"Complete"
2019,"Brandywine Power Facility",54832,"1, 2","MD","MDR000013870","01/01/2018 - 12/31/2020","8,165.50","8,627","346,801.937","5,832,120",0.000,0.000,"Complete"
2020,"Brandywine Power Facility",54832,"1, 2","MD","MDR000013870","01/01/2018 - 12/31/2020","6,674.33","7,227","290,059.757","4,877,510",0.000,0.000,"Complete"
2021,"Brandywine Power Facility",54832,"1, 2","MD","MDR000013870","01/01/2021 - 12/31/2023","7,939.73","8,539","356,101.328","5,990,903",0.000,0.000,"Complete"
2022,"Brandywine Power Facility",54832,"1, 2","MD","MDR000013870","01/01/2021 - 12/31/2023","5,260.15","5,772","230,314.493","3,852,353",0.000,0.000,"Complete"
2023,"Brandywine Power Facility",54832,"1, 2","MD","MDR000013870","01/01/2021 - 12/31/2023","7,318.24","8,034","328,839.815","5,528,339",0.000,0.000,"Complete"
2024,"Brandywine Power Facility",54832,"1, 2","MD","MDR000013870","01/01/2024 - 12/31/2026","6,428.55","7,101","287,366.962","4,829,920",0.000,0.000,"Complete"
2021,"Gordonsville Power Station",54844,"1, 2","VA"," ","01/01/2021 - 12/31/2023","9,461.33","9,520","498,471.561","8,350,722",0.000,0.000,"Complete"
2022,"Gordonsville Power Station",54844,"1, 2","VA"," ","01/01/2021 - 12/31/2023","9,737.88","9,789","510,648.745","8,517,052",0.000,0.000,"Complete"
2023,"Gordonsville Power Station",54844,"1, 2","VA"," ","01/01/2021 - 12/31/2023","8,823.16","8,857","460,010.901","7,735,181",0.000,0.000,"Complete"
2009,"Brooklyn Navy Yard Cogeneration",54914,"1, 2","NY",2610100185,"01/01/2009 - 12/31/2011","15,946.75","15,987","1,163,709.400","19,411,131",0.000,0.000,"Complete"
2010,"Brooklyn Navy Yard Cogeneration",54914,"1, 2","NY",2610100185,"01/01/2009 - 12/31/2011","15,323.75","15,372","1,113,414.500","18,721,624",0.000,0.000,"Complete"
2011,"Brooklyn Navy Yard Cogeneration",54914,"1, 2","NY",2610100185,"01/01/2009 - 12/31/2011","16,487.00","16,515","1,186,705.325","19,967,637",0.000,0.000,"Complete"
2012,"Brooklyn Navy Yard Cogeneration",54914,"1, 2","NY",2610100185,"01/01/2012 - 12/31/2014","13,598.00","13,636","958,593.500","16,124,488",0.000,0.000,"Complete"
2013,"Brooklyn Navy Yard Cogeneration",54914,"1, 2","NY",2610100185,"01/01/2012 - 12/31/2014","15,825.45","15,854","1,133,670.050","19,047,458",0.000,0.000,"Complete"
2014,"Brooklyn Navy Yard Cogeneration",54914,"1, 2","NY",2610100185,"01/01/2012 - 12/31/2014","16,739.08","16,774","1,198,840.770","19,945,597",0.000,0.000,"Complete"
2015,"Brooklyn Navy Yard Cogeneration",54914,"1, 2","NY",2610100185,"01/01/2015 - 12/31/2017","15,921.41","15,954","1,151,419.902","19,005,156",0.000,0.000,"Complete"
2016,"Brooklyn Navy Yard Cogeneration",54914,"1, 2","NY",2610100185,"01/01/2015 - 12/31/2017","16,653.97","16,680","1,174,764.728","19,716,470",0.000,0.000,"Complete"
2017,"Brooklyn Navy Yard Cogeneration",54914,"1, 2","NY",2610100185,"01/01/2015 - 12/31/2017","15,427.92","15,469","1,092,138.727","18,309,811",0.000,0.000,"Complete"
2018,"Brooklyn Navy Yard Cogeneration",54914,"1, 2","NY",2610100185,"01/01/2018 - 12/31/2020","16,479.78","16,500","1,154,313.782","19,324,279",0.000,0.000,"Complete"
2019,"Brooklyn Navy Yard Cogeneration",54914,"1, 2","NY",2610100185,"01/01/2018 - 12/31/2020","15,662.29","15,686","1,085,635.115","18,197,406",0.000,0.000,"Complete"
2020,"Brooklyn Navy Yard Cogeneration",54914,"1, 2","NY",2610100185,"01/01/2018 - 12/31/2020","15,709.23","15,732","1,091,072.527","18,359,007",0.000,0.000,"Complete"
2021,"Brooklyn Navy Yard Cogeneration",54914,"1, 2","NY",2610100185,"01/01/2021 - 12/31/2023","16,676.48","16,707","1,078,513.888","18,147,279",0.000,0.000,"Complete"
2022,"Brooklyn Navy Yard Cogeneration",54914,"1, 2","NY",2610100185,"01/01/2021 - 12/31/2023","16,142.63","16,164","986,816.884","16,530,290",0.000,0.000,"Complete"
2023,"Brooklyn Navy Yard Cogeneration",54914,"1, 2","NY",2610100185,"01/01/2021 - 12/31/2023","16,479.34","16,495","1,052,191.522","17,693,422",0.000,0.000,"Complete"
2024,"Brooklyn Navy Yard Cogeneration",54914,"1, 2","NY",2610100185,"01/01/2024 - 12/31/2026","17,377.77","17,395","1,222,825.026","20,575,778",0.000,0.000,"Complete"
2009,"Dighton",55026,1,"MA","120-00276","01/01/2009 - 12/31/2011","1,910.39","1,929","125,069.180","2,104,530",0.000,0.000,"Complete"
2010,"Dighton",55026,1,"MA","120-00276","01/01/2009 - 12/31/2011","3,668.08","3,718","253,759.708","4,270,055",0.000,0.000,"Complete"
2011,"Dighton",55026,1,"MA","120-00276","01/01/2009 - 12/31/2011","6,319.78","6,368","464,428.527","7,814,869",0.000,0.000,"Complete"
2012,"Dighton",55026,1,"MA","120-00276","01/01/2012 - 12/31/2014","4,078.46","4,094","304,324.539","5,120,870",0.000,0.000,"Complete"
2013,"Dighton",55026,1,"MA","120-00276","01/01/2012 - 12/31/2014","5,172.47","5,279","374,305.693","6,298,415",0.000,0.000,"Complete"
2014,"Dighton",55026,1,"MA","120-00276","01/01/2012 - 12/31/2014","5,798.58","5,903","417,958.282","7,032,904",0.000,0.000,"Complete"
2015,"Dighton",55026,1,"MA","120-00276","01/01/2015 - 12/31/2017","5,829.80","5,913","402,156.004","6,767,100",0.000,0.000,"Complete"
2016,"Dighton",55026,1,"MA","120-00276","01/01/2015 - 12/31/2017","4,197.05","4,284","281,032.199","4,728,876",0.000,0.000,"Complete"
2017,"Dighton",55026,1,"MA","120-00276","01/01/2015 - 12/31/2017","4,539.00","4,689","310,345.400","5,222,143",0.000,0.000,"Complete"
2018,"Dighton",55026,1,"MA","120-00276","01/01/2018 - 12/31/2020","2,542.82","2,639","174,318.044","2,933,196",0.000,0.000,"Complete"
2019,"Dighton",55026,1,"MA","120-00276","01/01/2018 - 12/31/2020","1,914.91","1,960","128,284.989","2,158,634",0.000,0.000,"Complete"
2020,"Dighton",55026,1,"MA","120-00276","01/01/2018 - 12/31/2020","1,530.26","1,594","100,391.370","1,689,282",0.000,0.000,"Complete"
2021,"Dighton",55026,1,"MA","120-00276","01/01/2021 - 12/31/2023","1,768.26","1,839","121,340.866","2,041,781",0.000,0.000,"Complete"
2022,"Dighton",55026,1,"MA","120-00276","01/01/2021 - 12/31/2023","1,657.90","1,693","119,386.516","2,008,910",0.000,0.000,"Complete"
2023,"Dighton",55026,1,"MA","120-00276","01/01/2021 - 12/31/2023","2,376.96","2,421","166,772.317","2,806,274",0.000,0.000,"Complete"
2024,"Dighton",55026,1,"MA","120-00276","01/01/2024 - 12/31/2026","3,318.69","3,343","243,805.816","4,102,484",0.000,0.000,"Complete"
2009,"Androscoggin Energy",55031,"CT01, CT02, CT03","ME","A-718","01/01/2009 - 12/31/2011","11,358.15","11,423","357,730.120","6,019,537",0.000,0.000,"Complete"
2010,"Androscoggin Energy",55031,"CT01, CT02, CT03","ME","A-718","01/01/2009 - 12/31/2011","15,831.04","15,927","489,272.623","8,232,623",0.000,0.000,"Complete"
2011,"Androscoggin Energy",55031,"CT01, CT02, CT03","ME","A-718","01/01/2009 - 12/31/2011","13,763.96","13,909","416,387.104","6,991,533",0.000,0.000,"Complete"
2012,"Androscoggin Energy",55031,"CT01, CT02, CT03","ME","A-718","01/01/2012 - 12/31/2014","11,700.00","11,859","357,370.991","6,013,322",0.000,0.000,"Complete"
2013,"Androscoggin Energy",55031,"CT01, CT02, CT03","ME","A-718","01/01/2012 - 12/31/2014","11,412.18","11,520","352,862.397","5,937,611",0.000,0.000,"Complete"
2014,"Androscoggin Energy",55031,"CT01, CT02, CT03","ME","A-718","01/01/2012 - 12/31/2014","10,410.03","10,557","318,997.119","5,338,912",0.000,0.000,"Complete"
2015,"Androscoggin Energy",55031,"CT01, CT02, CT03","ME","A-718","01/01/2015 - 12/31/2017","8,286.12","8,483","248,855.836","4,113,977",0.000,0.000,"Complete"
2016,"Androscoggin Energy",55031,"CT01, CT02, CT03","ME","A-718","01/01/2015 - 12/31/2017","4,282.58","4,562","114,877.974","1,931,481",0.000,0.000,"Complete"
2017,"Androscoggin Energy",55031,"CT01, CT02, CT03","ME","A-718","01/01/2015 - 12/31/2017","5,095.75","5,345","136,613.984","2,280,264",0.000,0.000,"Complete"
2018,"Androscoggin Energy",55031,"CT01, CT02, CT03","ME","A-718","01/01/2018 - 12/31/2020","8,239.16","8,415","232,299.907","3,895,912",0.000,0.000,"Complete"
2019,"Androscoggin Energy",55031,"CT01, CT02, CT03","ME","A-718","01/01/2018 - 12/31/2020","8,898.03","9,013","248,035.890","4,172,088",0.000,0.000,"Complete"
2020,"Androscoggin Energy",55031,"CT01, CT02, CT03","ME","A-718","01/01/2018 - 12/31/2020","8,951.77","9,059","277,735.255","4,668,678",0.000,0.000,"Complete"
2021,"Androscoggin Energy",55031,"CT01, CT02, CT03","ME","A-718","01/01/2021 - 12/31/2023","9,478.60","9,582","300,773.754","5,057,597",0.000,0.000,"Complete"
2022,"Androscoggin Energy",55031,"CT01, CT02, CT03","ME","A-718","01/01/2021 - 12/31/2023","9,604.72","9,714","314,284.169","5,249,153",0.000,0.000,"Complete"
2023,"Androscoggin Energy",55031,"CT01, CT02, CT03","ME","A-718","01/01/2021 - 12/31/2023","2,039.64","2,054","62,395.511","1,034,880",0.000,0.000,"Complete"
2009,"Berkshire Power",55041,1,"MA",04200067,"01/01/2009 - 12/31/2011","3,269.58","3,313","310,171.929","5,219,247",0.000,0.000,"Complete"
2010,"Berkshire Power",55041,1,"MA",04200067,"01/01/2009 - 12/31/2011","4,631.56","4,675","438,745.718","7,382,788",0.000,0.000,"Complete"
2011,"Berkshire Power",55041,1,"MA",04200067,"01/01/2009 - 12/31/2011","4,982.15","5,038","465,074.014","7,825,747",0.000,0.000,"Complete"
2012,"Berkshire Power",55041,1,"MA",04200067,"01/01/2012 - 12/31/2014","3,797.38","3,912","336,465.944","5,661,651",0.000,0.000,"Complete"
2013,"Berkshire Power",55041,1,"MA",04200067,"01/01/2012 - 12/31/2014","5,895.28","5,945","491,676.220","8,273,387",0.000,0.000,"Complete"
2014,"Berkshire Power",55041,1,"MA",04200067,"01/01/2012 - 12/31/2014","6,391.73","6,474","525,079.371","8,835,481",0.000,0.000,"Complete"
2015,"Berkshire Power",55041,1,"MA",04200067,"01/01/2015 - 12/31/2017","6,028.31","6,074","492,686.712","8,290,325",0.000,0.000,"Complete"
2016,"Berkshire Power",55041,1,"MA",04200067,"01/01/2015 - 12/31/2017","4,130.72","4,361","367,337.741","6,181,204",0.000,0.000,"Complete"
2017,"Berkshire Power",55041,1,"MA",04200067,"01/01/2015 - 12/31/2017","1,981.01","2,074","174,527.400","2,936,767",0.000,0.000,"Complete"
2018,"Berkshire Power",55041,1,"MA",04200067,"01/01/2018 - 12/31/2020","3,341.14","3,449","283,921.096","4,777,451",0.000,0.000,"Complete"
2019,"Berkshire Power",55041,1,"MA",04200067,"01/01/2018 - 12/31/2020","1,898.67","1,927","162,271.101","2,730,559",0.000,0.000,"Complete"
2020,"Berkshire Power",55041,1,"MA",04200067,"01/01/2018 - 12/31/2020","3,070.59","3,104","268,970.390","4,525,905",0.000,0.000,"Complete"
2021,"Berkshire Power",55041,1,"MA",04200067,"01/01/2021 - 12/31/2023","3,926.63","3,967","339,062.496","5,705,305",0.000,0.000,"Complete"
2022,"Berkshire Power",55041,1,"MA",04200067,"01/01/2021 - 12/31/2023","2,731.32","2,769","232,879.537","4,011,936",0.000,0.000,"Complete"
2023,"Berkshire Power",55041,1,"MA",04200067,"01/01/2021 - 12/31/2023",386.12,404,"30,541.305","526,757",0.000,0.000,"Complete"
2024,"Berkshire Power",55041,1,"MA",04200067,"01/01/2024 - 12/31/2026","2,755.04","2,787","241,358.180","4,167,535",0.000,0.000,"Complete"
2009,"Bridgeport Energy",55042,"BE1, BE2","CT","15-862","01/01/2009 - 12/31/2011","12,595.42","12,987","1,122,589.016","18,889,725",0.000,0.000,"Complete"
2010,"Bridgeport Energy",55042,"BE1, BE2","CT","15-862","01/01/2009 - 12/31/2011","14,548.97","14,613","1,387,544.509","23,348,215",0.000,0.000,"Complete"
2011,"Bridgeport Energy",55042,"BE1, BE2","CT","15-862","01/01/2009 - 12/31/2011","13,008.89","13,061","1,217,775.300","20,491,391",0.000,0.000,"Complete"
2012,"Bridgeport Energy",55042,"BE1, BE2","CT","15-862","01/01/2012 - 12/31/2014","12,818.16","12,877","1,240,495.679","20,873,627",0.000,0.000,"Complete"
2013,"Bridgeport Energy",55042,"BE1, BE2","CT","15-862","01/01/2012 - 12/31/2014","13,501.51","13,572","1,301,248.899","21,895,989",0.000,0.000,"Complete"
2014,"Bridgeport Energy",55042,"BE1, BE2","CT","15-862","01/01/2012 - 12/31/2014","11,415.33","11,652","1,093,835.548","18,405,832",0.000,0.000,"Complete"
2015,"Bridgeport Energy",55042,"BE1, BE2","CT","15-862","01/01/2015 - 12/31/2017","13,485.35","13,698","1,324,535.057","22,287,842",0.000,0.000,"Complete"
2016,"Bridgeport Energy",55042,"BE1, BE2","CT","15-862","01/01/2015 - 12/31/2017","15,636.04","15,702","1,543,234.431","25,967,817",0.000,0.000,"Complete"
2017,"Bridgeport Energy",55042,"BE1, BE2","CT","15-862","01/01/2015 - 12/31/2017","10,400.05","10,458","1,001,842.872","16,857,996",0.000,0.000,"Complete"
2018,"Bridgeport Energy",55042,"BE1, BE2","CT","15-862","01/01/2018 - 12/31/2020","15,412.30","15,460","1,541,753.130","25,942,982",0.000,0.000,"Complete"
2019,"Bridgeport Energy",55042,"BE1, BE2","CT","15-862","01/01/2018 - 12/31/2020","10,645.80","10,755","1,019,302.522","17,151,757",0.000,0.000,"Complete"
2020,"Bridgeport Energy",55042,"BE1, BE2","CT","15-862","01/01/2018 - 12/31/2020","8,772.61","8,905","790,261.426","13,297,680",0.000,0.000,"Complete"
2021,"Bridgeport Energy",55042,"BE1, BE2","CT","15-862","01/01/2021 - 12/31/2023","10,658.13","10,737","947,034.712","15,935,727",0.000,0.000,"Complete"
2022,"Bridgeport Energy",55042,"BE1, BE2","CT","15-862","01/01/2021 - 12/31/2023","11,914.21","12,018","1,092,853.309","18,389,380",0.000,0.000,"Complete"
2023,"Bridgeport Energy",55042,"BE1, BE2","CT","15-862","01/01/2021 - 12/31/2023","11,664.13","11,747","1,115,359.614","18,768,160",0.000,0.000,"Complete"
2024,"Bridgeport Energy",55042,"BE1, BE2","CT","15-862","01/01/2024 - 12/31/2026","11,494.16","11,599","1,129,333.682","19,003,275",0.000,0.000,"Complete"
2009,"Tiverton Power, LLC",55048,1,"RI",3810,"01/01/2009 - 12/31/2011","7,859.32","7,869","671,541.293","11,300,032",0.000,0.000,"Complete"
2010,"Tiverton Power, LLC",55048,1,"RI",3810,"01/01/2009 - 12/31/2011","5,734.29","5,768","482,242.045","8,114,624",0.000,0.000,"Complete"
2011,"Tiverton Power, LLC",55048,1,"RI",3810,"01/01/2009 - 12/31/2011","8,029.44","8,044","690,929.501","11,626,280",0.000,0.000,"Complete"
2012,"Tiverton Power, LLC",55048,1,"RI",3810,"01/01/2012 - 12/31/2014","7,500.70","7,515","695,232.245","11,698,638",0.000,0.000,"Complete"
2013,"Tiverton Power, LLC",55048,1,"RI",3810,"01/01/2012 - 12/31/2014","5,963.10","6,018","534,011.152","8,985,836",0.000,0.000,"Complete"
2014,"Tiverton Power, LLC",55048,1,"RI",3810,"01/01/2012 - 12/31/2014","7,148.95","7,230","635,890.225","10,700,135",0.000,0.000,"Complete"
2015,"Tiverton Power, LLC",55048,1,"RI",3810,"01/01/2015 - 12/31/2017","6,541.37","6,625","591,887.212","9,959,686",0.000,0.000,"Complete"
2016,"Tiverton Power, LLC",55048,1,"RI",3810,"01/01/2015 - 12/31/2017","5,397.49","5,473","494,723.749","8,324,709",0.000,0.000,"Complete"
2017,"Tiverton Power, LLC",55048,1,"RI",3810,"01/01/2015 - 12/31/2017","5,741.34","5,821","555,110.089","9,340,821",0.000,0.000,"Complete"
2018,"Tiverton Power, LLC",55048,1,"RI",3810,"01/01/2018 - 12/31/2020","6,754.93","6,826","663,515.615","11,164,980",0.000,0.000,"Complete"
2019,"Tiverton Power, LLC",55048,1,"RI",3810,"01/01/2018 - 12/31/2020","5,089.05","5,166","488,676.078","8,222,906",0.000,0.000,"Complete"
2020,"Tiverton Power, LLC",55048,1,"RI",3810,"01/01/2018 - 12/31/2020","6,814.08","6,848","674,833.269","11,355,303",0.000,0.000,"Complete"
2021,"Tiverton Power, LLC",55048,1,"RI",3810,"01/01/2021 - 12/31/2023","6,439.03","6,506","641,234.672","10,790,040",0.000,0.000,"Complete"
2022,"Tiverton Power, LLC",55048,1,"RI",3810,"01/01/2021 - 12/31/2023","4,622.60","4,686","446,483.643","7,513,015",0.000,0.000,"Complete"
2023,"Tiverton Power, LLC",55048,1,"RI",3810,"01/01/2021 - 12/31/2023","6,828.58","6,894","694,375.794","11,684,182",0.000,0.000,"Complete"
2024,"Tiverton Power, LLC",55048,1,"RI",3810,"01/01/2024 - 12/31/2026","6,683.86","6,714","704,140.480","11,848,484",0.000,0.000,"Complete"
2009,"Maine Independence Station",55068,"1, 2","ME","A-728","01/01/2009 - 12/31/2011","12,122.25","12,578","995,235.229","16,746,820",0.000,0.000,"Complete"
2010,"Maine Independence Station",55068,"1, 2","ME","A-728","01/01/2009 - 12/31/2011","14,077.66","14,406","1,130,402.253","19,021,198",0.000,0.000,"Complete"
2011,"Maine Independence Station",55068,"1, 2","ME","A-728","01/01/2009 - 12/31/2011","10,138.09","10,379","778,158.393","13,094,121",0.000,0.000,"Complete"
2012,"Maine Independence Station",55068,"1, 2","ME","A-728","01/01/2012 - 12/31/2014","6,768.37","7,002","532,676.380","8,963,244",0.000,0.000,"Complete"
2013,"Maine Independence Station",55068,"1, 2","ME","A-728","01/01/2012 - 12/31/2014","2,128.71","2,272","161,783.128","2,722,292",0.000,0.000,"Complete"
2014,"Maine Independence Station",55068,"1, 2","ME","A-728","01/01/2012 - 12/31/2014","5,868.61","6,018","485,856.856","8,175,489",0.000,0.000,"Complete"
2015,"Maine Independence Station",55068,"1, 2","ME","A-728","01/01/2015 - 12/31/2017","1,893.40","2,025","147,372.244","2,479,819",0.000,0.000,"Complete"
2016,"Maine Independence Station",55068,"1, 2","ME","A-728","01/01/2015 - 12/31/2017","3,349.54","3,551","247,609.768","4,166,409",0.000,0.000,"Complete"
2017,"Maine Independence Station",55068,"1, 2","ME","A-728","01/01/2015 - 12/31/2017","1,980.21","2,137","147,329.296","2,479,095",0.000,0.000,"Complete"
2018,"Maine Independence Station",55068,"1, 2","ME","A-728","01/01/2018 - 12/31/2020","1,356.62","1,484","104,306.180","1,755,120",0.000,0.000,"Complete"
2019,"Maine Independence Station",55068,"1, 2","ME","A-728","01/01/2018 - 12/31/2020","1,778.62","1,942","125,098.844","2,104,974",0.000,0.000,"Complete"
2020,"Maine Independence Station",55068,"1, 2","ME","A-728","01/01/2018 - 12/31/2020","1,150.12","1,244","81,954.866","1,379,046",0.000,0.000,"Complete"
2021,"Maine Independence Station",55068,"1, 2","ME","A-728","01/01/2021 - 12/31/2023","3,013.49","3,203","235,978.108","3,970,819",0.000,0.000,"Complete"
2022,"Maine Independence Station",55068,"1, 2","ME","A-728","01/01/2021 - 12/31/2023","3,596.98","3,794","293,753.722","4,942,938",0.000,0.000,"Complete"
2023,"Maine Independence Station",55068,"1, 2","ME","A-728","01/01/2021 - 12/31/2023","5,275.69","5,587","415,087.511","6,984,644",0.000,0.000,"Complete"
2024,"Maine Independence Station",55068,"1, 2","ME","A-728","01/01/2024 - 12/31/2026","13,000.28","13,102","1,088,904.608","18,322,756",0.000,0.000,"Complete"
2009,"Millennium Power",55079,1,"MA"," ","01/01/2009 - 12/31/2011","6,170.21","6,223","840,536.413","14,143,618",0.000,0.000,"Complete"
2010,"Millennium Power",55079,1,"MA"," ","01/01/2009 - 12/31/2011","6,339.22","6,396","855,778.512","14,400,134",0.000,0.000,"Complete"
2011,"Millennium Power",55079,1,"MA"," ","01/01/2009 - 12/31/2011","7,652.69","7,712","1,012,773.425","17,041,942",0.000,0.000,"Complete"
2012,"Millennium Power",55079,1,"MA"," ","01/01/2012 - 12/31/2014","6,367.09","6,418","853,283.236","14,358,186",0.000,0.000,"Complete"
2013,"Millennium Power",55079,1,"MA"," ","01/01/2012 - 12/31/2014","4,699.17","4,774","621,498.656","10,457,943",0.000,0.000,"Complete"
2014,"Millennium Power",55079,1,"MA"," ","01/01/2012 - 12/31/2014","6,108.60","6,174","766,821.931","12,903,296",0.000,0.000,"Complete"
2015,"Millennium Power",55079,1,"MA"," ","01/01/2015 - 12/31/2017","6,751.90","6,803","876,789.921","14,753,643",0.000,0.000,"Complete"
2016,"Millennium Power",55079,1,"MA"," ","01/01/2015 - 12/31/2017","5,839.74","6,002","750,205.523","12,623,652",0.000,0.000,"Complete"
2017,"Millennium Power",55079,1,"MA"," ","01/01/2015 - 12/31/2017","4,453.09","4,512","560,533.587","9,432,122",0.000,0.000,"Complete"
2018,"Millennium Power",55079,1,"MA"," ","01/01/2018 - 12/31/2020","3,729.57","3,777","473,747.456","7,971,858",0.000,0.000,"Complete"
2019,"Millennium Power",55079,1,"MA"," ","01/01/2018 - 12/31/2020","3,319.21","3,343","388,418.086","6,535,848",0.000,0.000,"Complete"
2020,"Millennium Power",55079,1,"MA"," ","01/01/2018 - 12/31/2020","3,769.09","3,792","449,275.269","7,559,875",0.000,0.000,"Complete"
2021,"Millennium Power",55079,1,"MA"," ","01/01/2021 - 12/31/2023","2,226.94","2,279","296,018.529","4,981,079",0.000,0.000,"Complete"
2022,"Millennium Power",55079,1,"MA"," ","01/01/2021 - 12/31/2023","3,653.34","3,723","488,838.301","8,225,659",0.000,0.000,"Complete"
2023,"Millennium Power",55079,1,"MA"," ","01/01/2021 - 12/31/2023","2,037.73","2,113","268,093.683","4,511,196",0.000,0.000,"Complete"
2024,"Millennium Power",55079,1,"MA"," ","01/01/2024 - 12/31/2026","1,723.47","1,782","229,123.296","3,855,402",0.000,0.000,"Complete"
2009,"Rumford Power ",55100,1,"ME","A-724","01/01/2009 - 12/31/2011","2,800.71","2,817","223,947.846","3,768,298",0.000,0.000,"Complete"
2010,"Rumford Power ",55100,1,"ME","A-724","01/01/2009 - 12/31/2011","2,890.90","2,918","232,582.932","3,913,644",0.000,0.000,"Complete"
2011,"Rumford Power ",55100,1,"ME","A-724","01/01/2009 - 12/31/2011","2,418.79","2,456","187,548.532","3,155,820",0.000,0.000,"Complete"
2012,"Rumford Power ",55100,1,"ME","A-724","01/01/2012 - 12/31/2014","2,146.57","2,187","166,212.430","2,796,862",0.000,0.000,"Complete"
2013,"Rumford Power ",55100,1,"ME","A-724","01/01/2012 - 12/31/2014","1,177.73","1,222","81,648.687","1,373,899",0.000,0.000,"Complete"
2014,"Rumford Power ",55100,1,"ME","A-724","01/01/2012 - 12/31/2014","2,345.01","2,420","182,987.859","3,079,136",0.000,0.000,"Complete"
2015,"Rumford Power ",55100,1,"ME","A-724","01/01/2015 - 12/31/2017","1,617.07","1,686","127,962.799","2,153,230",0.000,0.000,"Complete"
2016,"Rumford Power ",55100,1,"ME","A-724","01/01/2015 - 12/31/2017","2,251.43","2,318","183,510.142","3,087,944",0.000,0.000,"Complete"
2017,"Rumford Power ",55100,1,"ME","A-724","01/01/2015 - 12/31/2017","1,338.37","1,392","104,858.510","1,764,459",0.000,0.000,"Complete"
2018,"Rumford Power ",55100,1,"ME","A-724","01/01/2018 - 12/31/2020",888.12,935,"69,766.928","1,173,963",0.000,0.000,"Complete"
2019,"Rumford Power ",55100,1,"ME","A-724","01/01/2018 - 12/31/2020",428.81,445,"29,422.687","495,107",0.000,0.000,"Complete"
2020,"Rumford Power ",55100,1,"ME","A-724","01/01/2018 - 12/31/2020",973.28,"1,020","74,514.703","1,253,849",0.000,0.000,"Complete"
2021,"Rumford Power ",55100,1,"ME","A-724","01/01/2021 - 12/31/2023","1,734.79","1,837","145,037.740","2,440,563",0.000,0.000,"Complete"
2022,"Rumford Power ",55100,1,"ME","A-724","01/01/2021 - 12/31/2023","2,324.60","2,453","189,862.314","3,194,788",0.000,0.000,"Complete"
2023,"Rumford Power ",55100,1,"ME","A-724","01/01/2021 - 12/31/2023","2,118.42","2,178","175,962.497","2,960,892",0.000,0.000,"Complete"
2024,"Rumford Power ",55100,1,"ME","A-724","01/01/2024 - 12/31/2026","3,110.03","3,202","273,965.750","4,610,004",0.000,0.000,"Complete"
2009,"Rhode Island State Energy Center",55107,"RISEP1, RISEP2","RI",3914,"01/01/2009 - 12/31/2011","12,811.27","13,114","1,312,921.792","22,092,387",0.000,0.000,"Complete"
2010,"Rhode Island State Energy Center",55107,"RISEP1, RISEP2","RI",3914,"01/01/2009 - 12/31/2011","13,006.40","13,399","1,297,984.594","21,841,109",0.000,0.000,"Complete"
2011,"Rhode Island State Energy Center",55107,"RISEP1, RISEP2","RI",3914,"01/01/2009 - 12/31/2011","12,648.12","12,960","1,291,508.320","21,732,140",0.000,0.000,"Complete"
2012,"Rhode Island State Energy Center",55107,"RISEP1, RISEP2","RI",3914,"01/01/2012 - 12/31/2014","10,075.09","10,545","1,001,562.937","16,853,169",0.000,0.000,"Complete"
2013,"Rhode Island State Energy Center",55107,"RISEP1, RISEP2","RI",3914,"01/01/2012 - 12/31/2014","8,476.14","8,916","840,851.668","14,148,954",0.000,0.000,"Complete"
2014,"Rhode Island State Energy Center",55107,"RISEP1, RISEP2","RI",3914,"01/01/2012 - 12/31/2014","7,177.68","7,493","704,966.382","11,862,356",0.000,0.000,"Complete"
2015,"Rhode Island State Energy Center",55107,"RISEP1, RISEP2","RI",3914,"01/01/2015 - 12/31/2017","7,860.57","8,129","761,566.814","12,814,845",0.000,0.000,"Complete"
2016,"Rhode Island State Energy Center",55107,"RISEP1, RISEP2","RI",3914,"01/01/2015 - 12/31/2017","9,842.77","10,170","954,220.865","16,056,542",0.000,0.000,"Complete"
2017,"Rhode Island State Energy Center",55107,"RISEP1, RISEP2","RI",3914,"01/01/2015 - 12/31/2017","11,808.87","12,113","1,182,301.708","19,894,549",0.000,0.000,"Complete"
2018,"Rhode Island State Energy Center",55107,"RISEP1, RISEP2","RI",3914,"01/01/2018 - 12/31/2020","11,471.46","11,828","1,184,092.877","19,924,595",0.000,0.000,"Complete"
2019,"Rhode Island State Energy Center",55107,"RISEP1, RISEP2","RI",3914,"01/01/2018 - 12/31/2020","12,810.68","13,116","1,286,540.544","21,648,576",0.000,0.000,"Complete"
2020,"Rhode Island State Energy Center",55107,"RISEP1, RISEP2","RI",3914,"01/01/2018 - 12/31/2020","14,577.28","14,750","1,488,389.885","25,045,021",0.000,0.000,"Complete"
2021,"Rhode Island State Energy Center",55107,"RISEP1, RISEP2","RI",3914,"01/01/2021 - 12/31/2023","14,127.45","14,303","1,493,445.798","25,130,130",0.000,0.000,"Complete"
2022,"Rhode Island State Energy Center",55107,"RISEP1, RISEP2","RI",3914,"01/01/2021 - 12/31/2023","12,867.85","13,201","1,372,636.220","23,097,219",0.000,0.000,"Complete"
2023,"Rhode Island State Energy Center",55107,"RISEP1, RISEP2","RI",3914,"01/01/2021 - 12/31/2023","13,779.95","13,968","1,499,640.555","25,234,263",0.000,0.000,"Complete"
2024,"Rhode Island State Energy Center",55107,"RISEP1, RISEP2","RI",3914,"01/01/2024 - 12/31/2026","14,445.90","14,688","1,480,205.837","24,907,336",0.000,0.000,"Complete"
2009,"Milford Power Company LLC",55126,"CT01, CT02","CT","105-251","01/01/2009 - 12/31/2011","15,230.00","15,398","1,507,231.775","25,356,550",0.000,0.000,"Complete"
2010,"Milford Power Company LLC",55126,"CT01, CT02","CT","105-251","01/01/2009 - 12/31/2011","14,239.00","14,393","1,450,649.450","24,409,945",0.000,0.000,"Complete"
2011,"Milford Power Company LLC",55126,"CT01, CT02","CT","105-251","01/01/2009 - 12/31/2011","16,027.22","16,092","1,628,812.418","27,407,802",0.000,0.000,"Complete"
2012,"Milford Power Company LLC",55126,"CT01, CT02","CT","105-251","01/01/2012 - 12/31/2014","15,164.19","15,270","1,529,513.814","25,737,017",0.000,0.000,"Complete"
2013,"Milford Power Company LLC",55126,"CT01, CT02","CT","105-251","01/01/2012 - 12/31/2014","15,345.65","15,546","1,593,751.110","26,817,921",0.000,0.000,"Complete"
2014,"Milford Power Company LLC",55126,"CT01, CT02","CT","105-251","01/01/2012 - 12/31/2014","12,994.83","13,274","1,303,833.771","21,939,492",0.000,0.000,"Complete"
2015,"Milford Power Company LLC",55126,"CT01, CT02","CT","105-251","01/01/2015 - 12/31/2017","14,584.33","14,711","1,474,577.277","24,812,532",0.000,0.000,"Complete"
2016,"Milford Power Company LLC",55126,"CT01, CT02","CT","105-251","01/01/2015 - 12/31/2017","13,576.64","13,675","1,360,060.965","22,885,682",0.000,0.000,"Complete"
2017,"Milford Power Company LLC",55126,"CT01, CT02","CT","105-251","01/01/2015 - 12/31/2017","12,994.43","13,297","1,275,528.970","21,463,179",0.000,0.000,"Complete"
2018,"Milford Power Company LLC",55126,"CT01, CT02","CT","105-251","01/01/2018 - 12/31/2020","15,554.82","15,725","1,546,310.531","26,019,681",0.000,0.000,"Complete"
2019,"Milford Power Company LLC",55126,"CT01, CT02","CT","105-251","01/01/2018 - 12/31/2020","16,248.42","16,303","1,566,493.906","26,359,231",0.000,0.000,"Complete"
2020,"Milford Power Company LLC",55126,"CT01, CT02","CT","105-251","01/01/2018 - 12/31/2020","15,570.88","15,698","1,525,881.517","25,675,843",0.000,0.000,"Complete"
2021,"Milford Power Company LLC",55126,"CT01, CT02","CT","105-251","01/01/2021 - 12/31/2023","14,515.45","14,652","1,471,643.810","24,763,005",0.000,0.000,"Complete"
2022,"Milford Power Company LLC",55126,"CT01, CT02","CT","105-251","01/01/2021 - 12/31/2023","15,707.64","15,746","1,617,066.166","27,209,917",0.000,0.000,"Complete"
2023,"Milford Power Company LLC",55126,"CT01, CT02","CT","105-251","01/01/2021 - 12/31/2023","15,616.48","15,736","1,570,267.285","26,422,842",0.000,0.000,"Complete"
2024,"Milford Power Company LLC",55126,"CT01, CT02","CT","105-251","01/01/2024 - 12/31/2026","16,457.60","16,479","1,678,547.121","28,244,799",0.000,0.000,"Complete"
2009,"Lake Road Generating Company",55149,"LRG1, LRG2, LRG3","CT","89-80","01/01/2009 - 12/31/2011","12,180.14","12,347","1,168,751.142","19,649,961",0.000,0.000,"Complete"
2010,"Lake Road Generating Company",55149,"LRG1, LRG2, LRG3","CT","89-80","01/01/2009 - 12/31/2011","16,036.98","16,245","1,603,614.869","26,972,058",0.000,0.000,"Complete"
2011,"Lake Road Generating Company",55149,"LRG1, LRG2, LRG3","CT","89-80","01/01/2009 - 12/31/2011","22,349.97","22,609","2,260,904.429","38,044,438",0.000,0.000,"Complete"
2012,"Lake Road Generating Company",55149,"LRG1, LRG2, LRG3","CT","89-80","01/01/2012 - 12/31/2014","19,417.96","19,771","1,931,244.831","32,496,195",0.000,0.000,"Complete"
2013,"Lake Road Generating Company",55149,"LRG1, LRG2, LRG3","CT","89-80","01/01/2012 - 12/31/2014","19,859.02","20,548","1,977,547.848","33,275,870",0.000,0.000,"Complete"
2014,"Lake Road Generating Company",55149,"LRG1, LRG2, LRG3","CT","89-80","01/01/2012 - 12/31/2014","19,485.82","19,915","1,978,767.008","33,296,673",0.000,0.000,"Complete"
2015,"Lake Road Generating Company",55149,"LRG1, LRG2, LRG3","CT","89-80","01/01/2015 - 12/31/2017","20,927.35","21,244","2,113,294.719","35,562,336",0.000,0.000,"Complete"
2016,"Lake Road Generating Company",55149,"LRG1, LRG2, LRG3","CT","89-80","01/01/2015 - 12/31/2017","24,327.00","24,421","2,356,579.056","39,656,753",0.000,0.000,"Complete"
2017,"Lake Road Generating Company",55149,"LRG1, LRG2, LRG3","CT","89-80","01/01/2015 - 12/31/2017","21,751.93","22,046","2,142,229.046","36,049,544",0.000,0.000,"Complete"
2018,"Lake Road Generating Company",55149,"LRG1, LRG2, LRG3","CT","89-80","01/01/2018 - 12/31/2020","23,733.61","23,905","2,275,165.313","38,286,636",0.000,0.000,"Complete"
2019,"Lake Road Generating Company",55149,"LRG1, LRG2, LRG3","CT","89-80","01/01/2018 - 12/31/2020","24,141.97","24,217","2,303,169.938","38,757,957",0.000,0.000,"Complete"
2020,"Lake Road Generating Company",55149,"LRG1, LRG2, LRG3","CT","89-80","01/01/2018 - 12/31/2020","24,499.82","24,651","2,363,498.479","39,772,252",0.000,0.000,"Complete"
2021,"Lake Road Generating Company",55149,"LRG1, LRG2, LRG3","CT","89-80","01/01/2021 - 12/31/2023","23,933.43","23,990","2,267,298.742","38,151,228",0.000,0.000,"Complete"
2022,"Lake Road Generating Company",55149,"LRG1, LRG2, LRG3","CT","89-80","01/01/2021 - 12/31/2023","25,439.53","25,467","2,410,639.866","40,563,693",0.000,0.000,"Complete"
2023,"Lake Road Generating Company",55149,"LRG1, LRG2, LRG3","CT","89-80","01/01/2021 - 12/31/2023","24,851.60","24,881","2,377,498.427","40,005,987",0.000,0.000,"Complete"
2024,"Lake Road Generating Company",55149,"LRG1, LRG2, LRG3","CT","89-80","01/01/2024 - 12/31/2026","25,027.37","25,057","2,428,508.974","40,864,116",0.000,0.000,"Complete"
2009,"Granite Ridge Energy",55170,"0001, 0002","NH"," ","01/01/2009 - 12/31/2011","12,341.03","12,526","1,708,459.023","28,748,111",0.000,0.000,"Complete"
2010,"Granite Ridge Energy",55170,"0001, 0002","NH"," ","01/01/2009 - 12/31/2011","11,728.53","11,953","1,445,639.434","24,325,635",0.000,0.000,"Complete"
2011,"Granite Ridge Energy",55170,"0001, 0002","NH"," ","01/01/2009 - 12/31/2011","12,944.44","13,047","1,687,224.126","28,390,810",0.000,0.000,"Complete"
2012,"Granite Ridge Energy",55170,"0001, 0002","NH"," ","01/01/2012 - 12/31/2014","15,430.47","15,515","2,103,628.891","35,397,548",0.000,0.000,"Complete"
2013,"Granite Ridge Energy",55170,"0001, 0002","NH"," ","01/01/2012 - 12/31/2014","12,186.95","12,496","1,507,273.630","25,362,802",0.000,0.000,"Complete"
2014,"Granite Ridge Energy",55170,"0001, 0002","NH"," ","01/01/2012 - 12/31/2014","12,062.50","12,283","1,534,946.206","25,828,478",0.000,0.000,"Complete"
2015,"Granite Ridge Energy",55170,"0001, 0002","NH"," ","01/01/2015 - 12/31/2017","15,454.48","15,507","1,988,630.891","33,462,567",0.000,0.000,"Complete"
2016,"Granite Ridge Energy",55170,"0001, 0002","NH"," ","01/01/2015 - 12/31/2017","11,441.97","11,613","1,437,863.827","24,194,827",0.000,0.000,"Complete"
2017,"Granite Ridge Energy",55170,"0001, 0002","NH"," ","01/01/2015 - 12/31/2017","9,771.19","9,927","1,178,182.209","19,825,181",0.000,0.000,"Complete"
2018,"Granite Ridge Energy",55170,"0001, 0002","NH"," ","01/01/2018 - 12/31/2020","7,665.33","7,783","929,343.116","15,637,983",0.000,0.000,"Complete"
2019,"Granite Ridge Energy",55170,"0001, 0002","NH"," ","01/01/2018 - 12/31/2020","10,268.58","10,447","1,284,360.263","21,611,820",0.000,0.000,"Complete"
2020,"Granite Ridge Energy",55170,"0001, 0002","NH"," ","01/01/2018 - 12/31/2020","10,958.90","11,135","1,341,025.934","22,565,329",0.000,0.000,"Complete"
2021,"Granite Ridge Energy",55170,"0001, 0002","NH"," ","01/01/2021 - 12/31/2023","10,947.04","11,188","1,367,127.759","23,004,485",0.000,0.000,"Complete"
2022,"Granite Ridge Energy",55170,"0001, 0002","NH"," ","01/01/2021 - 12/31/2023","11,648.74","11,815","1,461,137.472","24,586,412",0.000,0.000,"Complete"
2023,"Granite Ridge Energy",55170,"0001, 0002","NH"," ","01/01/2021 - 12/31/2023","11,342.42","11,577","1,431,081.448","24,080,662",0.000,0.000,"Complete"
2024,"Granite Ridge Energy",55170,"0001, 0002","NH"," ","01/01/2024 - 12/31/2026","9,951.70","10,049","1,325,201.049","22,299,014",0.000,0.000,"Complete"
2022,"Ontelaunee Energy Center",55193,"CT1, CT2","PA"," ","01/01/2021 - 12/31/2023","8,429.10","8,482","929,532.020","15,641,207",0.000,0.000,"Complete"
2023,"Ontelaunee Energy Center",55193,"CT1, CT2","PA"," ","01/01/2021 - 12/31/2023","15,559.52","15,583","1,736,709.345","29,223,394",0.000,0.000,"Complete"
2022,"Springdale Generating Station (55196)",55196,"1, 2","PA"," ","01/01/2021 - 12/31/2023","2,169.11","2,430","54,768.670","921,585",0.000,0.000,"Complete"
2023,"Springdale Generating Station (55196)",55196,"1, 2","PA"," ","01/01/2021 - 12/31/2023","3,025.17","3,353","78,727.869","1,324,763",0.000,0.000,"Complete"
2009,"Bellingham Power Generation LLC",55211,"1, 2","MA"," ","01/01/2009 - 12/31/2011","9,067.49","9,186","800,242.038","13,465,630",0.000,0.000,"Complete"
2010,"Bellingham Power Generation LLC",55211,"1, 2","MA"," ","01/01/2009 - 12/31/2011","8,782.21","8,859","760,568.834","12,797,958",0.000,0.000,"Complete"
2011,"Bellingham Power Generation LLC",55211,"1, 2","MA"," ","01/01/2009 - 12/31/2011","5,296.53","5,327","477,845.918","8,040,722",0.000,0.000,"Complete"
2012,"Bellingham Power Generation LLC",55211,"1, 2","MA"," ","01/01/2012 - 12/31/2014","8,367.09","8,455","797,217.537","13,414,743",0.000,0.000,"Complete"
2013,"Bellingham Power Generation LLC",55211,"1, 2","MA"," ","01/01/2012 - 12/31/2014","9,481.64","9,577","887,712.115","14,937,478",0.000,0.000,"Complete"
2014,"Bellingham Power Generation LLC",55211,"1, 2","MA"," ","01/01/2012 - 12/31/2014","10,486.66","10,564","999,554.779","16,819,422",0.000,0.000,"Complete"
2015,"Bellingham Power Generation LLC",55211,"1, 2","MA"," ","01/01/2015 - 12/31/2017","11,646.88","11,715","1,128,428.785","18,987,895",0.000,0.000,"Complete"
2016,"Bellingham Power Generation LLC",55211,"1, 2","MA"," ","01/01/2015 - 12/31/2017","10,485.30","10,555","913,564.926","15,372,583",0.000,0.000,"Complete"
2017,"Bellingham Power Generation LLC",55211,"1, 2","MA"," ","01/01/2015 - 12/31/2017","9,787.13","10,148","825,549.875","13,891,467",0.000,0.000,"Complete"
2018,"Bellingham Power Generation LLC",55211,"1, 2","MA"," ","01/01/2018 - 12/31/2020","11,929.63","12,367","997,261.534","16,780,870",0.000,0.000,"Complete"
2019,"Bellingham Power Generation LLC",55211,"1, 2","MA"," ","01/01/2018 - 12/31/2020","9,676.79","10,268","759,195.503","12,774,798",0.000,0.000,"Complete"
2020,"Bellingham Power Generation LLC",55211,"1, 2","MA"," ","01/01/2018 - 12/31/2020","8,086.57","8,258","649,280.370","10,925,397",0.000,0.000,"Complete"
2021,"Bellingham Power Generation LLC",55211,"1, 2","MA"," ","01/01/2021 - 12/31/2023","12,900.53","13,022","1,045,135.480","17,586,481",0.000,0.000,"Complete"
2022,"Bellingham Power Generation LLC",55211,"1, 2","MA"," ","01/01/2021 - 12/31/2023","12,774.84","13,038","1,040,514.228","17,508,660",0.000,0.000,"Complete"
2023,"Bellingham Power Generation LLC",55211,"1, 2","MA"," ","01/01/2021 - 12/31/2023","15,957.94","16,011","1,340,474.826","22,556,046",0.000,0.000,"Complete"
2024,"Bellingham Power Generation LLC",55211,"1, 2","MA"," ","01/01/2024 - 12/31/2026","13,136.11","13,423","1,125,708.262","18,942,172",0.000,0.000,"Complete"
2009,"Blackstone Power Generation LLC",55212,"1, 2","MA"," ","01/01/2009 - 12/31/2011","7,387.93","7,514","654,829.666","11,018,682",0.000,0.000,"Complete"
2010,"Blackstone Power Generation LLC",55212,"1, 2","MA"," ","01/01/2009 - 12/31/2011","8,663.52","8,755","770,641.711","12,967,562",0.000,0.000,"Complete"
2011,"Blackstone Power Generation LLC",55212,"1, 2","MA"," ","01/01/2009 - 12/31/2011","10,121.03","10,181","898,572.912","15,120,373",0.000,0.000,"Complete"
2012,"Blackstone Power Generation LLC",55212,"1, 2","MA"," ","01/01/2012 - 12/31/2014","10,177.76","10,225","884,206.075","14,878,425",0.000,0.000,"Complete"
2013,"Blackstone Power Generation LLC",55212,"1, 2","MA"," ","01/01/2012 - 12/31/2014","9,337.21","9,394","814,875.682","13,711,820",0.000,0.000,"Complete"
2014,"Blackstone Power Generation LLC",55212,"1, 2","MA"," ","01/01/2012 - 12/31/2014","10,464.06","10,542","922,320.143","15,519,803",0.000,0.000,"Complete"
2015,"Blackstone Power Generation LLC",55212,"1, 2","MA"," ","01/01/2015 - 12/31/2017","10,139.11","10,231","899,065.074","15,128,464",0.000,0.000,"Complete"
2016,"Blackstone Power Generation LLC",55212,"1, 2","MA"," ","01/01/2015 - 12/31/2017","7,413.05","7,450","658,869.208","11,086,891",0.000,0.000,"Complete"
2017,"Blackstone Power Generation LLC",55212,"1, 2","MA"," ","01/01/2015 - 12/31/2017","9,807.75","10,311","865,706.596","14,567,277",0.000,0.000,"Complete"
2018,"Blackstone Power Generation LLC",55212,"1, 2","MA"," ","01/01/2018 - 12/31/2020","10,687.49","11,204","921,109.804","15,499,413",0.000,0.000,"Complete"
2019,"Blackstone Power Generation LLC",55212,"1, 2","MA"," ","01/01/2018 - 12/31/2020","8,956.28","9,605","740,632.027","12,462,586",0.000,0.000,"Complete"
2020,"Blackstone Power Generation LLC",55212,"1, 2","MA"," ","01/01/2018 - 12/31/2020","7,593.86","7,761","625,063.477","10,517,931",0.000,0.000,"Complete"
2021,"Blackstone Power Generation LLC",55212,"1, 2","MA"," ","01/01/2021 - 12/31/2023","12,588.55","12,716","1,020,941.533","17,179,319",0.000,0.000,"Complete"
2022,"Blackstone Power Generation LLC",55212,"1, 2","MA"," ","01/01/2021 - 12/31/2023","14,066.92","14,284","1,152,764.396","19,397,318",0.000,0.000,"Complete"
2023,"Blackstone Power Generation LLC",55212,"1, 2","MA"," ","01/01/2021 - 12/31/2023","14,559.92","14,635","1,189,773.316","20,020,413",0.000,0.000,"Complete"
2024,"Blackstone Power Generation LLC",55212,"1, 2","MA"," ","01/01/2024 - 12/31/2026","10,625.34","10,828","882,373.205","14,847,540",0.000,0.000,"Complete"
2022,"Liberty Electric Power Plant",55231,"0001, 0002","PA"," ","01/01/2021 - 12/31/2023","7,529.54","7,621","793,784.972","13,357,000",0.000,0.000,"Complete"
2023,"Liberty Electric Power Plant",55231,"0001, 0002","PA"," ","01/01/2021 - 12/31/2023","15,624.30","15,657","1,752,379.574","29,487,508",0.000,0.000,"Complete"
2022,"Handsome Lake Energy",55233,"EU-1A, EU-1B, EU-2A, EU-2B, EU-3A, EU-3B, EU-4A, EU-4B, EU-5A, EU-5B","PA"," ","01/01/2021 - 12/31/2023","1,610.23","1,918","17,481.000","296,295",0.000,0.000,"Complete"
2023,"Handsome Lake Energy",55233,"EU-1A, EU-1B, EU-2A, EU-2B, EU-3A, EU-3B, EU-4A, EU-4B, EU-5A, EU-5B","PA"," ","01/01/2021 - 12/31/2023","7,769.95","8,955","77,946.600","1,320,098",0.000,0.000,"Complete"
2009,"Red Oak Power, LLC",55239,"1, 2, 3","NJ",17965,"01/01/2009 - 12/31/2011","16,907.48","17,179","1,631,945.274","27,460,642",0.000,0.000,"Complete"
2010,"Red Oak Power, LLC",55239,"1, 2, 3","NJ",17965,"01/01/2009 - 12/31/2011","19,578.27","19,774","1,909,465.195","32,130,324",0.000,0.000,"Complete"
2011,"Red Oak Power, LLC",55239,"1, 2, 3","NJ",17965,"01/01/2009 - 12/31/2011","21,612.75","21,791","2,159,061.020","36,330,393",0.000,0.000,"Complete"
2020,"Red Oak Power, LLC",55239,"1, 2, 3","NJ",17965,"01/01/2018 - 12/31/2020","11,976.78","12,122","1,190,652.614","20,034,977",0.000,0.000,"Complete"
2021,"Red Oak Power, LLC",55239,"1, 2, 3","NJ",17965,"01/01/2021 - 12/31/2023","10,493.71","10,626","1,036,551.335","17,442,002",0.000,0.000,"Complete"
2022,"Red Oak Power, LLC",55239,"1, 2, 3","NJ",17965,"01/01/2021 - 12/31/2023","13,612.05","13,781","1,344,693.522","22,627,104",0.000,0.000,"Complete"
2023,"Red Oak Power, LLC",55239,"1, 2, 3","NJ",17965,"01/01/2021 - 12/31/2023","13,436.21","13,519","1,352,656.148","22,761,000",0.000,0.000,"Complete"
2024,"Red Oak Power, LLC",55239,"1, 2, 3","NJ",17965,"01/01/2024 - 12/31/2026","14,075.49","14,371","1,382,688.304","23,727,373",0.000,0.000,"Complete"
2009,"Astoria Gas Turbine Power",55243,"CT2-1A, CT2-1B, CT2-2A, CT2-2B, CT2-3A, CT2-3B, CT2-4A, CT2-4B, CT3-1A, CT3-1B, CT3-2A, CT3-2B, CT3-3A, CT3-3B, CT3-4A, CT3-4B, CT4-1A, CT4-1B, CT4-2A, CT4-2B, CT4-3A, CT4-3B, CT4-4A, CT4-4B","NY",2630100191,"01/01/2009 - 12/31/2011","2,821.50","2,826","43,867.400","719,484",0.000,0.000,"Complete"
2010,"Astoria Gas Turbine Power",55243,"CT2-1A, CT2-1B, CT2-2A, CT2-2B, CT2-3A, CT2-3B, CT2-4A, CT2-4B, CT3-1A, CT3-1B, CT3-2A, CT3-2B, CT3-3A, CT3-3B, CT3-4A, CT3-4B, CT4-1A, CT4-1B, CT4-2A, CT4-2B, CT4-3A, CT4-3B, CT4-4A, CT4-4B","NY",2630100191,"01/01/2009 - 12/31/2011","2,823.50","2,896","43,964.000","719,998",0.000,0.000,"Complete"
2011,"Astoria Gas Turbine Power",55243,"CT2-1A, CT2-1B, CT2-2A, CT2-2B, CT2-3A, CT2-3B, CT2-4A, CT2-4B, CT3-1A, CT3-1B, CT3-2A, CT3-2B, CT3-3A, CT3-3B, CT3-4A, CT3-4B, CT4-1A, CT4-1B, CT4-2A, CT4-2B, CT4-3A, CT4-3B, CT4-4A, CT4-4B","NY",2630100191,"01/01/2009 - 12/31/2011","4,007.50","4,038","61,661.800","1,021,916",0.000,0.000,"Complete"
2012,"Astoria Gas Turbine Power",55243,"CT2-1A, CT2-1B, CT2-2A, CT2-2B, CT2-3A, CT2-3B, CT2-4A, CT2-4B, CT3-1A, CT3-1B, CT3-2A, CT3-2B, CT3-3A, CT3-3B, CT3-4A, CT3-4B, CT4-1A, CT4-1B, CT4-2A, CT4-2B, CT4-3A, CT4-3B, CT4-4A, CT4-4B","NY",2630100191,"01/01/2012 - 12/31/2014","6,469.50","6,600","97,073.000","1,649,734",0.000,0.000,"Complete"
2013,"Astoria Gas Turbine Power",55243,"CT2-1A, CT2-1B, CT2-2A, CT2-2B, CT2-3A, CT2-3B, CT2-4A, CT2-4B, CT3-1A, CT3-1B, CT3-2A, CT3-2B, CT3-3A, CT3-3B, CT3-4A, CT3-4B, CT4-1A, CT4-1B, CT4-2A, CT4-2B, CT4-3A, CT4-3B, CT4-4A, CT4-4B","NY",2630100191,"01/01/2012 - 12/31/2014","3,943.00","4,870","60,847.000","1,005,532",0.000,0.000,"Complete"
2014,"Astoria Gas Turbine Power",55243,"CT2-1A, CT2-1B, CT2-2A, CT2-2B, CT2-3A, CT2-3B, CT2-4A, CT2-4B, CT3-1A, CT3-1B, CT3-2A, CT3-2B, CT3-3A, CT3-3B, CT3-4A, CT3-4B, CT4-1A, CT4-1B, CT4-2A, CT4-2B, CT4-3A, CT4-3B, CT4-4A, CT4-4B","NY",2630100191,"01/01/2012 - 12/31/2014","2,948.32","4,558","47,382.200","749,828",0.000,0.000,"Complete"
2015,"Astoria Gas Turbine Power",55243,"CT2-1A, CT2-1B, CT2-2A, CT2-2B, CT2-3A, CT2-3B, CT2-4A, CT2-4B, CT3-1A, CT3-1B, CT3-2A, CT3-2B, CT3-3A, CT3-3B, CT3-4A, CT3-4B, CT4-1A, CT4-1B, CT4-2A, CT4-2B, CT4-3A, CT4-3B, CT4-4A, CT4-4B","NY",2630100191,"01/01/2015 - 12/31/2017","2,156.12","3,554","37,458.800","626,728",0.000,0.000,"Complete"
2016,"Astoria Gas Turbine Power",55243,"CT2-1A, CT2-1B, CT2-2A, CT2-2B, CT2-3A, CT2-3B, CT2-4A, CT2-4B, CT3-1A, CT3-1B, CT3-2A, CT3-2B, CT3-3A, CT3-3B, CT3-4A, CT3-4B, CT4-1A, CT4-1B, CT4-2A, CT4-2B, CT4-3A, CT4-3B, CT4-4A, CT4-4B","NY",2630100191,"01/01/2015 - 12/31/2017","3,049.95","4,345","43,184.500","721,523",0.000,0.000,"Complete"
2017,"Astoria Gas Turbine Power",55243,"CT2-1A, CT2-1B, CT2-2A, CT2-2B, CT2-3A, CT2-3B, CT2-4A, CT2-4B, CT3-1A, CT3-1B, CT3-2A, CT3-2B, CT3-3A, CT3-3B, CT3-4A, CT3-4B, CT4-1A, CT4-1B, CT4-2A, CT4-2B, CT4-3A, CT4-3B, CT4-4A, CT4-4B","NY",2630100191,"01/01/2015 - 12/31/2017","1,851.20","2,962","25,980.000","436,360",0.000,0.000,"Complete"
2018,"Astoria Gas Turbine Power",55243,"CT2-1A, CT2-1B, CT2-2A, CT2-2B, CT2-3A, CT2-3B, CT2-4A, CT2-4B, CT3-1A, CT3-1B, CT3-2A, CT3-2B, CT3-3A, CT3-3B, CT3-4A, CT3-4B, CT4-1A, CT4-1B, CT4-2A, CT4-2B, CT4-3A, CT4-3B, CT4-4A, CT4-4B","NY",2630100191,"01/01/2018 - 12/31/2020","2,290.72","3,681","32,563.800","538,439",0.000,0.000,"Complete"
2019,"Astoria Gas Turbine Power",55243,"CT2-1A, CT2-1B, CT2-2A, CT2-2B, CT2-3A, CT2-3B, CT2-4A, CT2-4B, CT3-1A, CT3-1B, CT3-2A, CT3-2B, CT3-3A, CT3-3B, CT3-4A, CT3-4B, CT4-1A, CT4-1B, CT4-2A, CT4-2B, CT4-3A, CT4-3B, CT4-4A, CT4-4B","NY",2630100191,"01/01/2018 - 12/31/2020","1,011.28","2,008","15,197.800","255,774",0.000,0.000,"Complete"
2020,"Astoria Gas Turbine Power",55243,"CT2-1A, CT2-1B, CT2-2A, CT2-2B, CT2-3A, CT2-3B, CT2-4A, CT2-4B, CT3-1A, CT3-1B, CT3-2A, CT3-2B, CT3-3A, CT3-3B, CT3-4A, CT3-4B, CT4-1A, CT4-1B, CT4-2A, CT4-2B, CT4-3A, CT4-3B, CT4-4A, CT4-4B","NY",2630100191,"01/01/2018 - 12/31/2020","1,104.62","2,246","17,273.000","290,478",0.000,0.000,"Complete"
2021,"Astoria Gas Turbine Power",55243,"CT2-1A, CT2-1B, CT2-2A, CT2-2B, CT2-3A, CT2-3B, CT2-4A, CT2-4B, CT3-1A, CT3-1B, CT3-2A, CT3-2B, CT3-3A, CT3-3B, CT3-4A, CT3-4B, CT4-1A, CT4-1B, CT4-2A, CT4-2B, CT4-3A, CT4-3B, CT4-4A, CT4-4B","NY",2630100191,"01/01/2021 - 12/31/2023","2,107.62","3,562","32,721.600","546,992",0.000,0.000,"Complete"
2022,"Astoria Gas Turbine Power",55243,"CT2-1A, CT2-1B, CT2-2A, CT2-2B, CT2-3A, CT2-3B, CT2-4A, CT2-4B, CT3-1A, CT3-1B, CT3-2A, CT3-2B, CT3-3A, CT3-3B, CT3-4A, CT3-4B, CT4-1A, CT4-1B, CT4-2A, CT4-2B, CT4-3A, CT4-3B, CT4-4A, CT4-4B","NY",2630100191,"01/01/2021 - 12/31/2023","2,582.37","4,126","43,646.200","696,754",0.000,0.000,"Complete"
2023,"Astoria Gas Turbine Power",55243,"CT2-1A, CT2-1B, CT2-2A, CT2-2B, CT2-3A, CT2-3B, CT2-4A, CT2-4B, CT3-1A, CT3-1B, CT3-2A, CT3-2B, CT3-3A, CT3-3B, CT3-4A, CT3-4B, CT4-1A, CT4-1B, CT4-2A, CT4-2B, CT4-3A, CT4-3B, CT4-4A, CT4-4B","NY",2630100191,"01/01/2021 - 12/31/2023",247.10,492,"4,226.800","70,544",0.000,0.000,"Complete"
2021,"Wolf Hills Energy",55285,"WH01, WH02, WH03, WH04, WH05, WH06, WH07, WH08, WH09, WH10","VA"," ","01/01/2021 - 12/31/2023","3,593.90","5,805","41,174.700","698,296",0.000,0.000,"Complete"
2022,"Wolf Hills Energy",55285,"WH01, WH02, WH03, WH04, WH05, WH06, WH07, WH08, WH09, WH10","VA"," ","01/01/2021 - 12/31/2023","2,138.22","3,897","25,209.600","427,929",0.000,0.000,"Complete"
2023,"Wolf Hills Energy",55285,"WH01, WH02, WH03, WH04, WH05, WH06, WH07, WH08, WH09, WH10","VA"," ","01/01/2021 - 12/31/2023","3,937.54","5,312","50,345.129","847,653",0.000,0.000,"Complete"
2009,"Westbrook Energy Center",55294,"1, 2","ME","A-743","01/01/2009 - 12/31/2011","11,550.23","12,089","1,015,132.021","17,081,385",0.000,0.000,"Complete"
2010,"Westbrook Energy Center",55294,"1, 2","ME","A-743","01/01/2009 - 12/31/2011","12,377.02","12,855","1,079,444.628","18,163,804",0.000,0.000,"Complete"
2011,"Westbrook Energy Center",55294,"1, 2","ME","A-743","01/01/2009 - 12/31/2011","12,327.82","12,704","1,081,176.299","18,192,786",0.000,0.000,"Complete"
2012,"Westbrook Energy Center",55294,"1, 2","ME","A-743","01/01/2012 - 12/31/2014","11,803.97","12,188","1,018,916.747","17,145,270",0.000,0.000,"Complete"
2013,"Westbrook Energy Center",55294,"1, 2","ME","A-743","01/01/2012 - 12/31/2014","11,805.28","12,420","1,011,081.964","17,013,338",0.000,0.000,"Complete"
2014,"Westbrook Energy Center",55294,"1, 2","ME","A-743","01/01/2012 - 12/31/2014","8,894.81","9,395","775,593.170","13,050,865",0.000,0.000,"Complete"
2015,"Westbrook Energy Center",55294,"1, 2","ME","A-743","01/01/2015 - 12/31/2017","8,585.04","9,037","778,409.554","13,098,162",0.000,0.000,"Complete"
2016,"Westbrook Energy Center",55294,"1, 2","ME","A-743","01/01/2015 - 12/31/2017","9,816.35","10,319","916,992.819","15,430,196",0.000,0.000,"Complete"
2017,"Westbrook Energy Center",55294,"1, 2","ME","A-743","01/01/2015 - 12/31/2017","6,516.75","6,888","572,159.791","9,627,706",0.000,0.000,"Complete"
2018,"Westbrook Energy Center",55294,"1, 2","ME","A-743","01/01/2018 - 12/31/2020","7,406.07","7,932","616,175.034","10,368,333",0.000,0.000,"Complete"
2019,"Westbrook Energy Center",55294,"1, 2","ME","A-743","01/01/2018 - 12/31/2020","4,587.48","4,927","390,822.783","6,576,340",0.000,0.000,"Complete"
2020,"Westbrook Energy Center",55294,"1, 2","ME","A-743","01/01/2018 - 12/31/2020","4,715.42","5,084","413,690.835","6,961,176",0.000,0.000,"Complete"
2021,"Westbrook Energy Center",55294,"1, 2","ME","A-743","01/01/2021 - 12/31/2023","8,380.61","8,919","771,010.487","12,973,668",0.000,0.000,"Complete"
2022,"Westbrook Energy Center",55294,"1, 2","ME","A-743","01/01/2021 - 12/31/2023","10,614.48","11,117","1,012,111.518","17,030,800",0.000,0.000,"Complete"
2023,"Westbrook Energy Center",55294,"1, 2","ME","A-743","01/01/2021 - 12/31/2023","10,054.39","10,523","956,831.169","16,100,492",0.000,0.000,"Complete"
2024,"Westbrook Energy Center",55294,"1, 2","ME","A-743","01/01/2024 - 12/31/2026","12,284.70","12,561","1,208,306.458","20,332,127",0.000,0.000,"Complete"
2022,"Fairless Energy Center",55298,"1A, 1B, 2A, 2B","PA"," ","01/01/2021 - 12/31/2023","16,498.04","16,518","1,728,280.508","29,081,646",0.000,0.000,"Complete"
2023,"Fairless Energy Center",55298,"1A, 1B, 2A, 2B","PA"," ","01/01/2021 - 12/31/2023","30,543.55","30,577","3,292,674.387","55,405,418",0.000,0.000,"Complete"
2009,"Fore River Energy Center",55317,"11, 12","MA","021-00227","01/01/2009 - 12/31/2011","10,585.61","10,662","1,312,588.540","22,086,797",0.000,0.000,"Complete"
2010,"Fore River Energy Center",55317,"11, 12","MA","021-00227","01/01/2009 - 12/31/2011","13,462.55","13,508","1,722,428.368","28,983,101",0.000,0.000,"Complete"
2011,"Fore River Energy Center",55317,"11, 12","MA","021-00227","01/01/2009 - 12/31/2011","14,584.89","14,723","2,017,761.530","33,952,697",0.000,0.000,"Complete"
2012,"Fore River Energy Center",55317,"11, 12","MA","021-00227","01/01/2012 - 12/31/2014","12,644.01","12,778","1,732,543.972","29,153,310",0.000,0.000,"Complete"
2013,"Fore River Energy Center",55317,"11, 12","MA","021-00227","01/01/2012 - 12/31/2014","12,157.11","12,333","1,640,249.546","27,600,301",0.000,0.000,"Complete"
2014,"Fore River Energy Center",55317,"11, 12","MA","021-00227","01/01/2012 - 12/31/2014","12,682.98","12,837","1,704,822.341","28,671,997",0.000,0.000,"Complete"
2015,"Fore River Energy Center",55317,"11, 12","MA","021-00227","01/01/2015 - 12/31/2017","11,794.23","12,060","1,643,439.015","27,431,388",0.000,0.000,"Complete"
2016,"Fore River Energy Center",55317,"11, 12","MA","021-00227","01/01/2015 - 12/31/2017","12,241.87","12,451","1,658,523.241","27,901,359",0.000,0.000,"Complete"
2017,"Fore River Energy Center",55317,"11, 12","MA","021-00227","01/01/2015 - 12/31/2017","14,090.76","14,212","1,896,846.022","31,864,865",0.000,0.000,"Complete"
2018,"Fore River Energy Center",55317,"11, 12","MA","021-00227","01/01/2018 - 12/31/2020","10,655.47","10,835","1,446,537.548","24,219,479",0.000,0.000,"Complete"
2019,"Fore River Energy Center",55317,"11, 12","MA","021-00227","01/01/2018 - 12/31/2020","13,546.98","13,668","1,942,887.567","32,680,784",0.000,0.000,"Complete"
2020,"Fore River Energy Center",55317,"11, 12","MA","021-00227","01/01/2018 - 12/31/2020","10,184.25","10,325","1,475,845.104","24,815,892",0.000,0.000,"Complete"
2021,"Fore River Energy Center",55317,"11, 12","MA","021-00227","01/01/2021 - 12/31/2023","10,722.55","10,937","1,561,766.384","26,255,124",0.000,0.000,"Complete"
2022,"Fore River Energy Center",55317,"11, 12","MA","021-00227","01/01/2021 - 12/31/2023","10,564.89","10,808","1,552,342.702","25,374,441",0.000,0.000,"Complete"
2023,"Fore River Energy Center",55317,"11, 12","MA","021-00227","01/01/2021 - 12/31/2023","6,867.76","6,985","974,411.717","16,382,537",0.000,0.000,"Complete"
2024,"Fore River Energy Center",55317,"11, 12","MA","021-00227","01/01/2024 - 12/31/2026","9,761.84","9,838","1,437,912.186","24,070,001",0.000,0.000,"Complete"
2022,"Helix Ironwood LLC",55337,"0001, 0002","PA"," ","01/01/2021 - 12/31/2023","7,735.82","7,749","1,117,650.132","18,806,642",0.000,0.000,"Complete"
2023,"Helix Ironwood LLC",55337,"0001, 0002","PA"," ","01/01/2021 - 12/31/2023","12,624.02","12,633","1,846,617.409","31,072,829",0.000,0.000,"Complete"
2022,"Armstrong Power, LLC",55347,"1, 2, 3, 4","PA"," ","01/01/2021 - 12/31/2023","4,936.39","5,377","461,979.891","7,719,676",0.000,0.000,"Complete"
2023,"Armstrong Power, LLC",55347,"1, 2, 3, 4","PA"," ","01/01/2021 - 12/31/2023","7,464.55","8,093","690,701.764","11,612,445",0.000,0.000,"Complete"
2009,"Astoria Energy",55375,"CT1, CT2, CT3, CT4","NY",2630100072,"01/01/2009 - 12/31/2011","14,262.10","14,545","1,397,289.550","23,423,795",0.000,0.000,"Complete"
2010,"Astoria Energy",55375,"CT1, CT2, CT3, CT4","NY",2630100072,"01/01/2009 - 12/31/2011","14,673.50","14,923","1,406,017.932","23,559,419",0.000,0.000,"Complete"
2011,"Astoria Energy",55375,"CT1, CT2, CT3, CT4","NY",2630100072,"01/01/2009 - 12/31/2011","21,500.68","21,899","2,078,577.911","34,894,080",0.000,0.000,"Complete"
2012,"Astoria Energy",55375,"CT1, CT2, CT3, CT4","NY",2630100072,"01/01/2012 - 12/31/2014","28,756.03","29,088","2,837,662.924","47,746,207",0.000,0.000,"Complete"
2013,"Astoria Energy",55375,"CT1, CT2, CT3, CT4","NY",2630100072,"01/01/2012 - 12/31/2014","25,372.21","25,775","2,491,125.641","41,834,222",0.000,0.000,"Complete"
2014,"Astoria Energy",55375,"CT1, CT2, CT3, CT4","NY",2630100072,"01/01/2012 - 12/31/2014","28,416.13","28,674","2,830,042.742","47,111,163",0.000,0.000,"Complete"
2015,"Astoria Energy",55375,"CT1, CT2, CT3, CT4","NY",2630100072,"01/01/2015 - 12/31/2017","29,448.86","30,100","2,910,696.932","48,326,971",0.000,0.000,"Complete"
2016,"Astoria Energy",55375,"CT1, CT2, CT3, CT4","NY",2630100072,"01/01/2015 - 12/31/2017","28,290.23","28,851","2,710,235.698","45,482,918",0.000,0.000,"Complete"
2017,"Astoria Energy",55375,"CT1, CT2, CT3, CT4","NY",2630100072,"01/01/2015 - 12/31/2017","26,760.89","27,371","2,545,020.317","42,665,413",0.000,0.000,"Complete"
2018,"Astoria Energy",55375,"CT1, CT2, CT3, CT4","NY",2630100072,"01/01/2018 - 12/31/2020","28,295.73","28,701","2,845,359.350","47,368,753",0.000,0.000,"Complete"
2019,"Astoria Energy",55375,"CT1, CT2, CT3, CT4","NY",2630100072,"01/01/2018 - 12/31/2020","28,127.04","28,576","2,700,377.019","45,181,772",0.000,0.000,"Complete"
2020,"Astoria Energy",55375,"CT1, CT2, CT3, CT4","NY",2630100072,"01/01/2018 - 12/31/2020","25,066.67","25,369","2,423,429.708","40,776,167",0.000,0.000,"Complete"
2021,"Astoria Energy",55375,"CT1, CT2, CT3, CT4","NY",2630100072,"01/01/2021 - 12/31/2023","25,619.65","25,807","2,572,648.672","43,254,824",0.000,0.000,"Complete"
2022,"Astoria Energy",55375,"CT1, CT2, CT3, CT4","NY",2630100072,"01/01/2021 - 12/31/2023","29,903.25","30,214","3,207,104.264","52,960,488",0.000,0.000,"Complete"
2023,"Astoria Energy",55375,"CT1, CT2, CT3, CT4","NY",2630100072,"01/01/2021 - 12/31/2023","31,703.26","31,821","3,453,477.303","58,046,519",0.000,0.000,"Complete"
2024,"Astoria Energy",55375,"CT1, CT2, CT3, CT4","NY",2630100072,"01/01/2024 - 12/31/2026","31,675.76","31,806","3,544,388.667","59,578,736",0.000,0.000,"Complete"
2022,"Gans Generating Facility",55377,"8, 9","PA"," ","01/01/2021 - 12/31/2023","1,954.94","2,235","52,391.155","881,605",0.000,0.000,"Complete"
2023,"Gans Generating Facility",55377,"8, 9","PA"," ","01/01/2021 - 12/31/2023","2,951.19","3,296","78,207.905","1,315,978",0.000,0.000,"Complete"
2021,"Commonwealth Chesapeake",55381,"CT-001, CT-002, CT-003, CT-004, CT-005, CT-006, CT-007","VA"," ","01/01/2021 - 12/31/2023","1,064.47","1,830","31,389.457","386,839",0.000,0.000,"Complete"
2022,"Commonwealth Chesapeake",55381,"CT-001, CT-002, CT-003, CT-004, CT-005, CT-006, CT-007","VA"," ","01/01/2021 - 12/31/2023","1,495.25","2,266","46,877.691","577,712",0.000,0.000,"Complete"
2023,"Commonwealth Chesapeake",55381,"CT-001, CT-002, CT-003, CT-004, CT-005, CT-006, CT-007","VA"," ","01/01/2021 - 12/31/2023",683.16,"1,179","19,837.237","244,474",0.000,0.000,"Complete"
2009,"Athens Generating Company",55405,"1, 2, 3","NY",4192200055,"01/01/2009 - 12/31/2011","18,271.42","18,397","2,400,222.854","40,388,305",0.000,0.000,"Complete"
2010,"Athens Generating Company",55405,"1, 2, 3","NY",4192200055,"01/01/2009 - 12/31/2011","19,000.19","19,114","2,520,542.067","42,409,717",0.000,0.000,"Complete"
2011,"Athens Generating Company",55405,"1, 2, 3","NY",4192200055,"01/01/2009 - 12/31/2011","13,271.95","13,379","1,725,377.385","29,032,848",0.000,0.000,"Complete"
2012,"Athens Generating Company",55405,"1, 2, 3","NY",4192200055,"01/01/2012 - 12/31/2014","17,846.10","17,945","2,349,886.339","39,541,396",0.000,0.000,"Complete"
2013,"Athens Generating Company",55405,"1, 2, 3","NY",4192200055,"01/01/2012 - 12/31/2014","11,876.56","12,175","1,515,418.914","25,499,796",0.000,0.000,"Complete"
2014,"Athens Generating Company",55405,"1, 2, 3","NY",4192200055,"01/01/2012 - 12/31/2014","9,055.98","9,274","1,130,222.251","19,018,063",0.000,0.000,"Complete"
2015,"Athens Generating Company",55405,"1, 2, 3","NY",4192200055,"01/01/2015 - 12/31/2017","11,303.67","11,617","1,415,227.504","23,813,880",0.000,0.000,"Complete"
2016,"Athens Generating Company",55405,"1, 2, 3","NY",4192200055,"01/01/2015 - 12/31/2017","13,105.95","13,359","1,668,142.863","28,069,622",0.000,0.000,"Complete"
2017,"Athens Generating Company",55405,"1, 2, 3","NY",4192200055,"01/01/2015 - 12/31/2017","12,513.04","12,778","1,637,707.071","27,557,465",0.000,0.000,"Complete"
2018,"Athens Generating Company",55405,"1, 2, 3","NY",4192200055,"01/01/2018 - 12/31/2020","11,744.85","11,879","1,521,092.281","25,595,195",0.000,0.000,"Complete"
2019,"Athens Generating Company",55405,"1, 2, 3","NY",4192200055,"01/01/2018 - 12/31/2020","9,830.44","9,926","1,245,623.802","20,960,031",0.000,0.000,"Complete"
2020,"Athens Generating Company",55405,"1, 2, 3","NY",4192200055,"01/01/2018 - 12/31/2020","6,464.97","6,521","837,827.477","14,098,036",0.000,0.000,"Complete"
2021,"Athens Generating Company",55405,"1, 2, 3","NY",4192200055,"01/01/2021 - 12/31/2023","5,864.94","6,016","764,976.905","12,872,219",0.000,0.000,"Complete"
2022,"Athens Generating Company",55405,"1, 2, 3","NY",4192200055,"01/01/2021 - 12/31/2023","13,550.00","13,698","1,832,564.787","30,836,376",0.000,0.000,"Complete"
2023,"Athens Generating Company",55405,"1, 2, 3","NY",4192200055,"01/01/2021 - 12/31/2023","5,928.19","6,008","777,277.410","13,078,919",0.000,0.000,"Complete"
2024,"Athens Generating Company",55405,"1, 2, 3","NY",4192200055,"01/01/2024 - 12/31/2026","12,362.73","12,419","1,665,683.715","28,028,253",0.000,0.000,"Complete"
2021,"Tenaska Virginia Generating Station",55439,"CTGDB1, CTGDB2, CTGDB3","VA"," ","01/01/2021 - 12/31/2023","14,528.53","14,894","1,546,602.399","26,022,440",0.000,0.000,"Complete"
2022,"Tenaska Virginia Generating Station",55439,"CTGDB1, CTGDB2, CTGDB3","VA"," ","01/01/2021 - 12/31/2023","15,649.71","16,082","1,592,748.730","26,761,636",0.000,0.000,"Complete"
2023,"Tenaska Virginia Generating Station",55439,"CTGDB1, CTGDB2, CTGDB3","VA"," ","01/01/2021 - 12/31/2023","16,456.15","16,626","1,684,192.828","28,323,991",0.000,0.000,"Complete"
2022,"Fayette Power Company LLC",55516,"CTG1, CTG2","PA"," ","01/01/2021 - 12/31/2023","8,266.74","8,301","1,055,646.539","17,763,303",0.000,0.000,"Complete"
2023,"Fayette Power Company LLC",55516,"CTG1, CTG2","PA"," ","01/01/2021 - 12/31/2023","16,949.43","16,964","2,325,079.463","39,123,964",0.000,0.000,"Complete"
2009,"Wallingford Energy, LLC",55517,"CT01, CT02, CT03, CT04, CT05, CT06, CT07","CT","189-114","01/01/2009 - 12/31/2011","2,519.41","3,545","63,547.308","1,069,286",0.000,0.000,"Complete"
2010,"Wallingford Energy, LLC",55517,"CT01, CT02, CT03, CT04, CT05, CT06, CT07","CT","189-114","01/01/2009 - 12/31/2011","5,199.39","7,053","130,267.860","2,192,027",0.000,0.000,"Complete"
2011,"Wallingford Energy, LLC",55517,"CT01, CT02, CT03, CT04, CT05, CT06, CT07","CT","189-114","01/01/2009 - 12/31/2011","4,493.22","6,115","105,167.064","1,769,693",0.000,0.000,"Complete"
2012,"Wallingford Energy, LLC",55517,"CT01, CT02, CT03, CT04, CT05, CT06, CT07","CT","189-114","01/01/2012 - 12/31/2014","2,745.69","3,489","63,059.120","1,061,086",0.000,0.000,"Complete"
2013,"Wallingford Energy, LLC",55517,"CT01, CT02, CT03, CT04, CT05, CT06, CT07","CT","189-114","01/01/2012 - 12/31/2014","1,461.23","2,017","31,188.341","524,818",0.000,0.000,"Complete"
2014,"Wallingford Energy, LLC",55517,"CT01, CT02, CT03, CT04, CT05, CT06, CT07","CT","189-114","01/01/2012 - 12/31/2014","1,293.41","1,809","28,339.408","476,816",0.000,0.000,"Complete"
2015,"Wallingford Energy, LLC",55517,"CT01, CT02, CT03, CT04, CT05, CT06, CT07","CT","189-114","01/01/2015 - 12/31/2017","3,546.52","4,947","79,425.054","1,336,473",0.000,0.000,"Complete"
2016,"Wallingford Energy, LLC",55517,"CT01, CT02, CT03, CT04, CT05, CT06, CT07","CT","189-114","01/01/2015 - 12/31/2017","4,885.62","6,215","114,022.092","1,918,661",0.000,0.000,"Complete"
2017,"Wallingford Energy, LLC",55517,"CT01, CT02, CT03, CT04, CT05, CT06, CT07","CT","189-114","01/01/2015 - 12/31/2017","3,690.30","4,739","85,471.692","1,438,232",0.000,0.000,"Complete"
2018,"Wallingford Energy, LLC",55517,"CT01, CT02, CT03, CT04, CT05, CT06, CT07","CT","189-114","01/01/2018 - 12/31/2020","3,524.87","4,622","83,917.766","1,412,090",0.000,0.000,"Complete"
2019,"Wallingford Energy, LLC",55517,"CT01, CT02, CT03, CT04, CT05, CT06, CT07","CT","189-114","01/01/2018 - 12/31/2020","2,511.00","3,460","60,318.759","1,014,953",0.000,0.000,"Complete"
2020,"Wallingford Energy, LLC",55517,"CT01, CT02, CT03, CT04, CT05, CT06, CT07","CT","189-114","01/01/2018 - 12/31/2020","3,996.18","5,178","97,154.174","1,634,815",0.000,0.000,"Complete"
2021,"Wallingford Energy, LLC",55517,"CT01, CT02, CT03, CT04, CT05, CT06, CT07","CT","189-114","01/01/2021 - 12/31/2023","2,904.65","3,901","69,387.075","1,167,536",0.000,0.000,"Complete"
2022,"Wallingford Energy, LLC",55517,"CT01, CT02, CT03, CT04, CT05, CT06, CT07","CT","189-114","01/01/2021 - 12/31/2023","2,104.89","2,931","48,462.035","815,455",0.000,0.000,"Complete"
2023,"Wallingford Energy, LLC",55517,"CT01, CT02, CT03, CT04, CT05, CT06, CT07","CT","189-114","01/01/2021 - 12/31/2023","4,340.98","5,845","100,134.640","1,684,884",0.000,0.000,"Complete"
2024,"Wallingford Energy, LLC",55517,"CT01, CT02, CT03, CT04, CT05, CT06, CT07","CT","189-114","01/01/2024 - 12/31/2026","2,263.95","3,025","53,554.671","901,118",0.000,0.000,"Complete"
2022,"York Energy Center",55524,"1, 2, 3, 5, 6","PA"," ","01/01/2021 - 12/31/2023","16,687.16","17,145","1,825,494.528","30,587,744",0.000,0.000,"Complete"
2023,"York Energy Center",55524,"1, 2, 3, 5, 6","PA"," ","01/01/2021 - 12/31/2023","37,610.22","37,876","3,897,636.392","65,582,982",0.000,0.000,"Complete"
2009,"Binghamton Cogen Plant",55600,1,"NY",7030200079,"01/01/2009 - 12/31/2011",61.02,70,"1,229.600","20,848",0.000,0.000,"Complete"
2010,"Binghamton Cogen Plant",55600,1,"NY",7030200079,"01/01/2009 - 12/31/2011",197.62,232,"4,142.400","70,230",0.000,0.000,"Complete"
2011,"Binghamton Cogen Plant",55600,1,"NY",7030200079,"01/01/2009 - 12/31/2011",81.39,94,"1,714.700","29,054",0.000,0.000,"Complete"
2012,"Binghamton Cogen Plant",55600,1,"NY",7030200079,"01/01/2012 - 12/31/2014",0.00,0,0.000,0,0.000,0.000,"Complete"
2013,"Binghamton Cogen Plant",55600,1,"NY",7030200079,"01/01/2012 - 12/31/2014",0.00,0,0.000,0,0.000,0.000,"Complete"
2014,"Binghamton Cogen Plant",55600,1,"NY",7030200079,"01/01/2012 - 12/31/2014",21.20,38,345.000,"5,848",0.000,0.000,"Complete"
2015,"Binghamton Cogen Plant",55600,1,"NY",7030200079,"01/01/2015 - 12/31/2017",869.32,970,"20,054.600","340,238",0.000,0.000,"Complete"
2016,"Binghamton Cogen Plant",55600,1,"NY",7030200079,"01/01/2015 - 12/31/2017",809.29,897,"18,187.900","308,334",0.000,0.000,"Complete"
2017,"Binghamton Cogen Plant",55600,1,"NY",7030200079,"01/01/2015 - 12/31/2017",142.54,208,"2,424.600","41,093",0.000,0.000,"Complete"
2018,"Binghamton Cogen Plant",55600,1,"NY",7030200079,"01/01/2018 - 12/31/2020",88.83,96,"2,067.000","35,040",0.000,0.000,"Complete"
2022,"Chambersburg Units 12 & 13",55654,"12, 13","PA"," ","01/01/2021 - 12/31/2023","3,310.86","3,609","86,005.097","1,447,215",0.000,0.000,"Complete"
2023,"Chambersburg Units 12 & 13",55654,"12, 13","PA"," ","01/01/2021 - 12/31/2023","5,607.69","6,252","148,963.020","2,506,603",0.000,0.000,"Complete"
2009,"Newington Energy",55661,"1, 2","NH"," ","01/01/2009 - 12/31/2011","7,199.72","7,590","633,312.122","10,637,264",0.000,0.000,"Complete"
2010,"Newington Energy",55661,"1, 2","NH"," ","01/01/2009 - 12/31/2011","8,710.14","9,073","840,701.638","14,145,935",0.000,0.000,"Complete"
2011,"Newington Energy",55661,"1, 2","NH"," ","01/01/2009 - 12/31/2011","11,769.05","12,241","1,181,247.383","19,875,777",0.000,0.000,"Complete"
2012,"Newington Energy",55661,"1, 2","NH"," ","01/01/2012 - 12/31/2014","9,972.85","10,523","944,578.095","15,894,385",0.000,0.000,"Complete"
2013,"Newington Energy",55661,"1, 2","NH"," ","01/01/2012 - 12/31/2014","3,405.49","3,686","317,361.066","5,260,656",0.000,0.000,"Complete"
2014,"Newington Energy",55661,"1, 2","NH"," ","01/01/2012 - 12/31/2014","4,873.61","5,203","454,352.583","7,187,317",0.000,0.000,"Complete"
2015,"Newington Energy",55661,"1, 2","NH"," ","01/01/2015 - 12/31/2017","6,294.01","6,788","607,908.490","10,083,793",0.000,0.000,"Complete"
2016,"Newington Energy",55661,"1, 2","NH"," ","01/01/2015 - 12/31/2017","5,819.01","6,299","566,081.321","9,520,839",0.000,0.000,"Complete"
2017,"Newington Energy",55661,"1, 2","NH"," ","01/01/2015 - 12/31/2017","4,034.86","4,351","385,438.832","6,301,374",0.000,0.000,"Complete"
2018,"Newington Energy",55661,"1, 2","NH"," ","01/01/2018 - 12/31/2020","3,902.25","4,220","369,953.934","6,053,942",0.000,0.000,"Complete"
2019,"Newington Energy",55661,"1, 2","NH"," ","01/01/2018 - 12/31/2020","2,544.64","2,752","231,627.926","3,879,070",0.000,0.000,"Complete"
2020,"Newington Energy",55661,"1, 2","NH"," ","01/01/2018 - 12/31/2020","2,278.82","2,462","214,199.966","3,536,235",0.000,0.000,"Complete"
2021,"Newington Energy",55661,"1, 2","NH"," ","01/01/2021 - 12/31/2023","5,258.89","5,615","547,624.595","9,097,200",0.000,0.000,"Complete"
2022,"Newington Energy",55661,"1, 2","NH"," ","01/01/2021 - 12/31/2023","5,954.99","6,310","640,174.762","9,866,017",0.000,0.000,"Complete"
2023,"Newington Energy",55661,"1, 2","NH"," ","01/01/2021 - 12/31/2023","3,804.71","4,087","375,522.043","6,304,494",0.000,0.000,"Complete"
2024,"Newington Energy",55661,"1, 2","NH"," ","01/01/2024 - 12/31/2026","5,066.65","5,436","541,826.173","9,159,406",0.000,0.000,"Complete"
2022,"Lower Mount Bethel Energy, LLC",55667,"CT01, CT02","PA"," ","01/01/2021 - 12/31/2023","8,298.12","8,309","966,304.182","16,259,966",0.000,0.000,"Complete"
2023,"Lower Mount Bethel Energy, LLC",55667,"CT01, CT02","PA"," ","01/01/2021 - 12/31/2023","15,657.18","15,667","1,826,506.685","30,734,566",0.000,0.000,"Complete"
2022,"Bethlehem Power Plant",55690,"1, 2, 3, 5, 6, 7","PA"," ","01/01/2021 - 12/31/2023","16,930.12","17,641","1,147,722.616","19,155,089",0.000,0.000,"Complete"
2023,"Bethlehem Power Plant",55690,"1, 2, 3, 5, 6, 7","PA"," ","01/01/2021 - 12/31/2023","42,365.51","43,034","2,904,928.771","48,879,001",0.000,0.000,"Complete"
2009,"Bayswater Peaking Facility",55699,"1, 2","NY",2630800513,"01/01/2009 - 12/31/2011",637.16,789,"22,976.786","350,361",0.000,0.000,"Complete"
2010,"Bayswater Peaking Facility",55699,"1, 2","NY",2630800513,"01/01/2009 - 12/31/2011","1,570.19","1,795","57,100.644","884,247",0.000,0.000,"Complete"
2011,"Bayswater Peaking Facility",55699,"1, 2","NY",2630800513,"01/01/2009 - 12/31/2011","2,040.55","2,322","71,885.985","1,174,208",0.000,0.000,"Complete"
2012,"Bayswater Peaking Facility",55699,"1, 2","NY",2630800513,"01/01/2012 - 12/31/2014","2,743.03","2,976","96,113.818","1,590,271",0.000,0.000,"Complete"
2013,"Bayswater Peaking Facility",55699,"1, 2","NY",2630800513,"01/01/2012 - 12/31/2014","3,522.91","3,953","122,646.429","1,991,318",0.000,0.000,"Complete"
2014,"Bayswater Peaking Facility",55699,"1, 2","NY",2630800513,"01/01/2012 - 12/31/2014","4,649.74","5,168","166,521.373","2,737,272",0.000,0.000,"Complete"
2015,"Bayswater Peaking Facility",55699,"1, 2","NY",2630800513,"01/01/2015 - 12/31/2017","4,607.60","5,159","166,972.194","2,736,622",0.000,0.000,"Complete"
2016,"Bayswater Peaking Facility",55699,"1, 2","NY",2630800513,"01/01/2015 - 12/31/2017","4,304.45","4,750","150,741.288","2,498,206",0.000,0.000,"Complete"
2017,"Bayswater Peaking Facility",55699,"1, 2","NY",2630800513,"01/01/2015 - 12/31/2017","2,123.52","2,474","73,518.874","1,209,030",0.000,0.000,"Complete"
2018,"Bayswater Peaking Facility",55699,"1, 2","NY",2630800513,"01/01/2018 - 12/31/2020","2,963.81","3,359","104,473.066","1,722,492",0.000,0.000,"Complete"
2019,"Bayswater Peaking Facility",55699,"1, 2","NY",2630800513,"01/01/2018 - 12/31/2020","2,475.70","2,817","88,612.503","1,457,182",0.000,0.000,"Complete"
2020,"Bayswater Peaking Facility",55699,"1, 2","NY",2630800513,"01/01/2018 - 12/31/2020","2,166.44","2,496","80,206.897","1,267,993",0.000,0.000,"Complete"
2021,"Bayswater Peaking Facility",55699,"1, 2","NY",2630800513,"01/01/2021 - 12/31/2023","2,332.17","2,809","81,231.048","1,356,599",0.000,0.000,"Complete"
2022,"Bayswater Peaking Facility",55699,"1, 2","NY",2630800513,"01/01/2021 - 12/31/2023","2,309.92","3,000","75,481.820","1,267,019",0.000,0.000,"Complete"
2023,"Bayswater Peaking Facility",55699,"1, 2","NY",2630800513,"01/01/2021 - 12/31/2023","3,015.80","3,708","83,158.450","1,364,216",0.000,0.000,"Complete"
2024,"Bayswater Peaking Facility",55699,"1, 2","NY",2630800513,"01/01/2024 - 12/31/2026","1,583.46","2,005","48,238.416","804,665",0.000,0.000,"Complete"
2022,"Springdale Generating Station (55710)",55710,"3, 4","PA"," ","01/01/2021 - 12/31/2023","8,414.65","8,417","842,555.323","14,177,667",0.000,0.000,"Complete"
2023,"Springdale Generating Station (55710)",55710,"3, 4","PA"," ","01/01/2021 - 12/31/2023","16,234.90","16,248","1,679,236.002","28,256,418",0.000,0.000,"Complete"
2021,"Buchanan Units 1 & 2",55738,"1, 2","VA"," ","01/01/2021 - 12/31/2023","9,973.76","10,615","225,450.077","3,793,656",0.000,0.000,"Complete"
2022,"Buchanan Units 1 & 2",55738,"1, 2","VA"," ","01/01/2021 - 12/31/2023","8,164.52","8,757","187,384.984","3,153,156",0.000,0.000,"Complete"
2023,"Buchanan Units 1 & 2",55738,"1, 2","VA"," ","01/01/2021 - 12/31/2023","4,493.61","4,732","107,621.031","1,810,925",0.000,0.000,"Complete"
2009,"Edgewood Energy",55786,"CT01, CT02","NY",1472803244,"01/01/2009 - 12/31/2011","1,397.18","1,779","33,015.354","555,552",0.000,0.000,"Complete"
2010,"Edgewood Energy",55786,"CT01, CT02","NY",1472803244,"01/01/2009 - 12/31/2011","3,581.67","4,271","86,189.708","1,450,352",0.000,0.000,"Complete"
2011,"Edgewood Energy",55786,"CT01, CT02","NY",1472803244,"01/01/2009 - 12/31/2011","3,782.63","4,391","91,514.367","1,539,712",0.000,0.000,"Complete"
2012,"Edgewood Energy",55786,"CT01, CT02","NY",1472803244,"01/01/2012 - 12/31/2014","5,195.82","5,875","125,221.580","2,107,048",0.000,0.000,"Complete"
2013,"Edgewood Energy",55786,"CT01, CT02","NY",1472803244,"01/01/2012 - 12/31/2014","5,316.96","6,045","131,772.789","2,217,246",0.000,0.000,"Complete"
2014,"Edgewood Energy",55786,"CT01, CT02","NY",1472803244,"01/01/2012 - 12/31/2014","4,369.22","4,976","113,306.657","1,906,608",0.000,0.000,"Complete"
2015,"Edgewood Energy",55786,"CT01, CT02","NY",1472803244,"01/01/2015 - 12/31/2017","2,999.07","3,588","77,968.875","1,312,009",0.000,0.000,"Complete"
2016,"Edgewood Energy",55786,"CT01, CT02","NY",1472803244,"01/01/2015 - 12/31/2017","2,513.01","3,108","64,841.342","1,091,092",0.000,0.000,"Complete"
2017,"Edgewood Energy",55786,"CT01, CT02","NY",1472803244,"01/01/2015 - 12/31/2017","1,770.81","2,307","44,959.401","756,502",0.000,0.000,"Complete"
2018,"Edgewood Energy",55786,"CT01, CT02","NY",1472803244,"01/01/2018 - 12/31/2020","2,715.31","3,440","68,032.828","1,144,783",0.000,0.000,"Complete"
2019,"Edgewood Energy",55786,"CT01, CT02","NY",1472803244,"01/01/2018 - 12/31/2020","1,521.80","1,857","37,833.855","636,579",0.000,0.000,"Complete"
2020,"Edgewood Energy",55786,"CT01, CT02","NY",1472803244,"01/01/2018 - 12/31/2020","2,015.79","2,588","51,354.894","864,145",0.000,0.000,"Complete"
2021,"Edgewood Energy",55786,"CT01, CT02","NY",1472803244,"01/01/2021 - 12/31/2023","3,315.29","4,080","85,390.231","1,436,858",0.000,0.000,"Complete"
2022,"Edgewood Energy",55786,"CT01, CT02","NY",1472803244,"01/01/2021 - 12/31/2023","3,812.93","4,733","97,560.860","1,641,628",0.000,0.000,"Complete"
2023,"Edgewood Energy",55786,"CT01, CT02","NY",1472803244,"01/01/2021 - 12/31/2023","2,381.55","3,124","60,418.822","1,016,694",0.000,0.000,"Complete"
2024,"Edgewood Energy",55786,"CT01, CT02","NY",1472803244,"01/01/2024 - 12/31/2026",992.19,"1,346","24,502.201","412,311",0.000,0.000,"Complete"
2009,"Shoreham Energy",55787,"CT01, CT02","NY",1472204133,"01/01/2009 - 12/31/2011",501.43,596,"15,653.724","192,902",0.000,0.000,"Complete"
2010,"Shoreham Energy",55787,"CT01, CT02","NY",1472204133,"01/01/2009 - 12/31/2011",810.81,945,"25,530.215","314,657",0.000,0.000,"Complete"
2011,"Shoreham Energy",55787,"CT01, CT02","NY",1472204133,"01/01/2009 - 12/31/2011",544.03,648,"16,625.932","204,914",0.000,0.000,"Complete"
2012,"Shoreham Energy",55787,"CT01, CT02","NY",1472204133,"01/01/2012 - 12/31/2014",570.52,697,"16,398.229","202,108",0.000,0.000,"Complete"
2013,"Shoreham Energy",55787,"CT01, CT02","NY",1472204133,"01/01/2012 - 12/31/2014",513.16,647,"15,876.534","195,677",0.000,0.000,"Complete"
2014,"Shoreham Energy",55787,"CT01, CT02","NY",1472204133,"01/01/2012 - 12/31/2014",344.78,506,"10,169.291","125,332",0.000,0.000,"Complete"
2015,"Shoreham Energy",55787,"CT01, CT02","NY",1472204133,"01/01/2015 - 12/31/2017",120.88,197,"3,869.191","47,684",0.000,0.000,"Complete"
2016,"Shoreham Energy",55787,"CT01, CT02","NY",1472204133,"01/01/2015 - 12/31/2017",162.33,225,"5,825.855","71,794",0.000,0.000,"Complete"
2017,"Shoreham Energy",55787,"CT01, CT02","NY",1472204133,"01/01/2015 - 12/31/2017",111.56,165,"3,570.582","44,006",0.000,0.000,"Complete"
2018,"Shoreham Energy",55787,"CT01, CT02","NY",1472204133,"01/01/2018 - 12/31/2020",214.67,330,"6,383.256","78,666",0.000,0.000,"Complete"
2019,"Shoreham Energy",55787,"CT01, CT02","NY",1472204133,"01/01/2018 - 12/31/2020",121.11,171,"3,690.544","45,486",0.000,0.000,"Complete"
2020,"Shoreham Energy",55787,"CT01, CT02","NY",1472204133,"01/01/2018 - 12/31/2020",869.56,"1,121","27,632.448","340,518",0.000,0.000,"Complete"
2021,"Shoreham Energy",55787,"CT01, CT02","NY",1472204133,"01/01/2021 - 12/31/2023",628.22,877,"19,534.905","240,752",0.000,0.000,"Complete"
2022,"Shoreham Energy",55787,"CT01, CT02","NY",1472204133,"01/01/2021 - 12/31/2023",550.22,881,"16,423.799","202,417",0.000,0.000,"Complete"
2023,"Shoreham Energy",55787,"CT01, CT02","NY",1472204133,"01/01/2021 - 12/31/2023",350.47,536,"10,642.983","131,161",0.000,0.000,"Complete"
2024,"Shoreham Energy",55787,"CT01, CT02","NY",1472204133,"01/01/2024 - 12/31/2026",40.07,75,"1,210.311","14,916",0.000,0.000,"Complete"
2022,"Marcus Hook Energy, LP",55801,"0001, 0002, 0003","PA"," ","01/01/2021 - 12/31/2023","12,042.35","12,063","1,306,572.021","21,985,710",0.000,0.000,"Complete"
2023,"Marcus Hook Energy, LP",55801,"0001, 0002, 0003","PA"," ","01/01/2021 - 12/31/2023","22,021.30","22,053","2,461,555.714","41,420,372",0.000,0.000,"Complete"
2009,"Ocean Peaking Power",55938,"OPP3, OPP4","NJ",78896,"01/01/2009 - 12/31/2011",342.71,388,"32,730.535","550,746",0.000,0.000,"Complete"
2010,"Ocean Peaking Power",55938,"OPP3, OPP4","NJ",78896,"01/01/2009 - 12/31/2011","1,331.05","1,459","127,328.304","2,142,549",0.000,0.000,"Complete"
2011,"Ocean Peaking Power",55938,"OPP3, OPP4","NJ",78896,"01/01/2009 - 12/31/2011","1,730.03","1,859","164,622.904","2,770,077",0.000,0.000,"Complete"
2020,"Ocean Peaking Power",55938,"OPP3, OPP4","NJ",78896,"01/01/2018 - 12/31/2020","1,443.37","1,591","142,135.220","2,391,679",0.000,0.000,"Complete"
2021,"Ocean Peaking Power",55938,"OPP3, OPP4","NJ",78896,"01/01/2021 - 12/31/2023","1,333.49","1,486","130,044.319","2,188,249",0.000,0.000,"Complete"
2022,"Ocean Peaking Power",55938,"OPP3, OPP4","NJ",78896,"01/01/2021 - 12/31/2023","1,225.03","1,378","116,943.387","1,967,803",0.000,0.000,"Complete"
2023,"Ocean Peaking Power",55938,"OPP3, OPP4","NJ",78896,"01/01/2021 - 12/31/2023","1,518.29","1,644","145,416.239","2,446,927",0.000,0.000,"Complete"
2024,"Ocean Peaking Power",55938,"OPP3, OPP4","NJ",78896,"01/01/2024 - 12/31/2026","1,192.68","1,367","116,612.433","1,962,252",0.000,0.000,"Complete"
2021,"Warren County Power Station",55939,"1A, 1B, 1C","VA"," ","01/01/2021 - 12/31/2023","18,972.23","19,008","2,934,625.737","49,380,569",0.000,0.000,"Complete"
2022,"Warren County Power Station",55939,"1A, 1B, 1C","VA"," ","01/01/2021 - 12/31/2023","19,804.52","19,822","3,142,028.350","52,870,868",0.000,0.000,"Complete"
2023,"Warren County Power Station",55939,"1A, 1B, 1C","VA"," ","01/01/2021 - 12/31/2023","21,443.44","21,459","3,451,963.677","58,086,030",0.000,0.000,"Complete"
2009,"Hawkeye Energy Greenport, LLC",55969,"U-01","NY",1473803119,"01/01/2009 - 12/31/2011","1,055.00","1,141","39,208.550","483,212",0.000,0.000,"Complete"
2010,"Hawkeye Energy Greenport, LLC",55969,"U-01","NY",1473803119,"01/01/2009 - 12/31/2011",807.50,884,"30,463.325","375,431",0.000,0.000,"Complete"
2011,"Hawkeye Energy Greenport, LLC",55969,"U-01","NY",1473803119,"01/01/2009 - 12/31/2011",550.75,621,"19,416.475","239,283",0.000,0.000,"Complete"
2012,"Hawkeye Energy Greenport, LLC",55969,"U-01","NY",1473803119,"01/01/2012 - 12/31/2014",483.50,546,"16,542.600","203,865",0.000,0.000,"Complete"
2013,"Hawkeye Energy Greenport, LLC",55969,"U-01","NY",1473803119,"01/01/2012 - 12/31/2014",629.50,708,"23,961.150","295,281",0.000,0.000,"Complete"
2014,"Hawkeye Energy Greenport, LLC",55969,"U-01","NY",1473803119,"01/01/2012 - 12/31/2014",312.25,396,"11,006.000","135,643",0.000,0.000,"Complete"
2015,"Hawkeye Energy Greenport, LLC",55969,"U-01","NY",1473803119,"01/01/2015 - 12/31/2017",480.00,572,"16,586.275","204,414",0.000,0.000,"Complete"
2016,"Hawkeye Energy Greenport, LLC",55969,"U-01","NY",1473803119,"01/01/2015 - 12/31/2017",338.75,385,"11,915.725","146,858",0.000,0.000,"Complete"
2017,"Hawkeye Energy Greenport, LLC",55969,"U-01","NY",1473803119,"01/01/2015 - 12/31/2017",205.25,243,"7,386.125","91,023",0.000,0.000,"Complete"
2018,"Hawkeye Energy Greenport, LLC",55969,"U-01","NY",1473803119,"01/01/2018 - 12/31/2020",540.00,618,"21,030.800","259,189",0.000,0.000,"Complete"
2019,"Hawkeye Energy Greenport, LLC",55969,"U-01","NY",1473803119,"01/01/2018 - 12/31/2020",642.33,757,"25,446.459","313,599",0.000,0.000,"Complete"
2020,"Hawkeye Energy Greenport, LLC",55969,"U-01","NY",1473803119,"01/01/2018 - 12/31/2020","1,085.61","1,220","44,926.808","553,676",0.000,0.000,"Complete"
2021,"Hawkeye Energy Greenport, LLC",55969,"U-01","NY",1473803119,"01/01/2021 - 12/31/2023",667.95,801,"26,808.199","330,392",0.000,0.000,"Complete"
2022,"Hawkeye Energy Greenport, LLC",55969,"U-01","NY",1473803119,"01/01/2021 - 12/31/2023",676.57,849,"28,069.081","345,937",0.000,0.000,"Complete"
2023,"Hawkeye Energy Greenport, LLC",55969,"U-01","NY",1473803119,"01/01/2021 - 12/31/2023",352.35,433,"14,140.644","174,274",0.000,0.000,"Complete"
2024,"Hawkeye Energy Greenport, LLC",55969,"U-01","NY",1473803119,"01/01/2024 - 12/31/2026",539.50,668,"22,077.566","272,080",0.000,0.000,"Complete"
2022,"Hunterstown Combined Cycle",55976,"CT101, CT201, CT301","PA"," ","01/01/2021 - 12/31/2023","12,015.60","12,065","1,327,427.945","22,336,516",0.000,0.000,"Complete"
2023,"Hunterstown Combined Cycle",55976,"CT101, CT201, CT301","PA"," ","01/01/2021 - 12/31/2023","18,859.21","18,884","2,150,608.039","36,188,075",0.000,0.000,"Complete"
2009,"Equus  Power I",56032,0001,"NY",1282004508,"01/01/2009 - 12/31/2011","1,202.50","1,496","31,902.825","532,708",0.000,0.000,"Complete"
2010,"Equus  Power I",56032,0001,"NY",1282004508,"01/01/2009 - 12/31/2011","1,551.50","1,842","42,028.575","707,181",0.000,0.000,"Complete"
2011,"Equus  Power I",56032,0001,"NY",1282004508,"01/01/2009 - 12/31/2011","2,109.50","2,490","58,025.200","975,066",0.000,0.000,"Complete"
2012,"Equus  Power I",56032,0001,"NY",1282004508,"01/01/2012 - 12/31/2014","1,415.75","1,662","38,059.875","640,421",0.000,0.000,"Complete"
2013,"Equus  Power I",56032,0001,"NY",1282004508,"01/01/2012 - 12/31/2014","2,394.50","2,754","67,686.675","1,138,996",0.000,0.000,"Complete"
2014,"Equus  Power I",56032,0001,"NY",1282004508,"01/01/2012 - 12/31/2014","2,330.75","2,692","66,203.725","1,090,446",0.000,0.000,"Complete"
2015,"Equus  Power I",56032,0001,"NY",1282004508,"01/01/2015 - 12/31/2017","2,930.50","3,356","82,829.725","1,373,475",0.000,0.000,"Complete"
2016,"Equus  Power I",56032,0001,"NY",1282004508,"01/01/2015 - 12/31/2017","2,659.75","3,059","73,562.400","1,237,327",0.000,0.000,"Complete"
2017,"Equus  Power I",56032,0001,"NY",1282004508,"01/01/2015 - 12/31/2017","2,043.50","2,435","54,431.250","913,692",0.000,0.000,"Complete"
2018,"Equus  Power I",56032,0001,"NY",1282004508,"01/01/2018 - 12/31/2020",952.75,"1,249","24,671.275","413,115",0.000,0.000,"Complete"
2019,"Equus  Power I",56032,0001,"NY",1282004508,"01/01/2018 - 12/31/2020",933.20,"1,355","24,764.017","416,554",0.000,0.000,"Complete"
2020,"Equus  Power I",56032,0001,"NY",1282004508,"01/01/2018 - 12/31/2020","1,353.45","1,789","36,532.631","614,735",0.000,0.000,"Complete"
2021,"Equus  Power I",56032,0001,"NY",1282004508,"01/01/2021 - 12/31/2023","1,794.69","2,258","48,729.506","819,102",0.000,0.000,"Complete"
2022,"Equus  Power I",56032,0001,"NY",1282004508,"01/01/2021 - 12/31/2023","1,455.22","1,869","39,009.158","655,982",0.000,0.000,"Complete"
2023,"Equus  Power I",56032,0001,"NY",1282004508,"01/01/2021 - 12/31/2023","1,266.87","1,640","33,757.621","568,045",0.000,0.000,"Complete"
2024,"Equus  Power I",56032,0001,"NY",1282004508,"01/01/2024 - 12/31/2026","1,039.00","1,330","28,545.435","478,635",0.000,0.000,"Complete"
2018,"CPV Towantic Energy Center",56047,"1, 2","CT"," ","01/01/2018 - 12/31/2020","8,882.42","9,006","1,204,795.271","20,181,039",0.000,0.000,"Complete"
2019,"CPV Towantic Energy Center",56047,"1, 2","CT"," ","01/01/2018 - 12/31/2020","11,547.34","11,637","1,571,341.691","26,436,242",0.000,0.000,"Complete"
2020,"CPV Towantic Energy Center",56047,"1, 2","CT"," ","01/01/2018 - 12/31/2020","15,358.43","15,487","2,132,176.236","35,875,058",0.000,0.000,"Complete"
2021,"CPV Towantic Energy Center",56047,"1, 2","CT"," ","01/01/2021 - 12/31/2023","15,295.51","15,417","2,187,581.049","36,803,163",0.000,0.000,"Complete"
2022,"CPV Towantic Energy Center",56047,"1, 2","CT"," ","01/01/2021 - 12/31/2023","13,916.76","14,043","1,905,602.064","32,973,207",0.000,0.000,"Complete"
2023,"CPV Towantic Energy Center",56047,"1, 2","CT"," ","01/01/2021 - 12/31/2023","15,995.09","16,090","2,133,973.984","36,950,602",0.000,0.000,"Complete"
2024,"CPV Towantic Energy Center",56047,"1, 2","CT"," ","01/01/2024 - 12/31/2026","15,695.47","15,742","2,148,398.515","37,222,341",0.000,0.000,"Complete"
2009,"Pinelawn Power",56188,00001,"NY",1472003061,"01/01/2009 - 12/31/2011","3,793.25","4,055","115,460.825","1,926,913",0.000,0.000,"Complete"
2010,"Pinelawn Power",56188,00001,"NY",1472003061,"01/01/2009 - 12/31/2011","3,420.75","3,681","96,675.525","1,626,746",0.000,0.000,"Complete"
2011,"Pinelawn Power",56188,00001,"NY",1472003061,"01/01/2009 - 12/31/2011","1,786.75","1,931","52,276.025","879,183",0.000,0.000,"Complete"
2012,"Pinelawn Power",56188,00001,"NY",1472003061,"01/01/2012 - 12/31/2014","5,297.75","5,552","162,598.025","2,735,986",0.000,0.000,"Complete"
2013,"Pinelawn Power",56188,00001,"NY",1472003061,"01/01/2012 - 12/31/2014","4,344.25","4,603","129,675.025","2,182,049",0.000,0.000,"Complete"
2014,"Pinelawn Power",56188,00001,"NY",1472003061,"01/01/2012 - 12/31/2014","2,536.00","2,766","77,254.950","1,248,163",0.000,0.000,"Complete"
2015,"Pinelawn Power",56188,00001,"NY",1472003061,"01/01/2015 - 12/31/2017","3,395.50","3,655","96,554.450","1,601,929",0.000,0.000,"Complete"
2016,"Pinelawn Power",56188,00001,"NY",1472003061,"01/01/2015 - 12/31/2017","2,817.25","2,998","80,092.275","1,347,674",0.000,0.000,"Complete"
2017,"Pinelawn Power",56188,00001,"NY",1472003061,"01/01/2015 - 12/31/2017","2,369.75","2,563","65,128.350","1,090,940",0.000,0.000,"Complete"
2018,"Pinelawn Power",56188,00001,"NY",1472003061,"01/01/2018 - 12/31/2020","3,021.73","3,284","85,348.796","1,420,466",0.000,0.000,"Complete"
2019,"Pinelawn Power",56188,00001,"NY",1472003061,"01/01/2018 - 12/31/2020","1,315.86","1,485","36,223.269","611,030",0.000,0.000,"Complete"
2020,"Pinelawn Power",56188,00001,"NY",1472003061,"01/01/2018 - 12/31/2020","2,366.51","2,571","67,057.650","1,133,883",0.000,0.000,"Complete"
2021,"Pinelawn Power",56188,00001,"NY",1472003061,"01/01/2021 - 12/31/2023","1,700.06","1,813","51,134.364","864,567",0.000,0.000,"Complete"
2022,"Pinelawn Power",56188,00001,"NY",1472003061,"01/01/2021 - 12/31/2023","2,824.30","2,961","85,712.467","1,439,546",0.000,0.000,"Complete"
2023,"Pinelawn Power",56188,00001,"NY",1472003061,"01/01/2021 - 12/31/2023","1,380.76","1,515","41,675.140","701,282",0.000,0.000,"Complete"
2024,"Pinelawn Power",56188,00001,"NY",1472003061,"01/01/2024 - 12/31/2026","1,314.70","1,425","40,559.488","682,483",0.000,0.000,"Complete"
2009,"Poletti 500 MW CC",56196,"CTG7A, CTG7B","NY",2630100084,"01/01/2009 - 12/31/2011","14,501.66","14,655","1,304,189.576","21,901,226",0.000,0.000,"Complete"
2010,"Poletti 500 MW CC",56196,"CTG7A, CTG7B","NY",2630100084,"01/01/2009 - 12/31/2011","14,987.67","15,114","1,349,506.624","22,683,567",0.000,0.000,"Complete"
2011,"Poletti 500 MW CC",56196,"CTG7A, CTG7B","NY",2630100084,"01/01/2009 - 12/31/2011","14,920.35","15,095","1,349,696.513","22,706,357",0.000,0.000,"Complete"
2012,"Poletti 500 MW CC",56196,"CTG7A, CTG7B","NY",2630100084,"01/01/2012 - 12/31/2014","14,337.75","14,428","1,347,619.869","22,658,407",0.000,0.000,"Complete"
2013,"Poletti 500 MW CC",56196,"CTG7A, CTG7B","NY",2630100084,"01/01/2012 - 12/31/2014","15,141.39","15,190","1,468,078.442","24,531,192",0.000,0.000,"Complete"
2014,"Poletti 500 MW CC",56196,"CTG7A, CTG7B","NY",2630100084,"01/01/2012 - 12/31/2014","14,975.77","15,026","1,436,079.283","23,903,500",0.000,0.000,"Complete"
2015,"Poletti 500 MW CC",56196,"CTG7A, CTG7B","NY",2630100084,"01/01/2015 - 12/31/2017","14,043.89","14,121","1,289,634.917","21,496,945",0.000,0.000,"Complete"
2016,"Poletti 500 MW CC",56196,"CTG7A, CTG7B","NY",2630100084,"01/01/2015 - 12/31/2017","13,927.90","14,119","1,213,917.623","20,381,520",0.000,0.000,"Complete"
2017,"Poletti 500 MW CC",56196,"CTG7A, CTG7B","NY",2630100084,"01/01/2015 - 12/31/2017","12,715.77","12,936","1,006,943.979","16,913,340",0.000,0.000,"Complete"
2018,"Poletti 500 MW CC",56196,"CTG7A, CTG7B","NY",2630100084,"01/01/2018 - 12/31/2020","11,426.04","11,601","965,468.162","15,966,873",0.000,0.000,"Complete"
2019,"Poletti 500 MW CC",56196,"CTG7A, CTG7B","NY",2630100084,"01/01/2018 - 12/31/2020","13,988.69","14,195","1,088,553.581","18,189,754",0.000,0.000,"Complete"
2020,"Poletti 500 MW CC",56196,"CTG7A, CTG7B","NY",2630100084,"01/01/2018 - 12/31/2020","13,138.10","13,260","1,088,924.290","18,314,147",0.000,0.000,"Complete"
2021,"Poletti 500 MW CC",56196,"CTG7A, CTG7B","NY",2630100084,"01/01/2021 - 12/31/2023","13,352.75","13,539","1,174,717.615","19,743,566",0.000,0.000,"Complete"
2022,"Poletti 500 MW CC",56196,"CTG7A, CTG7B","NY",2630100084,"01/01/2021 - 12/31/2023","12,133.59","12,265","1,118,231.844","18,421,227",0.000,0.000,"Complete"
2023,"Poletti 500 MW CC",56196,"CTG7A, CTG7B","NY",2630100084,"01/01/2021 - 12/31/2023","14,591.98","14,645","1,413,437.305","23,754,588",0.000,0.000,"Complete"
2024,"Poletti 500 MW CC",56196,"CTG7A, CTG7B","NY",2630100084,"01/01/2024 - 12/31/2026","15,404.12","15,453","1,519,859.473","25,568,100",0.000,0.000,"Complete"
2009,"Caithness Long Island Energy Center",56234,0001,"NY",1472204426,"01/01/2009 - 12/31/2011","2,904.23","2,959","303,007.357","5,085,851",0.000,0.000,"Complete"
2010,"Caithness Long Island Energy Center",56234,0001,"NY",1472204426,"01/01/2009 - 12/31/2011","7,726.96","7,756","863,505.663","14,529,949",0.000,0.000,"Complete"
2011,"Caithness Long Island Energy Center",56234,0001,"NY",1472204426,"01/01/2009 - 12/31/2011","7,841.69","7,875","924,779.440","15,561,209",0.000,0.000,"Complete"
2012,"Caithness Long Island Energy Center",56234,0001,"NY",1472204426,"01/01/2012 - 12/31/2014","7,632.89","7,649","918,563.752","15,456,081",0.000,0.000,"Complete"
2013,"Caithness Long Island Energy Center",56234,0001,"NY",1472204426,"01/01/2012 - 12/31/2014","8,044.86","8,064","970,612.272","16,330,817",0.000,0.000,"Complete"
2014,"Caithness Long Island Energy Center",56234,0001,"NY",1472204426,"01/01/2012 - 12/31/2014","8,060.08","8,073","978,951.791","16,472,234",0.000,0.000,"Complete"
2015,"Caithness Long Island Energy Center",56234,0001,"NY",1472204426,"01/01/2015 - 12/31/2017","6,869.91","6,882","831,834.836","13,977,851",0.000,0.000,"Complete"
2016,"Caithness Long Island Energy Center",56234,0001,"NY",1472204426,"01/01/2015 - 12/31/2017","8,281.67","8,292","1,033,694.976","17,392,020",0.000,0.000,"Complete"
2017,"Caithness Long Island Energy Center",56234,0001,"NY",1472204426,"01/01/2015 - 12/31/2017","8,049.82","8,064","989,105.849","16,642,918",0.000,0.000,"Complete"
2018,"Caithness Long Island Energy Center",56234,0001,"NY",1472204426,"01/01/2018 - 12/31/2020","8,217.49","8,224","1,019,638.712","17,156,207",0.000,0.000,"Complete"
2019,"Caithness Long Island Energy Center",56234,0001,"NY",1472204426,"01/01/2018 - 12/31/2020","7,308.93","7,323","897,528.130","15,102,024",0.000,0.000,"Complete"
2020,"Caithness Long Island Energy Center",56234,0001,"NY",1472204426,"01/01/2018 - 12/31/2020","7,235.46","7,254","899,998.235","15,144,028",0.000,0.000,"Complete"
2021,"Caithness Long Island Energy Center",56234,0001,"NY",1472204426,"01/01/2021 - 12/31/2023","8,256.07","8,264","1,030,574.715","17,335,339",0.000,0.000,"Complete"
2022,"Caithness Long Island Energy Center",56234,0001,"NY",1472204426,"01/01/2021 - 12/31/2023","7,807.06","7,815","918,973.371","15,432,439",0.000,0.000,"Complete"
2023,"Caithness Long Island Energy Center",56234,0001,"NY",1472204426,"01/01/2021 - 12/31/2023","8,306.82","8,311","989,177.535","16,644,722",0.000,0.000,"Complete"
2024,"Caithness Long Island Energy Center",56234,0001,"NY",1472204426,"01/01/2024 - 12/31/2026","6,222.56","6,234","744,992.794","12,535,318",0.000,0.000,"Complete"
2010,"Empire Generating Co, LLC",56259,"CT-1, CT-2","NY",4381400052,"01/01/2009 - 12/31/2011","4,760.66","4,825","465,052.026","7,825,427",0.000,0.000,"Complete"
2011,"Empire Generating Co, LLC",56259,"CT-1, CT-2","NY",4381400052,"01/01/2009 - 12/31/2011","15,656.53","15,799","1,621,961.843","27,292,656",0.000,0.000,"Complete"
2012,"Empire Generating Co, LLC",56259,"CT-1, CT-2","NY",4381400052,"01/01/2012 - 12/31/2014","13,910.33","14,148","1,586,557.780","26,696,404",0.000,0.000,"Complete"
2013,"Empire Generating Co, LLC",56259,"CT-1, CT-2","NY",4381400052,"01/01/2012 - 12/31/2014","11,450.90","11,990","1,248,631.706","21,009,639",0.000,0.000,"Complete"
2014,"Empire Generating Co, LLC",56259,"CT-1, CT-2","NY",4381400052,"01/01/2012 - 12/31/2014","11,531.68","12,050","1,190,399.036","20,030,594",0.000,0.000,"Complete"
2015,"Empire Generating Co, LLC",56259,"CT-1, CT-2","NY",4381400052,"01/01/2015 - 12/31/2017","13,757.09","14,169","1,455,498.661","24,491,485",0.000,0.000,"Complete"
2016,"Empire Generating Co, LLC",56259,"CT-1, CT-2","NY",4381400052,"01/01/2015 - 12/31/2017","14,783.66","15,191","1,578,073.106","26,554,171",0.000,0.000,"Complete"
2017,"Empire Generating Co, LLC",56259,"CT-1, CT-2","NY",4381400052,"01/01/2015 - 12/31/2017","10,229.41","11,027","1,036,086.595","17,434,099",0.000,0.000,"Complete"
2018,"Empire Generating Co, LLC",56259,"CT-1, CT-2","NY",4381400052,"01/01/2018 - 12/31/2020","9,365.32","9,823","965,949.908","16,240,811",0.000,0.000,"Complete"
2019,"Empire Generating Co, LLC",56259,"CT-1, CT-2","NY",4381400052,"01/01/2018 - 12/31/2020","10,959.33","11,193","1,076,935.039","18,111,441",0.000,0.000,"Complete"
2020,"Empire Generating Co, LLC",56259,"CT-1, CT-2","NY",4381400052,"01/01/2018 - 12/31/2020","12,787.55","12,946","1,272,056.188","21,404,683",0.000,0.000,"Complete"
2021,"Empire Generating Co, LLC",56259,"CT-1, CT-2","NY",4381400052,"01/01/2021 - 12/31/2023","14,931.49","15,007","1,525,010.570","25,660,292",0.000,0.000,"Complete"
2022,"Empire Generating Co, LLC",56259,"CT-1, CT-2","NY",4381400052,"01/01/2021 - 12/31/2023","13,738.01","13,863","1,439,871.955","24,110,054",0.000,0.000,"Complete"
2023,"Empire Generating Co, LLC",56259,"CT-1, CT-2","NY",4381400052,"01/01/2021 - 12/31/2023","13,353.23","13,420","1,342,735.494","22,584,704",0.000,0.000,"Complete"
2024,"Empire Generating Co, LLC",56259,"CT-1, CT-2","NY",4381400052,"01/01/2024 - 12/31/2026","13,186.62","13,256","1,277,811.834","21,497,478",0.000,0.000,"Complete"
2022,"Hunlock Unit 4",56397,4,"PA"," ","01/01/2021 - 12/31/2023",609.86,686,"15,761.874","265,251",0.000,0.000,"Complete"
2023,"Hunlock Unit 4",56397,4,"PA"," ","01/01/2021 - 12/31/2023","1,113.82","1,247","28,964.279","487,365",0.000,0.000,"Complete"
2009,"Waterbury Generation",56629,10,"CT","192-5","01/01/2009 - 12/31/2011",519.25,653,"23,110.200","377,210",0.000,0.000,"Complete"
2010,"Waterbury Generation",56629,10,"CT","192-5","01/01/2009 - 12/31/2011","1,053.32","1,426","48,498.617","816,082",0.000,0.000,"Complete"
2011,"Waterbury Generation",56629,10,"CT","192-5","01/01/2009 - 12/31/2011",776.21,"1,040","35,396.330","595,605",0.000,0.000,"Complete"
2012,"Waterbury Generation",56629,10,"CT","192-5","01/01/2012 - 12/31/2014",527.44,729,"23,362.037","393,123",0.000,0.000,"Complete"
2013,"Waterbury Generation",56629,10,"CT","192-5","01/01/2012 - 12/31/2014",267.43,393,"11,726.736","197,322",0.000,0.000,"Complete"
2014,"Waterbury Generation",56629,10,"CT","192-5","01/01/2012 - 12/31/2014",317.27,449,"14,498.706","243,918",0.000,0.000,"Complete"
2015,"Waterbury Generation",56629,10,"CT","192-5","01/01/2015 - 12/31/2017",455.07,680,"21,630.631","363,977",0.000,0.000,"Complete"
2016,"Waterbury Generation",56629,10,"CT","192-5","01/01/2015 - 12/31/2017",475.20,663,"22,922.085","384,864",0.000,0.000,"Complete"
2017,"Waterbury Generation",56629,10,"CT","192-5","01/01/2015 - 12/31/2017",400.73,561,"19,061.035","319,797",0.000,0.000,"Complete"
2018,"Waterbury Generation",56629,10,"CT","192-5","01/01/2018 - 12/31/2020",239.86,354,"10,569.483","177,050",0.000,0.000,"Complete"
2019,"Waterbury Generation",56629,10,"CT","192-5","01/01/2018 - 12/31/2020",156.97,223,"7,256.174","116,261",0.000,0.000,"Complete"
2020,"Waterbury Generation",56629,10,"CT","192-5","01/01/2018 - 12/31/2020",284.64,383,"12,445.541","209,010",0.000,0.000,"Complete"
2021,"Waterbury Generation",56629,10,"CT","192-5","01/01/2021 - 12/31/2023",430.19,584,"18,925.619","317,101",0.000,0.000,"Complete"
2022,"Waterbury Generation",56629,10,"CT","192-5","01/01/2021 - 12/31/2023",606.61,885,"25,983.432","436,730",0.000,0.000,"Complete"
2023,"Waterbury Generation",56629,10,"CT","192-5","01/01/2021 - 12/31/2023",569.24,851,"23,524.695","395,453",0.000,0.000,"Complete"
2024,"Waterbury Generation",56629,10,"CT","192-5","01/01/2024 - 12/31/2026",628.60,969,"25,898.712","432,670",0.000,0.000,"Complete"
2011,"Kleen Energy Systems Project",56798,"U1, U2","CT","104-246","01/01/2009 - 12/31/2011","6,331.91","6,468","762,718.280","12,834,210",0.000,0.000,"Complete"
2012,"Kleen Energy Systems Project",56798,"U1, U2","CT","104-246","01/01/2012 - 12/31/2014","14,389.82","14,811","1,752,439.550","29,488,135",0.000,0.000,"Complete"
2013,"Kleen Energy Systems Project",56798,"U1, U2","CT","104-246","01/01/2012 - 12/31/2014","11,858.29","12,227","1,412,228.038","23,548,318",0.000,0.000,"Complete"
2014,"Kleen Energy Systems Project",56798,"U1, U2","CT","104-246","01/01/2012 - 12/31/2014","11,794.69","11,927","1,424,327.419","23,822,680",0.000,0.000,"Complete"
2015,"Kleen Energy Systems Project",56798,"U1, U2","CT","104-246","01/01/2015 - 12/31/2017","15,637.53","15,830","1,868,841.641","31,079,396",0.000,0.000,"Complete"
2016,"Kleen Energy Systems Project",56798,"U1, U2","CT","104-246","01/01/2015 - 12/31/2017","14,495.61","14,741","1,700,649.210","28,554,843",0.000,0.000,"Complete"
2017,"Kleen Energy Systems Project",56798,"U1, U2","CT","104-246","01/01/2015 - 12/31/2017","14,283.75","14,493","1,697,822.512","28,451,258",0.000,0.000,"Complete"
2018,"Kleen Energy Systems Project",56798,"U1, U2","CT","104-246","01/01/2018 - 12/31/2020","10,699.03","10,964","1,127,463.994","18,699,891",0.000,0.000,"Complete"
2019,"Kleen Energy Systems Project",56798,"U1, U2","CT","104-246","01/01/2018 - 12/31/2020","8,588.33","8,858","914,732.344","15,387,178",0.000,0.000,"Complete"
2020,"Kleen Energy Systems Project",56798,"U1, U2","CT","104-246","01/01/2018 - 12/31/2020","7,101.79","7,190","760,983.506","12,801,400",0.000,0.000,"Complete"
2021,"Kleen Energy Systems Project",56798,"U1, U2","CT","104-246","01/01/2021 - 12/31/2023","9,507.79","9,626","1,009,833.812","16,975,735",0.000,0.000,"Complete"
2022,"Kleen Energy Systems Project",56798,"U1, U2","CT","104-246","01/01/2021 - 12/31/2023","9,551.40","9,612","1,002,431.378","17,072,922",0.000,0.000,"Complete"
2023,"Kleen Energy Systems Project",56798,"U1, U2","CT","104-246","01/01/2021 - 12/31/2023","10,226.85","10,277","1,114,020.736","19,202,672",0.000,0.000,"Complete"
2024,"Kleen Energy Systems Project",56798,"U1, U2","CT","104-246","01/01/2024 - 12/31/2026","10,758.37","10,892","1,190,764.155","20,522,786",0.000,0.000,"Complete"
2021,"Bear Garden Generating Station",56807,"1A, 1B","VA"," ","01/01/2021 - 12/31/2023","12,180.70","12,198","1,331,703.927","22,326,004",0.000,0.000,"Complete"
2022,"Bear Garden Generating Station",56807,"1A, 1B","VA"," ","01/01/2021 - 12/31/2023","10,533.01","10,571","1,018,086.529","17,069,957",0.000,0.000,"Complete"
2023,"Bear Garden Generating Station",56807,"1A, 1B","VA"," ","01/01/2021 - 12/31/2023","12,694.64","12,721","1,260,892.075","21,211,371",0.000,0.000,"Complete"
2021,"Virginia City Hybrid Energy Center",56808,"1, 2","VA"," ","01/01/2021 - 12/31/2023","4,622.25","4,633","1,087,383.803","10,588,581","127,829.000",0.000,"Complete"
2022,"Virginia City Hybrid Energy Center",56808,"1, 2","VA"," ","01/01/2021 - 12/31/2023","5,988.31","6,003","1,522,163.036","14,833,803","115,380.000",0.000,"Complete"
2023,"Virginia City Hybrid Energy Center",56808,"1, 2","VA"," ","01/01/2021 - 12/31/2023","4,202.59","4,217","919,434.160","8,955,819","129,255.000",0.000,"Complete"
2016,"CPV St. Charles Energy Center",56846,"GT1, GT2","MD"," ","01/01/2015 - 12/31/2017",0.00,0,0.000,0,0.000,0.000,"Complete"
2017,"CPV St. Charles Energy Center",56846,"GT1, GT2","MD"," ","01/01/2015 - 12/31/2017","12,416.55","12,626","1,569,402.691","26,408,183",0.000,0.000,"Complete"
2018,"CPV St. Charles Energy Center",56846,"GT1, GT2","MD"," ","01/01/2018 - 12/31/2020","13,788.10","13,965","1,764,863.845","29,696,972",0.000,0.000,"Complete"
2019,"CPV St. Charles Energy Center",56846,"GT1, GT2","MD"," ","01/01/2018 - 12/31/2020","14,100.95","14,408","1,746,917.343","29,395,068",0.000,0.000,"Complete"
2020,"CPV St. Charles Energy Center",56846,"GT1, GT2","MD"," ","01/01/2018 - 12/31/2020","12,512.07","12,944","1,588,380.536","26,727,343",0.000,0.000,"Complete"
2021,"CPV St. Charles Energy Center",56846,"GT1, GT2","MD"," ","01/01/2021 - 12/31/2023","12,563.13","12,801","1,596,416.799","26,862,719",0.000,0.000,"Complete"
2022,"CPV St. Charles Energy Center",56846,"GT1, GT2","MD"," ","01/01/2021 - 12/31/2023","12,653.53","12,912","1,598,239.587","26,893,399",0.000,0.000,"Complete"
2023,"CPV St. Charles Energy Center",56846,"GT1, GT2","MD"," ","01/01/2021 - 12/31/2023","14,700.33","14,910","1,766,362.051","29,722,167",0.000,0.000,"Complete"
2024,"CPV St. Charles Energy Center",56846,"GT1, GT2","MD"," ","01/01/2024 - 12/31/2026","13,196.75","13,411","1,548,094.803","26,049,523",0.000,0.000,"Complete"
2018,"Valley Energy Center",56940,"1, 2","NY",3335600136,"01/01/2018 - 12/31/2020","4,718.81","4,790","539,704.993","9,080,563",0.000,0.000,"Complete"
2019,"Valley Energy Center",56940,"1, 2","NY",3335600136,"01/01/2018 - 12/31/2020","13,591.72","13,657","1,685,527.479","28,339,058",0.000,0.000,"Complete"
2020,"Valley Energy Center",56940,"1, 2","NY",3335600136,"01/01/2018 - 12/31/2020","15,148.10","15,235","1,930,961.797","32,491,852",0.000,0.000,"Complete"
2021,"Valley Energy Center",56940,"1, 2","NY",3335600136,"01/01/2021 - 12/31/2023","14,007.29","14,059","1,770,297.371","29,788,520",0.000,0.000,"Complete"
2022,"Valley Energy Center",56940,"1, 2","NY",3335600136,"01/01/2021 - 12/31/2023","15,384.17","15,433","1,953,592.127","33,405,698",0.000,0.000,"Complete"
2023,"Valley Energy Center",56940,"1, 2","NY",3335600136,"01/01/2021 - 12/31/2023","13,661.34","13,706","1,750,094.842","30,293,547",0.000,0.000,"Complete"
2024,"Valley Energy Center",56940,"1, 2","NY",3335600136,"01/01/2024 - 12/31/2026","15,704.60","15,727","2,000,248.815","34,623,567",0.000,0.000,"Complete"
2020,"West Deptford Energy Station",56963,"E101, E102","NJ"," ","01/01/2018 - 12/31/2020","7,556.88","7,938","975,894.662","16,421,356",0.000,0.000,"Complete"
2021,"West Deptford Energy Station",56963,"E101, E102","NJ"," ","01/01/2021 - 12/31/2023","5,478.88","5,788","672,043.628","11,308,462",0.000,0.000,"Complete"
2022,"West Deptford Energy Station",56963,"E101, E102","NJ"," ","01/01/2021 - 12/31/2023","6,971.11","7,207","843,192.235","14,188,292",0.000,0.000,"Complete"
2023,"West Deptford Energy Station",56963,"E101, E102","NJ"," ","01/01/2021 - 12/31/2023","7,791.05","8,152","968,662.495","16,299,570",0.000,0.000,"Complete"
2024,"West Deptford Energy Station",56963,"E101, E102","NJ"," ","01/01/2024 - 12/31/2026","4,511.42","4,736","546,228.726","9,191,349",0.000,0.000,"Complete"
2011,"Bayonne Energy Center",56964,"GT1, GT10, GT2, GT3, GT4, GT5, GT6, GT7, GT8, GT9","NJ",12863,"01/01/2009 - 12/31/2011",26.09,51,"1,242.900","15,318",0.000,0.000,"Complete"
2020,"Bayonne Energy Center",56964,"GT1, GT10, GT2, GT3, GT4, GT5, GT6, GT7, GT8, GT9","NJ",12863,"01/01/2018 - 12/31/2020","7,161.38","9,513","206,381.972","3,472,495",0.000,0.000,"Complete"
2021,"Bayonne Energy Center",56964,"GT1, GT10, GT2, GT3, GT4, GT5, GT6, GT7, GT8, GT9","NJ",12863,"01/01/2021 - 12/31/2023","11,616.56","15,207","344,871.683","5,797,902",0.000,0.000,"Complete"
2022,"Bayonne Energy Center",56964,"GT1, GT10, GT2, GT3, GT4, GT5, GT6, GT7, GT8, GT9","NJ",12863,"01/01/2021 - 12/31/2023","21,525.49","26,389","676,692.954","11,375,279",0.000,0.000,"Complete"
2023,"Bayonne Energy Center",56964,"GT1, GT10, GT2, GT3, GT4, GT5, GT6, GT7, GT8, GT9","NJ",12863,"01/01/2021 - 12/31/2023","14,451.20","18,352","436,573.218","7,346,207",0.000,0.000,"Complete"
2024,"Bayonne Energy Center",56964,"GT1, GT10, GT2, GT3, GT4, GT5, GT6, GT7, GT8, GT9","NJ",12863,"01/01/2024 - 12/31/2026","11,374.67","14,574","341,785.558","5,778,060",0.000,0.000,"Complete"
2020,"Cricket Valley Energy Center",57185,"U001, U002, U003","NY",3132600275,"01/01/2018 - 12/31/2020","13,093.70","13,424","1,697,691.544","28,566,969",0.000,0.000,"Complete"
2021,"Cricket Valley Energy Center",57185,"U001, U002, U003","NY",3132600275,"01/01/2021 - 12/31/2023","16,360.60","16,778","2,076,966.518","34,947,986",0.000,0.000,"Complete"
2022,"Cricket Valley Energy Center",57185,"U001, U002, U003","NY",3132600275,"01/01/2021 - 12/31/2023","17,356.91","17,577","2,259,598.856","38,020,843",0.000,0.000,"Complete"
2023,"Cricket Valley Energy Center",57185,"U001, U002, U003","NY",3132600275,"01/01/2021 - 12/31/2023","18,318.99","18,499","2,167,506.363","36,472,076",0.000,0.000,"Complete"
2024,"Cricket Valley Energy Center",57185,"U001, U002, U003","NY",3132600275,"01/01/2024 - 12/31/2026","13,879.38","13,962","1,715,678.959","28,872,527",0.000,0.000,"Complete"
2015,"Garrison Energy Center",57349,"1, 2","DE"," ","01/01/2015 - 12/31/2017","1,289.62","1,376","113,011.131","1,901,260",0.000,0.000,"Complete"
2016,"Garrison Energy Center",57349,"1, 2","DE"," ","01/01/2015 - 12/31/2017","6,480.83","6,601","653,503.811","10,929,481",0.000,0.000,"Complete"
2017,"Garrison Energy Center",57349,"1, 2","DE"," ","01/01/2015 - 12/31/2017","6,740.64","6,921","735,125.034","12,369,529",0.000,0.000,"Complete"
2018,"Garrison Energy Center",57349,"1, 2","DE"," ","01/01/2018 - 12/31/2020","5,140.83","5,254","559,940.197","9,384,842",0.000,0.000,"Complete"
2019,"Garrison Energy Center",57349,"1, 2","DE"," ","01/01/2018 - 12/31/2020","6,620.58","6,740","716,296.409","12,047,129",0.000,0.000,"Complete"
2020,"Garrison Energy Center",57349,"1, 2","DE"," ","01/01/2018 - 12/31/2020","6,237.14","6,294","658,512.961","11,074,303",0.000,0.000,"Complete"
2021,"Garrison Energy Center",57349,"1, 2","DE"," ","01/01/2021 - 12/31/2023","4,548.62","4,705","464,707.342","7,818,796",0.000,0.000,"Complete"
2022,"Garrison Energy Center",57349,"1, 2","DE"," ","01/01/2021 - 12/31/2023","5,159.24","5,300","531,523.595","8,898,918",0.000,0.000,"Complete"
2023,"Garrison Energy Center",57349,"1, 2","DE"," ","01/01/2021 - 12/31/2023","3,746.00","3,868","355,078.901","5,972,401",0.000,0.000,"Complete"
2024,"Garrison Energy Center",57349,"1, 2","DE"," ","01/01/2024 - 12/31/2026","3,742.89","3,943","343,854.628","5,781,976",0.000,0.000,"Complete"
2020,"Woodbridge Energy Center",57839,"0001, 0002","NJ"," ","01/01/2018 - 12/31/2020","14,580.29","14,731","1,621,651.051","27,287,383",0.000,0.000,"Complete"
2021,"Woodbridge Energy Center",57839,"0001, 0002","NJ"," ","01/01/2021 - 12/31/2023","12,137.03","12,393","1,471,270.050","24,756,925",0.000,0.000,"Complete"
2022,"Woodbridge Energy Center",57839,"0001, 0002","NJ"," ","01/01/2021 - 12/31/2023","14,812.15","14,998","1,755,250.930","29,642,854",0.000,0.000,"Complete"
2023,"Woodbridge Energy Center",57839,"0001, 0002","NJ"," ","01/01/2021 - 12/31/2023","13,886.56","13,954","1,587,343.633","26,865,002",0.000,0.000,"Complete"
2024,"Woodbridge Energy Center",57839,"0001, 0002","NJ"," ","01/01/2024 - 12/31/2026","13,012.21","13,229","1,451,309.374","24,627,764",0.000,0.000,"Complete"
2020,"Newark Energy Center",58079,"U001, U002","NJ"," ","01/01/2018 - 12/31/2020","13,815.63","14,059","1,703,477.068","28,664,342",0.000,0.000,"Complete"
2021,"Newark Energy Center",58079,"U001, U002","NJ"," ","01/01/2021 - 12/31/2023","14,087.92","14,391","1,652,990.201","28,510,845",0.000,0.000,"Complete"
2022,"Newark Energy Center",58079,"U001, U002","NJ"," ","01/01/2021 - 12/31/2023","14,549.66","14,708","1,725,492.109","29,747,596",0.000,0.000,"Complete"
2023,"Newark Energy Center",58079,"U001, U002","NJ"," ","01/01/2021 - 12/31/2023","13,512.65","13,633","1,439,045.461","24,803,173",0.000,0.000,"Complete"
2024,"Newark Energy Center",58079,"U001, U002","NJ"," ","01/01/2024 - 12/31/2026","13,031.74","13,222","1,273,492.715","21,947,762",0.000,0.000,"Complete"
2020,"Clayville",58235,"U1","NJ"," ","01/01/2018 - 12/31/2020","1,006.61","1,194","31,180.227","524,670",0.000,0.000,"Complete"
2021,"Clayville",58235,"U1","NJ"," ","01/01/2021 - 12/31/2023",973.99,"1,135","31,411.594","528,560",0.000,0.000,"Complete"
2022,"Clayville",58235,"U1","NJ"," ","01/01/2021 - 12/31/2023","1,090.69","1,265","35,020.633","589,284",0.000,0.000,"Complete"
2023,"Clayville",58235,"U1","NJ"," ","01/01/2021 - 12/31/2023","1,562.65","1,746","50,601.802","851,505",0.000,0.000,"Complete"
2024,"Clayville",58235,"U1","NJ"," ","01/01/2024 - 12/31/2026","1,140.38","1,286","37,367.045","628,751",0.000,0.000,"Complete"
2021,"Brunswick County Power Station",58260,"1A, 1B, 1C","VA"," ","01/01/2021 - 12/31/2023","21,735.11","21,768","3,622,395.148","60,954,192",0.000,0.000,"Complete"
2022,"Brunswick County Power Station",58260,"1A, 1B, 1C","VA"," ","01/01/2021 - 12/31/2023","18,426.20","18,485","3,041,843.515","51,184,898",0.000,0.000,"Complete"
2023,"Brunswick County Power Station",58260,"1A, 1B, 1C","VA"," ","01/01/2021 - 12/31/2023","15,499.07","15,543","2,645,976.273","44,523,903",0.000,0.000,"Complete"
2022,"Hamilton Liberty Generation Plant",58420,"CT1, CT2","PA"," ","01/01/2021 - 12/31/2023","8,527.74","8,530","1,263,681.920","21,263,892",0.000,0.000,"Complete"
2023,"Hamilton Liberty Generation Plant",58420,"CT1, CT2","PA"," ","01/01/2021 - 12/31/2023","16,406.38","16,414","2,494,470.658","41,974,225",0.000,0.000,"Complete"
2022,"Hamilton Patriot Generation Plant",58426,"CT1, CT2","PA"," ","01/01/2021 - 12/31/2023","8,603.59","8,615","1,277,435.057","21,495,221",0.000,0.000,"Complete"
2023,"Hamilton Patriot Generation Plant",58426,"CT1, CT2","PA"," ","01/01/2021 - 12/31/2023","16,401.53","16,416","2,502,820.096","42,114,788",0.000,0.000,"Complete"
2022,"Shell Chemical Appalachia LLC",58933,"101, 102, 103","PA"," ","01/01/2021 - 12/31/2023","12,722.50","12,775","479,061.375","8,061,130",0.000,0.000,"Complete"
2023,"Shell Chemical Appalachia LLC",58933,"101, 102, 103","PA"," ","01/01/2021 - 12/31/2023","24,833.50","24,857","942,814.450","15,864,541",0.000,0.000,"Complete"
2021,"Potomac Energy Center, LLC",59004,"CT1, CT2","VA"," ","01/01/2021 - 12/31/2023","15,724.04","15,747","2,099,241.027","35,323,695",0.000,0.000,"Complete"
2022,"Potomac Energy Center, LLC",59004,"CT1, CT2","VA"," ","01/01/2021 - 12/31/2023","11,279.06","11,315","1,444,186.215","24,641,531",0.000,0.000,"Complete"
2023,"Potomac Energy Center, LLC",59004,"CT1, CT2","VA"," ","01/01/2021 - 12/31/2023","14,258.43","14,288","1,821,332.462","31,349,489",0.000,0.000,"Complete"
2018,"Cove Point LNG Terminal (MD LIESA source - not subject to 2018-2023 RGGI CO2 allowance compliance obligation)",59073,"B921A, B921B, GT501A, GT501B","MD"," ","01/01/2018 - 12/31/2020","22,727.21","22,811","675,669.434","11,369,158",0.000,0.000,"Complete"
2019,"Cove Point LNG Terminal (MD LIESA source - not subject to 2018-2023 RGGI CO2 allowance compliance obligation)",59073,"B921A, B921B, GT501A, GT501B","MD"," ","01/01/2018 - 12/31/2020","32,766.67","32,831","1,001,419.915","16,850,737",0.000,0.000,"Complete"
2020,"Cove Point LNG Terminal (MD LIESA source - not subject to 2018-2023 RGGI CO2 allowance compliance obligation)",59073,"B921A, B921B, GT501A, GT501B","MD"," ","01/01/2018 - 12/31/2020","33,344.12","33,384","1,012,755.910","17,041,473",0.000,0.000,"Complete"
2021,"Cove Point LNG Terminal (MD LIESA source - not subject to 2018-2023 RGGI CO2 allowance compliance obligation)",59073,"B921A, B921B, GT501A, GT501B","MD"," ","01/01/2021 - 12/31/2023","33,168.75","33,200","1,009,266.450","16,982,711",0.000,0.000,"Complete"
2022,"Cove Point LNG Terminal (MD LIESA source - not subject to 2018-2023 RGGI CO2 allowance compliance obligation)",59073,"B921A, B921B, GT501A, GT501B","MD"," ","01/01/2021 - 12/31/2023","33,074.11","33,107","1,017,527.363","17,121,666",0.000,0.000,"Complete"
2023,"Cove Point LNG Terminal (MD LIESA source - not subject to 2018-2023 RGGI CO2 allowance compliance obligation)",59073,"B921A, B921B, GT501A, GT501B","MD"," ","01/01/2021 - 12/31/2023","33,293.56","33,321","1,032,999.513","17,382,185",0.000,0.000,"Complete"
2024,"Cove Point LNG Terminal (MD LIESA source - not subject to 2018-2023 RGGI CO2 allowance compliance obligation)",59073,"B921A, B921B, GT501A, GT501B","MD"," ","01/01/2024 - 12/31/2026","33,253.53","33,291","1,019,453.181","17,154,188",0.000,0.000,"Complete"
2017,"Wildcat Point Generation Facility",59220,"CT1, CT2","MD"," ","01/01/2015 - 12/31/2017",0.00,0,0.000,0,0.000,0.000,"Complete"
2018,"Wildcat Point Generation Facility",59220,"CT1, CT2","MD"," ","01/01/2018 - 12/31/2020","10,193.79","10,503","1,575,078.519","26,503,809",0.000,0.000,"Complete"
2019,"Wildcat Point Generation Facility",59220,"CT1, CT2","MD"," ","01/01/2018 - 12/31/2020","9,089.69","9,421","1,393,063.521","23,440,798",0.000,0.000,"Complete"
2020,"Wildcat Point Generation Facility",59220,"CT1, CT2","MD"," ","01/01/2018 - 12/31/2020","7,487.55","7,633","1,234,346.086","20,770,285",0.000,0.000,"Complete"
2021,"Wildcat Point Generation Facility",59220,"CT1, CT2","MD"," ","01/01/2021 - 12/31/2023","9,044.63","9,268","1,425,422.776","23,985,351",0.000,0.000,"Complete"
2022,"Wildcat Point Generation Facility",59220,"CT1, CT2","MD"," ","01/01/2021 - 12/31/2023","10,183.37","10,452","1,639,949.981","27,594,797",0.000,0.000,"Complete"
2023,"Wildcat Point Generation Facility",59220,"CT1, CT2","MD"," ","01/01/2021 - 12/31/2023","11,611.68","11,772","1,819,271.205","30,612,756",0.000,0.000,"Complete"
2024,"Wildcat Point Generation Facility",59220,"CT1, CT2","MD"," ","01/01/2024 - 12/31/2026","8,396.97","8,738","1,247,962.628","20,999,445",0.000,0.000,"Complete"
2019,"Exelon West Medway II",59882,"J4, J5","MA"," ","01/01/2018 - 12/31/2020",996.84,"1,363","34,735.441","565,321",0.000,0.000,"Complete"
2020,"Exelon West Medway II",59882,"J4, J5","MA"," ","01/01/2018 - 12/31/2020","3,412.44","4,301","115,862.331","1,940,048",0.000,0.000,"Complete"
2021,"Exelon West Medway II",59882,"J4, J5","MA"," ","01/01/2021 - 12/31/2023","2,831.17","3,407","106,967.401","1,798,483",0.000,0.000,"Complete"
2022,"Exelon West Medway II",59882,"J4, J5","MA"," ","01/01/2021 - 12/31/2023","3,437.88","4,210","133,703.745","2,194,599",0.000,0.000,"Complete"
2023,"Exelon West Medway II",59882,"J4, J5","MA"," ","01/01/2021 - 12/31/2023","2,901.92","3,560","96,655.813","1,621,906",0.000,0.000,"Complete"
2024,"Exelon West Medway II",59882,"J4, J5","MA"," ","01/01/2024 - 12/31/2026","3,001.92","3,569","113,329.020","1,901,674",0.000,0.000,"Complete"
2022,"Moxie Freedom Generation Plant",59906,"201, 202","PA"," ","01/01/2021 - 12/31/2023","2,472.76","2,501","477,449.356","8,033,993",0.000,0.000,"Complete"
2023,"Moxie Freedom Generation Plant",59906,"201, 202","PA"," ","01/01/2021 - 12/31/2023","14,108.09","14,137","2,782,902.044","46,827,663",0.000,0.000,"Complete"
2021,"Greensville County Power Station",59913,"1A, 1B, 1C","VA"," ","01/01/2021 - 12/31/2023","23,496.78","23,514","4,460,052.562","75,049,279",0.000,0.000,"Complete"
2022,"Greensville County Power Station",59913,"1A, 1B, 1C","VA"," ","01/01/2021 - 12/31/2023","23,044.35","23,060","4,286,144.976","72,122,468",0.000,0.000,"Complete"
2023,"Greensville County Power Station",59913,"1A, 1B, 1C","VA"," ","01/01/2021 - 12/31/2023","20,752.48","20,771","3,964,667.978","66,713,288",0.000,0.000,"Complete"
2018,"Keys Energy Center",60302,"11, 12","MD"," ","01/01/2018 - 12/31/2020","3,995.80","4,015","565,957.470","9,523,345",0.000,0.000,"Complete"
2019,"Keys Energy Center",60302,"11, 12","MD"," ","01/01/2018 - 12/31/2020","14,885.40","15,003","2,017,989.260","33,956,513",0.000,0.000,"Complete"
2020,"Keys Energy Center",60302,"11, 12","MD"," ","01/01/2018 - 12/31/2020","16,034.20","16,090","2,148,051.950","36,145,023",0.000,0.000,"Complete"
2021,"Keys Energy Center",60302,"11, 12","MD"," ","01/01/2021 - 12/31/2023","15,892.35","15,919","2,143,376.514","36,066,357",0.000,0.000,"Complete"
2022,"Keys Energy Center",60302,"11, 12","MD"," ","01/01/2021 - 12/31/2023","14,713.67","14,780","1,984,573.573","33,394,181",0.000,0.000,"Complete"
2023,"Keys Energy Center",60302,"11, 12","MD"," ","01/01/2021 - 12/31/2023","13,822.05","13,849","1,822,263.053","30,663,141",0.000,0.000,"Complete"
2024,"Keys Energy Center",60302,"11, 12","MD"," ","01/01/2024 - 12/31/2026","15,613.46","15,674","2,118,519.745","35,648,156",0.000,0.000,"Complete"
2022,"Lackawanna Energy Center",60357,"1, 2, 3","PA"," ","01/01/2021 - 12/31/2023","10,878.60","10,917","1,817,853.685","30,588,780",0.000,0.000,"Complete"
2023,"Lackawanna Energy Center",60357,"1, 2, 3","PA"," ","01/01/2021 - 12/31/2023","23,053.72","23,087","4,084,069.753","68,722,250",0.000,0.000,"Complete"
2022,"Hummel Station",60368,"CT1, CT2, CT3","PA"," ","01/01/2021 - 12/31/2023","12,721.75","12,729","1,711,278.738","28,795,534",0.000,0.000,"Complete"
2023,"Hummel Station",60368,"CT1, CT2, CT3","PA"," ","01/01/2021 - 12/31/2023","23,517.53","23,550","3,199,586.202","53,839,112",0.000,0.000,"Complete"
2022,"Tenaska Westmoreland Generating Station",60464,"101, 102","PA"," ","01/01/2021 - 12/31/2023","8,318.02","8,320","1,536,155.886","26,433,313",0.000,0.000,"Complete"
2023,"Tenaska Westmoreland Generating Station",60464,"101, 102","PA"," ","01/01/2021 - 12/31/2023","14,837.83","14,848","2,660,610.337","45,782,305",0.000,0.000,"Complete"
2022,"CPV Fairview, LLC",60589,"CT-1, CT-2","PA"," ","01/01/2021 - 12/31/2023","7,540.12","7,555","1,416,661.674","24,305,400",0.000,0.000,"Complete"
2023,"CPV Fairview, LLC",60589,"CT-1, CT-2","PA"," ","01/01/2021 - 12/31/2023","14,790.09","14,797","2,715,899.505","46,583,546",0.000,0.000,"Complete"
2018,"Salem Harbor Station NGCC",60903,"1, 2","MA"," ","01/01/2018 - 12/31/2020","3,292.11","3,486","351,629.305","5,916,892",0.000,0.000,"Complete"
2019,"Salem Harbor Station NGCC",60903,"1, 2","MA"," ","01/01/2018 - 12/31/2020","2,248.49","2,412","235,162.552","3,957,054",0.000,0.000,"Complete"
2020,"Salem Harbor Station NGCC",60903,"1, 2","MA"," ","01/01/2018 - 12/31/2020","3,883.39","3,925","367,883.891","6,190,364",0.000,0.000,"Complete"
2021,"Salem Harbor Station NGCC",60903,"1, 2","MA"," ","01/01/2021 - 12/31/2023","3,364.49","3,573","322,116.628","5,420,227",0.000,0.000,"Complete"
2022,"Salem Harbor Station NGCC",60903,"1, 2","MA"," ","01/01/2021 - 12/31/2023","2,565.39","2,867","244,646.105","4,116,672",0.000,0.000,"Complete"
2023,"Salem Harbor Station NGCC",60903,"1, 2","MA"," ","01/01/2021 - 12/31/2023","2,889.57","3,226","305,796.767","5,145,623",0.000,0.000,"Complete"
2024,"Salem Harbor Station NGCC",60903,"1, 2","MA"," ","01/01/2024 - 12/31/2026","4,481.54","4,876","495,874.804","8,344,061",0.000,0.000,"Complete"
2022,"Hickory Run Energy Station",61028,"CT1, CT2","PA"," ","01/01/2021 - 12/31/2023","8,065.43","8,085","1,381,259.698","23,242,360",0.000,0.000,"Complete"
2023,"Hickory Run Energy Station",61028,"CT1, CT2","PA"," ","01/01/2021 - 12/31/2023","14,890.33","14,912","2,664,190.412","44,830,224",0.000,0.000,"Complete"
2022,"Birdsboro Power",61035,01,"PA"," ","01/01/2021 - 12/31/2023","3,538.55","3,559","586,799.915","9,874,062",0.000,0.000,"Complete"
2023,"Birdsboro Power",61035,01,"PA"," ","01/01/2021 - 12/31/2023","7,170.99","7,187","1,226,872.754","20,644,469",0.000,0.000,"Complete"
2022,"Hill Top Energy Center",62565,01,"PA"," ","01/01/2021 - 12/31/2023","3,467.12","3,484","810,962.557","13,646,132",0.000,0.000,"Complete"
2023,"Hill Top Energy Center",62565,01,"PA"," ","01/01/2021 - 12/31/2023","6,492.36","6,513","1,584,743.003","26,666,341",0.000,0.000,"Complete"
2024,"MMWEC Simple Cycle Gas Turbine",63559,1,"MA"," ","01/01/2024 - 12/31/2026",380.44,478,"12,010.600","175,346",0.000,0.000,"Complete"
