facilityId,stateCode,year,quarter,cems_gross_mwh,cems_co2_tons,oris,state,eia_gross_mwh,eia_net_mwh,eia_mmbtu,pct_diff,abs_diff_mwh
10567,CT,2020,1,781.85,672.346,10567,CT,33866.0,32850.020000000004,186373,4231.521391571273,33084.15
10567,CT,2020,2,923.97,796.546,10567,CT,31545.0,30598.65,173600,3314.071885450826,30621.03
10567,CT,2020,3,1656.01,1433.53,10567,CT,30083.0,29180.51,165554,1716.5953104147925,28426.99
10567,CT,2020,4,2978.86,2281.655,10567,CT,36560.0,35463.2,201198,1127.3151474053832,33581.14
10567,CT,2021,1,9207.11,7950.26,10567,CT,35560.0,34493.2,195694,286.22325572302276,26352.89
10567,CT,2021,2,6170.83,5289.316,10567,CT,33791.0,32777.27,185960,447.59246325048656,27620.17
10567,CT,2021,3,4923.84,4060.998,10567,CT,35873.0,34796.81,197417,628.5573861051537,30949.16
10567,CT,2021,4,937.69,765.009,10567,CT,33682.0,32671.55,185359,3492.0186842133326,32744.31
10567,CT,2022,1,9538.82,7780.534,10567,CT,38179.0,37033.64,210108,300.24866807424814,28640.18
10567,CT,2022,2,781.58,820.722,10567,CT,32095.0,31132.15,176627,4006.4254458916553,31313.42
10567,CT,2022,3,4315.08,3425.084,10567,CT,35911.0,34833.67,197627,732.2209553472936,31595.92
10567,CT,2022,4,2811.61,3062.179,10567,CT,32081.0,31118.58,176548,1041.0188468528706,29269.39
10567,CT,2023,1,2183.97,1844.318,10567,CT,33203.0,32206.910000000003,182724,1420.3047660911095,31019.03
10567,CT,2023,2,338.03,343.493,10567,CT,28804.0,20664.879999999997,158515,8421.137177173625,28465.97
10567,CT,2023,3,2824.4,2121.25,10567,CT,31291.0,30352.27,172201,1007.8813199263559,28466.6
10567,CT,2023,4,86.63,88.748,10567,CT,33603.0,32594.910000000003,184925,38689.10308207319,33516.37
10567,CT,2024,1,133.27,116.986,10567,CT,31954.0,30995.38,175849,23876.889022285584,31820.73
10567,CT,2024,2,3616.24,2860.119,10567,CT,33421.0,32418.37,183924,824.1919784085129,29804.760000000002
10567,CT,2024,3,3962.35,2959.129,10567,CT,33874.0,32857.78,186416,754.8967153330726,29911.65
10567,CT,2024,4,3283.16,2576.63,10567,CT,35090.0,34037.3,193108,968.7873877605721,31806.84
10567,CT,2025,1,3095.24,2366.282,10567,CT,33469.0,21177.04,184187,981.3054884273919,30373.760000000002
10567,CT,2025,2,1683.95,1292.143,10567,CT,32420.0,31447.4,178415,1825.2353098369902,30736.05
10567,CT,2025,3,10115.06,7738.916,10567,CT,39736.0,38543.92,218676,292.83998315383207,29620.940000000002
10567,CT,2025,4,4043.37,3533.29,10567,CT,36598.0,35500.06,201409,805.1360622451075,32554.63
50498,CT,2020,1,764.61,397.175,50498,CT,767.0,717.0,8397,0.3125776539673803,2.3899999999999864
50498,CT,2020,2,239.54,122.786,50498,CT,238.0,210.0,2464,-0.6428988895382785,-1.539999999999992
50498,CT,2020,3,7355.18,3776.029,50498,CT,7371.0,6776.0,76368,0.2150865104592914,15.819999999999709
50498,CT,2020,4,2960.7,1604.877,50498,CT,2988.0,2792.0,30425,0.9220792380180426,27.300000000000182
50498,CT,2021,1,0.0,0.0,50498,CT,0.0,0.0,0,,0.0
540,CT,2020,2,41.14,0.0,540,CT,14.280000000000001,14.15,244,-65.2892561983471,-26.86
540,CT,2020,3,39.19,0.0,540,CT,14.61,14.469999999999999,255,-62.72008165348303,-24.58
540,CT,2021,2,29.26,0.0,540,CT,58.28,57.83,960,99.17976760082023,29.02
540,CT,2021,3,98.12,0.0,540,CT,51.010000000000005,50.62,842,-48.012637586628614,-47.11
540,CT,2022,2,11.28,0.0,540,CT,6.2700000000000005,6.18,106,-44.414893617021264,-5.009999999999999
540,CT,2022,3,62.32,0.0,540,CT,5.52,5.45,95,-91.14249037227214,-56.8
540,CT,2023,2,0.0,0.0,540,CT,13.58,13.379999999999999,196,,13.58
540,CT,2023,3,36.62,0.0,540,CT,20.84,20.53,302,-43.091206990715456,-15.779999999999998
540,CT,2024,2,22.41,0.0,540,CT,18.7,18.52,262,-16.55510932619367,-3.710000000000001
540,CT,2024,3,22.6,0.0,540,CT,16.64,16.48,235,-26.371681415929203,-5.960000000000001
542,CT,2020,2,46.7,0.0,542,CT,121.53,120.75,1701,160.23554603854387,74.83
542,CT,2020,3,223.47,0.0,542,CT,124.27,123.47999999999999,1740,-44.39074596142659,-99.2
542,CT,2021,2,84.69,0.0,542,CT,202.94,201.61,3622,139.6268744834101,118.25
542,CT,2021,3,269.32,0.0,542,CT,177.64000000000001,176.46,3175,-34.04128917273132,-91.67999999999998
542,CT,2022,2,118.0,0.0,542,CT,57.69,57.32,824,-51.110169491525426,-60.31
542,CT,2022,3,224.64000000000001,0.0,542,CT,50.800000000000004,50.480000000000004,723,-77.38603988603988,-173.84
542,CT,2023,2,153.35,0.0,542,CT,257.22,255.45,3836,67.73394196283014,103.87000000000003
542,CT,2023,3,578.82,0.0,542,CT,394.54999999999995,391.84000000000003,5885,-31.835458346290746,-184.2700000000001
542,CT,2024,2,35.48,0.0,542,CT,170.66000000000003,114.91,1702,381.00338218714785,135.18000000000004
542,CT,2024,3,168.53,0.0,542,CT,151.82999999999998,102.24,1512,-9.909214976562046,-16.700000000000017
544,CT,2020,1,544.07,541.168,544,CT,593.7,-13.34,6997,9.121987979487931,49.629999999999995
544,CT,2020,2,2930.59,2472.376,544,CT,495.12,-11.120000000000001,5819,-83.10510852763437,-2435.4700000000003
544,CT,2020,3,6105.91,4796.867,544,CT,553.89,-12.45,6510,-90.92862488965608,-5552.0199999999995
544,CT,2020,4,2402.06,1940.048,544,CT,1428.3,-32.1,16796,-40.53853775509354,-973.76
544,CT,2021,1,1034.6100000000001,914.758,544,CT,454.55,-334.52,6384,-56.0655706014827,-580.0600000000002
544,CT,2021,2,1495.8899999999999,1367.67,544,CT,361.02,-265.68,5065,-75.86587249062431,-1134.87
544,CT,2021,3,3988.5,3714.641,544,CT,316.01,-232.54999999999998,4441,-92.07697129246584,-3672.49
544,CT,2021,4,1505.54,1231.162,544,CT,485.43,-357.25,6809,-67.75708383702856,-1020.1099999999999
544,CT,2022,1,969.92,1116.43,544,CT,2357.95,416.37,27548,143.1076789838337,1388.0299999999997
544,CT,2022,2,1422.06,1334.769,544,CT,222.47000000000003,39.29,2603,-84.35579370771978,-1199.59
544,CT,2022,3,3108.56,3927.235,544,CT,241.24,42.61,2815,-92.23949352754973,-2867.3199999999997
544,CT,2022,4,3758.36,3302.422,544,CT,825.34,145.73999999999998,9645,-78.03988973914153,-2933.02
544,CT,2023,1,1049.8,1177.694,544,CT,850.53,35.33,9394,-18.981710802057535,-199.26999999999998
544,CT,2023,2,3014.2,2609.084,544,CT,598.45,24.86,6611,-80.14564395196072,-2415.75
544,CT,2023,3,3268.45,2917.657,544,CT,884.58,36.75,9773,-72.9357952546314,-2383.87
544,CT,2023,4,2039.84,1678.441,544,CT,627.44,26.07,6932,-69.24072476272649,-1412.3999999999999
544,CT,2024,1,760.1700000000001,604.884,544,CT,789.88,-239.44,8651,3.908336293197564,29.709999999999923
544,CT,2024,2,913.87,858.3299999999999,544,CT,335.88,-101.82,3679,-63.246413603685426,-577.99
544,CT,2024,3,2683.7,2336.5319999999997,544,CT,298.83,-90.59,3277,-88.86499981369006,-2384.87
544,CT,2024,4,1472.3799999999999,1334.232,544,CT,551.43,-167.17000000000002,6042,-62.548391040356435,-920.9499999999999
546,CT,2020,1,9916.31,9495.125,546,CT,9934.560000000001,6554.54,113517,0.18404023270754766,18.25000000000182
546,CT,2020,2,8353.25,7468.343000000001,546,CT,8349.71,5490.709999999999,95480,-0.042378714871467674,-3.540000000000873
546,CT,2020,3,5061.95,3804.706,546,CT,5069.84,2284.83,57204,0.1558687857446306,7.890000000000327
546,CT,2020,4,2.39,57.647,546,CT,27.9,-2438.1099999999997,515,1067.3640167364015,25.509999999999998
546,CT,2021,1,12481.27,14403.916,546,CT,12520.48,11539.47,186586,0.3141507234440015,39.20999999999913
546,CT,2021,2,5744.74,4257.148,546,CT,5758.14,5178.14,63582,0.23325685757755,13.400000000000546
546,CT,2021,3,10889.71,10050.673999999999,546,CT,12024.49,10196.49,160261,10.420663176521696,1134.7800000000007
546,CT,2021,4,164.56,180.691,546,CT,6.91,6.91,98,-95.80092367525522,-157.65
546,CT,2022,1,67179.92,70765.57,546,CT,65426.34,62766.34,872810,-2.610274022356683,-1753.5800000000017
546,CT,2022,2,1690.9,1150.659,546,CT,1696.3799999999999,-352.61,19685,0.3240877639126968,5.479999999999791
546,CT,2022,3,33286.35,25454.434,546,CT,29460.620000000003,27125.640000000003,410692,-11.493389933110707,-3825.729999999996
546,CT,2022,4,9938.49,8911.657,546,CT,9940.65,7880.65,290117,0.021733683889603495,2.1599999999998545
546,CT,2023,1,17811.67,15754.936000000002,546,CT,17891.72,15401.71,231689,0.44942445037440576,80.05000000000291
546,CT,2023,2,0.0,0.0,546,CT,25.979999999999997,-2417.01,324,,25.979999999999997
546,CT,2023,3,22846.04,18065.195,546,CT,27781.85,25604.870000000003,291959,21.60466321515675,4935.809999999998
546,CT,2023,4,0.0,43.216,546,CT,27.47,-2386.5299999999997,342,,27.47
546,CT,2024,1,0.0,8.118,546,CT,53.96,53.96,586,,53.96
546,CT,2024,2,8949.64,7574.287,546,CT,8971.960000000001,8456.96,116084,0.24939550641144814,22.320000000001528
546,CT,2024,3,14659.259999999998,11220.509,546,CT,15871.419999999998,14842.41,185762,8.268903068777005,1212.1599999999999
546,CT,2024,4,4672.2,4362.68,546,CT,4705.68,4407.68,54542,0.7165789135739153,33.48000000000047
54605,CT,2020,1,38637.88,26375.226,54605,CT,39021.0,36452.0,179919,0.9915657898414785,383.1200000000026
54605,CT,2020,2,29692.75,20217.543,54605,CT,29758.0,27999.0,137208,0.21975061252325906,65.25
54605,CT,2020,3,17347.01,11976.891,54605,CT,17359.0,16391.0,80039,0.06911853973682842,11.9900000000016
54605,CT,2020,4,0.0,0.0,54605,CT,0.0,0.0,0,,0.0
54605,CT,2021,1,15095.0,11241.516,54605,CT,15172.0,14223.0,69955,0.5101026830076184,77.0
54605,CT,2021,2,33569.92,25059.778,54605,CT,33661.0,31788.0,155204,0.27131431948602125,91.08000000000175
54605,CT,2021,3,39383.82,29222.779,54605,CT,38614.0,37144.0,178041,-1.9546605687310161,-769.8199999999997
54605,CT,2021,4,20996.21,14365.926,54605,CT,21050.0,19747.0,97058,0.256189093174439,53.79000000000087
54605,CT,2022,1,12690.35,8035.203,54605,CT,12791.0,12018.0,58976,0.7931223331113769,100.64999999999964
54605,CT,2022,2,14932.17,10467.663,54605,CT,15004.0,13999.0,69180,0.48104193831171177,71.82999999999993
54605,CT,2022,3,23071.3,16010.387,54605,CT,23114.0,21713.0,106575,0.18507843077763597,42.70000000000073
54605,CT,2022,4,22145.29,14350.594,54605,CT,22194.0,20800.0,102333,0.2199564783301511,48.70999999999913
54605,CT,2023,1,27295.97,18185.602,54605,CT,27333.0,25698.0,126027,0.13566105179628654,37.029999999998836
54605,CT,2023,2,32407.75,22433.655,54605,CT,32472.0,30486.0,149722,0.19825504701807437,64.25
54605,CT,2023,3,38604.62,26684.823,54605,CT,38629.0,35989.0,178111,0.06315306302716457,24.37999999999738
54605,CT,2023,4,29834.66,20389.459,54605,CT,29892.0,28146.0,137827,0.19219257065440043,57.340000000000146
54605,CT,2024,1,34445.44,23579.994,54605,CT,34524.0,32494.0,159183,0.22807082737220852,78.55999999999767
54605,CT,2024,2,32864.68,22396.929,54605,CT,32876.0,30950.0,151585,0.03444427269640145,11.319999999999709
54605,CT,2024,3,39422.0,27555.5,54605,CT,39393.0,37105.0,181633,-0.07356298513520369,-29.0
54605,CT,2024,4,22124.2,15422.72,54605,CT,22123.0,20782.0,102006,-0.005423924932882218,-1.2000000000007276
54605,CT,2025,1,16936.21,11620.329,54605,CT,16926.0,15863.0,78042,-0.06028503425500231,-10.209999999999127
54605,CT,2025,2,11917.88,8389.254,54605,CT,12459.0,11741.0,57446,4.540404837101908,541.1200000000008
54605,CT,2025,3,35159.33,23478.455,54605,CT,35143.0,33562.0,162038,-0.04644570872084805,-16.330000000001746
54605,CT,2025,4,6529.72,4375.864,54605,CT,5071.0,4751.0,23381,-22.33970216180786,-1458.7200000000003
55042,CT,2020,1,387912.27,156076.526,55042,CT,387003.0,379600.0,2651920,-0.2344009381296494,-909.2700000000186
55042,CT,2020,2,446401.78,179539.91999999998,55042,CT,446487.0,438701.0,3113715,0.019090425669891383,85.21999999997206
55042,CT,2020,3,626414.3,254462.968,55042,CT,626018.0,614780.0,4410207,-0.06326483926054155,-396.30000000004657
55042,CT,2020,4,500013.43,200182.012,55042,CT,499233.0,490159.0,3484203,-0.15608180764264534,-780.429999999993
55042,CT,2021,1,695581.8200000001,275586.43200000003,55042,CT,695172.0,682523.0,4825172,-0.05891758355617534,-409.8200000000652
55042,CT,2021,2,323375.08999999997,132232.959,55042,CT,322735.0,317101.0,2283431,-0.19794041649898497,-640.0899999999674
55042,CT,2021,3,675257.64,277838.81299999997,55042,CT,674574.0,663049.0,4816011,-0.10124135729882508,-683.640000000014
55042,CT,2021,4,642512.87,261376.50799999997,55042,CT,642222.0,632190.0,4558017,-0.04527068850776411,-290.86999999999534
55042,CT,2022,1,787605.14,325848.846,55042,CT,786890.0,774140.0,5562639,-0.0907993058552175,-715.140000000014
55042,CT,2022,2,442533.03,184781.21899999998,55042,CT,442273.0,434467.0,3155909,-0.05875945576311624,-260.03000000002794
55042,CT,2022,3,895975.89,374526.25,55042,CT,895976.0,880137.0,6400943,1.227711607128515e-05,0.10999999998603016
55042,CT,2022,4,496750.82,207696.994,55042,CT,496569.0,487498.0,3548885,-0.036601852011035836,-181.82000000000698
55042,CT,2023,1,767350.97,316340.646,55042,CT,766413.0,752588.0,5400039,-0.12223480997228323,-937.9699999999721
55042,CT,2023,2,643186.72,265385.19,55042,CT,637301.0,619979.0,4494307,-0.9150873015537343,-5885.719999999972
55042,CT,2023,3,559139.27,235048.956,55042,CT,517812.0,508623.0,3711415,-7.391230095500181,-41327.27000000002
55042,CT,2023,4,715114.26,298584.822,55042,CT,703064.0,690749.0,5015197,-1.6850817658146,-12050.26000000001
55042,CT,2024,1,566070.4099999999,236050.68,55042,CT,566103.0,556379.0,4032454,0.005757234334167692,32.59000000008382
55042,CT,2024,2,494390.94,208492.31300000002,55042,CT,493967.0,485115.0,3562134,-0.08574995326572982,-423.9400000000023
55042,CT,2024,3,944177.8999999999,397866.12,55042,CT,944641.0,928209.0,6801130,0.04904796013548857,463.10000000009313
55042,CT,2024,4,693159.11,286924.569,55042,CT,693259.0,679958.0,4900962,0.014410832745170727,99.89000000001397
55042,CT,2025,1,693590.3300000001,283472.091,55042,CT,693324.0,680956.0,4935312,-0.038398747571938396,-266.3300000000745
55042,CT,2025,2,363778.68,149156.408,55042,CT,363656.0,356776.0,2600286,-0.033723801515798846,-122.67999999999302
55042,CT,2025,3,663846.8,273504.53,55042,CT,664317.0,652224.0,4842796,0.0708295950210129,470.19999999995343
55042,CT,2025,4,722195.76,292613.494,55042,CT,722429.0,707546.0,5104025,0.032295952554469536,233.2399999999907
55126,CT,2020,1,983690.06,414493.716,55126,CT,981707.0,958788.0,6948352,-0.20159398581297608,-1983.0600000000559
55126,CT,2020,2,978399.94,409552.026,55126,CT,976357.0,953935.0,6976816,-0.20880418287841923,-2042.9399999999441
55126,CT,2020,3,759836.86,330713.0,55126,CT,761012.0,739160.0,5550993,0.15465688253133889,1175.140000000014
55126,CT,2020,4,866534.1799999999,371122.775,55126,CT,866958.0,844308.0,6161526,0.04890978449344782,423.8200000000652
55126,CT,2021,1,1011805.01,430079.486,55126,CT,1010524.0,986480.0,7163939,-0.12660641006314144,-1281.0100000000093
55126,CT,2021,2,711654.02,312074.377,55126,CT,712429.0,691748.0,5128812,0.10889842229795615,774.9799999999814
55126,CT,2021,3,755037.87,331031.006,55126,CT,755898.0,734841.0,5477840,0.11391878926549799,860.1300000000047
55126,CT,2021,4,928470.8899999999,398458.941,55126,CT,928414.0,904568.0,6680566,-0.006127278799219818,-56.889999999897555
55126,CT,2022,1,998721.27,423253.213,55126,CT,1003038.0,979485.0,7064108,0.43222569996931987,4316.729999999981
55126,CT,2022,2,787131.0800000001,338155.076,55126,CT,785746.0,766195.0,5605703,-0.17596560918418752,-1385.0800000000745
55126,CT,2022,3,1003056.55,431241.611,55126,CT,1003974.0,976765.0,7251577,0.09146543133584575,917.4499999999534
55126,CT,2022,4,999343.6499999999,424416.266,55126,CT,1001190.0,974057.0,7007913,0.184756264774394,1846.3500000000931
55126,CT,2023,1,1065519.8599999999,451139.548,55126,CT,1066640.0,1037733.0,7567676,0.10512614940843341,1120.1400000001304
55126,CT,2023,2,905572.7,390546.975,55126,CT,906695.0,882113.0,6580626,0.12393262296887335,1122.3000000000466
55126,CT,2023,3,762105.24,332677.684,55126,CT,761597.0,743028.0,5687669,-0.06668895230270175,-508.2399999999907
55126,CT,2023,4,918590.95,395903.078,55126,CT,918444.0,893554.0,6790696,-0.015997327210762684,-146.94999999995343
55126,CT,2024,1,1035736.3599999999,441951.358,55126,CT,1036586.0,1008494.0,7484861,0.08203245853028955,849.6400000001304
55126,CT,2024,2,894029.59,390211.249,55126,CT,897484.0,870245.0,6731915,0.38638654006966733,3454.4100000000326
55126,CT,2024,3,934054.79,406758.854,55126,CT,934647.0,909318.0,7028933,0.06340206231370675,592.2099999999627
55126,CT,2024,4,1031696.0599999999,439625.66000000003,55126,CT,1033263.0,1005263.0,7661957,0.1518800023332512,1566.9400000000605
55126,CT,2025,1,996218.35,423998.926,55126,CT,997157.0,970133.0,7411969,0.09422131202462024,938.6500000000233
55126,CT,2025,2,812854.1699999999,354632.12,55126,CT,814340.0,792270.0,6124707,0.18279170542977893,1485.8300000000745
55126,CT,2025,3,897450.35,385762.913,55126,CT,897767.0,873438.0,6788333,0.03528328893069386,316.6500000000233
55126,CT,2025,4,751039.29,313909.747,55126,CT,752868.0,732466.0,5640798,0.24349059021931632,1828.7099999999627
55149,CT,2020,1,884287.4199999999,594318.2949999999,55149,CT,1412271.0,1375854.0,10269382,59.70723636439384,527983.5800000001
55149,CT,2020,2,787954.05,516684.24199999997,55149,CT,1240202.0,1206969.0,8925559,57.39521866789059,452247.94999999995
55149,CT,2020,3,969169.56,643040.569,55149,CT,1554318.0,1512671.0,11216956,60.37627100050479,585148.44
55149,CT,2020,4,971444.45,609455.373,55149,CT,1540373.0,1499096.0,11037817,58.5652169817842,568928.55
55149,CT,2021,1,837416.85,521403.335,55149,CT,1312926.0,1277803.0,9428103,56.78284954500259,475509.15
55149,CT,2021,2,826840.1399999999,517065.695,55149,CT,1301677.0,1266824.0,9380262,57.42789168411685,474836.8600000001
55149,CT,2021,3,953860.11,606359.3030000001,55149,CT,1511961.0,1471435.0,10890083,58.509721095266265,558100.89
55149,CT,2021,4,995910.36,622470.409,55149,CT,1568083.0,1526060.0,11211787,57.45222290889714,572172.64
55149,CT,2022,1,934852.94,607046.402,55149,CT,1480877.0,1441189.0,10762675,58.40748171578731,546024.06
55149,CT,2022,2,856852.1100000001,551587.935,55149,CT,1326344.0,1290807.0,9775515,54.79263977070674,469491.8899999999
55149,CT,2022,3,954694.97,622210.754,55149,CT,1522991.0,1482174.0,11027002,59.52645063166092,568296.03
55149,CT,2022,4,981176.72,629794.775,55149,CT,1550302.0,1508824.0,11162923,58.00436031543838,569125.28
55149,CT,2023,1,952920.6799999999,614982.308,55149,CT,1532691.0,1491593.0,10888578,60.84140392461628,579770.3200000001
55149,CT,2023,2,830467.1599999999,525870.8740000001,55149,CT,1308582.0,1273500.0,9392950,57.57179368778414,478114.8400000001
55149,CT,2023,3,995306.89,636978.131,55149,CT,1579037.0,1536718.0,11418652,58.64825370594993,583730.11
55149,CT,2023,4,939143.16,599667.1140000001,55149,CT,1489376.0,1449450.0,10757507,58.58881408453212,550232.84
55149,CT,2024,1,943638.3400000001,603315.556,55149,CT,1487820.0,1447944.0,10800076,57.6684559044093,544181.6599999999
55149,CT,2024,2,805664.91,518496.306,55149,CT,1275522.0,1241312.0,9237634,58.31917018701981,469857.08999999997
55149,CT,2024,3,1007236.33,651974.812,55149,CT,1598836.0,1555988.0,11577786,58.734941580195,591599.67
55149,CT,2024,4,1037624.0,654722.3,55149,CT,1639414.0,1595482.0,11706985,57.9969237411625,601790.0
55149,CT,2025,1,922082.23,597617.6240000001,55149,CT,1466519.0,1427228.0,10702009,59.04427525948527,544436.77
55149,CT,2025,2,820341.73,532920.467,55149,CT,1302761.0,1267877.0,9478035,58.80711078784204,482419.27
55149,CT,2025,3,995095.75,634179.686,55149,CT,1580382.0,1538027.0,11466977,58.81707865800854,585286.25
55149,CT,2025,4,1035708.16,642423.921,55149,CT,1625224.0,1581676.0,11681044,56.919107405700075,589515.84
55517,CT,2020,1,19583.81,11616.365,55517,CT,38892.42,38656.0,409856,98.5947576084531,19308.609999999997
55517,CT,2020,2,39593.95,23463.862,55517,CT,37280.33,37053.72,392869,-5.843367484173707,-2313.6199999999953
55517,CT,2020,3,61640.630000000005,36555.953,55517,CT,46278.41,45997.1,487693,-24.92223067804466,-15362.220000000001
55517,CT,2020,4,42938.89,25517.994,55517,CT,37457.85,37230.16,394741,-12.764745432404053,-5481.040000000001
55517,CT,2021,1,19114.93,11489.368,55517,CT,18756.41,18669.14,187473,-1.8756019509357367,-358.52000000000044
55517,CT,2021,2,39265.96,23433.603,55517,CT,38255.03,38077.05,382366,-2.5745709515315562,-1010.9300000000003
55517,CT,2021,3,44829.64,26871.871,55517,CT,43866.53,43662.44,438455,-2.148377725094381,-963.1100000000006
55517,CT,2021,4,12418.32,7592.232999999999,55517,CT,12392.03,12334.37,123861,-0.2117033543989771,-26.289999999999054
55517,CT,2022,1,4553.9,2740.458,55517,CT,4487.84,4420.85,48672,-1.450624739234491,-66.05999999999949
55517,CT,2022,2,17144.73,10384.456,55517,CT,17007.65,16753.72,184450,-0.7995459829346867,-137.0799999999981
55517,CT,2022,3,39798.01,24250.61,55517,CT,39718.67,39125.69,430754,-0.19935670150342638,-79.34000000000378
55517,CT,2022,4,17978.37,11086.510999999999,55517,CT,18157.83,17886.75,196925,0.9981995030695374,179.46000000000276
55517,CT,2023,1,6144.26,3787.639,55517,CT,6194.77,6101.15,68195,0.8220680765462434,50.51000000000022
55517,CT,2023,2,23999.3,14641.61,55517,CT,23949.35,23587.42,263647,-0.20813107048955898,-49.95000000000073
55517,CT,2023,3,77912.15,47320.754,55517,CT,77396.19,76226.57,852019,-0.6622330406746469,-515.9599999999919
55517,CT,2023,4,55802.520000000004,34384.637,55517,CT,56235.7,55385.86,619073,0.7762731862288531,433.179999999993
55517,CT,2024,1,3412.71,2117.563,55517,CT,3514.65,3470.6000000000004,35632,2.9870689276264333,101.94000000000005
55517,CT,2024,2,14885.52,9106.589,55517,CT,15115.880000000001,14926.439999999999,153246,1.5475441905959655,230.36000000000058
55517,CT,2024,3,33995.9,20487.359,55517,CT,34003.93,33577.79,344734,0.02362049541267869,8.029999999998836
55517,CT,2024,4,36536.25,21843.16,55517,CT,36254.54,35800.18,367552,-0.7710424578329717,-281.7099999999991
557,CT,2020,2,17.43,0.0,557,CT,2612.02,2591.29,23255,14885.771658060816,2594.59
557,CT,2020,3,393.65,0.0,557,CT,881.8599999999999,875.1700000000001,8215,124.0213387526991,488.2099999999999
557,CT,2021,2,0.3,0.0,557,CT,2893.3199999999997,2872.16,25692,964340.0,2893.0199999999995
557,CT,2021,3,70.49,0.0,557,CT,2333.95,2316.7,20748,3211.037026528586,2263.46
557,CT,2022,2,19.59,0.0,557,CT,2385.33,2368.81,8158,12076.26339969372,2365.74
557,CT,2022,3,32.92,0.0,557,CT,794.48,789.0,2752,2313.3657351154316,761.5600000000001
557,CT,2023,2,211.45,0.0,557,CT,1736.1000000000001,1720.1000000000001,6364,721.0451643414519,1524.65
56047,CT,2020,1,1292846.8599999999,511996.89099999995,56047,CT,1289448.0,1263820.0,8408063,-0.26289733959673073,-3398.8599999998696
56047,CT,2020,2,1230982.24,485612.214,56047,CT,1228538.0,1203507.0,8055507,-0.19856013519740065,-2444.2399999999907
56047,CT,2020,3,1565432.04,608217.949,56047,CT,1563198.0,1530779.0,10060530,-0.14271076245507516,-2234.0400000000373
56047,CT,2020,4,1352759.37,526349.182,56047,CT,1352002.01,1325621.01,8756322,-0.05598630597547459,-757.3600000001024
56047,CT,2021,1,1423612.01,549538.537,56047,CT,1422442.0,1394467.0,9206308,-0.08218601639923011,-1170.0100000000093
56047,CT,2021,2,1429276.52,543614.24,56047,CT,1427005.0,1398247.0,9120871,-0.1589279588809042,-2271.5200000000186
56047,CT,2021,3,1484678.13,572603.56,56047,CT,1481753.0,1439905.0,9571238,-0.19702115501626527,-2925.1299999998882
56047,CT,2021,4,1350111.54,521824.712,56047,CT,1349924.0,1320646.0,8730033,-0.01389070417100777,-187.54000000003725
56047,CT,2022,1,1258303.57,482861.108,56047,CT,1259259.0,1229003.0,8252305,0.07593000789149273,955.4299999999348
56047,CT,2022,2,917607.38,340902.10199999996,56047,CT,915010.0,893497.0,5897309,-0.28306005995723404,-2597.3800000000047
56047,CT,2022,3,1648796.0,613236.8,56047,CT,1645915.0,1609647.0,10580320,-0.17473356315760108,-2881.0
56047,CT,2022,4,1247676.0,468602.054,56047,CT,1247260.0,1220954.0,8027534,-0.0333419894267422,-416.0
56047,CT,2023,1,1362771.98,514082.06500000006,56047,CT,1359673.0,1327822.0,8898285,-0.22740267964711022,-3098.9799999999814
56047,CT,2023,2,1471794.19,549037.5830000001,56047,CT,1468730.0,1437719.01,9409848,-0.20819419052061514,-3064.189999999944
56047,CT,2023,3,1578108.17,596629.529,56047,CT,1574250.0,1539220.0,10255320,-0.2444807062877018,-3858.1699999999255
56047,CT,2023,4,1258122.98,474224.80700000003,56047,CT,1258420.0,1229311.0,8215959,0.023608184948662063,297.0200000000186
56047,CT,2024,1,1507540.27,568351.998,56047,CT,1507857.0,1476617.0,9800557,0.0210097206889194,316.7299999999814
56047,CT,2024,2,1210899.1800000002,456933.086,56047,CT,1208601.0,1182458.0,7864363,-0.18979119302072425,-2298.1800000001676
56047,CT,2024,3,1484098.15,559357.673,56047,CT,1485963.0,1453746.0,9557255,0.125655435929227,1864.8500000000931
56047,CT,2024,4,1500833.81,563755.758,56047,CT,1498325.0,1468416.0,9740429,-0.16716107961347537,-2508.810000000056
56047,CT,2025,1,1492269.93,565874.342,56047,CT,1488492.0,1458553.0,9718476,-0.2531666640230387,-3777.929999999935
56047,CT,2025,2,703000.66,268109.735,56047,CT,701157.0,685814.0,4587809,-0.2622557993046596,-1843.6600000000326
56047,CT,2025,3,1594999.13,607101.6359999999,56047,CT,1590793.0,1549985.0,10417298,-0.26370735387171584,-4206.129999999888
56047,CT,2025,4,1144088.09,435545.07499999995,56047,CT,1141794.01,1118116.01,7487615,-0.20051602844673214,-2294.0800000000745
561,CT,2020,2,82.8,0.0,561,CT,21.42,21.29,323,-74.13043478260869,-61.379999999999995
561,CT,2020,3,17.59,0.0,561,CT,21.91,21.78,329,24.559408754974417,4.32
561,CT,2021,2,25.79,0.0,561,CT,73.67999999999999,46.45,902,185.69212873206666,47.88999999999999
561,CT,2021,3,35.58,0.0,561,CT,64.49000000000001,40.65,790,81.25351320966838,28.91000000000001
561,CT,2022,2,11.28,0.0,561,CT,13.100000000000001,12.89,241,16.134751773049665,1.820000000000002
561,CT,2022,3,142.64,0.0,561,CT,11.530000000000001,11.36,213,-91.91671340437465,-131.10999999999999
561,CT,2023,2,0.0,0.0,561,CT,19.880000000000003,19.68,308,,19.880000000000003
561,CT,2023,3,35.58,0.0,561,CT,30.490000000000002,30.189999999999998,458,-14.305789769533437,-5.089999999999996
561,CT,2024,2,0.0,0.0,561,CT,20.23,20.060000000000002,286,,20.23
561,CT,2024,3,56.85,0.0,561,CT,17.990000000000002,17.85,257,-68.35532102022867,-38.86
56189,CT,2020,2,0.0,0.0,56189,CT,142.56,142.56,1573,,142.56
56189,CT,2020,3,0.0,0.0,56189,CT,145.79,145.79,1608,,145.79
56189,CT,2021,2,0.0,0.0,56189,CT,331.99,331.99,3904,,331.99
56189,CT,2021,3,0.0,0.0,56189,CT,290.6,290.6,3419,,290.6
56189,CT,2022,2,0.0,0.0,56189,CT,67.75,67.75,833,,67.75
56189,CT,2022,3,0.0,0.0,56189,CT,59.66,59.66,735,,59.66
56189,CT,2023,2,0.0,0.0,56189,CT,359.36,359.36,4253,,359.36
56189,CT,2023,3,0.0,0.0,56189,CT,551.23,551.23,6526,,551.23
56189,CT,2024,2,0.0,0.0,56189,CT,363.07,363.07,4194,,363.07
56189,CT,2024,3,0.0,0.0,56189,CT,323.03,323.03,3726,,323.03
562,CT,2020,1,1737.65,1305.015,562,CT,1620.26,-2693.6099999999997,22726,-6.755675768998365,-117.3900000000001
562,CT,2020,2,75147.46,49224.215,562,CT,73292.95000000001,66533.22,801665,-2.467827921263067,-1854.5099999999948
562,CT,2020,3,169903.44,104614.031,562,CT,169669.61,158942.65999999997,1829554,-0.13762522995415294,-233.8300000000163
562,CT,2020,4,76637.70999999999,56394.477,562,CT,76806.19,72058.75,860458,0.21983955418293488,168.48000000001048
562,CT,2021,1,4047.19,3589.673,562,CT,2765.79,-2199.2900000000004,16145,-31.66147376327773,-1281.4
562,CT,2021,2,69960.77,44819.371,562,CT,64916.56,57713.06,695930,-7.210055006541532,-5044.210000000006
562,CT,2021,3,102177.19,63348.357,562,CT,101046.88,82440.33,1088652,-1.106225371827115,-1130.3099999999977
562,CT,2021,4,21570.89,11177.433,562,CT,21456.79,16693.91,230823,-0.5289536036760586,-114.09999999999854
562,CT,2022,1,108337.16,104534.842,562,CT,107977.14000000001,98581.67,1089573,-0.33231441547848356,-360.0199999999895
562,CT,2022,2,4892.15,3340.942,562,CT,4673.5599999999995,1179.3799999999999,57228,-4.468178612675412,-218.59000000000015
562,CT,2022,3,88136.42,57557.682,562,CT,82937.75,55226.0,939249,-5.898435629674995,-5198.669999999998
562,CT,2022,4,41075.41,32857.69,562,CT,39481.53,33252.97,397199,-3.880375144155602,-1593.8800000000047
562,CT,2023,1,34720.119999999995,29826.396,562,CT,33780.69,27959.140000000003,351747,-2.70572221524578,-939.429999999993
562,CT,2023,2,22148.59,14021.886,562,CT,21158.340000000004,16756.14,226326,-4.470939233603567,-990.2499999999964
562,CT,2023,3,57417.1,37101.396,562,CT,54011.98,46828.17,586909,-5.93049805719898,-3405.1199999999953
562,CT,2023,4,87448.69,52020.803,562,CT,86110.01,78228.54999999999,832474,-1.530817671482566,-1338.6800000000076
562,CT,2024,1,659.94,520.419,562,CT,98.34,-3768.37,1520,-85.09864533139377,-561.6
562,CT,2024,2,8599.54,6700.12,562,CT,8309.81,4833.94,97099,-3.3691336978489703,-289.7300000000014
562,CT,2024,3,24371.559999999998,18519.368,562,CT,20813.2,16273.269999999999,242049,-14.600460536789592,-3558.359999999997
562,CT,2024,4,21043.56,19336.447,562,CT,19763.64,15614.19,225775,-6.08224083757692,-1279.920000000002
563,CT,2020,1,11.0,39.7,563,CT,269.84000000000003,268.12,3718,2353.0909090909095,258.84000000000003
563,CT,2020,2,281.68,428.70000000000005,563,CT,204.24,202.95,2808,-27.49218971882988,-77.44
563,CT,2020,3,847.8,1129.2,563,CT,208.84,207.52,2869,-75.36683179995282,-638.9599999999999
563,CT,2020,4,171.23999999999998,214.6,563,CT,890.08,884.42,12240,419.78509693996733,718.84
563,CT,2021,1,202.28,266.0,563,CT,229.4,160.49,3190,13.407158394304927,27.120000000000005
563,CT,2021,2,242.4,317.79999999999995,563,CT,274.15999999999997,191.81,3815,13.102310231023088,31.759999999999962
563,CT,2021,3,959.14,1251.3,563,CT,1080.13,755.6899999999999,15034,12.61442542277458,120.99000000000012
563,CT,2021,4,15.04,51.199999999999996,563,CT,44.32,31.0,614,194.6808510638298,29.28
563,CT,2022,1,401.51,545.7,563,CT,458.51,367.26,6671,14.196408557694703,57.0
563,CT,2022,2,309.51,373.3,563,CT,313.6,251.19000000000003,4562,1.3214435720978424,4.090000000000032
563,CT,2022,3,743.5,937.0,563,CT,787.07,630.41,11442,5.860121049092139,43.57000000000005
563,CT,2022,4,266.13,357.1,563,CT,299.82000000000005,240.16000000000003,4363,12.659226693721134,33.690000000000055
563,CT,2023,1,0.0,2.2,563,CT,0.0,0.0,0,,0.0
563,CT,2023,2,0.0,0.8,563,CT,0.0,0.0,0,,0.0
565,CT,2020,2,146.18,0.0,565,CT,21.42,21.29,737,-85.34683267204815,-124.76
565,CT,2020,3,119.71,0.0,565,CT,21.91,21.78,753,-81.6974354690502,-97.8
565,CT,2021,2,0.0,0.0,565,CT,34.61,34.38,630,,34.61
565,CT,2021,3,23.64,0.0,565,CT,30.3,30.1,542,28.17258883248731,6.66
565,CT,2022,2,11.28,0.0,565,CT,7.44,7.35,123,-34.042553191489354,-3.839999999999999
565,CT,2022,3,46.77,0.0,565,CT,6.56,6.48,113,-85.9739149027154,-40.21
565,CT,2023,2,0.0,0.0,565,CT,13.379999999999999,13.18,190,,13.379999999999999
565,CT,2023,3,35.36,0.0,565,CT,20.53,20.23,291,-41.94004524886877,-14.829999999999998
565,CT,2024,2,51.89,0.0,565,CT,24.99,24.82,358,-51.84043168240508,-26.900000000000002
565,CT,2024,3,1.52,0.0,565,CT,22.22,22.080000000000002,319,1361.842105263158,20.7
56629,CT,2020,1,2253.02,1417.94,56629,CT,4485.66,4485.66,48035,99.09543634765781,2232.64
56629,CT,2020,2,4801.82,2846.64,56629,CT,4296.44,4296.44,46013,-10.524759362075216,-505.3800000000001
56629,CT,2020,3,8228.47,4895.972,56629,CT,5330.75,5330.75,57078,-35.21578130563762,-2897.7199999999993
56629,CT,2020,4,5511.75,3284.989,56629,CT,4358.16,4358.16,46667,-20.92965029255681,-1153.5900000000001
56629,CT,2021,1,2533.99,1600.538,56629,CT,1683.5,1683.5,17934,-33.56327373036199,-850.4899999999998
56629,CT,2021,2,5499.54,3190.589,56629,CT,1600.94,1600.94,17056,-70.88956530909857,-3898.6
56629,CT,2021,3,13556.18,7774.532,56629,CT,1964.12,1964.12,20925,-85.51125759616647,-11592.060000000001
56629,CT,2021,4,11087.11,6359.96,56629,CT,1831.44,1831.44,19511,-83.48135808159203,-9255.67
56629,CT,2022,1,4330.83,2574.619,56629,CT,4374.99,4272.2,43275,1.0196659762678253,44.159999999999854
56629,CT,2022,2,10571.33,6182.834,56629,CT,10506.599999999999,10259.78,103915,-0.6123165202486478,-64.73000000000138
56629,CT,2022,3,21527.42,12517.824,56629,CT,21268.88,20769.24,210368,-1.2009799595120887,-258.53999999999724
56629,CT,2022,4,7780.29,4708.155,56629,CT,7950.549999999999,7763.790000000001,78637,2.1883503057083904,170.2599999999993
56629,CT,2023,1,6149.87,3600.46,56629,CT,6293.42,6149.13,60351,2.334195682185155,143.55000000000018
56629,CT,2023,2,5760.67,3269.024,56629,CT,5712.54,5581.530000000001,54778,-0.835493093685285,-48.13000000000011
56629,CT,2023,3,18722.76,10574.036,56629,CT,18481.59,18057.77,177229,-1.2881113681957055,-241.16999999999825
56629,CT,2023,4,10634.83,6081.175,56629,CT,10590.45,10347.59,101555,-0.4173080340729396,-44.3799999999992
56629,CT,2024,1,5536.1,3160.313,56629,CT,5499.18,5380.68,52139,-0.6668954679286876,-36.92000000000007
56629,CT,2024,2,10519.32,6022.83,56629,CT,10480.599999999999,10254.79,99351,-0.36808462904447403,-38.720000000001164
56629,CT,2024,3,17094.3,10039.383,56629,CT,17198.0,16827.45,163038,0.606634960191413,103.70000000000073
56629,CT,2024,4,11731.39,6676.186,56629,CT,11564.25,11315.09,109631,-1.4247246063765626,-167.13999999999942
56798,CT,2020,1,355790.82999999996,151684.61,56798,CT,356551.0,338762.0,2590675,0.21365643403458207,760.1700000000419
56798,CT,2020,2,395409.88,163856.036,56798,CT,395371.0,381844.0,2763554,-0.009832834728359508,-38.88000000000466
56798,CT,2020,3,985621.3500000001,406637.841,56798,CT,986492.0,957305.0,6836602,0.08833514006163795,870.6499999999069
56798,CT,2020,4,91194.31,38805.019,56798,CT,91527.0,88454.01000000001,655844,0.3648144275668102,332.6900000000023
56798,CT,2021,1,93042.29000000001,39974.995,56798,CT,93040.0,88615.0,664449,-0.0024612463859263875,-2.290000000008149
56798,CT,2021,2,717488.9,290301.885,56798,CT,717520.0,695271.0,4987931,0.004334561830848772,31.099999999976717
56798,CT,2021,3,1053760.93,424406.85400000005,56798,CT,1054679.0,1023745.0,7287131,0.08712317698095576,918.0700000000652
56798,CT,2021,4,629520.26,255150.078,56798,CT,630329.0,610641.0,4388629,0.1284692568909523,808.7399999999907
56798,CT,2022,1,241280.01,99239.821,56798,CT,240946.0,232325.0,1708921,-0.13843252078778068,-334.0100000000093
56798,CT,2022,2,869856.94,351028.82,56798,CT,870313.0,845098.0,5995213,0.052429310962335475,456.0600000000559
56798,CT,2022,3,1148245.33,455362.202,56798,CT,1149094.0,1116625.0,7923685,0.07391016343170545,848.6699999999255
56798,CT,2022,4,228397.45,96800.535,56798,CT,228709.0,222180.01,1630770,0.13640695200405623,311.54999999998836
56798,CT,2023,1,159523.57,65622.533,56798,CT,159331.0,155184.0,1136042,-0.12071570364179222,-192.57000000000698
56798,CT,2023,2,776035.1100000001,311548.215,56798,CT,776340.0,755248.0,5382644,0.03928817086637968,304.88999999989755
56798,CT,2023,3,1195458.02,479118.902,56798,CT,1196247.0,1163946.0,8254021,0.06599813517500024,788.9799999999814
56798,CT,2023,4,643535.85,257731.086,56798,CT,643959.01,625729.01,4446017,0.06575546645925516,423.1600000000326
56798,CT,2024,1,276017.13,114538.997,56798,CT,276378.01,266363.0,1946554,0.1307455084400032,360.88000000000466
56798,CT,2024,2,624596.89,248286.733,56798,CT,624676.0,607414.0,4294858,0.012665769117099835,79.10999999998603
56798,CT,2024,3,1252372.81,496406.695,56798,CT,1252679.0,1220260.0,8596737,0.024448790133023098,306.1899999999441
56798,CT,2024,4,838371.14,331531.73,56798,CT,839634.0,818477.01,5768928,0.15063257067746702,1262.859999999986
56798,CT,2025,1,375695.62,156197.068,56798,CT,376493.0,364981.0,2673348,0.21224096251108937,797.3800000000047
56798,CT,2025,2,808444.12,321036.08200000005,56798,CT,808429.0,786110.0,5589361,-0.001870259134298032,-15.119999999995343
56798,CT,2025,3,1203921.4100000001,477052.13,56798,CT,1204424.0,1171991.0,8310681,0.041746080418974436,502.589999999851
56798,CT,2025,4,918405.24,365936.354,56798,CT,919502.0,893108.0,6360810,0.11942005034727474,1096.7600000000093
568,CT,2020,1,981885.13,374208.65800000005,568,CT,979863.0,951033.0,6495757,-0.20594364230773154,-2022.1300000000047
568,CT,2020,2,903519.54,343048.941,568,CT,902063.0,875203.0,5961729,-0.16120736027469168,-1456.5400000000373
568,CT,2020,3,976012.27,375493.468,568,CT,974580.0,945785.01,6468260,-0.14674713054580948,-1432.2700000000186
568,CT,2020,4,858684.53,330346.85,568,CT,857152.0,832338.0,5717735,-0.17847415977087974,-1532.530000000028
568,CT,2021,1,1278892.44,661418.674,568,CT,1281973.01,1241364.0,9537602,0.2408779584309737,3080.570000000065
568,CT,2021,2,803712.65,307604.979,568,CT,802337.0,780590.0,5291043,-0.17116191962388835,-1375.6500000000233
568,CT,2021,3,1008605.0,386329.1,568,CT,1006914.0,991029.0,6585996,-0.16765730885728308,-1691.0
568,CT,2021,4,927001.19,353145.918,568,CT,925535.0,906639.0,6025951,-0.15816484550574786,-1466.1899999999441
568,CT,2022,1,843460.01,323365.109,568,CT,520072.0,508280.0,3433356,-38.34064521920843,-323388.01
568,CT,2022,2,886410.64,334614.236,568,CT,884909.0,866035.0,5852629,-0.16940681127203233,-1501.640000000014
568,CT,2022,3,1014557.0,383834.6,568,CT,1013088.0,990688.0,6637311,-0.14479225908450682,-1469.0
568,CT,2022,4,838728.95,319534.044,568,CT,837937.0,819911.0,5457513,-0.0944226379690308,-791.9499999999534
568,CT,2023,1,877239.53,333587.681,568,CT,875898.0,858081.0,5653590,-0.15292630508796473,-1341.530000000028
568,CT,2023,2,448956.32,178697.154,568,CT,447991.0,436412.0,3041303,-0.21501423568333042,-965.320000000007
568,CT,2023,3,984209.0,376827.9,568,CT,983571.0,961692.0,6416263,-0.06482362994038868,-638.0
568,CT,2023,4,738499.28,284907.053,568,CT,704222.0,688891.0,4788874,-4.641477781806372,-34277.28000000003
568,CT,2024,1,873861.7,334788.702,568,CT,872473.0,854573.0,5590204,-0.15891530662116826,-1388.6999999999534
568,CT,2024,2,722782.05,276376.505,568,CT,721993.0,705554.0,4650039,-0.1091684554147473,-789.0500000000466
568,CT,2024,3,1038445.0,394478.7,568,CT,1037433.0,1015185.0,6618007,-0.0974534038875434,-1012.0
568,CT,2024,4,928901.59,354372.376,568,CT,928630.0,909687.0,5920115,-0.02923775811385654,-271.5899999999674
568,CT,2025,1,887810.22,352331.188,568,CT,886607.01,867925.0,5741165,-0.13552558563698025,-1203.2099999999627
568,CT,2025,2,862448.2,331848.75,568,CT,860875.0,842115.0,5568283,-0.18241095523185666,-1573.1999999999534
568,CT,2025,3,933544.34,360463.603,568,CT,932806.0,911596.0,6009525,-0.07908997659393098,-738.3399999999674
568,CT,2025,4,765557.9,296501.228,568,CT,764605.01,751453.0,4841427,-0.12447001069416355,-952.890000000014
581,CT,2020,2,22.5,0.0,581,CT,33.89,33.76,494,50.62222222222223,11.39
581,CT,2020,3,149.28,0.0,581,CT,34.65,34.53,506,-76.78858520900322,-114.63
581,CT,2021,2,66.47,0.0,581,CT,55.81,55.6,855,-16.037310064690832,-10.659999999999997
581,CT,2021,3,74.07,0.0,581,CT,48.86,48.67,751,-34.035371945456994,-25.209999999999994
581,CT,2022,2,20.07,0.0,581,CT,13.829999999999998,13.79,215,-31.09118086696563,-6.240000000000002
581,CT,2022,3,188.58,0.0,581,CT,12.17,12.14,186,-93.54650546187295,-176.41000000000003
581,CT,2023,2,23.12,0.0,581,CT,9.83,9.59,128,-57.482698961937714,-13.290000000000001
6156,CT,2020,1,0.0,0.0,6156,CT,0.0,-5861.0,18226,,0.0
6156,CT,2020,2,1150.38,899.234,6156,CT,1150.0,-3677.9900000000002,14994,-0.03303256315305456,-0.38000000000010914
6156,CT,2020,3,15687.84,11590.206999999999,6156,CT,15861.0,7822.0,165684,1.1037848422727403,173.15999999999985
6156,CT,2020,4,133.95,94.918,6156,CT,135.0,-4711.0,10266,0.7838745800671978,1.0500000000000114
6156,CT,2021,1,4334.43,1409.389,6156,CT,4374.0,-2352.99,47117,0.912922806458974,39.56999999999971
6156,CT,2021,2,14726.080000000002,11780.734999999999,6156,CT,14975.0,6863.0,179095,1.6903344270844531,248.91999999999825
6156,CT,2021,3,19529.989999999998,14980.19,6156,CT,19886.01,10603.01,230759,1.8229400015053794,356.02000000000044
6156,CT,2021,4,302.15999999999997,232.619,6156,CT,303.0,-5607.0,9126,0.2779984114376595,0.8400000000000318
6156,CT,2022,1,2274.98,1971.5430000000001,6156,CT,2894.0,-1978.0,43131,27.209909537666267,619.02
6156,CT,2022,2,2493.49,1731.365,6156,CT,2858.0,2350.0,14845,14.61846648673146,364.5100000000002
6156,CT,2022,3,24066.710000000003,19593.186999999998,6156,CT,27466.0,26753.0,230122,14.12444825237848,3399.2899999999972
6156,CT,2022,4,44145.27,41560.793,6156,CT,43909.0,43582.0,424628,-0.5352102275056803,-236.2699999999968
6156,CT,2023,1,14475.1,13253.158,6156,CT,12230.0,10274.0,210040,-15.510082831897536,-2245.1000000000004
6156,CT,2023,2,2288.55,1602.193,6156,CT,2756.0,2294.0,16413,20.425596993729645,467.4499999999998
6156,CT,2023,3,17623.89,15172.725999999999,6156,CT,10847.0,8510.0,109971,-38.45286142843606,-6776.889999999999
6156,CT,2023,4,538.47,387.196,6156,CT,0.0,0.0,0,-100.0,-538.47
6156,CT,2024,1,369.38,277.956,6156,CT,711.0,369.0,3609,92.48470409876009,341.62
6156,CT,2024,2,6538.639999999999,4953.436,6156,CT,8168.0,5776.01,78608,24.918943388839278,1629.3600000000006
6156,CT,2024,3,26288.190000000002,18636.393,6156,CT,28054.0,23942.0,328774,6.717122784033429,1765.8099999999977
6156,CT,2024,4,4291.75,4420.991,6156,CT,3026.0,2425.0,35365,-29.492631211044447,-1265.75
6156,CT,2025,1,14177.51,14100.114000000001,6156,CT,15401.0,12744.0,173792,8.629794653645103,1223.4899999999998
6156,CT,2025,2,17588.08,12466.129,6156,CT,18182.0,15801.01,175224,3.3768324910962324,593.9199999999983
6156,CT,2025,3,64714.71,42770.573000000004,6156,CT,67196.0,61577.0,730539,3.834197819939239,2481.290000000001
6156,CT,2025,4,22570.94,20205.892,6156,CT,18131.0,15775.0,187764,-19.671046044161205,-4439.939999999999
6635,CT,2020,1,15.0,41.505,6635,CT,15.0,15.0,116,0.0,0.0
6635,CT,2020,2,453.07,335.934,6635,CT,455.0,455.0,6317,0.42598273997395697,1.9300000000000068
6635,CT,2020,3,398.28,289.641,6635,CT,398.0,398.0,5168,-0.07030229988951811,-0.2799999999999727
6635,CT,2020,4,910.89,705.078,6635,CT,920.01,920.01,10915,1.00121858841353,9.120000000000005
6635,CT,2021,1,1888.24,1293.612,6635,CT,1914.0,1914.0,23299,1.36423336016608,25.75999999999999
6635,CT,2021,2,389.41,266.673,6635,CT,386.0,386.0,4740,-0.8756837266634202,-3.410000000000025
6635,CT,2021,3,1414.14,976.003,6635,CT,1403.0,1403.0,17610,-0.7877579306150805,-11.1400000000001
6635,CT,2021,4,1403.82,1021.306,6635,CT,1401.0,1401.0,17454,-0.20088045475915262,-2.8199999999999363
6635,CT,2022,1,583.95,390.506,6635,CT,581.0,581.0,7348,-0.505180238034086,-2.9500000000000455
6635,CT,2022,2,390.36,300.447,6635,CT,0.0,0.0,0,-100.0,-390.36
6635,CT,2022,3,1356.95,1050.515,6635,CT,0.0,0.0,0,-100.0,-1356.95
6635,CT,2022,4,751.01,611.626,6635,CT,0.0,0.0,0,-100.0,-751.01
6635,CT,2023,1,309.11,230.856,6635,CT,0.0,0.0,0,-100.0,-309.11
6635,CT,2023,2,447.12,351.531,6635,CT,0.0,0.0,0,-100.0,-447.12
6635,CT,2023,3,1329.05,1041.017,6635,CT,0.0,0.0,0,-100.0,-1329.05
6635,CT,2023,4,1983.65,1521.437,6635,CT,0.0,0.0,0,-100.0,-1983.65
6635,CT,2024,1,392.12,290.074,6635,CT,0.0,0.0,0,-100.0,-392.12
6635,CT,2024,2,1279.26,1041.102,6635,CT,0.0,0.0,0,-100.0,-1279.26
6635,CT,2024,3,2459.64,2183.791,6635,CT,0.0,0.0,0,-100.0,-2459.64
6635,CT,2024,4,3656.7,2850.268,6635,CT,0.0,0.0,0,-100.0,-3656.7
6635,CT,2025,1,199.24,158.216,6635,CT,0.0,0.0,0,-100.0,-199.24
6635,CT,2025,2,1955.06,1331.775,6635,CT,0.0,0.0,0,-100.0,-1955.06
6635,CT,2025,3,5959.63,4004.046,6635,CT,0.0,0.0,0,-100.0,-5959.63
6635,CT,2025,4,2115.72,1433.65,6635,CT,0.0,0.0,0,-100.0,-2115.72
10030,DE,2020,1,15998.009999999998,8949.421,10030,DE,15922.0,15631.0,115586,-0.4751215932481503,-76.0099999999984
10030,DE,2020,2,20019.59,10821.346,10030,DE,19926.0,19399.0,144655,-0.46749209149638,-93.59000000000015
10030,DE,2020,3,41339.18,23178.746,10030,DE,40926.01,39829.01,297105,-0.9994634629907952,-413.16999999999825
10030,DE,2020,4,12565.220000000001,7263.4130000000005,10030,DE,12522.0,12338.0,75051,-0.3439653265123982,-43.220000000001164
10030,DE,2021,1,18161.52,9816.247,10030,DE,18066.01,17579.01,131152,-0.5258921059470906,-95.51000000000204
10030,DE,2021,2,18553.11,10488.731,10030,DE,18463.0,18057.0,134032,-0.48568676626183205,-90.11000000000058
10030,DE,2021,3,52690.79000000001,29148.186999999998,10030,DE,52470.0,51072.0,380910,-0.41902958752375535,-220.79000000000815
10030,DE,2021,4,35089.81,19947.382,10030,DE,34917.0,33974.0,253483,-0.4924791556295052,-172.80999999999767
10030,DE,2022,1,15528.95,8516.681,10030,DE,15472.0,15040.0,112320,-0.36673438963999966,-56.95000000000073
10030,DE,2022,2,19150.88,10846.877,10030,DE,19063.0,18655.0,138388,-0.4588823072360174,-87.88000000000102
10030,DE,2022,3,61377.729999999996,32445.5,10030,DE,61066.0,59451.0,443313,-0.5078877957852074,-311.7299999999959
10030,DE,2022,4,16556.829999999998,9800.662,10030,DE,16461.010000000002,16090.01,119500,-0.5787339726263788,-95.81999999999607
10030,DE,2023,1,3533.2000000000003,2062.775,10030,DE,3568.0,3430.0,25903,0.9849428280312387,34.79999999999973
10030,DE,2023,2,14964.199999999999,8765.569,10030,DE,14921.0,14562.0,108321,-0.2886890044238844,-43.19999999999891
10030,DE,2023,3,49595.369999999995,28297.922,10030,DE,49433.0,48041.0,358863,-0.3273894317150882,-162.36999999999534
10030,DE,2023,4,24398.86,13915.16,10030,DE,24305.0,23784.0,176445,-0.3846901043737313,-93.86000000000058
10030,DE,2024,1,11360.900000000001,6443.682000000001,10030,DE,11315.0,11088.0,82142,-0.4040172873628097,-45.900000000001455
10030,DE,2024,2,21177.09,11665.487,10030,DE,21084.0,20579.0,153061,-0.4395788089865045,-93.09000000000015
10030,DE,2024,3,51926.14,29392.186999999998,10030,DE,53020.0,51691.0,384904,2.1065690613629293,1093.8600000000006
10030,DE,2024,4,31942.629999999997,17864.216,10030,DE,31938.0,31163.0,231856,-0.014494736344494429,-4.629999999997381
10030,DE,2025,1,17354.34,9558.547999999999,10030,DE,17300.0,16870.0,125591,-0.3131205220135145,-54.340000000000146
10030,DE,2025,2,17085.21,9320.95,10030,DE,16977.0,16500.0,123244,-0.6333548139004387,-108.20999999999913
10030,DE,2025,3,51406.41,28178.054,10030,DE,51195.0,49758.0,371653,-0.4112522154338408,-211.4100000000035
10030,DE,2025,4,15728.84,8593.886,10030,DE,15658.01,15264.01,113670,-0.45031928610119965,-70.82999999999993
52193,DE,2020,1,0.0,44899.9,52193,DE,350896.01,327660.0,1760673,,350896.01
52193,DE,2020,2,0.0,44583.6,52193,DE,326508.0,304154.01,1638302,,326508.0
52193,DE,2020,3,0.0,32921.399,52193,DE,317287.0,298415.0,1592034,,317287.0
52193,DE,2020,4,0.0,55071.0,52193,DE,235526.0,219210.01,1181787,,235526.0
52193,DE,2021,1,0.0,55701.2,52193,DE,255739.0,238859.01,1283208,,255739.0
52193,DE,2021,2,0.0,52763.6,52193,DE,205953.0,191485.0,1033399,,205953.0
52193,DE,2021,3,0.0,45111.2,52193,DE,266877.83999999997,251184.0,1339099,,266877.83999999997
52193,DE,2021,4,0.0,48295.836,52193,DE,234057.0,218580.01,1174415,,234057.0
52193,DE,2022,1,0.0,57318.9,52193,DE,203158.01,188292.0,1019375,,203158.01
52193,DE,2022,2,0.0,41258.1,52193,DE,322417.0,300981.0,1617774,,322417.0
52193,DE,2022,3,0.0,35026.488,52193,DE,301668.0,283209.01,1513664,,301668.0
52193,DE,2022,4,0.0,44881.1,52193,DE,314729.01,294184.0,1579198,,314729.01
52193,DE,2023,1,0.0,39910.1,52193,DE,329728.0,306346.01,1654458,,329728.0
52193,DE,2023,2,0.0,43544.55,52193,DE,336839.01,318453.01,1690139,,336839.01
52193,DE,2023,3,0.0,45851.648,52193,DE,335535.0,316975.0,1683596,,335535.0
52193,DE,2023,4,0.0,42298.6,52193,DE,328228.0,307170.0,1646933,,328228.0
52193,DE,2024,1,0.0,44943.3,52193,DE,292582.0,274340.0,1468073,,292582.0
52193,DE,2024,2,0.0,51999.9,52193,DE,285639.0,270074.0,1433236,,285639.0
52193,DE,2024,3,0.0,29830.097,52193,DE,327756.0,307639.0,1644565,,327756.0
52193,DE,2024,4,0.0,44490.932,52193,DE,308437.0,288034.0,1547629,,308437.0
52193,DE,2025,1,0.0,46320.3,52193,DE,255896.0,237337.0,1283994,,255896.0
52193,DE,2025,2,0.0,41992.3,52193,DE,329987.0,310154.02,1655756,,329987.0
52193,DE,2025,3,0.0,41709.9,52193,DE,321022.01,302731.0,1610775,,321022.01
52193,DE,2025,4,0.0,42902.3,52193,DE,304924.01,284536.0,1530000,,304924.01
57349,DE,2020,1,441667.61,179108.483,57349,DE,441886.0,431254.0,3078526,0.04944668684217391,218.39000000001397
57349,DE,2020,2,462248.99,187917.598,57349,DE,463261.0,452249.0,3203787,0.21893179258217726,1012.0100000000093
57349,DE,2020,3,496919.27,203133.083,57349,DE,497184.0,485094.0,3421000,0.05327424714279673,264.7299999999814
57349,DE,2020,4,214941.82,88353.797,57349,DE,216509.0,211100.0,1487481,0.729118233017657,1567.179999999993
57349,DE,2021,1,100063.41,42007.783,57349,DE,101030.0,98053.0,717729,0.9659774736839335,966.5899999999965
57349,DE,2021,2,301699.03,125204.974,57349,DE,305068.0,297097.0,2151884,1.1166658374738465,3368.969999999972
57349,DE,2021,3,376283.85,155398.552,57349,DE,378715.0,369155.0,2629787,0.6460946968624944,2431.1500000000233
57349,DE,2021,4,346797.4,142096.033,57349,DE,349762.01,339245.0,2396057,0.8548535831006766,2964.609999999986
57349,DE,2022,1,209735.03,87103.233,57349,DE,212080.0,206520.0,1490382,1.118063110392194,2344.970000000001
57349,DE,2022,2,275011.29,114262.451,57349,DE,278023.0,270838.0,1975729,1.095122312978504,3011.710000000021
57349,DE,2022,3,445161.09,184612.308,57349,DE,446274.0,435534.0,3119815,0.25000163423986005,1112.9099999999744
57349,DE,2022,4,345698.11,145545.603,57349,DE,353425.0,344454.0,2411277,2.2351554077052995,7726.890000000014
57349,DE,2023,1,101506.17,43732.338,57349,DE,102690.0,99669.0,734151,1.1662640803017215,1183.8300000000017
57349,DE,2023,2,295445.97,123002.015,57349,DE,291107.0,283343.0,2081544,-1.4686170875845668,-4338.969999999972
57349,DE,2023,3,300564.11,127034.429,57349,DE,301033.0,293065.0,2131898,0.15600332321780336,468.89000000001397
57349,DE,2023,4,143547.55,61310.119,57349,DE,144788.0,140478.0,1034046,0.8641387470562972,1240.4500000000116
57349,DE,2024,1,155907.58,67235.308,57349,DE,159296.01,154445.0,1135905,2.173358088169942,3388.430000000022
57349,DE,2024,2,198106.6,85460.424,57349,DE,200990.0,195088.0,1440587,1.4554790198812124,2883.399999999994
57349,DE,2024,3,281053.35,117344.403,57349,DE,286173.0,278178.0,2057617,1.8215936582858818,5119.650000000023
57349,DE,2024,4,170207.83,73814.493,57349,DE,171907.0,166909.0,1239200,0.9982913242005453,1699.1700000000128
57349,DE,2025,1,118726.24,54157.694,57349,DE,121030.01000000001,117225.0,867507,1.940405086525105,2303.770000000004
57349,DE,2025,2,175609.12,75966.866,57349,DE,178832.0,173689.0,1285612,1.8352577588225512,3222.8800000000047
57349,DE,2025,3,231650.03,101072.156,57349,DE,236667.0,230008.0,1694392,2.1657540903405024,5016.970000000001
57349,DE,2025,4,340468.14,142470.825,57349,DE,343070.0,334530.01,2401885,0.7642007266817934,2601.859999999986
591,DE,2020,1,0.6,3.0,591,DE,18.57,0.0,534,2995.0,17.97
591,DE,2020,2,56.6,132.6,591,DE,14.739999999999998,0.0,418,-73.95759717314488,-41.86
591,DE,2020,3,0.0,0.0,591,DE,19.1,0.0,545,,19.1
591,DE,2020,4,0.0,0.0,591,DE,16.61,0.0,470,,16.61
591,DE,2021,1,0.0,0.0,591,DE,0.0,0.0,0,,0.0
591,DE,2021,2,24.3,47.0,591,DE,26.75,21.3,595,10.082304526748969,2.4499999999999993
591,DE,2021,3,121.46000000000001,261.1,591,DE,148.46,118.17999999999999,3296,22.22954058949448,27.0
591,DE,2021,4,20.5,45.4,591,DE,25.790000000000003,20.529999999999998,573,25.8048780487805,5.290000000000003
591,DE,2022,1,0.0,0.0,591,DE,0.0,0.0,0,,0.0
591,DE,2022,2,129.06,217.6,591,DE,130.41,115.34,2706,1.046025104602506,1.3499999999999943
591,DE,2022,3,602.64,1017.5,591,DE,609.72,539.29,12651,1.1748307447232247,7.080000000000041
591,DE,2022,4,927.97,1580.6,591,DE,947.87,838.37,19665,2.144465877129646,19.899999999999977
591,DE,2023,1,17.6,59.1,591,DE,35.18,14.48,745,99.88636363636361,17.58
591,DE,2023,2,217.57999999999998,304.2,591,DE,181.26,74.62,3855,-16.692710727088887,-36.31999999999999
591,DE,2023,3,135.12,193.5,591,DE,115.16000000000001,47.41,2452,-14.772054470100645,-19.959999999999994
591,DE,2023,4,109.81,336.4,591,DE,200.41000000000003,82.5,4259,82.50614698114927,90.60000000000002
591,DE,2024,1,27.94,53.6,591,DE,28.57,13.39,681,2.2548317823908337,0.629999999999999
591,DE,2024,2,92.55,181.9,591,DE,97.16999999999999,45.540000000000006,2312,4.991896272285241,4.61999999999999
591,DE,2024,3,225.31,426.0,591,DE,227.44,106.58999999999999,5411,0.945364164928319,2.1299999999999955
591,DE,2024,4,86.89,205.6,591,DE,109.81,51.47,2613,26.378179307169987,22.92
592,DE,2020,2,1.0,0.0,592,DE,9.83,0.0,175,883.0,8.83
592,DE,2020,3,22.7,0.0,592,DE,12.73,0.0,232,-43.920704845814974,-9.969999999999999
592,DE,2021,2,21.5,0.0,592,DE,24.21,15.85,362,12.6046511627907,2.710000000000001
592,DE,2021,3,37.2,0.0,592,DE,24.1,15.77,355,-35.215053763440864,-13.100000000000001
592,DE,2022,2,0.2,0.0,592,DE,1.02,0.0,24,409.99999999999994,0.8200000000000001
592,DE,2022,3,1.65,0.0,592,DE,1.17,0.0,30,-29.09090909090909,-0.48
592,DE,2023,2,41.76,0.0,592,DE,30.810000000000002,-134.69,518,-26.221264367816083,-10.949999999999996
592,DE,2023,3,76.49,0.0,592,DE,28.73,-125.56,484,-62.43953457968361,-47.75999999999999
592,DE,2024,2,0.0,0.0,592,DE,55.93,-324.03999999999996,1128,,55.93
592,DE,2024,3,191.29,0.0,592,DE,52.54,-304.44,1065,-72.5338491295938,-138.75
593,DE,2020,1,0.0,0.0,593,DE,5.38,0.0,273,,5.38
593,DE,2020,2,11487.9,6996.101,593,DE,11607.28,9257.0,126094,1.0391803549822074,119.38000000000102
593,DE,2020,3,169292.93,110332.272,593,DE,169094.54,155742.0,1819710,-0.11718741001173817,-198.38999999998487
593,DE,2020,4,11090.35,6617.37,593,DE,11479.820000000002,10480.0,120534,3.511791782946446,389.47000000000116
593,DE,2021,1,0.0,80.907,593,DE,53.489999999999995,47.37,4057,,53.489999999999995
593,DE,2021,2,110406.20999999999,77885.84599999999,593,DE,111358.54000000001,101838.45999999999,1217234,0.8625692341037849,952.3300000000163
593,DE,2021,3,168407.43,115622.5,593,DE,168321.37,152988.31,1809655,-0.05110225837422831,-86.05999999999767
593,DE,2021,4,44697.11,30247.268,593,DE,44680.6,37581.87,479706,-0.036937511172427114,-16.510000000002037
593,DE,2022,1,11962.07,9125.199,593,DE,11687.56,6856.0,130731,-2.2948369303975,-274.5100000000002
593,DE,2022,2,55244.5,37684.47,593,DE,52540.94,46792.0,638947,-4.893808433418707,-2703.5599999999977
593,DE,2022,3,269207.88,174909.701,593,DE,267849.1,246845.0,2850807,-0.5047326252114269,-1358.780000000028
593,DE,2022,4,49548.11,39434.147,593,DE,46808.39,39444.01,589583,-5.529413735458327,-2739.720000000001
593,DE,2023,1,9973.95,7936.485000000001,593,DE,9947.29,2531.2099999999996,113013,-0.2672963068794194,-26.659999999999854
593,DE,2023,2,23687.739999999998,16684.597999999998,593,DE,22905.04,15560.78,278942,-3.3042409280074723,-782.6999999999971
593,DE,2023,3,196178.90999999997,129080.31,593,DE,187301.91,176724.77000000002,2082106,-4.524951229467007,-8876.99999999997
593,DE,2023,4,36640.13,25528.227,593,DE,35124.79,27477.249999999996,409500,-4.135738601364124,-1515.3399999999965
593,DE,2024,1,42017.04,32701.087,593,DE,42974.46,32643.640000000003,426300,2.2786469489521353,957.4199999999983
593,DE,2024,2,112502.14,74880.05,593,DE,111104.89,101091.56999999999,1245017,-1.2419763748494028,-1397.25
593,DE,2024,3,200082.51,130047.543,593,DE,190709.01,178929.38,2126917,-4.684817278631701,-9373.5
593,DE,2024,4,22541.260000000002,16502.047,593,DE,21634.65,14897.39,257107,-4.022002319302472,-906.6100000000006
594,DE,2020,1,0.0,0.0,594,DE,0.0,-9102.0,0,,0.0
594,DE,2020,2,0.0,0.0,594,DE,6.0,-6974.0,98,,6.0
594,DE,2020,3,110525.51000000001,113561.565,594,DE,110466.0,89443.0,1347920,-0.053842773491847545,-59.51000000000931
594,DE,2020,4,46990.36,50173.496,594,DE,47321.0,32610.010000000002,679251,0.703633681461473,330.6399999999994
594,DE,2021,1,148236.8,158321.893,594,DE,148381.0,123270.0,1984387,0.0972767895691297,144.20000000001164
594,DE,2021,2,50791.97,54237.747,594,DE,50859.0,36435.0,569861,0.13196967945917204,67.02999999999884
594,DE,2021,3,146164.03,157068.717,594,DE,147154.0,122203.0,1891007,0.6773007011369357,989.9700000000012
594,DE,2021,4,13315.19,16029.459,594,DE,13383.0,3102.0099999999998,240493,0.5092679864125069,67.80999999999949
594,DE,2022,1,118192.98,123472.98,594,DE,117944.0,94952.0,1383748,-0.21065548901465717,-248.97999999999593
594,DE,2022,2,35624.21,38246.877,594,DE,35586.0,23258.01,447358,-0.10725851885557357,-38.20999999999913
594,DE,2022,3,3851.54,4189.27,594,DE,3869.0,-4928.0,55853,0.453325163441118,17.460000000000036
594,DE,2022,4,2761.46,3846.319,594,DE,3357.0,-5192.0,51019,21.566128062691472,595.54
594,DE,2023,1,0.0,137.975,594,DE,96.0,-8464.01,1379,,96.0
594,DE,2023,2,1232.75,2541.678,594,DE,1267.01,-7847.01,20918,2.779152301764347,34.25999999999999
594,DE,2023,3,18638.5,21290.873,594,DE,18672.01,8427.01,295033,0.17978914612226518,33.5099999999984
594,DE,2023,4,6888.03,7563.648,594,DE,6897.0,-1399.0,82066,0.13022591365020558,8.970000000000255
594,DE,2024,1,36881.03,38147.72,594,DE,36878.0,23932.010000000002,430889,-0.00821560569213722,-3.029999999998836
594,DE,2024,2,29239.44,32109.603,594,DE,29222.0,16694.0,416089,-0.05964546516622305,-17.43999999999869
594,DE,2024,3,56317.04,63834.826,594,DE,56283.0,40064.0,767893,-0.06044351762805871,-34.04000000000087
594,DE,2024,4,83883.8,95712.126,594,DE,82838.0,67194.0,992301,-1.2467246357461188,-1045.800000000003
594,DE,2025,1,286792.33,315033.278,594,DE,278822.0,254270.99,3095823,-2.77912941395609,-7970.330000000016
594,DE,2025,2,406.18,0.0,594,DE,445.0,346.0,7177,9.557339110739079,38.81999999999999
594,DE,2025,3,781.93,0.0,594,DE,808.0,732.0,13018,3.3340580358855716,26.07000000000005
594,DE,2025,4,0.0,0.0,594,DE,629.0,522.0,8821,,629.0
597,DE,2020,2,5.4,0.0,597,DE,15.39,0.0,534,185.0,9.99
597,DE,2020,3,39.51,0.0,597,DE,19.92,0.0,690,-49.58238420652998,-19.589999999999996
597,DE,2021,2,72.0,0.0,597,DE,28.52,9.74,511,-60.38888888888889,-43.480000000000004
597,DE,2021,3,16.88,0.0,597,DE,28.39,9.69,501,68.18720379146922,11.510000000000002
597,DE,2022,2,0.54,0.0,597,DE,22.93,0.0,425,4146.2962962962965,22.39
597,DE,2022,3,58.08,0.0,597,DE,26.12,0.0,477,-55.02754820936639,-31.959999999999997
597,DE,2023,2,13.71,0.0,597,DE,26.619999999999997,-1161.77,879,94.16484318016045,12.909999999999997
597,DE,2023,3,36.68,0.0,597,DE,24.81,-1082.98,821,-32.36095965103599,-11.870000000000001
597,DE,2024,2,54.58,0.0,597,DE,52.09,-1140.47,1118,-4.562110663246601,-2.489999999999995
597,DE,2024,3,93.06,0.0,597,DE,48.94,-1071.4499999999998,1054,-47.410272942187845,-44.120000000000005
599,DE,2020,1,0.0,0.0,599,DE,0.0,0.0,0,,0.0
599,DE,2020,2,325.65,267.768,599,DE,578.0,543.0,4784,77.49117150314756,252.35000000000002
599,DE,2020,3,4667.1,3530.461,599,DE,5061.0,4507.0,64446,8.439930577874904,393.89999999999964
599,DE,2020,4,0.0,0.0,599,DE,0.0,0.0,0,,0.0
599,DE,2021,1,0.0,15.013,599,DE,0.0,0.0,0,,0.0
599,DE,2021,2,0.0,0.0,599,DE,0.0,0.0,0,,0.0
7153,DE,2020,1,57608.08,40779.701,7153,DE,82604.0,79526.0,691967,43.38960784667706,24995.92
7153,DE,2020,2,315367.47,232152.444,7153,DE,472438.0,463745.0,3918571,49.805558575841715,157070.53000000003
7153,DE,2020,3,622116.5800000001,464847.543,7153,DE,941700.0,929674.0,7715288,51.370342838314954,319583.4199999999
7153,DE,2020,4,157909.28,114964.437,7153,DE,230562.0,225898.01,1931554,46.009151583744796,72652.72
7153,DE,2021,1,22803.55,16847.690000000002,7153,DE,29346.0,27156.02,280796,28.690488980882368,6542.450000000001
7153,DE,2021,2,242405.03,152673.017,7153,DE,301872.0,291687.0,2576934,24.53206932215887,59466.97
7153,DE,2021,3,471549.61,292627.939,7153,DE,576762.0,562730.0,4878807,22.312051111652924,105212.39000000001
7153,DE,2021,4,343036.19,163533.18,7153,DE,337654.02,327140.0,2740647,-1.5689802291705677,-5382.169999999984
7153,DE,2022,1,221586.48,114245.353,7153,DE,221340.01,210040.0,2064935,-0.11122971040471473,-246.47000000000116
7153,DE,2022,2,395455.32,194697.454,7153,DE,392038.0,377535.0,3299292,-0.8641481925189441,-3417.320000000007
7153,DE,2022,3,946247.14,455926.877,7153,DE,937880.0,918390.0,7740976,-0.8842446805176091,-8367.140000000014
7153,DE,2022,4,505245.45,255606.774,7153,DE,503379.0,492549.0,4280026,-0.3694145093241338,-1866.4500000000116
7153,DE,2023,1,381239.64,182350.204,7153,DE,376870.01,364078.01,3082623,-1.1461636046031323,-4369.630000000005
7153,DE,2023,2,453351.83999999997,223238.03100000002,7153,DE,449485.0,435861.0,3736947,-0.8529445915560787,-3866.8399999999674
7153,DE,2023,3,755451.02,457873.76,7153,DE,905990.0,884091.0,7605415,19.927033787048163,150538.97999999998
7153,DE,2023,4,223302.57,142898.157,7153,DE,286000.0,273054.0,2353976,28.07734366872714,62697.42999999999
7153,DE,2024,1,263811.63,156819.952,7153,DE,314719.0,302275.0,2548311,19.29686344760464,50907.369999999995
7153,DE,2024,2,368671.81,244912.15,7153,DE,483750.0,467950.0,3997526,31.214263439344602,115078.19
7153,DE,2024,3,618642.77,310243.674,7153,DE,619835.0,602490.0,5231829,0.19271703442036206,1192.2299999999814
7153,DE,2024,4,432218.83,212482.684,7153,DE,431183.01,418086.0,3539306,-0.23965175233110667,-1035.820000000007
7153,DE,2025,1,386721.55000000005,194547.949,7153,DE,383858.0,371605.0,3144786,-0.740468174064788,-2863.5500000000466
7153,DE,2025,2,365506.64,182859.454,7153,DE,362805.01,350681.0,3042045,-0.739146626720654,-2701.6300000000047
7153,DE,2025,3,898254.0800000001,450643.557,7153,DE,893256.0,869861.0,7406745,-0.5564216307261387,-4998.0800000000745
7153,DE,2025,4,587244.8,296832.897,7153,DE,602627.0,586793.01,4908165,2.619384624606289,15382.199999999953
7318,DE,2020,1,109.2,157.218,7318,DE,1328.4,1328.02,19402,1116.4835164835165,1219.2
7318,DE,2020,2,853.77,824.523,7318,DE,1884.23,1883.69,27519,120.69526921770502,1030.46
7318,DE,2020,3,4308.83,3701.741,7318,DE,2656.73,2655.96,38801,-38.34219498100413,-1652.1
7318,DE,2020,4,1625.06,1370.091,7318,DE,1076.64,1076.33,15723,-33.747677008848896,-548.4199999999998
7318,DE,2021,1,1125.78,930.522,7318,DE,1075.27,1069.54,15336,-4.486667021975873,-50.50999999999999
7318,DE,2021,2,1682.77,1520.659,7318,DE,1757.3300000000002,1747.99,25062,4.430789709823694,74.56000000000017
7318,DE,2021,3,2783.28,2433.715,7318,DE,2812.41,2797.46,40108,1.0466068810899245,29.129999999999654
7318,DE,2021,4,0.0,0.0,7318,DE,0.0,0.0,0,,0.0
7318,DE,2022,1,97.86,93.915,7318,DE,99.73000000000002,98.61000000000001,1430,1.91089311260987,1.8700000000000188
7318,DE,2022,2,376.77,353.795,7318,DE,408.9,404.32000000000005,5877,8.52774902460387,32.129999999999995
7318,DE,2022,3,1050.4,897.536,7318,DE,998.69,987.54,14354,-4.922886519421176,-51.710000000000036
7318,DE,2022,4,10.2,11.867,7318,DE,13.69,13.54,194,34.21568627450981,3.49
7318,DE,2023,1,109.23,114.604,7318,DE,116.28,115.74,1929,6.454270804723975,7.049999999999997
7318,DE,2023,2,43.65,49.711,7318,DE,50.45,50.21,839,15.578465063001158,6.800000000000004
7318,DE,2023,3,417.11,370.274,7318,DE,376.18999999999994,374.40999999999997,6232,-9.81036177507134,-40.92000000000007
7318,DE,2023,4,87.44,89.232,7318,DE,90.08,89.64999999999999,1492,3.0192131747483995,2.6400000000000006
7318,DE,2024,1,111.62,100.551,7318,DE,245.46,243.53,2914,119.90682673356031,133.84
7318,DE,2024,2,105.69,90.361,7318,DE,310.03000000000003,307.59,3681,193.33901031318007,204.34000000000003
7318,DE,2024,3,1043.04,882.828,7318,DE,406.05,402.84,4819,-61.07052462034055,-636.99
7318,DE,2024,4,0.0,0.0,7318,DE,302.46000000000004,300.06,3590,,302.46000000000004
7962,DE,2020,1,346.03999999999996,294.763,7962,DE,313.0,-349.0,4631,-9.548029129580387,-33.039999999999964
7962,DE,2020,2,2121.7,1343.6390000000001,7962,DE,1742.0,1150.0,23439,-17.896026770985525,-379.6999999999998
7962,DE,2020,3,22033.989999999998,12959.86,7962,DE,21169.0,20523.0,220196,-3.925707509171049,-864.989999999998
7962,DE,2020,4,7616.09,4624.871,7962,DE,7457.0,6952.0,77482,-2.0888671221059645,-159.09000000000015
7962,DE,2021,1,5324.8099999999995,3333.918,7962,DE,5050.0,4230.0,52811,-5.160935319757879,-274.8099999999995
7962,DE,2021,2,8069.25,4822.501,7962,DE,7345.01,6743.0,82248,-8.975307494500726,-724.2399999999998
7962,DE,2021,3,8543.75,5143.743,7962,DE,7672.0,7229.0,86162,-10.2033650329188,-871.75
7962,DE,2021,4,3944.84,2429.4939999999997,7962,DE,3870.0,3363.0,39746,-1.89716186207806,-74.84000000000015
7962,DE,2022,1,6682.889999999999,4630.66,7962,DE,6162.01,5552.01,63621,-7.794232734640241,-520.8799999999992
7962,DE,2022,2,10180.07,5970.44,7962,DE,9434.0,8946.01,102143,-7.328731531315598,-746.0699999999997
7962,DE,2022,3,34288.82,19732.209000000003,7962,DE,32327.0,31404.0,346519,-5.7214567313777485,-1961.8199999999997
7962,DE,2022,4,17954.12,12393.135,7962,DE,16762.0,16166.0,178463,-6.6398130345569655,-1192.119999999999
7962,DE,2023,1,2341.19,1486.067,7962,DE,2303.0,1718.0,24234,-1.6312217291206632,-38.190000000000055
7962,DE,2023,2,1886.9099999999999,1146.041,7962,DE,1858.0,1398.0,19482,-1.532134548017651,-28.909999999999854
7962,DE,2023,3,13715.32,8113.401,7962,DE,13278.0,12601.0,136542,-3.1885511967639086,-437.3199999999997
7962,DE,2023,4,2307.1000000000004,1416.277,7962,DE,2260.0,1825.0,24072,-2.0415239911577463,-47.100000000000364
7962,DE,2024,1,231.41,147.82600000000002,7962,DE,230.0,-252.0,1016,-0.6093081543580643,-1.4099999999999966
7962,DE,2024,2,19768.89,11633.826000000001,7962,DE,18266.0,17689.0,196476,-7.602298358683768,-1502.8899999999994
7962,DE,2024,3,41089.66,24381.179,7962,DE,36523.0,35809.0,410782,-11.113890939959111,-4566.6600000000035
7962,DE,2024,4,13854.04,8542.67,7962,DE,13303.0,12700.0,139612,-3.9774679443685805,-551.0400000000009
7962,DE,2025,1,3505.91,2189.634,7962,DE,3471.0,2861.0,35957,-0.9957471811883322,-34.909999999999854
7962,DE,2025,2,17891.08,10619.41,7962,DE,16062.0,15551.0,181423,-10.223418597423976,-1829.0800000000017
7962,DE,2025,3,39098.04,23227.294,7962,DE,36457.0,35828.0,394232,-6.754916614745908,-2641.040000000001
7962,DE,2025,4,24273.64,15830.905999999999,7962,DE,26445.0,25801.0,272580,8.94534153097764,2171.3600000000006
10029,MA,2020,1,0.0,0.0,10029,MA,16404.0,14342.0,214343,,16404.0
10176,MA,2020,1,0.0,0.0,10176,MA,46.49,44.949999999999996,770,,46.49
10176,MA,2020,2,44.48,44.6,10176,MA,35.19,34.02,580,-20.885791366906474,-9.29
10176,MA,2020,3,367.75,386.3,10176,MA,35.98,34.78,597,-90.21617946974847,-331.77
10176,MA,2020,4,48.64,48.8,10176,MA,153.34,148.25,2538,215.25493421052633,104.7
10176,MA,2021,1,0.0,0.0,10176,MA,160.55,154.82,2773,,160.55
10176,MA,2021,2,73.7,89.1,10176,MA,33.11,31.939999999999998,577,-55.07462686567165,-40.59
10176,MA,2021,3,350.74,383.3,10176,MA,46.1,44.47,801,-86.8563608370873,-304.64
10176,MA,2021,4,0.0,0.0,10176,MA,153.25,147.79,2654,,153.25
10176,MA,2022,1,105.75,135.60000000000002,10176,MA,358.26,268.87,5349,238.78014184397162,252.51
10176,MA,2022,2,4.95,17.7,10176,MA,20.75,15.57,314,319.1919191919192,15.8
10176,MA,2022,3,297.36,332.5,10176,MA,18.26,13.71,275,-93.85929513048158,-279.1
10176,MA,2022,4,358.94,371.20000000000005,10176,MA,115.74000000000001,86.86999999999999,1735,-67.75505655541316,-243.2
10176,MA,2023,1,0.0,0.0,10176,MA,191.43,156.68,3175,,191.43
10176,MA,2023,2,0.0,0.0,10176,MA,35.68,29.200000000000003,594,,35.68
10176,MA,2023,3,315.51,443.1,10176,MA,40.75,33.35,677,-87.0844030300149,-274.76
10176,MA,2023,4,167.68,168.2,10176,MA,68.16,55.8,1137,-59.35114503816794,-99.52000000000001
10176,MA,2024,1,0.0,0.0,10176,MA,94.28999999999999,77.23,1624,,94.28999999999999
10176,MA,2024,2,50.24,50.4,10176,MA,88.89,72.80000000000001,1518,76.93073248407643,38.65
10176,MA,2024,3,772.22,836.3000000000001,10176,MA,114.41,93.69,1960,-85.18427391157961,-657.8100000000001
10176,MA,2024,4,218.56,219.1,10176,MA,260.42,213.29,4463,19.152635431918014,41.860000000000014
10307,MA,2020,1,1367.53,944.019,10307,MA,1740.0,1703.0,15977,27.236696818351337,372.47
10307,MA,2020,2,4492.3,3132.2889999999998,10307,MA,5986.0,5840.0,53172,33.250228168198916,1493.6999999999998
10307,MA,2020,3,27394.489999999998,19115.246,10307,MA,37406.0,36573.0,324990,36.54570681914503,10011.510000000002
10307,MA,2020,4,7709.4400000000005,5559.5,10307,MA,10170.0,9921.0,91526,31.916196247717078,2460.5599999999995
10307,MA,2021,1,1633.7800000000002,1117.584,10307,MA,2110.0,2066.0,18907,29.14835534772122,476.2199999999998
10307,MA,2021,2,22924.77,15948.449,10307,MA,31018.0,30280.0,270493,35.30342943462464,8093.23
10307,MA,2021,3,51988.78,36047.104999999996,10307,MA,70818.0,69237.0,614051,36.217853159854876,18829.22
10307,MA,2021,4,22018.46,14974.92,10307,MA,30025.02,29491.010000000002,251787,36.36294273078136,8006.560000000001
10307,MA,2022,1,0.0,0.0,10307,MA,0.0,0.0,0,,0.0
10307,MA,2022,2,4344.12,3189.551,10307,MA,5640.0,5482.0,54154,29.830667661114337,1295.88
10307,MA,2022,3,149284.21,102979.50200000001,10307,MA,204114.0,199610.0,1752835,36.7284590915543,54829.79000000001
10307,MA,2022,4,4891.33,6507.442,10307,MA,6168.0,5996.01,55937,26.100672005364594,1276.67
10307,MA,2023,1,8866.869999999999,7152.182,10307,MA,11503.01,11315.0,98911,29.730220472387682,2636.1400000000012
10307,MA,2023,2,0.0,0.0,10307,MA,0.0,0.0,0,,0.0
10307,MA,2023,3,59799.270000000004,40921.509999999995,10307,MA,80241.0,77948.0,698515,34.18391227852781,20441.729999999996
10307,MA,2023,4,6268.84,4462.07,10307,MA,8361.01,8162.0,74297,33.374117061529724,2092.17
10307,MA,2024,1,0.0,0.0,10307,MA,0.0,0.0,0,,0.0
10307,MA,2024,2,18067.11,12526.017,10307,MA,24586.0,24038.0,210703,36.08153157865314,6518.889999999999
10307,MA,2024,3,198309.54,135813.562,10307,MA,274789.0,269360.0,2286863,38.56569885644432,76479.45999999999
10307,MA,2024,4,55919.33,38075.242,10307,MA,75913.01,74427.0,633354,35.75450564232439,19993.679999999993
10726,MA,2020,1,0.0,0.0,10726,MA,0.0,0.0,0,,0.0
10726,MA,2020,2,38676.25,27399.1,10726,MA,55812.0,54365.0,464465,44.3056139103455,17135.75
10726,MA,2020,3,139871.25,98665.875,10726,MA,200983.0,196047.0,1672571,43.691430511988706,61111.75
10726,MA,2020,4,74072.0,51953.825,10726,MA,104863.0,102220.0,872665,41.569013932390106,30791.0
10726,MA,2021,1,5229.25,3659.0750000000003,10726,MA,7041.0,6795.0,58594,34.646459817373426,1811.75
10726,MA,2021,2,43984.0,31029.6,10726,MA,62271.0,60462.0,518217,41.576482357220804,18287.0
10726,MA,2021,3,88512.0,62885.774999999994,10726,MA,127350.0,123783.0,1059800,43.878796095444685,38838.0
10726,MA,2021,4,47611.5,33566.95,10726,MA,67155.0,65214.0,558861,41.04785608518951,19543.5
10726,MA,2022,1,1784.25,1218.9250000000002,10726,MA,2361.0,2283.0,19648,32.32450609499789,576.75
10726,MA,2022,2,21132.25,15217.525,10726,MA,29769.0,28806.0,247737,40.869997279040334,8636.75
10726,MA,2022,3,118060.75,83223.8,10726,MA,169056.0,164574.0,1406876,43.19407593124726,50995.25
10726,MA,2022,4,28333.75,20070.2,10726,MA,39444.0,38241.0,328251,39.212070410729254,11110.25
10726,MA,2023,1,33953.5,23686.85,10726,MA,46260.0,44658.0,422457,36.24515882015109,12306.5
10726,MA,2023,2,171447.0,120166.375,10726,MA,241380.0,234856.0,2044453,40.78986508950288,69933.0
10726,MA,2023,3,160164.0,113079.575,10726,MA,229695.0,223431.0,1921265,43.41237731325391,69531.0
10726,MA,2023,4,77024.0,54977.625,10726,MA,109548.0,106200.0,934492,42.22579975072704,32524.0
10726,MA,2024,1,17469.75,12208.65,10726,MA,24429.0,23691.0,207787,39.836002232430346,6959.25
10726,MA,2024,2,44952.25,32353.024999999998,10726,MA,64710.0,62676.0,551471,43.95274986235394,19757.75
10726,MA,2024,3,131031.25,93220.35,10726,MA,189186.0,183900.0,1595001,44.38235153827808,58154.75
10726,MA,2024,4,148145.25,102769.57500000001,10726,MA,210618.0,205443.0,1736081,42.169931199279084,62472.75
10823,MA,2020,1,157.29,274.70500000000004,10823,MA,9451.0,9217.18,49099,5908.646449233899,9293.71
10823,MA,2020,2,355.62,401.10400000000004,10823,MA,8844.01,8627.710000000001,46099,2386.927056970924,8488.39
10823,MA,2020,3,377.25,401.98400000000004,10823,MA,9277.01,9027.41,42999,2359.11464546057,8899.76
10823,MA,2020,4,1493.68,1490.06,10823,MA,9842.0,9598.14,48159,558.9095388570511,8348.32
10823,MA,2021,1,68.77000000000001,79.94200000000001,10823,MA,8463.0,8243.59,41935,12206.238185255197,8394.23
10823,MA,2021,2,252.32999999999998,296.80600000000004,10823,MA,9417.0,9182.97,48626,3632.0175960052316,9164.67
10823,MA,2021,3,1380.6100000000001,1302.7130000000002,10823,MA,11336.0,11045.359999999999,54007,721.0863314042342,9955.39
10823,MA,2021,4,203.12,223.121,10823,MA,9098.0,8873.39,47454,4379.125640015754,8894.88
10823,MA,2022,1,92.97999999999999,107.60900000000001,10823,MA,9519.0,9281.2,36722,10137.685523768554,9426.02
10823,MA,2022,2,43.63,65.901,10823,MA,9472.0,9226.53,36810,21609.832683933077,9428.37
10823,MA,2022,3,312.61,359.5,10823,MA,9019.0,8776.4,35427,2785.064457311026,8706.39
10823,MA,2022,4,89.91,120.87,10823,MA,8441.0,8224.55,32753,9288.277166054944,8351.09
10823,MA,2023,1,620.75,589.634,10823,MA,9105.0,8876.93,35314,1366.7740636327023,8484.25
10823,MA,2023,2,38.44,56.233,10823,MA,8885.0,8654.49,34536,23013.94380853278,8846.56
10823,MA,2023,3,274.41,307.038,10823,MA,9591.0,9328.86,37780,3395.1350169454463,9316.59
10823,MA,2023,4,1072.46,1046.718,10823,MA,8791.0,8561.13,34558,719.7042313932454,7718.54
10823,MA,2024,1,1883.38,1841.113,10823,MA,11140.0,10855.2,43740,491.4897683951193,9256.619999999999
10823,MA,2024,2,815.01,796.706,10823,MA,10067.0,9804.71,39408,1135.199568103459,9251.99
10823,MA,2024,3,180.66,206.506,10823,MA,8279.0,8042.009999999999,32935,4482.6414258828745,8098.34
10823,MA,2024,4,36.05,59.33,10823,MA,8543.01,8299.59,33900,23597.669902912625,8506.960000000001
10823,MA,2025,1,74.0,88.139,10823,MA,9376.0,9105.22,37332,12570.27027027027,9302.0
10823,MA,2025,2,514.58,483.365,10823,MA,8621.0,8376.050000000001,34339,1575.3468848381203,8106.42
10823,MA,2025,3,32.24,47.748999999999995,10823,MA,7799.0,7571.61,31109,24090.446650124068,7766.76
10823,MA,2025,4,196.82999999999998,217.961,10823,MA,8549.0,8303.61,34033,4243.341970228116,8352.17
1586,MA,2020,2,77.26,0.0,1586,MA,97.39,96.47999999999999,1813,26.05487962723271,20.129999999999995
1586,MA,2020,3,546.91,0.0,1586,MA,99.58,98.65,1854,-81.79225101022107,-447.33
1586,MA,2021,2,155.85,0.0,1586,MA,50.980000000000004,50.47,991,-67.28905999358356,-104.86999999999999
1586,MA,2021,3,288.08,0.0,1586,MA,70.98,70.27000000000001,1376,-75.3610108303249,-217.09999999999997
1586,MA,2022,2,122.46000000000001,0.0,1586,MA,37.839999999999996,36.980000000000004,713,-69.10011432304427,-84.62
1586,MA,2022,3,366.55,0.0,1586,MA,33.32,32.57,630,-90.90983494748329,-333.23
1586,MA,2023,2,137.97,0.0,1586,MA,84.94,84.09,1542,-38.4358918605494,-53.03
1586,MA,2023,3,322.03999999999996,0.0,1586,MA,97.00999999999999,96.04,1763,-69.8764128679667,-225.02999999999997
1586,MA,2024,2,47.1,0.0,1586,MA,43.96,43.49,846,-6.666666666666668,-3.1400000000000006
1586,MA,2024,3,95.69,0.0,1586,MA,56.58,55.97,1090,-40.87156442679486,-39.11
1588,MA,2020,1,848594.0,367715.46900000004,1588,MA,848927.0,832091.0,6323562,0.03924138044812949,333.0
1588,MA,2020,2,355584.21,156708.458,1588,MA,355656.0,348209.0,2666410,0.020189310430848165,71.78999999997905
1588,MA,2020,3,392129.77,175467.131,1588,MA,392358.0,382156.0,2973958,0.058202671018826584,228.22999999998137
1588,MA,2020,4,327866.96,144225.188,1588,MA,327810.0,322233.0,2392858,-0.017372900276386785,-56.960000000020955
1588,MA,2021,1,738030.2,328790.251,1588,MA,733572.01,717804.0,5565826,-0.6040660666731449,-4458.189999999944
1588,MA,2021,2,158380.54,70212.244,1588,MA,157889.0,154067.0,1214177,-0.31035378462531327,-491.54000000000815
1588,MA,2021,3,98436.6,44474.619,1588,MA,98897.0,96327.0,759691,0.46771221273387553,460.3999999999942
1588,MA,2021,4,220838.37,97237.781,1588,MA,220968.0,216598.0,1670199,0.0586990385774015,129.63000000000466
1588,MA,2022,1,537281.77,231135.30000000002,1588,MA,537498.0,526922.0,4039418,0.040245177125585584,216.22999999998137
1588,MA,2022,2,5437.65,3017.771,1588,MA,5430.0,5281.0,47924,-0.14068577418553302,-7.649999999999636
1588,MA,2022,3,663209.22,286117.958,1588,MA,662837.0,646443.0,4899662,-0.056124068962728244,-372.21999999997206
1588,MA,2022,4,447104.39,191646.227,1588,MA,446843.0,438196.0,3284548,-0.05846285696278088,-261.39000000001397
1588,MA,2023,1,815422.47,351707.67,1588,MA,815038.0,798541.0,6051957,-0.04714979218072959,-384.46999999997206
1588,MA,2023,2,155858.91,68115.474,1588,MA,155728.0,149676.0,1163041,-0.08399263154092602,-130.9100000000035
1588,MA,2023,3,109728.11,48037.581,1588,MA,109696.0,106891.0,817696,-0.02926323983890781,-32.11000000000058
1588,MA,2023,4,256699.15,109424.504,1588,MA,256575.0,251329.0,1884960,-0.04836400899652148,-124.14999999999418
1588,MA,2024,1,1296781.78,553614.128,1588,MA,1296008.0,1269971.0,9523389,-0.05966925291007928,-773.7800000000279
1588,MA,2024,2,0.0,92.54599999999999,1588,MA,0.0,0.0,0,,0.0
1588,MA,2024,3,0.0,0.0,1588,MA,0.0,0.0,0,,0.0
1592,MA,2020,1,100.63,124.6,1592,MA,196.42000000000002,194.54000000000002,8203,95.1903011030508,95.79000000000002
1592,MA,2020,2,299.93,658.9,1592,MA,148.68,147.25,6205,-50.428433301103595,-151.25
1592,MA,2020,3,520.15,1383.4,1592,MA,152.02,150.56,6350,-70.77381524560224,-368.13
1592,MA,2020,4,227.79000000000002,557.6,1592,MA,647.9000000000001,641.67,27057,184.4286404144168,420.11000000000007
1592,MA,2021,1,0.0,20.700000000000003,1592,MA,598.85,593.13,12666,,598.85
1592,MA,2021,2,562.61,1425.7,1592,MA,123.50999999999999,122.34,2608,-78.04695970565756,-439.1
1592,MA,2021,3,858.68,2313.0,1592,MA,172.0,170.34,3631,-79.96925513578982,-686.68
1592,MA,2021,4,31.939999999999998,67.7,1592,MA,571.6500000000001,566.18,12085,1689.762053850971,539.71
1592,MA,2022,1,521.77,873.7,1592,MA,2019.6699999999998,1999.42,36083,287.0805144028978,1497.8999999999999
1592,MA,2022,2,452.01,1073.1,1592,MA,116.91,115.74000000000001,2089,-74.1355279750448,-335.1
1592,MA,2022,3,905.1600000000001,2208.3,1592,MA,102.94,101.92,1838,-88.62742498563789,-802.22
1592,MA,2022,4,981.14,2088.4,1592,MA,652.49,645.95,11658,-33.49674868010681,-328.65
1592,MA,2023,1,197.22000000000003,430.0,1592,MA,2143.29,2122.21,41465,986.7508366291449,1946.07
1592,MA,2023,2,174.82999999999998,360.2,1592,MA,399.4,395.47,7720,128.45049476634443,224.57
1592,MA,2023,3,942.53,2108.3,1592,MA,456.19,451.70000000000005,8822,-51.599418586145795,-486.34
1592,MA,2023,4,2391.76,6964.0,1592,MA,763.13,755.62,14761,-68.09337057229821,-1628.63
1592,MA,2024,1,196.29,593.8,1592,MA,338.79,335.41,6571,72.59666819501759,142.50000000000003
1592,MA,2024,2,317.59,783.1,1592,MA,319.38,316.18,6201,0.5636197613275041,1.7900000000000205
1592,MA,2024,3,1183.45,3140.8,1592,MA,411.06,406.97,7973,-65.26595969411467,-772.3900000000001
1592,MA,2024,4,254.17000000000002,666.8,1592,MA,935.77,926.44,18157,268.16697485934606,681.5999999999999
1595,MA,2020,1,617143.25,234817.62199999997,1595,MA,431499.0,420075.0,2453791,-30.08122506403497,-185644.25
1595,MA,2020,2,392372.11,156551.55299999999,1595,MA,273953.0,266645.0,1557880,-30.18030766763723,-118419.10999999999
1595,MA,2020,3,452496.93,180213.83000000002,1595,MA,314172.0,303982.0,1786592,-30.56925270189126,-138324.93
1595,MA,2020,4,564749.36,217806.597,1595,MA,396478.0,380130.0,2254638,-29.795759308164598,-168271.36
1595,MA,2021,1,537409.3,210189.50600000002,1595,MA,361735.0,349627.0,2057066,-32.68910679439303,-175674.30000000005
1595,MA,2021,2,371963.94,153830.78900000002,1595,MA,242355.0,233418.0,1378192,-34.84449057077953,-129608.94
1595,MA,2021,3,431385.44,175274.811,1595,MA,297961.0,286970.0,1694405,-30.929286811349034,-133424.44
1595,MA,2021,4,454595.4,185612.299,1595,MA,317749.02,304891.0,1806933,-30.102895893799186,-136846.38
1595,MA,2022,1,526719.95,210148.813,1595,MA,365433.0,353389.01,2078096,-30.62100647602202,-161286.94999999995
1595,MA,2022,2,346014.98,144019.346,1595,MA,242758.0,236907.0,1380484,-29.8417658102548,-103256.97999999998
1595,MA,2022,3,411781.05,167904.845,1595,MA,285934.0,277864.0,1626011,-30.56164192111317,-125847.04999999999
1595,MA,2022,4,560621.35,221717.974,1595,MA,392563.0,382820.0,2232375,-29.977158379715647,-168058.34999999998
1595,MA,2023,1,567646.61,219785.354,1595,MA,397979.0,387096.0,2263175,-29.88965441016198,-169667.61
1595,MA,2023,2,522218.17,203190.061,1595,MA,363977.0,351079.0,2069815,-30.301735766873065,-158241.16999999998
1595,MA,2023,3,512298.65,199764.21300000002,1595,MA,352392.0,344434.0,2003937,-31.21356068379255,-159906.65000000002
1595,MA,2023,4,644147.0,243599.71099999998,1595,MA,453248.0,441033.0,2577470,-29.635937138572405,-190899.0
1595,MA,2024,1,636485.26,241479.57299999997,1595,MA,446396.0,434556.0,2538505,-29.86546145624802,-190089.26
1595,MA,2024,2,527450.59,201257.709,1595,MA,369407.0,358468.0,2100694,-29.96367678724181,-158043.58999999997
1595,MA,2024,3,542656.01,210609.95599999998,1595,MA,383133.0,370770.0,2178749,-29.396709344470356,-159523.01
1595,MA,2024,4,612672.18,231941.703,1595,MA,430511.0,419039.0,2448172,-29.732242779490992,-182161.18000000005
1595,MA,2025,1,582600.77,228474.503,1595,MA,405099.0,393898.0,2303663,-30.467136183153347,-177501.77000000002
1595,MA,2025,2,527436.66,206164.845,1595,MA,369060.0,359987.0,2098721,-30.027616965419128,-158376.66000000003
1595,MA,2025,3,537552.8899999999,208393.513,1595,MA,375414.0,365075.0,2134854,-30.16240690288167,-162138.8899999999
1595,MA,2025,4,614110.76,236234.847,1595,MA,428126.02,416215.0,2434609,-30.285211091237024,-185984.74
1599,MA,2020,1,11688.63,7944.653,1599,MA,11185.98,5204.0,115309,-4.300332887601025,-502.64999999999964
1599,MA,2020,2,20294.53,11631.618,1599,MA,20640.0,15628.99,198070,1.7022813536455448,345.47000000000116
1599,MA,2020,3,246850.44,149110.50100000002,1599,MA,126179.0,122855.01,1329410,-48.88443382965006,-120671.44
1599,MA,2020,4,38901.82,23337.859,1599,MA,38114.08,33469.0,330458,-2.0249438201091827,-787.739999999998
1599,MA,2021,1,11422.24,10827.503,1599,MA,11624.0,6289.99,130048,1.7663785737298483,201.76000000000022
1599,MA,2021,2,46739.21,28568.065,1599,MA,46924.0,41837.99,448399,0.3953639781245787,184.79000000000087
1599,MA,2021,3,130055.38,76349.865,1599,MA,83924.0,77103.0,823913,-35.470566461764214,-46131.380000000005
1599,MA,2021,4,65136.41,40664.509,1599,MA,65798.0,58904.0,591514,1.0156992072482909,661.5899999999965
1599,MA,2022,1,320492.72,247273.75,1599,MA,315838.00999999995,298416.01,3092556,-1.452360602761904,-4654.710000000021
1599,MA,2022,2,20420.37,12296.185,1599,MA,21609.0,14981.99,204447,5.820805401665107,1188.630000000001
1599,MA,2022,3,170173.46,104048.68400000001,1599,MA,177447.0,162019.0,1667859,4.2741917570460215,7273.540000000008
1599,MA,2022,4,61359.54,45925.582,1599,MA,60672.009999999995,52206.01,627992,-1.1204940584626386,-687.5300000000061
1599,MA,2023,1,36558.97,28939.005,1599,MA,37048.020000000004,28820.02,348915,1.337701800679841,489.0500000000029
1599,MA,2023,2,0.0,20.963,1599,MA,0.0,-4323.02,0,,0.0
1599,MA,2023,3,52308.93,34139.496,1599,MA,45067.0,39969.99,559814,-13.844538590256006,-7241.93
1599,MA,2023,4,0.0,93.608,1599,MA,0.0,-4687.0,0,,0.0
1599,MA,2024,1,40865.72,32478.915,1599,MA,39538.0,31744.0,340357,-3.2489822765878125,-1327.7200000000012
1599,MA,2024,2,32599.29,23032.977,1599,MA,33637.99,26946.010000000002,336106,3.1862657131489587,1038.699999999997
1599,MA,2024,3,143167.65,86329.744,1599,MA,148414.0,128348.01,1396042,3.6644800693452786,5246.350000000006
1599,MA,2024,4,116877.48999999999,77303.582,1599,MA,114032.01,101790.02,1019435,-2.434583425773428,-2845.479999999996
1599,MA,2025,1,50760.62,40715.554000000004,1599,MA,49614.55,47889.009999999995,492224,-2.257793541528846,-1146.0699999999997
1599,MA,2025,2,49903.51,34799.93,1599,MA,49332.18,47793.0,568677,-1.1448693689081224,-571.3300000000017
1599,MA,2025,3,161714.72,115511.891,1599,MA,156824.26,154463.01,1842342,-3.024127921069889,-4890.459999999992
1599,MA,2025,4,130391.94,96290.263,1599,MA,128321.13999999998,124211.0,1272250,-1.5881349721462978,-2070.8000000000175
1631,MA,2020,2,17.55,0.0,1631,MA,13.77,13.77,214,-21.538461538461544,-3.780000000000001
1631,MA,2020,3,36.02,0.0,1631,MA,14.08,14.08,218,-60.91060521932261,-21.940000000000005
1631,MA,2021,2,0.0,0.0,1631,MA,5.640000000000001,5.640000000000001,90,,5.640000000000001
1631,MA,2021,3,37.86,0.0,1631,MA,7.859999999999999,7.859999999999999,129,-79.2393026941363,-30.0
1631,MA,2022,2,0.0,0.0,1631,MA,0.0,0.0,0,,0.0
1642,MA,2020,1,470.04,374.791,1642,MA,751.67,726.39,8796,59.91617734660878,281.62999999999994
1642,MA,2020,2,490.08,300.92499999999995,1642,MA,196.68,195.8,2200,-59.86777668952008,-293.4
1642,MA,2020,3,944.19,600.72,1642,MA,845.62,821.8,9699,-10.439636090193716,-98.57000000000005
1642,MA,2020,4,393.36,264.363,1642,MA,452.08,450.05,5053,14.927801504982705,58.71999999999997
1642,MA,2021,1,4175.82,4320.2970000000005,1642,MA,4398.67,4157.57,46470,5.336676389307978,222.85000000000036
1642,MA,2021,2,543.89,329.46799999999996,1642,MA,413.12,410.34000000000003,4434,-24.043464671165122,-130.76999999999998
1642,MA,2021,3,960.59,519.336,1642,MA,599.87,595.83,6442,-37.551921215086566,-360.72
1642,MA,2021,4,471.79999999999995,307.884,1642,MA,757.37,752.28,8123,60.52776600254347,285.57000000000005
1642,MA,2022,1,936.99,718.6120000000001,1642,MA,968.29,961.43,9691,3.340483889902769,31.299999999999955
1642,MA,2022,2,140.1,85.767,1642,MA,157.69,156.58,1578,12.555317630264101,17.590000000000003
1643,MA,2020,2,14.91,0.0,1643,MA,20.259999999999998,20.259999999999998,268,35.88195841716967,5.349999999999998
1643,MA,2020,3,84.07,0.0,1643,MA,20.71,20.71,286,-75.36576662305221,-63.35999999999999
1643,MA,2021,2,0.0,0.0,1643,MA,11.29,11.29,174,,11.29
1643,MA,2021,3,70.67,0.0,1643,MA,15.719999999999999,15.719999999999999,241,-77.75576623744163,-54.95
1643,MA,2022,2,0.0,0.0,1643,MA,6.63,6.57,40,,6.63
1660,MA,2020,1,930.06,568.829,1660,MA,4673.51,4622.34,45042,402.49553792228465,3743.4500000000003
1660,MA,2020,2,4091.5699999999997,2584.142,1660,MA,3233.05,3197.17,31474,-20.982654580026725,-858.5199999999995
1660,MA,2020,3,8933.8,5207.886,1660,MA,7421.15,7339.91,71515,-16.931764758557385,-1512.6499999999996
1660,MA,2020,4,6908.04,4049.36,1660,MA,5638.31,5576.58,54329,-18.380466818373947,-1269.7299999999996
1660,MA,2021,1,4531.78,3197.107,1660,MA,4595.05,4543.65,44178,1.396140148021317,63.27000000000044
1660,MA,2021,2,5637.68,3431.0209999999997,1660,MA,5698.54,5634.8,54794,1.079522072909418,60.85999999999967
1660,MA,2021,3,6170.0,4038.8909999999996,1660,MA,6290.81,6220.47,60484,1.9580226904376077,120.8100000000004
1660,MA,2021,4,6566.0,4058.301,1660,MA,6486.620000000001,6414.1,62364,-1.2089552238805847,-79.3799999999992
1660,MA,2022,1,8608.74,5727.739,1660,MA,8411.18,8311.02,80397,-2.2948770667949026,-197.5599999999995
1660,MA,2022,2,5978.2,3548.0860000000002,1660,MA,6185.6,6111.950000000001,59124,3.4692716871299143,207.40000000000055
1660,MA,2022,3,9439.46,6037.419,1660,MA,9735.03,9619.09,93043,3.1312172518343373,295.5700000000015
1660,MA,2022,4,10941.85,7580.169,1660,MA,10854.2,10724.95,103733,-0.8010528384139759,-87.64999999999964
1660,MA,2023,1,5237.07,3194.614,1660,MA,5158.85,5092.570000000001,51401,-1.4935832440658487,-78.21999999999935
1660,MA,2023,2,5052.85,3038.471,1660,MA,5047.78,4982.94,50290,-0.10033941241082989,-5.0700000000006185
1660,MA,2023,3,7960.030000000001,4782.363,1660,MA,7942.51,7840.49,79123,-0.22009967299118768,-17.520000000000437
1660,MA,2023,4,14233.8,9022.377,1660,MA,14544.869999999999,14358.03,144903,2.185431859376974,311.0699999999997
1660,MA,2024,1,2962.7,1937.326,1660,MA,3023.49,2985.3599999999997,27761,2.0518446012083564,60.789999999999964
1660,MA,2024,2,3214.41,1939.1280000000002,1660,MA,3289.72,3248.23,30202,2.342887186139912,75.30999999999995
1660,MA,2024,3,8274.26,5018.49,1660,MA,8357.28,8251.89,76737,1.003352565667509,83.02000000000044
1660,MA,2024,4,9041.27,5696.004,1660,MA,8957.51,8844.55,82245,-0.9264185230614749,-83.76000000000022
1678,MA,2020,1,276.14,227.6,1678,MA,713.4399999999999,713.4399999999999,9353,158.3617005866589,437.29999999999995
1678,MA,2020,2,477.8,310.7,1678,MA,492.45,492.45,6448,3.0661364587693547,14.649999999999977
1678,MA,2020,3,2030.37,1145.7,1678,MA,1066.98,1066.98,13966,-47.448987130424506,-963.3899999999999
1678,MA,2020,4,757.7299999999999,459.5,1678,MA,1030.13,1030.13,13489,35.94948068573242,272.4000000000002
1678,MA,2021,1,59.09,50.5,1678,MA,59.4,59.4,748,0.5246234557454649,0.30999999999999517
1678,MA,2021,2,506.98,160.8,1678,MA,554.72,554.73,6995,9.416545031362185,47.74000000000001
1678,MA,2021,3,2062.29,1206.8,1678,MA,2024.02,2024.02,25522,-1.855704095932191,-38.26999999999998
1678,MA,2021,4,533.33,304.1,1678,MA,485.87,485.87,6120,-8.898805617535116,-47.460000000000036
1678,MA,2022,1,206.31,127.6,1678,MA,193.11,193.11,2263,-6.3981387232804945,-13.199999999999989
1678,MA,2022,2,534.88,353.0,1678,MA,535.82,535.82,6271,0.17574035297637874,0.9400000000000546
1678,MA,2022,3,5176.65,3186.4,1678,MA,5177.8,5177.8,60659,0.022215139134392818,1.1500000000005457
1678,MA,2022,4,382.56,373.8,1678,MA,411.29,411.29,4819,7.509933082392309,28.730000000000018
1678,MA,2023,1,130.0,131.0,1678,MA,129.36,129.37,1638,-0.49230769230768184,-0.6399999999999864
1678,MA,2023,2,991.3199999999999,566.6,1678,MA,913.9300000000001,913.94,11564,-7.806762700238054,-77.38999999999987
1678,MA,2023,3,1242.52,407.3,1678,MA,1294.99,1294.99,16390,4.222869651997556,52.47000000000003
1678,MA,2023,4,1947.14,819.2,1678,MA,1975.73,1975.73,25001,1.4683073636204853,28.589999999999918
1678,MA,2024,1,0.0,7.6,1678,MA,19.75,19.75,242,,19.75
1678,MA,2024,2,913.1,444.0,1678,MA,872.19,872.19,10648,-4.480341693133279,-40.90999999999997
1678,MA,2024,3,2746.0,1790.1,1678,MA,2799.22,2799.22,34177,1.9380917698470428,53.2199999999998
1678,MA,2024,4,882.34,470.5,1678,MA,892.8499999999999,892.86,10900,1.1911508035451048,10.509999999999877
1682,MA,2020,1,3160.56,2120.734,1682,MA,3186.24,2963.44,34674,0.8125142379831372,25.679999999999836
1682,MA,2020,2,6943.87,4552.347,1682,MA,7019.74,6508.45,74568,1.0926183813925072,75.86999999999989
1682,MA,2020,3,22986.42,14625.807,1682,MA,22997.32,21666.46,240605,0.04741930235330885,10.900000000001455
1682,MA,2020,4,18483.5,12041.086,1682,MA,18732.71,17607.64,195428,1.3482836042957185,249.20999999999913
1682,MA,2021,1,564.32,444.723,1682,MA,646.55,493.83,7197,14.571519705131822,82.2299999999999
1682,MA,2021,2,603.56,698.677,1682,MA,749.69,573.94,10883,24.21134601365235,146.1300000000001
1682,MA,2021,3,4882.44,3215.41,1682,MA,5027.03,4672.63,52297,2.9614291215048247,144.59000000000015
1682,MA,2021,4,4083.38,2952.527,1682,MA,4157.74,3773.58,45970,1.8210404125993582,74.35999999999967
1682,MA,2022,1,387.04,380.705,1682,MA,474.83000000000004,329.21,4581,22.682410086812737,87.79000000000002
1682,MA,2022,2,2301.5,1482.706,1682,MA,2395.3900000000003,2131.19,25270,4.0795133608516325,93.89000000000033
1682,MA,2022,3,21586.42,13823.466,1682,MA,21580.4,20393.68,228244,-0.02788790359863655,-6.019999999996799
1682,MA,2022,4,1787.86,1285.413,1682,MA,1881.39,1641.9199999999998,20953,5.231393957021255,93.5300000000002
1682,MA,2023,1,2783.62,2296.294,1682,MA,2851.0,2603.0,30888,2.4205890171790734,67.38000000000011
1682,MA,2023,2,4897.6,3424.218,1682,MA,4950.01,4535.0,57011,1.0701159751715095,52.409999999999854
1682,MA,2023,3,33038.64,20607.916,1682,MA,32973.0,31199.0,344336,-0.19867645883728693,-65.63999999999942
1682,MA,2023,4,11993.88,7611.749,1682,MA,12042.01,11279.02,126324,0.40128799020834816,48.13000000000102
1682,MA,2024,1,0.0,0.0,1682,MA,203.0,-47.0,0,,203.0
1682,MA,2024,2,29581.43,18612.238,1682,MA,29798.010000000002,28115.0,312025,0.732148513442392,216.58000000000175
1682,MA,2024,3,72626.82,44315.244,1682,MA,72363.0,68566.0,743998,-0.3632542358318965,-263.820000000007
1682,MA,2024,4,38026.58,23122.214,1682,MA,38035.0,35888.0,388548,0.022142406706041548,8.419999999998254
50002,MA,2020,1,0.0,0.0,50002,MA,0.0,0.0,0,,0.0
50002,MA,2020,2,3222.84,2359.373,50002,MA,4465.01,4326.01,40090,38.54271387968376,1242.17
50002,MA,2020,3,20778.58,15458.747,50002,MA,29335.0,28447.02,263399,41.179041108680174,8556.419999999998
50002,MA,2020,4,1843.53,1333.833,50002,MA,2584.0,2523.0,22914,40.16587741994977,740.47
50002,MA,2021,1,0.0,0.0,50002,MA,0.0,0.0,0,,0.0
50002,MA,2021,2,8691.35,6472.777,50002,MA,11836.0,11331.0,105507,36.181375735645204,3144.6499999999996
50002,MA,2021,3,26768.760000000002,20078.167999999998,50002,MA,38844.0,37240.0,346846,45.10944847650768,12075.239999999998
50002,MA,2021,4,11169.67,8370.488,50002,MA,15837.01,15180.0,140813,41.785836107960215,4667.34
50002,MA,2022,1,1346.25,1008.75,50002,MA,1967.0,1776.0,16936,46.10956360259981,620.75
50002,MA,2022,2,169.39,138.778,50002,MA,185.0,166.0,1661,9.215420036601934,15.610000000000014
50002,MA,2022,3,37659.22,28646.161,50002,MA,55166.0,52446.0,492610,46.487367502566435,17506.78
50002,MA,2022,4,1891.87,1503.741,50002,MA,2560.0,2408.0,22987,35.31585151199608,668.1300000000001
50002,MA,2023,1,525.4200000000001,405.807,50002,MA,731.0,707.0,6563,39.12679380305278,205.57999999999993
50002,MA,2023,2,412.55999999999995,335.368,50002,MA,582.0,553.0,5225,41.07038976148926,169.44000000000005
50002,MA,2023,3,12252.21,9487.082,50002,MA,17806.0,17091.0,159879,45.3288835238704,5553.790000000001
50002,MA,2023,4,1212.02,1029.788,50002,MA,1690.0,1632.0,15174,39.436642959687134,477.98
50002,MA,2024,1,0.0,1.323,50002,MA,0.0,0.0,0,,0.0
50002,MA,2024,2,3986.06,3118.875,50002,MA,5688.0,5531.0,51072,42.6973000908165,1701.94
50002,MA,2024,3,14977.76,11745.303,50002,MA,21870.0,20696.0,195970,46.016493788123185,6892.24
50002,MA,2024,4,1332.1399999999999,1082.275,50002,MA,1964.0,1893.9999999999998,17319,47.43195159667904,631.8600000000001
50002,MA,2025,1,2344.75,1963.299,50002,MA,3209.0,3099.0,28813,36.858940185520844,864.25
50002,MA,2025,2,17877.510000000002,13630.224999999999,50002,MA,25764.0,24875.0,230897,44.11402930273845,7886.489999999998
50002,MA,2025,3,67361.48000000001,52629.823000000004,50002,MA,96859.0,93475.0,869691,43.7898929774108,29497.51999999999
50002,MA,2025,4,9862.57,7993.008,50002,MA,13650.01,13178.01,111418,38.40216089721037,3787.4400000000005
52026,MA,2020,1,4415.0,2284.1929999999998,52026,MA,5847.4400000000005,5642.7,57958,32.44484711211779,1432.4400000000005
52026,MA,2020,2,5638.81,2857.527,52026,MA,6299.070000000001,6098.830000000001,59196,11.709208148527797,660.2600000000002
52026,MA,2020,3,28058.510000000002,14552.635,52026,MA,26130.52,25356.03,239772,-6.871319966740934,-1927.9900000000016
52026,MA,2020,4,10116.4,5230.781,52026,MA,10512.99,10182.45,98730,3.920268079553993,396.59000000000015
52026,MA,2021,1,2795.56,1426.9650000000001,52026,MA,4466.37,4315.16,43752,59.76655839974817,1670.81
52026,MA,2021,2,8872.96,4617.054,52026,MA,8615.48,8344.05,80731,-2.9018501154068046,-257.47999999999956
52026,MA,2021,3,23236.92,11955.53,52026,MA,21522.62,20864.12,196174,-7.377483762908335,-1714.2999999999993
52026,MA,2021,4,4250.84,2240.8050000000003,52026,MA,4927.54,4764.68,47252,15.919206556821704,676.6999999999998
52026,MA,2022,1,2012.51,1174.842,52026,MA,4360.96,4205.01,47715,116.69258786291745,2348.45
52026,MA,2022,2,6342.01,3412.7290000000003,52026,MA,7759.22,7506.8,75034,22.346385451930857,1417.21
52026,MA,2022,3,45915.31,23900.492000000002,52026,MA,42143.68,40936.009999999995,385346,-8.214318927608238,-3771.6299999999974
52026,MA,2022,4,7269.800000000001,4527.727,52026,MA,8094.17,7822.2,79278,11.339651709813184,824.369999999999
52026,MA,2023,1,3734.5299999999997,2254.019,52026,MA,4156.87,4011.77,44502,11.309053615849924,422.34000000000015
52026,MA,2023,2,432.36,286.698,52026,MA,2254.38,2170.56,26635,421.41271162919793,1822.02
52026,MA,2023,3,23905.0,12788.308,52026,MA,21037.89,20411.23,190313,-11.993766994352649,-2867.1100000000006
52026,MA,2023,4,7589.780000000001,4015.805,52026,MA,8527.849999999999,8249.42,81119,12.35964678818092,938.0699999999979
52026,MA,2024,1,684.71,398.30100000000004,52026,MA,2853.5600000000004,2747.89,32402,316.75453841772435,2168.8500000000004
52026,MA,2024,2,7576.58,4131.358,52026,MA,6854.93,6626.99,66583,-9.524745993574934,-721.6499999999996
52026,MA,2024,3,25525.65,13193.378,52026,MA,23876.25,23177.91,210818,-6.461735548360184,-1649.4000000000015
52026,MA,2024,4,29425.4,14056.977,52026,MA,31297.25,30400.21,272464,6.36134088236693,1871.8499999999985
54586,MA,2020,1,66.92,82.185,54586,MA,67.0,56.0,1363,0.11954572624028437,0.0799999999999983
54586,MA,2020,2,26.06,45.887,54586,MA,25.0,16.0,802,-4.0675364543361425,-1.0599999999999987
54586,MA,2020,3,16298.53,8630.15,54586,MA,16300.0,15568.0,136851,0.009019218297597054,1.4699999999993452
54586,MA,2020,4,4600.39,2419.429,54586,MA,4603.0,4408.0,39643,0.05673432035109354,2.6099999999996726
54586,MA,2021,1,59.78,50.484,54586,MA,59.0,53.0,1013,-1.3047842087654753,-0.7800000000000011
54586,MA,2021,2,4785.46,2563.319,54586,MA,4789.0,4571.0,46641,0.07397407981677756,3.5399999999999636
54586,MA,2021,3,15037.53,7868.935,54586,MA,15033.0,14395.0,146677,-0.030124628180297257,-4.530000000000655
54586,MA,2021,4,5598.06,2945.134,54586,MA,5596.0,5360.0,55068,-0.03679846232445526,-2.0600000000004
54586,MA,2022,1,375.28,287.35,54586,MA,376.0,358.0,4740,0.19185674696227548,0.7200000000000273
54586,MA,2022,2,2094.58,1209.203,54586,MA,2096.0,2008.0,21983,0.06779402075834166,1.4200000000000728
54586,MA,2022,3,21035.92,11244.564,54586,MA,21043.0,20257.0,216942,0.033656716701726125,7.080000000001746
54586,MA,2022,4,0.0,0.0,54586,MA,0.0,0.0,0,,0.0
54586,MA,2023,1,0.0,0.0,54586,MA,0.0,0.0,0,,0.0
54586,MA,2023,2,0.0,0.0,54586,MA,0.0,0.0,0,,0.0
54586,MA,2023,3,0.0,0.0,54586,MA,0.0,0.0,0,,0.0
54586,MA,2023,4,0.0,0.0,54586,MA,0.0,0.0,0,,0.0
54586,MA,2024,1,0.0,0.0,54586,MA,0.0,0.0,0,,0.0
54586,MA,2024,2,0.0,0.0,54586,MA,0.0,0.0,0,,0.0
54586,MA,2024,3,0.0,0.0,54586,MA,0.0,0.0,0,,0.0
54586,MA,2024,4,0.0,0.0,54586,MA,0.0,0.0,0,,0.0
54805,MA,2020,1,2883.7,1506.46,54805,MA,2870.0,2812.0,25539,-0.4750840933522842,-13.699999999999818
54805,MA,2020,2,48990.72,25253.174,54805,MA,48671.0,47811.0,427279,-0.6526133929038013,-319.72000000000116
54805,MA,2020,3,86964.42,44350.3,54805,MA,86503.0,85464.0,750388,-0.5305848069819799,-461.41999999999825
54805,MA,2020,4,65362.37,33251.829,54805,MA,64992.0,64298.0,564044,-0.5666410199018221,-370.3700000000026
54805,MA,2021,1,7982.48,4140.1,54805,MA,7926.0,7852.0,68680,-0.7075495334783121,-56.47999999999956
54805,MA,2021,2,87841.04,42963.654,54805,MA,85252.0,83455.0,732447,-2.947415012390557,-2589.0399999999936
54805,MA,2021,3,84667.9,41546.365,54805,MA,81580.0,79861.0,691942,-3.647072857600099,-3087.899999999994
54805,MA,2021,4,85805.29,41349.971,54805,MA,82355.0,80593.0,696652,-4.021069097254952,-3450.2899999999936
54805,MA,2022,1,5204.6,2592.097,54805,MA,5025.0,4905.0,43606,-3.450793528801452,-179.60000000000036
54805,MA,2022,2,66334.19,31993.173,54805,MA,61133.0,59840.0,538587,-7.840888688020464,-5201.190000000002
54805,MA,2022,3,86498.45,42164.87,54805,MA,82545.0,80768.0,709556,-4.570544327672921,-3953.449999999997
54805,MA,2022,4,1790.96,916.019,54805,MA,1709.0,1657.0,15383,-4.576316612319651,-81.96000000000004
54805,MA,2023,1,4744.04,2503.733,54805,MA,4544.0,4478.0,43358,-4.216659218724968,-200.03999999999996
54805,MA,2023,2,22247.28,10976.949,54805,MA,21453.0,20960.0,180689,-3.5702342039116637,-794.2799999999988
54805,MA,2023,3,126772.46,61116.097,54805,MA,122391.0,120035.0,1054712,-3.45616074658487,-4381.460000000006
54805,MA,2023,4,68051.24,32946.133,54805,MA,65902.0,64781.0,571013,-3.1582672115893917,-2149.2400000000052
54805,MA,2024,1,1633.36,931.416,54805,MA,1562.0,1527.0,15394,-4.368908262722235,-71.3599999999999
54805,MA,2024,2,46966.67,22536.676,54805,MA,45346.0,44492.0,352294,-3.4506810893767823,-1620.6699999999983
54805,MA,2024,3,94831.6,45593.467,54805,MA,91373.0,89577.0,689387,-3.647096537441112,-3458.600000000006
54805,MA,2024,4,124382.74,60383.072,54805,MA,120181.0,117533.0,930028,-3.3780731956861576,-4201.740000000005
54907,MA,2020,1,62691.25,0.0,54907,MA,18190.68,18190.68,81667,-70.98370187227086,-44500.57
54907,MA,2020,2,31152.02,0.0,54907,MA,12302.03,12302.03,55229,-60.50968765428373,-18849.989999999998
54907,MA,2020,3,64355.13,0.0,54907,MA,29957.739999999998,29957.739999999998,134494,-53.44933651753947,-34397.39
54907,MA,2020,4,0.0,0.0,54907,MA,19189.55,19189.55,86151,,19189.55
54907,MA,2021,1,19263.75,0.0,54907,MA,34718.200000000004,23355.480000000003,155866,80.22555317630267,15454.450000000004
54907,MA,2021,2,3190.91,0.0,54907,MA,24568.58,16527.67,110300,669.9552792150203,21377.670000000002
55026,MA,2020,1,1947.75,1029.94,55026,MA,1964.0,1878.0,17523,0.834295982543961,16.25
55026,MA,2020,2,37797.09,17812.789,55026,MA,38093.0,36648.0,300832,0.7828909580076232,295.9100000000035
55026,MA,2020,3,118916.58,55723.429,55026,MA,119821.0,115496.0,941057,0.7605499586348667,904.4199999999983
55026,MA,2020,4,56303.19,25825.212,55026,MA,56528.0,54823.0,436227,0.3992846586489996,224.80999999999767
55026,MA,2021,1,3751.22,1760.013,55026,MA,3785.0,3628.0,29713,0.9005070350446043,33.7800000000002
55026,MA,2021,2,65886.69,30723.346,55026,MA,66164.0,63892.0,529229,0.42088925699560514,277.3099999999977
55026,MA,2021,3,166257.99,76218.302,55026,MA,167733.0,161813.0,1274323,0.8871814220778257,1475.0100000000093
55026,MA,2021,4,25131.0,12639.205,55026,MA,25318.0,24246.0,214068,0.7441009112251801,187.0
55026,MA,2022,1,0.0,0.0,55026,MA,0.0,0.0,0,,0.0
55026,MA,2022,2,90436.38,41325.675,55026,MA,90951.0,88118.0,697499,0.5690409103062234,514.6199999999953
55026,MA,2022,3,162531.17,74251.133,55026,MA,163836.0,158103.0,1251232,0.8028183147884723,1304.8299999999872
55026,MA,2022,4,7870.56,3809.708,55026,MA,8053.0,7769.0,64551,2.3180053261775475,182.4399999999996
55026,MA,2023,1,6030.16,2937.75,55026,MA,6322.0,6084.0,49967,4.839672579168715,291.84000000000015
55026,MA,2023,2,20997.73,10113.09,55026,MA,21935.0,21271.0,171943,4.463672977983812,937.2700000000004
55026,MA,2023,3,203408.26,95074.869,55026,MA,212062.0,204416.0,1612324,4.254370004443276,8653.73999999999
55026,MA,2023,4,125259.98,58646.608,55026,MA,130774.0,126594.0,994023,4.402060418658859,5514.020000000004
55026,MA,2024,1,911.68,513.944,55026,MA,985.0,934.0,8797,8.042295542295548,73.32000000000005
55026,MA,2024,2,79427.52,37368.573,55026,MA,83059.0,80100.0,634910,4.57206771657984,3631.479999999996
55026,MA,2024,3,225069.66,103765.433,55026,MA,233153.0,225134.0,1770148,3.5914836322230177,8083.3399999999965
55026,MA,2024,4,224924.81,102157.866,55026,MA,231937.0,224969.0,1716350,3.1175707117414047,7012.190000000002
55041,MA,2020,1,90641.53,38900.753,55041,MA,90911.0,88158.0,658333,0.29729198083924796,269.47000000000116
55041,MA,2020,2,65552.14,28120.86,55041,MA,65607.0,63666.0,486166,0.08368910610698686,54.86000000000058
55041,MA,2020,3,264466.57,112260.448,55041,MA,265456.0,258071.0,1887702,0.3741228995407597,989.429999999993
55041,MA,2020,4,212822.44,89688.329,55041,MA,213418.0,207707.0,1529413,0.2798389117237814,595.5599999999977
55041,MA,2021,1,252665.35,106776.998,55041,MA,252820.0,246212.0,1793411,0.0612074429675435,154.64999999999418
55041,MA,2021,2,229883.02,96793.987,55041,MA,229441.0,223910.0,1648108,-0.19228040418121772,-442.0199999999895
55041,MA,2021,3,288924.8,122193.933,55041,MA,289082.0,281903.0,2054166,0.05440862120524498,157.20000000001164
55041,MA,2021,4,28446.66,13297.578,55041,MA,28823.0,27595.0,225162,1.3229672657528164,376.34000000000015
55041,MA,2022,1,17172.39,7742.13,55041,MA,16850.0,16508.0,131073,-1.877374087124736,-322.3899999999994
55041,MA,2022,2,211848.68,87053.987,55041,MA,210927.0,206486.0,1518089,-0.4350652550679065,-921.679999999993
55041,MA,2022,3,319352.48,131552.853,55041,MA,317897.0,312028.0,2267668,-0.4557597298132714,-1455.4799999999814
55041,MA,2022,4,14548.06,6530.567,55041,MA,14500.0,14147.0,113242,-0.3303533254605734,-48.05999999999949
55041,MA,2023,1,0.0,0.0,55041,MA,0.0,0.0,829,,0.0
55041,MA,2023,2,14506.14,6224.876,55041,MA,14612.0,14121.0,107945,0.7297599499246566,105.86000000000058
55041,MA,2023,3,56590.22,23867.423,55041,MA,56645.0,55232.0,413664,0.09680117871957174,54.779999999998836
55041,MA,2023,4,829.31,449.006,55041,MA,797.0,787.0,8230,-3.8960099359708606,-32.309999999999945
55041,MA,2024,1,1970.6,860.343,55041,MA,1964.0,1921.0,15305,-0.33492337359179486,-6.599999999999909
55041,MA,2024,2,63915.03,26522.381,55041,MA,63834.0,62444.0,460674,-0.12677769219540197,-81.02999999999884
55041,MA,2024,3,277843.85,114471.612,55041,MA,277825.0,271577.0,1985703,-0.006784386265874418,-18.849999999976717
55041,MA,2024,4,243200.0,99503.844,55041,MA,242693.0,237403.0,1728550,-0.2084703947368421,-507.0
55079,MA,2020,1,161587.2,105940.447,55079,MA,249588.0,244252.0,1775121,54.460254277566534,88000.79999999999
55079,MA,2020,2,197848.96,130734.9,55079,MA,309863.0,302652.0,2244367,56.61593571176721,112014.04000000001
55079,MA,2020,3,302475.61,196927.011,55079,MA,476092.0,464064.0,3356039,57.39847586388866,173616.39
55079,MA,2020,4,23779.54,15672.911,55079,MA,36730.0,35706.0,268221,54.46051521602183,12950.46
55079,MA,2021,1,57696.75,36926.834,55079,MA,86004.0,83586.0,629658,49.06212221658932,28307.25
55079,MA,2021,2,81572.3,52905.598,55079,MA,125606.0,122238.0,923267,53.981192144882506,44033.7
55079,MA,2021,3,302602.41,192766.258,55079,MA,468762.0,456950.0,3274202,54.910200483862646,166159.59000000003
55079,MA,2021,4,20038.54,13419.839,55079,MA,29940.0,29012.0,230407,49.412082916220434,9901.46
55079,MA,2022,1,142937.08,90259.791,55079,MA,216077.0,210315.0,1573486,51.1693116999452,73139.92000000001
55079,MA,2022,2,287697.38,181128.046,55079,MA,443254.0,432101.0,3083171,54.06952958695695,155556.62
55079,MA,2022,3,299243.56,191822.981,55079,MA,465690.0,453766.0,3266054,55.6223966858301,166446.44
55079,MA,2022,4,38357.6,25627.483,55079,MA,58104.0,56381.0,437599,51.47975890045259,19746.4
55079,MA,2023,1,3210.61,2536.131,55079,MA,4359.0,4174.0,43287,35.76859226128368,1148.3899999999999
55079,MA,2023,2,29980.58,19796.093,55079,MA,46070.0,44779.0,330647,53.66613988121644,16089.419999999998
55079,MA,2023,3,253754.42,161910.144,55079,MA,391943.0,381768.0,2787720,54.45760511284886,138188.58
55079,MA,2023,4,131710.58,83851.315,55079,MA,199891.0,194734.0,1444615,51.76533274699726,68180.42000000001
55079,MA,2024,1,83655.14,53169.939,55079,MA,126108.0,122758.0,900481,50.74746154270975,42452.86
55079,MA,2024,2,33502.23,22648.84,55079,MA,49648.0,48253.0,382133,48.193120278859034,16145.769999999997
55079,MA,2024,3,236432.02,151245.351,55079,MA,354391.0,345671.0,2585752,49.89128799051838,117958.98000000001
55079,MA,2024,4,2801.46,2059.166,55079,MA,4041.0,3905.0,34746,44.24621447388147,1239.54
55079,MA,2025,1,48359.6,29089.697,55079,MA,68768.0,66901.0,513908,42.201341615728836,20408.4
55079,MA,2025,2,79537.95,50222.512,55079,MA,117181.0,113964.0,880246,47.32715640772739,37643.05
55079,MA,2025,3,206319.82,127604.528,55079,MA,305302.0,297456.0,2204496,47.975119404427545,98982.18
55079,MA,2025,4,265354.09,160487.365,55079,MA,383916.0,373861.0,2788360,44.68064162870072,118561.90999999997
55211,MA,2020,1,19899.71,13945.616,55211,MA,32226.0,31037.0,253274,61.94205845210811,12326.29
55211,MA,2020,2,107117.66,72667.79000000001,55211,MA,174228.0,168567.0,1339558,62.651051189878494,67110.34
55211,MA,2020,3,393074.95999999996,268433.368,55211,MA,641270.0,630541.0,4951211,63.14191064218389,248195.04000000004
55211,MA,2020,4,447971.1,294233.596,55211,MA,720704.0,699147.0,5435376,60.88180688441733,272732.9
55211,MA,2021,1,413660.58999999997,270926.82,55211,MA,659882.0,640748.0,4973297,59.522568973756975,246221.41000000003
55211,MA,2021,2,338246.65,229547.416,55211,MA,557658.0,540305.0,4332042,64.86726476078918,219411.34999999998
55211,MA,2021,3,462755.52,314160.819,55211,MA,763025.0,741706.0,5730140,64.88728216575352,300269.48
55211,MA,2021,4,346606.98,230500.425,55211,MA,560617.0,543687.0,4145698,61.74429031983142,214010.02000000002
55211,MA,2022,1,445332.75,291504.372,55211,MA,709682.0,689854.0,5414308,59.35993928135759,264349.25
55211,MA,2022,2,361030.03,244522.27899999998,55211,MA,709477.0,690013.0,5394559,96.51467774024226,348446.97
55211,MA,2022,3,426353.87,293304.38300000003,55211,MA,713037.0,682845.0,5396839,67.2406538728029,286683.13
55211,MA,2022,4,320122.23,211183.19400000002,55211,MA,516322.0,498497.0,3902822,61.28901763554503,196199.77000000002
55211,MA,2023,1,501055.28,332118.37899999996,55211,MA,832999.0,800477.0,6105586,66.24892167586776,331943.72
55211,MA,2023,2,475535.29000000004,316621.54099999997,55211,MA,784585.0,762498.0,5829258,64.98985806079712,309049.70999999996
55211,MA,2023,3,534939.95,362671.1,55211,MA,887734.0,865343.0,6574598,65.95021553353794,352794.05000000005
55211,MA,2023,4,493631.41000000003,329063.806,55211,MA,807493.0,789511.0,6067973,63.582175615607596,313861.58999999997
55211,MA,2024,1,383664.3,253473.20299999998,55211,MA,629603.0,606934.0,4726600,64.10257613231151,245938.7
55211,MA,2024,2,338984.58999999997,230833.472,55211,MA,554431.0,535889.0,4293243,63.55640237215504,215446.41000000003
55211,MA,2024,3,370405.47,254124.305,55211,MA,622167.0,592710.0,4671356,67.96917172956437,251761.53000000003
55211,MA,2024,4,591326.71,387277.282,55211,MA,961487.0,932713.0,7174892,62.59826991410553,370160.29000000004
55211,MA,2025,1,557820.8999999999,367108.712,55211,MA,896116.0,878801.0,6728167,60.64582736143449,338295.1000000001
55211,MA,2025,2,494362.02,332849.801,55211,MA,814497.0,786464.0,6081559,64.75719554669672,320134.98
55211,MA,2025,3,554532.44,367385.204,55211,MA,929716.0,901867.0,7110744,67.6576396504414,375183.56000000006
55211,MA,2025,4,599354.95,376949.154,55211,MA,967170.0,942217.0,7385107,61.36848456828463,367815.05000000005
55212,MA,2020,1,44370.9,30078.481,55212,MA,66691.0,65829.0,500865,50.30346465814306,22320.1
55212,MA,2020,2,111329.95999999999,74685.207,55212,MA,170223.0,169901.0,1294412,52.89954294423532,58893.04000000001
55212,MA,2020,3,393263.43000000005,264208.566,55212,MA,600154.0,583770.0,4579177,52.60864708422035,206890.56999999995
55212,MA,2020,4,397296.75,256091.223,55212,MA,589069.0,574067.0,4438474,48.269272275698206,191772.25
55212,MA,2021,1,385385.77,248820.609,55212,MA,567231.0,552576.0,4312434,47.18524765457738,181845.22999999998
55212,MA,2021,2,349138.12,231176.419,55212,MA,536661.0,522681.0,4006688,53.71022791782233,187522.88
55212,MA,2021,3,477441.28,314724.603,55212,MA,741855.0,723364.0,5454717,55.38141151096109,264413.72
55212,MA,2021,4,346852.70999999996,226219.902,55212,MA,519154.0,504665.0,3920778,49.675636093487654,172301.29000000004
55212,MA,2022,1,444805.47,284206.957,55212,MA,661415.0,644560.0,4925662,48.697586834982054,216609.53000000003
55212,MA,2022,2,339496.74,223249.669,55212,MA,507561.0,492281.0,3869305,49.50393927199419,168064.26
55212,MA,2022,3,479216.0,315050.424,55212,MA,726998.0,707123.0,5460368,51.70570264765784,247782.0
55212,MA,2022,4,511045.75,330257.346,55212,MA,773948.0,754197.0,5755890,51.443975417073716,262902.25
55212,MA,2023,1,430335.81,280564.2,55212,MA,642876.0,624917.0,4862630,49.389380353914774,212540.19
55212,MA,2023,2,436523.04000000004,283041.651,55212,MA,645964.0,627112.0,4888372,47.97935980652933,209440.95999999996
55212,MA,2023,3,561907.98,361950.949,55212,MA,844258.0,820729.0,6273285,50.24844459407749,282350.02
55212,MA,2023,4,409728.03,264216.516,55212,MA,592519.0,575668.0,4579331,44.61275690608718,182790.96999999997
55212,MA,2024,1,410445.79000000004,262631.677,55212,MA,625432.0,607758.0,4632865,52.378709987499185,214986.20999999996
55212,MA,2024,2,218689.21,146364.467,55212,MA,333745.0,322133.0,2542854,52.61155317173628,115055.79000000001
55212,MA,2024,3,335999.73,222320.73200000002,55212,MA,510839.0,495033.0,3877734,52.035538838081806,174839.27000000002
55212,MA,2024,4,392475.98,251056.329,55212,MA,582092.0,566077.0,4252561,48.31277063121163,189616.02000000002
55212,MA,2025,1,521753.35,332606.468,55212,MA,761835.0,742081.0,5566037,46.01439549932934,240081.65000000002
55212,MA,2025,2,545795.29,354030.246,55212,MA,833209.0,811268.0,6115932,52.65961712494806,287413.70999999996
55212,MA,2025,3,565247.03,361425.07999999996,55212,MA,860291.0,837250.0,6380069,52.197349891427116,295043.97
55212,MA,2025,4,586914.75,360267.467,55212,MA,886455.0,863805.0,6400353,51.03641542489774,299540.25
55317,MA,2020,1,932705.88,406367.973,55317,MA,931120.0,913456.0,6821674,-0.17003002061057068,-1585.8800000000047
55317,MA,2020,2,451181.22,195759.856,55317,MA,449255.0,439695.0,3336528,-0.4269282307450589,-1926.219999999972
55317,MA,2020,3,1452293.37,625606.064,55317,MA,1449352.0,1416657.0,10376383,-0.2025327706343596,-2941.3700000001118
55317,MA,2020,4,566563.8400000001,248111.211,55317,MA,565676.0,554515.0,4126240,-0.15670608276025588,-887.8400000000838
55317,MA,2021,1,1025921.74,447812.545,55317,MA,1024352.0,1004363.0,7526072,-0.15300777230824553,-1569.7399999999907
55317,MA,2021,2,814573.15,350946.971,55317,MA,812288.0,795620.0,5926051,-0.28053343030027733,-2285.1500000000233
55317,MA,2021,3,1007012.77,436377.395,55317,MA,1005544.0,982716.0,7326738,-0.1458541583340615,-1468.7700000000186
55317,MA,2021,4,746272.75,326629.473,55317,MA,744003.0,729213.0,5472153,-0.30414483176559776,-2269.75
55317,MA,2022,1,867102.0800000001,417167.06200000003,55317,MA,865157.01,849394.01,6466057,-0.22431845625373947,-1945.0700000000652
55317,MA,2022,2,1034365.51,438853.999,55317,MA,1033472.0,1011757.0,7395050,-0.08638242394605841,-893.5100000000093
55317,MA,2022,3,905447.62,394209.37100000004,55317,MA,904817.0,885199.0,6650882,-0.0696473198526929,-630.6199999999953
55317,MA,2022,4,664992.3,302112.27,55317,MA,663342.0,649831.0,4903954,-0.24816828706137598,-1650.3000000000466
55317,MA,2023,1,381253.25,166883.09,55317,MA,379406.0,371117.0,2811896,-0.4845204598255884,-1847.25
55317,MA,2023,2,599446.71,259497.989,55317,MA,599000.0,587415.0,4373089,-0.07452038564027864,-446.70999999996275
55317,MA,2023,3,747505.55,320273.755,55317,MA,749459.0,731207.0,5412161,0.26132916337543627,1953.4499999999534
55317,MA,2023,4,525209.09,227756.883,55317,MA,525373.01,517429.0,3826195,0.031210427070110673,163.9200000000419
55317,MA,2024,1,755023.94,325037.921,55317,MA,754564.0,742516.0,5463736,-0.06091727369597633,-459.9399999999441
55317,MA,2024,2,755481.24,323496.43,55317,MA,755348.0,736088.0,5453954,-0.01763644058189859,-133.2399999999907
55317,MA,2024,3,895528.2,384667.419,55317,MA,895012.0,871710.0,6481405,-0.057641959237012694,-516.1999999999534
55317,MA,2024,4,930087.95,404710.41599999997,55317,MA,930792.0,909224.0,6698816,0.0756971424046561,704.0500000000466
55317,MA,2025,1,888787.7,399017.204,55317,MA,888607.01,868054.0,6596719,-0.020329939309459855,-180.68999999994412
55317,MA,2025,2,500681.36,213856.846,55317,MA,499928.0,487052.0,3603054,-0.15046695567016635,-753.359999999986
55317,MA,2025,3,890517.67,378170.275,55317,MA,890698.0,866848.0,6375682,0.020250019294952123,180.3299999999581
55317,MA,2025,4,903669.73,387383.873,55317,MA,903592.0,883553.0,6473694,-0.00860159385885166,-77.72999999998137
59882,MA,2020,1,39973.020000000004,24427.331,59882,MA,41745.0,39837.0,451011,4.432940018042158,1771.979999999996
59882,MA,2020,2,47553.369999999995,28848.365,59882,MA,49800.0,47428.01,531331,4.724439088123523,2246.6300000000047
59882,MA,2020,3,71572.08,40902.866,59882,MA,73536.0,70035.0,742144,2.7439750248979746,1963.9199999999983
59882,MA,2020,4,38885.25,21683.769,59882,MA,40227.0,38312.0,393582,3.450537157405443,1341.75
59882,MA,2021,1,38570.97,21686.222,59882,MA,40124.0,38212.0,401306,4.02642194375718,1553.0299999999988
59882,MA,2021,2,40486.67,22193.867,59882,MA,41455.0,39481.0,403308,2.3917254740881426,968.3300000000017
59882,MA,2021,3,88391.57,48307.019,59882,MA,90727.0,86407.0,871705,2.6421411001071626,2335.429999999993
59882,MA,2021,4,27000.64,14780.293000000001,59882,MA,28146.0,26806.0,270149,4.241973523590555,1145.3600000000006
59882,MA,2022,1,28602.07,17874.061,59882,MA,30888.0,29417.0,299612,7.9921837825024555,2285.9300000000003
59882,MA,2022,2,54155.06,30242.446,59882,MA,56236.0,53557.0,545532,3.8425587562824277,2080.9400000000023
59882,MA,2022,3,102278.94,55953.906,59882,MA,105526.0,100501.0,993159,3.1747102580453,3247.0599999999977
59882,MA,2022,4,49058.89,29633.332000000002,59882,MA,51163.0,48727.0,509701,4.2889474262462945,2104.1100000000006
59882,MA,2023,1,17006.54,9685.523000000001,59882,MA,18234.0,17366.0,177678,7.217576297118633,1227.4599999999991
59882,MA,2023,2,13530.48,8320.382,59882,MA,14186.0,13511.0,141020,4.8447653002702085,655.5200000000004
59882,MA,2023,3,86204.35,48893.07,59882,MA,90217.0,85921.0,861490,4.654811503131795,4012.649999999994
59882,MA,2023,4,48094.82,29756.838,59882,MA,49811.020000000004,47439.0,535350,3.5683676537307014,1716.2000000000044
59882,MA,2024,1,8446.77,5598.091,59882,MA,8961.0,8535.0,103039,6.087889216824887,514.2299999999996
59882,MA,2024,2,54726.82,30076.245,59882,MA,54980.0,52361.0,537619,0.4626250894899435,253.1800000000003
59882,MA,2024,3,92539.76,49193.493,59882,MA,93423.0,88973.0,871914,0.9544437979955916,883.2400000000052
59882,MA,2024,4,53451.84,28461.191000000003,59882,MA,53868.0,51303.01,520842,0.7785700174212965,416.1600000000035
59882,MA,2025,1,30388.300000000003,17078.586,59882,MA,29833.0,28412.010000000002,304057,-1.8273480253913608,-555.3000000000029
59882,MA,2025,2,28900.35,15850.577000000001,59882,MA,28933.0,27556.0,278014,0.11297441034451644,32.650000000001455
59882,MA,2025,3,66826.53,36318.411,59882,MA,67317.0,64111.0,616163,0.7339450364997272,490.47000000000116
59882,MA,2025,4,94265.5,50657.7,59882,MA,95346.01000000001,90806.0,904853,1.1462412017121952,1080.5100000000093
6081,MA,2020,1,87.25,87.45,6081,MA,82.0,82.0,1044,-6.017191977077363,-5.25
6081,MA,2020,2,12817.25,9730.8,6081,MA,15550.0,15550.0,158787,21.320876162983478,2732.75
6081,MA,2020,3,57553.0,42131.125,6081,MA,75534.01000000001,75534.01000000001,738277,31.242524281966205,17981.01000000001
6081,MA,2020,4,4256.25,3326.65,6081,MA,5396.0,5396.0,52221,26.77826725403818,1139.75
6081,MA,2021,1,926.75,851.575,6081,MA,990.0,990.0,11354,6.824925816023739,63.25
6081,MA,2021,2,16413.75,12784.075,6081,MA,22664.0,22664.0,225444,38.07935419998476,6250.25
6081,MA,2021,3,23428.5,17915.275,6081,MA,30571.999999999996,30571.999999999996,297771,30.490641739761386,7143.499999999996
6081,MA,2021,4,549.0,678.0999999999999,6081,MA,508.0,508.0,6658,-7.468123861566485,-41.0
6081,MA,2022,1,5063.25,5014.2,6081,MA,6095.0,6095.0,59390,20.377228064978027,1031.75
6081,MA,2022,2,538.0,407.475,6081,MA,693.0,693.0,7018,28.810408921933085,155.0
6081,MA,2022,3,50383.25,39111.925,6081,MA,69450.0,69450.0,646162,37.84343010822049,19066.75
6081,MA,2022,4,33860.0,25131.325,6081,MA,33864.0,33864.0,302521,0.011813349084465446,4.0
6081,MA,2023,1,13127.5,10033.324999999999,6081,MA,13098.0,13098.0,120224,-0.22471910112359553,-29.5
6081,MA,2023,2,393.0,417.725,6081,MA,470.0,470.0,4899,19.59287531806616,77.0
6081,MA,2023,3,5154.75,5443.725,6081,MA,6737.0,6737.0,71348,30.69499005771376,1582.25
6081,MA,2023,4,1833.25,2204.975,6081,MA,1762.0,1762.0,22913,-3.88654029728624,-71.25
6081,MA,2024,1,1765.25,1868.275,6081,MA,2137.0,2137.0,21591,21.05934003682198,371.75
6081,MA,2024,2,3716.5,4038.225,6081,MA,4793.0,4793.0,46310,28.965424458495896,1076.5
6081,MA,2024,3,13904.0,15025.975,6081,MA,16330.0,16330.0,172650,17.448216340621403,2426.0
6081,MA,2024,4,17791.0,14881.875,6081,MA,24453.0,24453.0,220763,37.44589961216345,6662.0
6081,MA,2025,1,14536.75,14518.7,6081,MA,19121.0,19121.0,172847,31.535590830137412,4584.25
6081,MA,2025,2,30768.0,24609.425,6081,MA,40834.0,40834.0,421457,32.71580863234529,10066.0
6081,MA,2025,3,30510.75,24532.375,6081,MA,40952.0,40952.0,414101,34.221544865334344,10441.25
6081,MA,2025,4,2465.75,2770.85,6081,MA,3049.0,3049.0,30922,23.654060630639766,583.25
60903,MA,2020,1,284177.74,122631.88699999999,60903,MA,282950.0,274074.0,2288937,-0.43203243153386706,-1227.7399999999907
60903,MA,2020,2,10426.18,4831.616,60903,MA,10064.0,9777.0,82046,-3.473755488587386,-362.1800000000003
60903,MA,2020,3,394902.48,167575.096,60903,MA,393573.0,381500.0,2906188,-0.33666033193814876,-1329.4799999999814
60903,MA,2020,4,173391.78999999998,72845.292,60903,MA,172941.0,168141.0,1331839,-0.25998347441939385,-450.78999999997905
60903,MA,2021,1,315598.66,133887.376,60903,MA,315043.0,307696.0,2598982,-0.17606538633591615,-555.6599999999744
60903,MA,2021,2,65717.95000000001,28381.847999999998,60903,MA,65085.0,62900.0,539053,-0.9631310775823219,-632.9500000000116
60903,MA,2021,3,274566.2,116000.968,60903,MA,272704.0,263851.0,2100807,-0.6782335189109262,-1862.2000000000116
60903,MA,2021,4,101586.93,43846.436,60903,MA,100653.0,97566.0,777189,-0.9193407065259214,-933.929999999993
60903,MA,2022,1,63790.34,28401.425,60903,MA,62938.0,61493.0,505682,-1.336158421478858,-852.3399999999965
60903,MA,2022,2,124578.14,54119.562999999995,60903,MA,123241.0,120168.0,957882,-1.073334374714536,-1337.1399999999994
60903,MA,2022,3,317390.94,135474.195,60903,MA,315147.0,305060.0,2387643,-0.706995606112765,-2243.9400000000023
60903,MA,2022,4,60961.44,26650.922,60903,MA,60319.0,57953.0,475417,-1.0538464970643777,-642.4400000000023
60903,MA,2023,1,21713.22,9715.838,60903,MA,21490.0,20887.0,173873,-1.0280372970936653,-223.22000000000116
60903,MA,2023,2,145140.15,60461.277,60903,MA,143520.0,139435.0,1084415,-1.1162658988570662,-1620.1499999999942
60903,MA,2023,3,301049.59,127471.777,60903,MA,299043.0,290363.0,2228080,-0.6665313844141177,-2006.5900000000256
60903,MA,2023,4,256742.21000000002,108147.875,60903,MA,254686.0,246880.0,1925454,-0.8008850589858288,-2056.210000000021
60903,MA,2024,1,120393.53,50418.630999999994,60903,MA,119580.0,116148.0,911226,-0.6757256806075865,-813.5299999999988
60903,MA,2024,2,175930.07,73430.439,60903,MA,174870.0,169649.0,1280353,-0.6025519116771835,-1060.070000000007
60903,MA,2024,3,520080.79000000004,215249.44400000002,60903,MA,518074.0,502776.0,3776037,-0.3858612043717356,-2006.7900000000373
60903,MA,2024,4,373643.20999999996,156776.29,60903,MA,371522.0,361383.0,2747296,-0.5677100354640361,-2121.2099999999627
60903,MA,2025,1,191271.28999999998,80106.623,60903,MA,190011.0,186319.0,1433874,-0.6589018142764548,-1260.289999999979
60903,MA,2025,2,476868.29000000004,191401.34000000003,60903,MA,475525.0,462262.0,3475976,-0.2816899400041964,-1343.2900000000373
60903,MA,2025,3,715239.1699999999,286239.201,60903,MA,713804.0,691982.0,5139446,-0.20065595680392134,-1435.1699999999255
60903,MA,2025,4,469443.48,187451.992,60903,MA,467134.0,453431.0,3407208,-0.4919612473902037,-2309.4799999999814
63559,MA,2024,3,3453.25,2349.5,63559,MA,0.0,0.0,0,-100.0,-3453.25
63559,MA,2024,4,4044.07,2644.6,63559,MA,0.0,0.0,0,-100.0,-4044.07
10678,MD,2020,1,234216.0,302419.2,10678,MD,278020.0,235385.0,2155919,18.70239437100796,43804.0
10678,MD,2020,2,216639.18,289898.566,10678,MD,259893.0,217555.0,2015352,19.965834434934628,43253.82000000001
10678,MD,2020,3,218661.09,276433.098,10678,MD,255744.0,219286.0,1983178,16.959080374107714,37082.91
10678,MD,2020,4,279884.0,352930.0,10678,MD,326110.0,281213.0,2528835,16.51612811021709,46226.0
10678,MD,2021,1,297187.0,367281.6,10678,MD,343389.0,298235.0,2662825,15.546440456682156,46202.0
10678,MD,2021,2,203426.26,258674.393,10678,MD,234671.0,204152.0,1819767,15.359246146490621,31244.73999999999
10678,MD,2021,3,369325.7,456197.135,10678,MD,420314.0,369679.0,3259344,13.805781725994153,50988.29999999999
10678,MD,2021,4,379221.22,461489.792,10678,MD,430904.0,379693.0,3341464,13.628662446684823,51682.78000000003
10678,MD,2022,1,337269.8,416550.199,10678,MD,384179.01,338135.01,2979134,13.908511820506913,46909.21000000002
10678,MD,2022,2,202658.53,251657.192,10678,MD,229569.00999999998,202613.0,1780204,13.278730483241924,26910.47999999998
10678,MD,2022,3,379677.0,457699.6,10678,MD,430058.0,379695.0,3334904,13.26943691611554,50381.0
10678,MD,2022,4,339777.4,411352.255,10678,MD,385954.0,340033.0,2992897,13.59025055815954,46176.59999999998
10678,MD,2023,1,169122.81,221438.328,10678,MD,201919.0,169996.01,1565789,19.391937728565413,32796.19
10678,MD,2023,2,88579.73,113651.216,10678,MD,95898.01000000001,89006.01,743646,8.261799849694748,7318.280000000013
10678,MD,2023,3,228540.0,299686.3,10678,MD,268419.0,228139.0,2081468,17.449461800997636,39879.0
10678,MD,2023,4,171944.0,222374.672,10678,MD,200151.0,170913.0,1552080,16.404759689201136,28207.0
10678,MD,2024,1,231727.0,294219.8,10678,MD,269659.0,230310.0,2091083,16.36926210584006,37932.0
10678,MD,2024,2,97556.09,120936.17,10678,MD,112603.01000000001,97047.01,873185,15.423865388619012,15046.920000000013
1554,MD,2020,1,0.0,5249.7880000000005,1554,MD,0.0,-3383.0,96525,,0.0
1554,MD,2020,2,13584.37,15885.480000000001,1554,MD,13615.0,7960.0,190909,0.22547972412411613,30.6299999999992
1554,MD,2020,3,92122.09,98052.402,1554,MD,92240.0,75922.99,1002380,0.12799318817018102,117.91000000000349
1554,MD,2020,4,0.0,4132.434,1554,MD,6.0,6.0,61707,,6.0
1554,MD,2021,1,37452.45,43016.12699999999,1554,MD,37451.0,30986.0,443309,-0.0038715758248047587,-1.4499999999970896
1554,MD,2021,2,35834.16,40870.195,1554,MD,35366.0,26377.0,384828,-1.3064628834609306,-468.1600000000035
1554,MD,2021,3,52646.67,62830.775,1554,MD,52853.0,38343.0,656218,0.3919146263191988,206.33000000000175
1554,MD,2021,4,34863.439999999995,37589.377,1554,MD,34880.0,27082.0,363022,0.04749961564322095,16.560000000004948
1554,MD,2022,1,50537.6,68272.117,1554,MD,50563.009999999995,41847.0,559766,0.050279395934900384,25.409999999996217
1554,MD,2022,2,63721.86,87149.907,1554,MD,64204.0,52410.0,691765,0.7566320254932913,482.1399999999994
1554,MD,2022,3,18893.98,25077.17,1554,MD,19438.0,12352.0,274010,2.8793298182807456,544.0200000000004
1554,MD,2022,4,5722.0,10225.3,1554,MD,8148.0,6596.0,139128,42.397763019923104,2426.0
1554,MD,2023,1,1401.0,5900.879999999999,1554,MD,1375.0,654.0,35602,-1.8558172733761598,-26.0
1554,MD,2023,2,8106.85,13688.258,1554,MD,8079.01,4928.0,110571,-0.3434132862949252,-27.840000000000146
1554,MD,2023,3,67950.26,80728.39,1554,MD,67570.98,52765.01,813892,-0.5581729930098853,-379.27999999999884
1554,MD,2023,4,14730.880000000001,18992.674,1554,MD,14687.0,9782.0,223729,-0.2978776556458339,-43.88000000000102
1554,MD,2024,1,17546.36,22812.146,1554,MD,18651.0,17103.0,281336,6.295550758105952,1104.6399999999994
1554,MD,2024,2,51643.57,56154.557,1554,MD,51650.0,47388.0,666263,0.012450727167003154,6.430000000000291
1554,MD,2024,3,61891.65,63461.80900000001,1554,MD,61708.0,57196.01,768130,-0.2967282339378599,-183.65000000000146
1554,MD,2024,4,40168.51,40420.917,1554,MD,40067.0,37030.0,488946,-0.25271039428647474,-101.51000000000204
1554,MD,2025,1,81097.98999999999,84969.806,1554,MD,81465.0,76355.0,1067362,0.45255129011213385,367.0100000000093
1554,MD,2025,2,43516.009999999995,42045.226,1554,MD,43403.0,40407.0,535644,-0.25969752281975017,-113.00999999999476
1554,MD,2025,3,57916.17,55779.751000000004,1554,MD,57642.0,52426.009999999995,672387,-0.4733911099439039,-274.16999999999825
1554,MD,2025,4,25933.57,30086.047,1554,MD,25866.0,23608.0,366805,-0.2605503214559342,-67.56999999999971
1556,MD,2020,1,21520.6,15877.423,1556,MD,13345.0,12710.0,149307,-37.98964712879752,-8175.5999999999985
1556,MD,2020,2,15955.509999999998,10084.557,1556,MD,15704.0,14956.0,165749,-1.57632065662582,-251.5099999999984
1556,MD,2020,3,150828.4,101252.85,1556,MD,155150.0,147762.01,1658463,2.865242885292164,4321.600000000006
1556,MD,2020,4,19322.04,13448.428,1556,MD,19024.0,18119.0,184521,-1.5424872321970189,-298.0400000000009
1556,MD,2021,1,33435.67,21318.737,1556,MD,33473.0,31878.01,489541,0.11164723183355306,37.330000000001746
1556,MD,2021,2,52770.7,35572.352,1556,MD,53566.01,51015.0,556998,1.5071052686434043,795.310000000005
1556,MD,2021,3,85344.99,54584.177,1556,MD,86827.01,82273.0,914808,1.7365049782066755,1482.0199999999895
1556,MD,2021,4,77593.14,47559.867,1556,MD,78508.01,74770.0,797017,1.179060416938914,914.8699999999953
1556,MD,2022,1,20565.66,13392.748,1556,MD,20260.0,19295.010000000002,205621,-1.4862639954176031,-305.65999999999985
1556,MD,2022,2,107181.96,67285.391,1556,MD,109330.0,104124.02,1109135,2.0041059148386475,2148.0399999999936
1556,MD,2022,3,148127.56,95046.522,1556,MD,151201.0,144301.0,1585947,2.074860343341916,3073.4400000000023
1556,MD,2022,4,63990.380000000005,45060.119999999995,1556,MD,65178.0,62074.0,679790,1.8559352202627883,1187.6199999999953
1556,MD,2023,1,20421.49,13115.626,1556,MD,20300.010000000002,19333.010000000002,237756,-0.5948635481544176,-121.47999999999956
1556,MD,2023,2,59823.8,39836.027,1556,MD,60353.0,57479.0,654329,0.884597768780982,529.1999999999971
1556,MD,2023,3,109757.45,72257.002,1556,MD,111673.0,106355.0,1169928,1.7452573834395777,1915.550000000003
1556,MD,2023,4,66044.64,42969.294,1556,MD,66882.0,63697.0,707609,1.2678697317450751,837.3600000000006
1556,MD,2024,1,11056.27,7432.763999999999,1556,MD,10344.0,9852.0,128495,-6.442226899306913,-712.2700000000004
1556,MD,2024,2,49240.57,33031.982,1556,MD,50947.009999999995,48521.0,542671,3.465516341504567,1706.439999999995
1556,MD,2024,3,75819.19,50615.903,1556,MD,77656.01,73958.0,872387,2.42263205396944,1836.8199999999924
1556,MD,2024,4,21052.98,14792.014000000001,1556,MD,21058.0,20055.01,229339,0.02384460537178317,5.020000000000437
1556,MD,2025,1,28549.59,23151.695,1556,MD,28746.0,27377.0,314220,0.6879608428702474,196.40999999999985
1556,MD,2025,2,60887.45,41497.684,1556,MD,61731.01,58792.0,675581,1.385441499028133,843.560000000005
1556,MD,2025,3,91678.05,64336.084,1556,MD,93734.0,89271.0,1007747,2.242576058282214,2055.949999999997
1556,MD,2025,4,77846.62000000001,49584.78200000001,1556,MD,79087.0,75320.01,832685,1.5933639764963334,1240.37999999999
1560,MD,2020,1,1634.34,1572.071,1560,MD,1905.41,1814.6999999999998,28434,16.585900118702362,271.07000000000016
1560,MD,2020,2,1739.38,1618.734,1560,MD,1644.59,1566.31,24540,-5.449642976232921,-94.79000000000019
1564,MD,2020,1,0.0,1.043,1564,MD,34.379999999999995,-976.33,348,,34.379999999999995
1564,MD,2020,2,0.0,0.0,1564,MD,43.97,-735.46,452,,43.97
1564,MD,2020,3,1439.1,1952.005,1564,MD,1545.4199999999998,665.83,19625,7.387950802584944,106.31999999999994
1564,MD,2020,4,0.0,0.0,1564,MD,15.23,-822.04,157,,15.23
1564,MD,2021,1,345.64,1002.42,1564,MD,778.3,-358.32000000000005,19596,125.17648420321721,432.65999999999997
1564,MD,2021,2,0.0,0.0,1564,MD,285.9,-464.08000000000004,4092,,285.9
1564,MD,2021,3,2229.77,3432.327,1564,MD,2532.5299999999997,1591.7,46035,13.578082044336401,302.75999999999976
1564,MD,2021,4,0.0,0.0,1564,MD,262.28,-526.3,3747,,262.28
1564,MD,2022,1,0.0,2.51,1564,MD,275.59,-747.38,4042,,275.59
1564,MD,2022,2,0.0,0.0,1564,MD,155.31,-481.78,2279,,155.31
1564,MD,2022,3,3545.17,4796.005,1564,MD,3750.9799999999996,2792.6699999999996,54035,5.805363353520409,205.8099999999995
1564,MD,2022,4,6555.95,8954.009,1564,MD,6894.12,5489.5,117562,5.1582150565516836,338.1700000000001
1564,MD,2023,1,591.16,1355.192,1564,MD,641.11,-430.05999999999995,10471,8.449489139995949,49.950000000000045
1564,MD,2023,2,0.0,3.166,1564,MD,35.76,-603.11,554,,35.76
1564,MD,2023,3,5729.53,9870.371,1564,MD,5825.6,4432.07,78241,1.6767518452648056,96.07000000000062
1564,MD,2023,4,290.36,930.36,1564,MD,382.55,-494.89,5886,31.75024108003857,92.19
1564,MD,2024,1,4199.03,5551.079,1564,MD,4240.320000000001,2925.27,53463,0.9833223387306325,41.29000000000087
1564,MD,2024,2,0.0,238.89,1564,MD,61.599999999999994,-640.35,1469,,61.599999999999994
1564,MD,2024,3,3590.64,7125.8,1564,MD,4172.2,3049.9700000000003,48770,16.196555488715102,581.56
1564,MD,2024,4,0.0,474.219,1564,MD,49.88,-775.9000000000001,1819,,49.88
1571,MD,2020,1,11851.839999999998,8653.948999999999,1571,MD,11905.0,-9478.0,137021,0.44853794853796275,53.16000000000167
1571,MD,2020,2,88769.66,76580.285,1571,MD,87837.01000000001,60689.979999999996,1082814,-1.050640500369151,-932.6499999999942
1571,MD,2020,3,356291.75,325324.034,1571,MD,356790.01,309357.01,3843870,0.13984606716265793,498.2600000000093
1571,MD,2020,4,25071.260000000002,28714.108,1571,MD,25084.0,5135.009999999999,239817,0.05081515647796705,12.739999999997963
1571,MD,2021,1,701308.38,764843.781,1571,MD,772.0,-9303.01,10835,-99.8899200377443,-700536.38
1571,MD,2021,2,81030.85,93321.048,1571,MD,7743.0,-2099.0,92488,-90.44438013423283,-73287.85
1571,MD,2021,3,85846.34,62446.303,1571,MD,85695.0,70645.0,1030890,-0.17629173241398122,-151.3399999999965
1571,MD,2021,4,60123.14,40378.609,1571,MD,60245.01,48083.0,677776,0.2027006573509012,121.87000000000262
1571,MD,2022,1,1368.5300000000002,1468.3,1571,MD,1405.0,-9538.01,18293,2.66490321732076,36.4699999999998
1571,MD,2022,2,115178.52,83168.805,1571,MD,113980.0,96931.0,1404282,-1.0405759685052423,-1198.520000000004
1571,MD,2022,3,93984.23,64923.273,1571,MD,94614.0,77442.0,1015157,0.6700805018033388,629.7700000000041
1571,MD,2022,4,84258.31000000001,57325.253000000004,1571,MD,84916.0,70580.0,883592,0.7805639586172423,657.6899999999878
1571,MD,2023,1,34737.659999999996,23101.059999999998,1571,MD,34765.0,22912.0,357738,0.07870420747973175,27.340000000003783
1571,MD,2023,2,141994.13999999998,90916.932,1571,MD,142181.0,123134.0,1448787,0.13159697998805805,186.86000000001513
1571,MD,2023,3,480976.49,316413.858,1571,MD,480999.0,438905.0,5032594,0.0046800624288329176,22.510000000009313
1571,MD,2023,4,121638.43999999999,84775.833,1571,MD,122652.0,105723.0,1277864,0.833256329167007,1013.5600000000122
1571,MD,2024,1,38237.42,26140.731,1571,MD,38562.0,25068.0,424938,0.8488543421601189,324.58000000000175
1571,MD,2024,2,372769.98000000004,233649.547,1571,MD,373287.0,342267.0,3732646,0.13869679098085105,517.0199999999604
1571,MD,2024,3,544801.5599999999,340968.358,1571,MD,544483.0,506588.0,5740525,-0.05847266663479075,-318.55999999993946
1571,MD,2024,4,64980.87,45040.869,1571,MD,65091.0,48407.99,704647,0.16948064868937177,110.12999999999738
1571,MD,2025,1,197872.06000000003,133329.326,1571,MD,197571.0,173665.0,2027215,-0.15214881777651013,-301.0600000000268
1571,MD,2025,2,658234.3,417319.503,1571,MD,657355.0,610751.0,6503487,-0.13358465215198395,-879.3000000000466
1571,MD,2025,3,545838.9800000001,347522.018,1571,MD,544472.0,498773.0,5158318,-0.2504364931944028,-1366.9800000000978
1571,MD,2025,4,455571.30000000005,307165.353,1571,MD,453807.01,420095.01,4585652,-0.3872697863100764,-1764.2900000000373
1572,MD,2020,1,46338.450000000004,44174.239,1572,MD,46564.0,32354.010000000002,490310,0.48674480911639384,225.54999999999563
1572,MD,2020,2,106167.31999999999,101766.895,1572,MD,105074.01,85767.01,1169434,-1.029799000295004,-1093.3099999999977
1572,MD,2020,3,125112.31999999999,121115.641,1572,MD,125334.0,103491.0,1371898,0.17718478883614946,221.68000000000757
1572,MD,2020,4,1011.26,820.902,1572,MD,1062.0,-1570.0,14936,5.01750291715286,50.74000000000001
1572,MD,2021,1,3749.74,3158.8500000000004,1572,MD,3794.0,-366.0,50983,1.180348504162961,44.26000000000022
1572,MD,2021,2,33170.229999999996,24234.415,1572,MD,33015.0,31719.0,411647,-0.4679798723132036,-155.22999999999593
1572,MD,2021,3,57591.79,43100.343,1572,MD,57643.0,56091.0,643228,0.08891892403413598,51.20999999999913
1572,MD,2021,4,95211.25,68816.443,1572,MD,95325.0,93248.0,1087153,0.11947117593771744,113.75
1572,MD,2022,1,5380.42,3744.185,1572,MD,5643.0,4975.0,65636,4.880288155943215,262.5799999999999
1572,MD,2022,2,23464.89,17221.686,1572,MD,23540.0,14716.01,260372,0.32009525721194765,75.11000000000058
1572,MD,2022,3,35825.11,27288.205,1572,MD,35721.0,26491.0,414643,-0.29060622563336325,-104.11000000000058
1572,MD,2022,4,47398.490000000005,36290.583,1572,MD,50091.0,41778.0,567944,5.6805818075639,2692.5099999999948
1572,MD,2023,1,15752.099999999999,11693.689,1572,MD,15737.0,13668.0,174974,-0.09586023450840551,-15.099999999998545
1572,MD,2023,2,47149.270000000004,35386.733,1572,MD,47080.0,44895.0,547026,-0.14691637855687706,-69.27000000000407
1572,MD,2023,3,125495.51000000001,90921.42499999999,1572,MD,125473.0,122577.0,1488736,-0.017936896706511104,-22.510000000009313
1572,MD,2023,4,108997.02,80292.43299999999,1572,MD,109034.0,106624.0,1326561,0.033927533064661695,36.979999999995925
1572,MD,2024,1,18605.56,14621.324999999999,1572,MD,18620.0,16985.0,244086,0.07761120869244832,14.43999999999869
1572,MD,2024,2,33371.05,26273.22,1572,MD,33103.0,31744.0,433660,-0.8032411326584057,-268.0500000000029
1572,MD,2024,3,85687.95000000001,63515.065,1572,MD,86142.0,84223.0,1083581,0.5298878080290033,454.04999999998836
1572,MD,2024,4,7661.73,6035.219,1572,MD,7807.0,6656.0,102108,1.8960469763356376,145.27000000000044
1572,MD,2025,1,8518.08,7596.677,1572,MD,8512.0,6557.0199999999995,119113,-0.07137758743754376,-6.079999999999927
1572,MD,2025,2,31499.16,23170.277000000002,1572,MD,31807.010000000002,30188.0,387346,0.9773276493722443,307.8500000000022
1572,MD,2025,3,130577.2,94285.223,1572,MD,132423.0,130347.0,1584023,1.4135699034747282,1845.800000000003
1572,MD,2025,4,70113.48999999999,54074.865000000005,1572,MD,72018.0,70058.01,760210,2.7163246331055686,1904.5100000000093
1573,MD,2020,1,86561.69,83688.462,1573,MD,86615.0,61351.0,779777,0.06158613585293641,53.30999999999767
1573,MD,2020,2,380730.18,395376.781,1573,MD,379741.0,337485.0,3540109,-0.2598112920809149,-989.179999999993
1573,MD,2020,3,651133.89,663038.138,1573,MD,651609.0,579935.0,6171104,0.07296655991903386,475.10999999998603
1573,MD,2020,4,138950.5,142540.409,1573,MD,139085.0,107011.0,1312880,0.09679706082381856,134.5
1573,MD,2021,1,589594.99,588402.233,1573,MD,589844.01,527103.0,5609951,0.04223577272934742,249.02000000001863
1573,MD,2021,2,322999.17,333207.067,1573,MD,322385.0,278662.0,3067565,-0.19014599944637126,-614.1699999999837
1573,MD,2021,3,537503.6900000001,549509.196,1573,MD,538488.0,475334.0,5080079,0.1831261846779023,984.3099999999395
1573,MD,2021,4,136793.47,146447.914,1573,MD,137000.0,103382.0,1274386,0.15097942906192732,206.52999999999884
1573,MD,2022,1,818210.26,836769.661,1573,MD,817698.0,737026.0,7685270,-0.06260737918392875,-512.2600000000093
1573,MD,2022,2,529760.93,546970.226,1573,MD,530328.0,506540.0,5256437,0.10704262392471048,567.0699999999488
1573,MD,2022,3,2430.11,2722.7,1573,MD,2810.0,342.0,39279,15.632625683611023,379.8899999999999
1573,MD,2022,4,3590.2,3539.3,1573,MD,3593.0,3179.0,43049,0.07799008411788151,2.800000000000182
1573,MD,2023,1,0.6799999999999999,51.3,1573,MD,0.0,-441.0,0,-100.0,-0.6799999999999999
1573,MD,2023,2,11.77,34.5,1573,MD,12.0,-347.0,397,1.9541206457094344,0.23000000000000043
1573,MD,2023,3,204.70999999999998,223.60000000000002,1573,MD,204.0,-144.0,2749,-0.34683210395192204,-0.7099999999999795
1573,MD,2023,4,239.87,207.7,1573,MD,239.0,-125.0,3503,-0.36269646058281757,-0.8700000000000045
1573,MD,2024,1,0.0,0.0,1573,MD,0.0,-396.0,0,,0.0
1573,MD,2024,2,1079.0,1171.5,1573,MD,1078.0,768.0,14461,-0.09267840593141798,-1.0
1573,MD,2024,3,673.25,753.1,1573,MD,671.0,394.0,9281,-0.33419977720014854,-2.25
1573,MD,2024,4,489.34000000000003,594.6,1573,MD,483.0,139.0,7340,-1.2956226754403954,-6.340000000000032
1573,MD,2025,1,1199.46,1572.7,1573,MD,1295.0,889.0,19367,7.9652510296299965,95.53999999999996
1573,MD,2025,2,2641.68,3202.8,1573,MD,2641.0,2351.0,39407,-0.02574119499711685,-0.6799999999998363
1573,MD,2025,3,3137.66,3936.2,1573,MD,3061.0,2856.0,48426,-2.4432220189567975,-76.65999999999985
1573,MD,2025,4,4040.79,4938.2,1573,MD,3764.0,3414.0,60753,-6.849898163477933,-276.78999999999996
54795,MD,2020,1,0.0,0.0,54795,MD,11239.0,10792.810000000001,53260,,11239.0
54795,MD,2020,2,0.0,0.0,54795,MD,13194.0,12670.2,62525,,13194.0
54795,MD,2020,3,0.0,0.0,54795,MD,12703.0,12198.7,60198,,12703.0
54795,MD,2020,4,0.0,0.0,54795,MD,11352.0,10901.32,53797,,11352.0
54795,MD,2021,1,0.0,0.0,54795,MD,13319.0,12790.24,63117,,13319.0
54795,MD,2021,2,0.0,0.0,54795,MD,11058.0,10619.0,52402,,11058.0
54795,MD,2021,3,0.0,0.0,54795,MD,13061.0,12542.48,61895,,13061.0
54795,MD,2021,4,0.0,0.0,54795,MD,12674.02,12170.849999999999,60061,,12674.02
54795,MD,2022,1,0.0,0.0,54795,MD,13692.0,13148.43,64885,,13692.0
54795,MD,2022,2,0.0,0.0,54795,MD,11914.0,11441.02,56459,,11914.0
54795,MD,2022,3,0.0,0.0,54795,MD,8561.0,8221.130000000001,40570,,8561.0
54795,MD,2022,4,0.0,0.0,54795,MD,12868.0,12357.14,60980,,12868.0
54795,MD,2023,1,0.0,0.0,54795,MD,8781.0,8432.4,41613,,8781.0
54795,MD,2023,2,0.0,0.0,54795,MD,14172.0,13609.369999999999,67160,,14172.0
54795,MD,2023,3,0.0,0.0,54795,MD,14573.0,13994.460000000001,69060,,14573.0
54795,MD,2023,4,0.0,0.0,54795,MD,14131.0,13570.01,66965,,14131.0
54795,MD,2024,1,0.0,0.0,54795,MD,14645.0,14063.6,69401,,14645.0
54795,MD,2024,2,0.0,0.0,54795,MD,12861.0,12350.42,60947,,12861.0
54795,MD,2024,3,0.0,0.0,54795,MD,14939.0,14345.92,70794,,14939.0
54795,MD,2024,4,0.0,0.0,54795,MD,13742.0,13196.439999999999,65122,,13742.0
54795,MD,2025,1,0.0,0.0,54795,MD,15591.0,14972.04,73885,,15591.0
54795,MD,2025,2,0.0,0.0,54795,MD,15010.0,14414.11,71131,,15010.0
54795,MD,2025,3,0.0,0.0,54795,MD,13473.0,12938.130000000001,63846,,13473.0
54795,MD,2025,4,0.0,0.0,54795,MD,12356.0,11865.47,58554,,12356.0
54832,MD,2020,1,128096.83,61828.039000000004,54832,MD,126070.0,124004.0,1083570,-1.5822639795223674,-2026.8300000000017
54832,MD,2020,2,136140.77000000002,64584.516,54832,MD,133870.0,131756.0,1116827,-1.6679573650127133,-2270.7700000000186
54832,MD,2020,3,226141.09,106164.909,54832,MD,222850.0,219203.01,1841432,-1.455325964865561,-3291.0899999999965
54832,MD,2020,4,117325.69,58381.511,54832,MD,114960.02,112892.03,973122,-2.016327370416486,-2365.6699999999983
54832,MD,2021,1,123828.89,63024.949,54832,MD,121790.01,119782.01000000001,1039122,-1.6465301433292383,-2038.8800000000047
54832,MD,2021,2,205545.22,101756.71299999999,54832,MD,202450.0,198637.0,1675471,-1.5058584188919601,-3095.220000000001
54832,MD,2021,3,182300.05,90767.27100000001,54832,MD,179130.0,176183.0,1491634,-1.7389188867474192,-3170.0499999999884
54832,MD,2021,4,204056.76,100552.395,54832,MD,201390.0,198497.0,1660974,-1.3068716762924244,-2666.7600000000093
54832,MD,2022,1,70812.43,38227.647,54832,MD,69790.01000000001,68733.01,606698,-1.4438425570199804,-1022.4199999999837
54832,MD,2022,2,183144.33000000002,91256.925,54832,MD,179840.0,177143.01,1501700,-1.804221839682406,-3304.3300000000163
54832,MD,2022,3,157676.26,79048.81599999999,54832,MD,155470.0,152942.0,1298595,-1.3992341015698933,-2206.2600000000093
54832,MD,2022,4,42298.49,21781.105,54832,MD,41673.0,39849.0,355073,-1.4787525512139985,-625.489999999998
54832,MD,2023,1,158866.94,80410.82800000001,54832,MD,156994.02000000002,156247.0,1298980,-1.178923695515243,-1872.9199999999837
54832,MD,2023,2,206136.69,101631.207,54832,MD,203601.0,202699.0,1675898,-1.2301012498066222,-2535.6900000000023
54832,MD,2023,3,200215.01,97927.832,54832,MD,197924.0,197018.0,1620957,-1.1442748473253874,-2291.0100000000093
54832,MD,2023,4,97545.01000000001,48869.948000000004,54832,MD,95445.01,94847.01999999999,786699,-2.152852308898235,-2100.0000000000146
54832,MD,2024,1,108284.69,54724.526,54832,MD,106762.01000000001,106093.0,908726,-1.4061821666571637,-1522.679999999993
54832,MD,2024,2,144339.78,73891.68100000001,54832,MD,142448.0,141420.01,1240538,-1.3106435384618147,-1891.7799999999988
54832,MD,2024,3,206938.8,102176.803,54832,MD,204300.0,203172.0,1746914,-1.275159612407141,-2638.7999999999884
54832,MD,2024,4,113353.02,56573.952000000005,54832,MD,111850.0,111007.0,957034,-1.3259637899369634,-1503.020000000004
54832,MD,2025,1,97260.66,55608.034,54832,MD,95980.0,95108.0,839703,-1.3167297034587297,-1280.6600000000035
54832,MD,2025,2,160271.97,77601.804,54832,MD,158080.0,157191.0,1353723,-1.3676564904019095,-2191.970000000001
54832,MD,2025,3,232897.5,111163.786,54832,MD,230540.0,229210.0,1913880,-1.0122478772850718,-2357.5
54832,MD,2025,4,219926.43,105154.447,54832,MD,218480.0,217225.01,1797952,-0.6576881187040562,-1446.429999999993
56668,MD,2020,1,30777.92,0.0,56668,MD,30594.0,28732.0,344803,-0.5975712458801578,-183.91999999999825
56668,MD,2020,2,41239.8,0.0,56668,MD,41214.0,38697.0,488866,-0.0625609241557983,-25.80000000000291
56668,MD,2020,3,47129.7,0.0,56668,MD,47165.0,44338.0,562861,0.07489969170184176,35.30000000000291
56668,MD,2020,4,41724.02,0.0,56668,MD,40521.0,38009.0,472450,-2.883279223813997,-1203.0199999999968
56668,MD,2021,1,47527.12,0.0,56668,MD,47618.0,44596.0,535082,0.19121714086609368,90.87999999999738
56668,MD,2021,2,11449.31,0.0,56668,MD,10873.0,10187.0,126389,-5.033578442718378,-576.3099999999995
56668,MD,2021,3,20367.32,0.0,56668,MD,20390.0,19154.0,238876,0.1113548567018159,22.68000000000029
56668,MD,2021,4,47937.28,0.0,56668,MD,47941.0,45592.0,557105,0.007760139916159541,3.720000000001164
56668,MD,2022,1,51374.23,0.0,56668,MD,51405.0,48859.0,590850,0.059893841717913426,30.7699999999968
56668,MD,2022,2,16346.41,0.0,56668,MD,16352.0,15576.0,189410,0.03419711116997644,5.5900000000001455
56668,MD,2022,3,33156.3,0.0,56668,MD,33222.0,31291.0,379309,0.19815238732909607,65.69999999999709
56668,MD,2022,4,46487.44,0.0,56668,MD,46502.0,45081.0,523761,0.031320287802463785,14.559999999997672
56668,MD,2023,1,51017.28,0.0,56668,MD,51018.0,48457.0,568240,0.0014112865288019357,0.7200000000011642
56668,MD,2023,2,43009.21,0.0,56668,MD,43036.0,40668.0,499239,0.06228898415014104,26.790000000000873
56668,MD,2023,3,48582.17,0.0,56668,MD,48610.0,45964.0,583638,0.05728439054904659,27.830000000001746
56668,MD,2023,4,42677.3,0.0,56668,MD,42721.0,40401.0,497256,0.10239635590816919,43.69999999999709
56668,MD,2024,1,51350.55,0.0,56668,MD,51359.0,48743.0,590229,0.0164555199506083,8.44999999999709
56668,MD,2024,2,43310.93,0.0,56668,MD,43341.0,40980.0,495259,0.06942820207277865,30.06999999999971
56668,MD,2024,3,35879.6,0.0,56668,MD,35945.0,33848.0,415204,0.18227627955718975,65.40000000000146
56668,MD,2024,4,33429.32,0.0,56668,MD,33485.0,31551.0,373017,0.16656037275062816,55.68000000000029
56668,MD,2025,1,52129.0,0.0,56668,MD,52129.0,49537.0,580268,0.0,0.0
56668,MD,2025,2,43154.72,0.0,56668,MD,43173.0,40830.0,494519,0.04235921354604742,18.279999999998836
56668,MD,2025,3,33317.72,0.0,56668,MD,33335.0,31339.0,396101,0.05186429323494775,17.279999999998836
56668,MD,2025,4,32578.51,0.0,56668,MD,32605.0,30703.0,371630,0.08131126929992072,26.4900000000016
56846,MD,2020,1,914567.73,450376.092,56846,MD,1103195.0,1080433.0,8251349,20.624745856712003,188627.27000000002
56846,MD,2020,2,666503.52,329715.298,56846,MD,801155.0,783690.0,5909487,20.202665996422642,134651.47999999998
56846,MD,2020,3,860462.81,432899.284,56846,MD,1052967.0,1030517.0,7344403,22.372168531025753,192504.18999999994
56846,MD,2020,4,758009.49,375389.86199999996,56846,MD,917909.0,899176.0,6298160,21.094658062922143,159899.51
56846,MD,2021,1,709088.11,346120.18799999997,56846,MD,838049.0,820078.0,5796215,18.186863970966883,128960.89000000001
56846,MD,2021,2,711579.88,353694.71400000004,56846,MD,864794.0,846722.0,5970493,21.531541898008694,153214.12
56846,MD,2021,3,909032.09,454028.05299999996,56846,MD,1103371.0,1079405.0,7803762,21.37866332089553,194338.91000000003
56846,MD,2021,4,912499.9199999999,442573.84400000004,56846,MD,1067179.0,1045879.0,7424245,16.951133540921308,154679.08000000007
56846,MD,2022,1,697058.79,341283.438,56846,MD,822456.0,805010.0,5779789,17.989474029873428,125397.20999999996
56846,MD,2022,2,832520.6,413602.34400000004,56846,MD,1010703.0,990574.0,6940827,21.402761685416557,178182.40000000002
56846,MD,2022,3,898225.8,451078.038,56846,MD,1091274.0,1068340.0,7617239,21.49216822763273,193048.19999999995
56846,MD,2022,4,780226.56,392275.767,56846,MD,942537.0,923254.0,6554741,20.802988301244184,162310.43999999994
56846,MD,2023,1,997894.56,502531.042,56846,MD,1215863.0,1190615.0,8537656,21.842832773835337,217968.43999999994
56846,MD,2023,2,813609.9299999999,410819.669,56846,MD,996415.0,975540.0,7042325,22.46839219378752,182805.07000000007
56846,MD,2023,3,741494.39,378242.109,56846,MD,904951.0,884734.0,6403108,22.04421398252251,163456.61
56846,MD,2023,4,935327.73,474769.231,56846,MD,1135870.0,1111539.0,7993363,21.440855816388556,200542.27000000002
56846,MD,2024,1,851087.16,361019.247,56846,MD,851399.0,831735.0,6097748,0.03664019558231467,311.8399999999674
56846,MD,2024,2,931753.78,387223.98600000003,56846,MD,933004.0,912183.0,6536996,0.13417922490209505,1250.219999999972
56846,MD,2024,3,1052055.28,436543.471,56846,MD,1052234.0,1029876.0,7443113,0.01698770049421472,178.71999999997206
56846,MD,2024,4,872068.4299999999,363308.099,56846,MD,873533.0,854673.0,6113686,0.16794209601189958,1464.5700000000652
56846,MD,2025,1,1089751.15,457955.988,56846,MD,1090141.0,1065714.0,7779096,0.035774222399315034,389.85000000009313
56846,MD,2025,2,1146824.37,469205.378,56846,MD,1147825.0,1124222.0,7985909,0.08725224421241486,1000.6299999998882
56846,MD,2025,3,1299525.01,528547.432,56846,MD,1301057.0,1274336.0,9038955,0.11788845833755755,1531.9899999999907
56846,MD,2025,4,1290657.08,527246.09,56846,MD,1279655.0,1253964.0,8985446,-0.8524402159557419,-11002.080000000075
59073,MD,2020,1,381593.78,266722.483,59073,MD,156496.0,156496.0,1324612,-58.98884934654858,-225097.78000000003
59073,MD,2020,2,380423.22000000003,264001.706,59073,MD,159111.0,159111.0,1372019,-58.17526595774044,-221312.22000000003
59073,MD,2020,3,338814.1,233087.31699999998,59073,MD,156162.0,156162.0,1283886,-53.90923813383209,-182652.09999999998
59073,MD,2020,4,356958.85000000003,248944.40399999998,59073,MD,145958.0,145958.0,1345119,-59.110693011253254,-211000.85000000003
59220,MD,2020,1,930144.01,369056.176,59220,MD,928567.0,906353.0,6245011,-0.16954471383415234,-1577.0100000000093
59220,MD,2020,2,595392.62,237316.721,59220,MD,595923.0,582963.0,4019445,0.08908071450398641,530.3800000000047
59220,MD,2020,3,859996.03,346143.473,59220,MD,859601.0,839875.0,5856615,-0.04593393297408918,-395.03000000002794
59220,MD,2020,4,708812.21,281829.716,59220,MD,708483.0,693906.0,4773500,-0.04644530601412224,-329.20999999996275
59220,MD,2021,1,544646.1,220147.08899999998,59220,MD,544449.0,531874.0,3732727,-0.03618863698830795,-197.09999999997672
59220,MD,2021,2,633392.22,257212.446,59220,MD,632128.0,613887.0,4346858,-0.19959512606580043,-1264.219999999972
59220,MD,2021,3,1292698.56,518001.912,59220,MD,1292709.0,1261038.0,8760555,0.0008076128745702416,10.43999999994412
59220,MD,2021,4,1081737.53,430061.329,59220,MD,1081473.0,1055546.0,7272222,-0.024454176051378,-264.53000000002794
59220,MD,2022,1,855546.97,342523.396,59220,MD,853989.0,831816.0,5791681,-0.18210221701795895,-1557.969999999972
59220,MD,2022,2,870870.87,361132.68799999997,59220,MD,870537.0,847200.0,5886752,-0.038337486245233504,-333.86999999999534
59220,MD,2022,3,1513746.02,619100.9909999999,59220,MD,1513258.0,1477932.0,10324416,-0.032239225970022274,-488.0200000000186
59220,MD,2022,4,785137.8400000001,317192.90599999996,59220,MD,786494.0,765681.0,5365759,0.1727289057931428,1356.1599999999162
59220,MD,2023,1,1156293.63,461859.50800000003,59220,MD,1155844.0,1130124.0,7787331,-0.03888545161317617,-449.62999999988824
59220,MD,2023,2,1047448.5700000001,421080.618,59220,MD,1046931.0,1022628.0,7093866,-0.049412449911508796,-517.5700000000652
59220,MD,2023,3,1333125.38,537926.564,59220,MD,1333558.0,1302002.0,9066342,0.032451561307767746,432.62000000011176
59220,MD,2023,4,992977.37,398404.515,59220,MD,992897.0,970099.0,6718041,-0.008093840043907077,-80.36999999999534
59220,MD,2024,1,521928.92,214430.249,59220,MD,521983.0,504540.0,3620286,0.010361564176213171,54.0800000000163
59220,MD,2024,2,857305.12,348774.136,59220,MD,857432.0,835255.0,5878591,0.014799864953565734,126.88000000000466
59220,MD,2024,3,941423.6000000001,386581.015,59220,MD,941598.0,915938.0,6459113,0.018525135762467275,174.39999999990687
59220,MD,2024,4,732553.3999999999,298177.228,59220,MD,732502.0,712452.0,5018447,-0.007016553332481547,-51.39999999990687
59220,MD,2025,1,772327.6599999999,320318.167,59220,MD,771552.0,749654.0,5391740,-0.10043146713143956,-775.6599999999162
59220,MD,2025,2,666636.66,272482.84400000004,59220,MD,666863.0,647516.0,4580284,0.03395252820328954,226.3399999999674
59220,MD,2025,3,1079946.92,438219.21900000004,59220,MD,1080612.0,1052772.0,7369587,0.061584508246023295,665.0800000000745
59220,MD,2025,4,907159.1699999999,365269.43,59220,MD,907065.0,883502.0,6082503,-0.010380758208057964,-94.1699999999255
602,MD,2020,1,0.0,0.0,602,MD,0.0,0.0,3264,,0.0
602,MD,2020,2,162092.44,199471.209,602,MD,162465.0,120754.0,1857816,0.22984415559417679,372.5599999999977
602,MD,2020,3,688228.89,732299.908,602,MD,690852.0,581860.0,7411246,0.3811391875746434,2623.109999999986
602,MD,2020,4,297619.33,318626.814,602,MD,299141.0,248438.00999999998,3164361,0.5112806348969281,1521.6699999999837
602,MD,2021,1,854884.36,854384.108,602,MD,858471.0,740645.0,9004542,0.41954680279798473,3586.640000000014
602,MD,2021,2,490203.43,505269.009,602,MD,490835.0,418233.0,5020375,0.12883834778553202,631.570000000007
602,MD,2021,3,1241240.94,1229396.322,602,MD,1247288.01,1088824.01,12598916,0.48717938678368644,6047.070000000065
602,MD,2021,4,279003.63,257794.602,602,MD,280137.0,223103.01,2908746,0.4062205212168728,1133.3699999999953
602,MD,2022,1,712017.43,675353.9280000001,602,MD,714374.0,623162.02,7284436,0.3309708303067733,2356.569999999949
602,MD,2022,2,476122.35,497803.804,602,MD,477267.0,403781.01,4911808,0.24041089438461005,1144.6500000000233
602,MD,2022,3,948122.28,970704.929,602,MD,951755.0,810959.01,9753753,0.3831488908793465,3632.719999999972
602,MD,2022,4,284751.98,282169.882,602,MD,286171.0,246746.0,2943089,0.49833542860703506,1419.0200000000186
602,MD,2023,1,75843.95,82421.324,602,MD,76191.0,45893.0,868409,0.45758428984777677,347.0500000000029
602,MD,2023,2,94543.31,108754.919,602,MD,94623.0,62947.01,1115770,0.08428941191079764,79.69000000000233
602,MD,2023,3,1047797.1,1106591.537,602,MD,1051008.02,893433.01,11137178,0.3064448260068712,3210.920000000042
602,MD,2023,4,48513.9,54036.076,602,MD,49132.01,33016.0,535189,1.274088457122599,618.1100000000006
602,MD,2024,1,306750.98,340339.171,602,MD,309401.0,276837.0,3330148,0.863899440516871,2650.0200000000186
602,MD,2024,2,742184.34,805140.007,602,MD,744876.0,642616.01,7823168,0.36266731254394735,2691.6600000000326
602,MD,2024,3,785524.9199999999,872019.1170000001,602,MD,786500.01,688097.01,8140618,0.12413228087023438,975.0900000000838
602,MD,2024,4,634374.8,680209.692,602,MD,638290.01,560917.0,6663714,0.6171761551688312,3915.2099999999627
602,MD,2025,1,1004606.61,1033238.163,602,MD,1011127.0,901479.0,10369609,0.6490490839991601,6520.390000000014
602,MD,2025,2,352771.42,389909.089,602,MD,354392.0,310174.0,3778107,0.45938528693736486,1620.5800000000163
602,MD,2025,3,718055.98,789508.333,602,MD,724190.0,633524.01,7668470,0.8542537310252634,6134.020000000019
602,MD,2025,4,546859.96,562095.869,602,MD,549563.0,481239.0,5839479,0.49428376507946153,2703.0400000000373
60302,MD,2020,1,1203623.2,513662.66000000003,60302,MD,1208634.0,1191273.0,8328694,0.41630968894584675,5010.800000000047
60302,MD,2020,2,1277324.2,543327.78,60302,MD,1283082.0,1260538.0,8934553,0.4507704465319022,5757.800000000047
60302,MD,2020,3,1294918.0,564281.84,60302,MD,1300737.0,1274587.0,9263056,0.44937208379217836,5819.0
60302,MD,2020,4,1234152.2,526779.6699999999,60302,MD,1241357.0,1222696.0,8728939,0.5837853710425704,7204.800000000047
60302,MD,2021,1,1018123.1,435254.80000000005,60302,MD,1023679.0,1007115.0,7096908,0.5457002203368162,5555.900000000023
60302,MD,2021,2,1373605.6,588232.5700000001,60302,MD,1379272.0,1353390.0,9622029,0.41252015862485614,5666.399999999907
60302,MD,2021,3,1312615.1,571048.38,60302,MD,1318170.0,1291747.0,9385508,0.4231933641476398,5554.899999999907
60302,MD,2021,4,1296785.91,548840.764,60302,MD,1302745.0,1282128.0,9054721,0.4595276640536667,5959.090000000084
60302,MD,2022,1,602918.73,260280.84600000002,60302,MD,606875.0,596314.0,4235095,0.6561862823535136,3956.2700000000186
60302,MD,2022,2,1433553.6099999999,609254.212,60302,MD,1439875.0,1414572.0,9911356,0.4409594420399897,6321.39000000013
60302,MD,2022,3,1339168.46,578523.797,60302,MD,1345708.0,1319726.0,9525921,0.48832840642020775,6539.540000000037
60302,MD,2022,4,1265650.54,536514.718,60302,MD,1272076.0,1251258.0,8760128,0.507680421801105,6425.459999999963
60302,MD,2023,1,758162.53,322984.997,60302,MD,760730.0,747738.0,5428983,0.3386437470076465,2567.469999999972
60302,MD,2023,2,1206785.87,511564.296,60302,MD,1212094.0,1193118.0,8803193,0.4398568239782164,5308.129999999888
60302,MD,2023,3,1043014.47,453943.92000000004,60302,MD,1046282.0,1026746.0,7993053,0.313277532956952,3267.530000000028
60302,MD,2023,4,1247661.99,533769.8400000001,60302,MD,1252290.0,1235069.0,8823556,0.3709345990415248,4628.010000000009
60302,MD,2024,1,961530.8,419510.046,60302,MD,965717.0,951548.0,6982942,0.43536826901436265,4186.199999999953
60302,MD,2024,2,1269422.18,539558.381,60302,MD,1276216.0,1253943.0,8795835,0.5351899554803797,6793.820000000065
60302,MD,2024,3,1418730.29,599768.964,60302,MD,1425645.0,1399227.0,9907374,0.48738721156083603,6914.709999999963
60302,MD,2024,4,1330045.79,559682.354,60302,MD,1337057.0,1311375.93,9423904,0.5271404979222529,7011.209999999963
60302,MD,2025,1,941012.77,400205.283,60302,MD,945858.0,932159.0,6702224,0.5148952441952495,4845.229999999981
60302,MD,2025,2,1216646.98,515638.679,60302,MD,1222515.0,1202352.0,8679295,0.48231081788408486,5868.020000000019
60302,MD,2025,3,1291600.47,547319.659,60302,MD,1297987.0,1274212.0,9159161,0.4944663731811764,6386.530000000028
60302,MD,2025,4,971284.85,410792.07999999996,60302,MD,976335.0,961867.0,6916667,0.5199453074965623,5050.150000000023
7835,MD,2020,1,3534.8599999999997,2139.0389999999998,7835,MD,68511.06,68240.53,719864,1838.1548349863926,64976.2
7835,MD,2020,2,18007.46,11174.553,7835,MD,59133.36,58899.86,621331,228.38257033473909,41125.9
7835,MD,2020,3,187806.46000000002,121726.62299999999,7835,MD,73704.09,73413.06,774429,-60.755295637860385,-114102.37000000002
7835,MD,2020,4,51725.04,31486.23,7835,MD,61019.5,60778.560000000005,641147,17.96897595439269,9294.46
7835,MD,2021,1,3358.4300000000003,2049.1059999999998,7835,MD,3319.42,3305.25,34971,-1.1615546550024927,-39.01000000000022
7835,MD,2021,2,41773.8,25891.158,7835,MD,41940.35,41761.37,441856,0.3986948757354984,166.54999999999563
7835,MD,2021,3,175052.65,108544.753,7835,MD,175829.09999999998,175078.74,1852425,0.44355226841752043,776.4499999999825
7835,MD,2021,4,15896.3,9762.269,7835,MD,15813.130000000001,15745.65,166598,-0.523203512767111,-83.16999999999825
7835,MD,2022,1,3367.6499999999996,2046.958,7835,MD,3229.88,3222.93,34242,-4.090983326652102,-137.76999999999953
7835,MD,2022,2,19052.41,11823.841,7835,MD,18654.16,18614.02,197763,-2.0902867406275636,-398.25
7835,MD,2022,3,196700.6,125562.536,7835,MD,198104.7,197678.36,2100221,0.7138259873127005,1404.1000000000058
7835,MD,2022,4,6550.27,3990.625,7835,MD,6296.26,6282.71,66750,-3.8778554166469505,-254.01000000000022
7835,MD,2023,1,4511.51,2768.821,7835,MD,4507.620000000001,4498.24,47525,-0.08622390286177838,-3.889999999999418
7835,MD,2023,2,34449.86,21096.667,7835,MD,34347.12,34275.76,362138,-0.29823052981927345,-102.73999999999796
7835,MD,2023,3,148678.83000000002,91786.804,7835,MD,149431.78,149121.3,1575529,0.5064271759469606,752.9499999999825
7835,MD,2023,4,26148.25,15907.673,7835,MD,25898.51,25844.7,273060,-0.9550925970189271,-249.7400000000016
7835,MD,2024,1,3987.42,2442.242,7835,MD,4181.96,3957.95,41793,4.87884396426762,194.53999999999996
7835,MD,2024,2,50488.05,31197.657,7835,MD,53422.68,50561.06999999999,533890,5.8125239536880455,2934.6299999999974
7835,MD,2024,3,93267.86,57614.537,7835,MD,98693.64,93407.08,986315,5.8174166320530984,5425.779999999999
7835,MD,2024,4,31287.97,18989.437,7835,MD,32797.73,31040.91,327772,4.825368983670088,1509.760000000002
1507,ME,2020,1,1799.7600000000002,2481.493,1507,ME,6809.0,1282.01,31944,278.32822154064985,5009.24
1507,ME,2020,2,7175.3,5921.990000000001,1507,ME,10945.01,3510.0,69083,52.53731551294022,3769.71
1507,ME,2020,3,0.0,0.0,1507,ME,4584.0,-865.0,0,,4584.0
1507,ME,2020,4,9134.74,8053.08,1507,ME,11995.0,6640.0,91409,31.311892839861894,2860.26
1507,ME,2021,1,0.0,39.896,1507,ME,3235.0,-557.0,199,,3235.0
1507,ME,2021,2,7585.46,6100.09,1507,ME,9006.0,5401.0,77372,18.727143772427777,1420.54
1507,ME,2021,3,1222.76,443.905,1507,ME,2084.0,-449.0,7168,70.43409990513265,861.24
1507,ME,2021,4,2346.54,2714.1059999999998,1507,ME,4402.0,1514.0,91943,87.59535315826706,2055.46
1507,ME,2022,1,159424.90000000002,137112.743,1507,ME,159840.0,151473.0,1633487,0.2603733795661636,415.0999999999767
1507,ME,2022,2,289.03,968.492,1507,ME,2193.0,-166.0,12218,658.7447669792064,1903.97
1507,ME,2022,3,6160.2,7333.998,1507,ME,6360.0,4341.01,93392,3.243401188273111,199.80000000000018
1507,ME,2022,4,77573.54,73046.943,1507,ME,83388.0,78441.0,850142,7.49541660726068,5814.460000000006
1507,ME,2023,1,27369.38,26834.871,1507,ME,31870.0,28191.01,323191,16.443996904569993,4500.619999999999
1507,ME,2023,2,643.81,628.202,1507,ME,2381.0,162.0,7331,269.82960811419525,1737.19
1507,ME,2023,3,7708.21,9283.287,1507,ME,9055.0,7713.0,108768,17.472149824667465,1346.79
1507,ME,2023,4,6304.71,7429.401,1507,ME,4373.0,3202.0,82514,-30.639157074631505,-1931.71
1507,ME,2024,1,7911.97,7534.102,1507,ME,9763.0,8400.0,90414,23.39531115512318,1851.0299999999997
1507,ME,2024,2,6341.3,6909.198,1507,ME,7744.0,6286.0,88056,22.1200700171889,1402.6999999999998
1507,ME,2024,3,5304.49,6631.789,1507,ME,6952.0,5191.0,86343,31.05878227690127,1647.5100000000002
1507,ME,2024,4,14519.56,14116.244,1507,ME,16593.0,15111.03,185757,14.280322544209334,2073.4400000000005
1507,ME,2025,1,23516.02,21738.645,1507,ME,26053.0,23863.0,275674,10.788305163884022,2536.9799999999996
1507,ME,2025,2,17351.7,16620.766,1507,ME,19643.0,17500.0,214740,13.20504619143945,2291.2999999999993
1507,ME,2025,3,9857.380000000001,11431.874,1507,ME,11414.0,9452.0,144978,15.79141719199218,1556.619999999999
1507,ME,2025,4,83144.55,73290.42,1507,ME,91066.0,86778.0,949310,9.527323197972684,7921.449999999997
50243,ME,2020,1,165.0,116.7,50243,ME,145.0,143.0,1771,-12.121212121212121,-20.0
50243,ME,2020,2,463.5,366.9,50243,ME,349.0,346.0,4509,-24.70334412081985,-114.5
50243,ME,2020,3,3168.04,2398.402,50243,ME,2995.0,2957.0,36698,-5.462052246815064,-173.03999999999996
50243,ME,2020,4,135.75,105.2,50243,ME,126.0,124.0,1604,-7.18232044198895,-9.75
50243,ME,2021,1,0.25,4.6,50243,ME,0.0,0.0,0,-100.0,-0.25
50243,ME,2021,2,1616.5,1178.301,50243,ME,1448.0,1443.0,17601,-10.42375502629137,-168.5
50243,ME,2021,3,3902.25,2948.102,50243,ME,3694.0,3678.0,44721,-5.336664744698572,-208.25
50243,ME,2021,4,297.0,233.1,50243,ME,268.0,265.0,3499,-9.764309764309765,-29.0
50243,ME,2022,1,1161.25,981.401,50243,ME,1122.0,1116.0,14215,-3.379978471474704,-39.25
50243,ME,2022,2,978.25,726.5,50243,ME,904.0,898.0,11128,-7.59008433427038,-74.25
50243,ME,2022,3,5530.75,3734.794,50243,ME,5158.0,5136.0,61870,-6.739592279528093,-372.75
50243,ME,2022,4,2003.0,1800.398,50243,ME,1876.0,1863.0,23626,-6.340489266100849,-127.0
50243,ME,2023,1,1288.25,1007.998,50243,ME,1230.0,1222.0,14532,-4.521637880846109,-58.25
50243,ME,2023,2,801.75,598.5,50243,ME,736.0,732.0,9783,-8.200810726535703,-65.75
50243,ME,2023,3,4504.5,3216.693,50243,ME,4281.0,4273.0,50971,-4.961704961704962,-223.5
50243,ME,2023,4,7161.75,5225.304,50243,ME,6605.0,6569.0,82941,-7.773937934164136,-556.75
50243,ME,2024,1,904.5,674.0,50243,ME,826.0,821.0,10593,-8.678828081813156,-78.5
50243,ME,2024,2,1253.25,906.497,50243,ME,1141.0,1136.0,14205,-8.95671254737682,-112.25
50243,ME,2024,3,10083.5,7166.093,50243,ME,9566.0,9526.0,114851,-5.132146576089651,-517.5
50243,ME,2024,4,1961.41,1218.994,50243,ME,2541.0,2527.0,30791,29.54966070326958,579.5899999999999
50243,ME,2025,1,1064.49,672.663,50243,ME,951.0,943.0,11638,-10.661443508158836,-113.49000000000001
50243,ME,2025,2,3076.78,2097.798,50243,ME,2986.0,2975.0,36744,-2.9504871976546974,-90.7800000000002
50243,ME,2025,3,4236.49,3015.56,50243,ME,4157.0,3790.0,50741,-1.8763174231498196,-79.48999999999978
50243,ME,2025,4,3784.39,2447.078,50243,ME,3525.0,3509.0,42073,-6.854209000657963,-259.3899999999999
55031,ME,2020,1,103040.02,71663.82,55031,ME,51984.08,51404.28,242972,-49.549621593629354,-51055.94
55031,ME,2020,2,91448.69,66993.2,55031,ME,103117.35999999999,101967.26000000001,481968,12.759800058371512,11668.669999999984
55031,ME,2020,3,81468.26000000001,60007.996,55031,ME,155025.47,153296.4,724585,90.28940841500724,73557.20999999999
55031,ME,2020,4,97636.62999999999,79070.239,55031,ME,62228.12,61534.08,290852,-36.26560031824121,-35408.50999999999
55031,ME,2021,1,100796.20999999999,78811.618,55031,ME,101597.51999999999,100211.37,474864,0.7949802874532661,801.3099999999977
55031,ME,2021,2,93363.3,70433.022,55031,ME,90909.26000000001,89668.93000000001,424906,-2.6284846401101865,-2454.0399999999936
55031,ME,2021,3,97981.98,73666.91,55031,ME,95080.63,93783.38,444404,-2.9611057053552003,-2901.3499999999913
55031,ME,2021,4,98447.84999999999,77862.204,55031,ME,100360.61,98991.34,469083,1.94291698599818,1912.7600000000093
55031,ME,2022,1,116782.18,93568.37,55031,ME,81311.09999999999,80035.67,380047,-30.373709413542375,-35471.08
55031,ME,2022,2,95734.54,72089.996,55031,ME,85675.24,84331.32999999999,400445,-10.507492906948725,-10059.299999999988
55031,ME,2022,3,100385.75,73135.158,55031,ME,170321.61000000002,167649.95,796078,69.6671190881176,69935.86000000002
55031,ME,2022,4,94224.13,75490.645,55031,ME,68087.06,67019.05,318238,-27.739253204035958,-26137.070000000007
55031,ME,2023,1,83586.33,62395.511,55031,ME,11683.439999999999,11530.41,54608,-86.02230771467056,-71902.89
55068,ME,2020,1,13597.01,9813.005,55068,ME,22264.0,21576.0,171567,63.741881487179896,8666.99
55068,ME,2020,2,8865.9,6628.529,55068,ME,14980.0,14490.0,113783,68.96197791538367,6114.1
55068,ME,2020,3,70880.06,51492.882,55068,ME,117483.0,114080.0,884178,65.74901319214459,46602.94
55068,ME,2020,4,19355.260000000002,14020.449999999999,55068,ME,31353.0,30413.0,241230,61.98697408353077,11997.739999999998
55068,ME,2021,1,44263.049999999996,30818.95,55068,ME,70840.0,68828.0,531323,60.04319630030015,26576.950000000004
55068,ME,2021,2,33932.509999999995,23999.222,55068,ME,55512.0,54025.0,411641,63.595324955330476,21579.490000000005
55068,ME,2021,3,208252.85,142658.245,55068,ME,336647.0,328218.0,2435942,61.65300979074235,128394.15
55068,ME,2021,4,52901.18,38501.691,55068,ME,86746.0,83611.0,649693,63.97743868851319,33844.82
55068,ME,2022,1,20774.15,14114.498,55068,ME,32085.0,31197.0,240532,54.4467523340305,11310.849999999999
55068,ME,2022,2,63342.380000000005,43918.975,55068,ME,101110.0,98130.0,727596,59.624567311806075,37767.619999999995
55068,ME,2022,3,296744.0,202771.483,55068,ME,478888.0,467419.0,3428241,61.38085353031569,182144.0
55068,ME,2022,4,47685.83,32948.766,55068,ME,74938.0,72852.0,550437,57.14940895440007,27252.17
55068,ME,2023,1,15837.82,11005.193000000001,55068,ME,25289.0,24176.0,179672,59.67475321729885,9451.18
55068,ME,2023,2,157185.73,110070.672,55068,ME,254569.0,247989.0,1839430,61.95426900393565,97383.26999999999
55068,ME,2023,3,260796.18,179666.425,55068,ME,420744.0,410819.0,3049680,61.33058390655876,159947.82
55068,ME,2023,4,159987.26,114345.22099999999,55068,ME,263188.0,253937.0,1920688,64.50559875830112,103200.73999999999
55068,ME,2024,1,282796.07999999996,192891.119,55068,ME,456924.0,446638.0,3243879,61.57366820643344,174127.92000000004
55068,ME,2024,2,408865.03,282401.399,55068,ME,669058.0,654229.0,4763659,63.637863575664554,260192.96999999997
55068,ME,2024,3,534184.74,366208.923,55068,ME,877749.0,861006.0,6207342,64.3156260884577,343564.26
55068,ME,2024,4,376096.32,247403.16700000002,55068,ME,599063.0,584971.0,4197931,59.28446202292008,222966.68
55100,ME,2020,1,7130.37,3353.411,55100,ME,7126.0,7010.0,65935,-0.061287142181960984,-4.369999999999891
55100,ME,2020,2,22874.26,10473.097,55100,ME,22836.0,22297.0,174846,-0.167262241488898,-38.2599999999984
55100,ME,2020,3,131193.49,58148.692,55100,ME,130946.0,127468.0,975611,-0.18864503109109354,-247.4899999999907
55100,ME,2020,4,5311.95,2539.503,55100,ME,5343.0,5186.0,43446,0.5845311043966939,31.050000000000182
55100,ME,2021,1,13886.36,6415.373,55100,ME,13835.0,13605.0,109098,-0.36985934398935777,-51.36000000000058
55100,ME,2021,2,63561.91,28027.098,55100,ME,63350.0,61814.0,474080,-0.33339149185416783,-211.9100000000035
55100,ME,2021,3,248910.86,107374.987,55100,ME,248210.0,242199.0,1812146,-0.2815706795597372,-700.859999999986
55100,ME,2021,4,7112.6,3220.282,55100,ME,7136.0,6964.0,54638,0.3289936169614436,23.399999999999636
55100,ME,2022,1,2896.63,1304.255,55100,ME,2918.0,2843.0,22333,0.737753872603677,21.36999999999989
55100,ME,2022,2,67091.47,30076.926,55100,ME,66843.0,65604.0,513663,-0.3703451422364142,-248.47000000000116
55100,ME,2022,3,269278.06,115079.336,55100,ME,268355.0,261991.0,1961609,-0.34279064547627747,-923.0599999999977
55100,ME,2022,4,99512.0,43401.797,55100,ME,99214.0,97653.0,734940,-0.29946137149288526,-298.0
55100,ME,2023,1,21751.27,9687.248,55100,ME,21602.0,21345.0,166809,-0.6862587793724249,-149.27000000000044
55100,ME,2023,2,109291.25,46715.364,55100,ME,108931.0,106845.0,801453,-0.3296238262440955,-360.25
55100,ME,2023,3,230460.93,96818.363,55100,ME,229717.0,223949.0,1648930,-0.322800919010434,-743.929999999993
55100,ME,2023,4,52376.08,22741.522,55100,ME,52183.0,51276.0,388525,-0.3686415630952178,-193.08000000000175
55100,ME,2024,1,9851.07,4417.907,55100,ME,9814.0,9653.0,75520,-0.37630429993898845,-37.06999999999971
55100,ME,2024,2,104676.91,44534.207,55100,ME,104301.0,101943.0,761179,-0.359114536338533,-375.9100000000035
55100,ME,2024,3,326718.4,136429.648,55100,ME,325697.0,317292.0,2323129,-0.31262395996063375,-1021.4000000000233
55100,ME,2024,4,213035.67,88583.988,55100,ME,212358.0,208813.0,1508819,-0.3181016587503927,-677.6700000000128
55294,ME,2020,1,152559.65999999997,56619.337,55294,ME,142908.0,139599.0,1024838,-6.326482374174127,-9651.659999999974
55294,ME,2020,2,368453.39,136218.461,55294,ME,348398.0,339020.0,2468802,-5.443128098237883,-20055.390000000014
55294,ME,2020,3,384167.8,142404.12699999998,55294,ME,362822.0,351986.0,2559175,-5.556374063625319,-21345.79999999999
55294,ME,2020,4,198528.53999999998,78448.91,55294,ME,185053.0,180424.0,1320256,-6.787709212992741,-13475.539999999979
55294,ME,2021,1,470847.37,179559.916,55294,ME,449692.0,440161.0,3156193,-4.493041980886502,-21155.369999999995
55294,ME,2021,2,390756.53,150618.47600000002,55294,ME,376095.0,365975.0,2646312,-3.752088288838072,-14661.530000000028
55294,ME,2021,3,504455.83,194929.396,55294,ME,484621.0,471464.0,3421760,-3.9319260122338195,-19834.830000000016
55294,ME,2021,4,639141.6,245902.699,55294,ME,612361.0,598720.0,4319132,-4.190088706477559,-26780.599999999977
55294,ME,2022,1,681447.98,261773.63,55294,ME,645610.0,633670.0,4620847,-5.259092557585978,-35837.97999999998
55294,ME,2022,2,644252.4299999999,246537.836,55294,ME,617071.0,602729.0,4323550,-4.2190651884696715,-27181.429999999935
55294,ME,2022,3,877268.37,336452.935,55294,ME,842348.0,821263.0,5911454,-3.9805800817827266,-34920.369999999995
55294,ME,2022,4,440880.4,167347.117,55294,ME,414728.0,404058.0,2941785,-5.931858163801344,-26152.400000000023
55294,ME,2023,1,433229.19,164834.41,55294,ME,406087.0,396144.0,2894251,-6.265088001110914,-27142.190000000002
55294,ME,2023,2,589985.12,223473.51,55294,ME,566947.0,554684.0,3926890,-3.9048645837033984,-23038.119999999995
55294,ME,2023,3,774380.24,293265.326,55294,ME,744075.0,725562.0,5154849,-3.913483122968116,-30305.23999999999
55294,ME,2023,4,727959.26,275257.923,55294,ME,694528.0,680507.0,4832961,-4.5924630452533854,-33431.26000000001
55294,ME,2024,1,828779.26,313237.14,55294,ME,790419.0,774533.0,5503161,-4.628525573866316,-38360.26000000001
55294,ME,2024,2,735128.25,277280.501,55294,ME,711453.0,696603.0,4876712,-3.2205604940362447,-23675.25
55294,ME,2024,3,1112363.04,419052.694,55294,ME,1078923.0,1054370.0,7350802,-3.00621638777211,-33440.04000000004
55294,ME,2024,4,528957.99,198736.12300000002,55294,ME,508586.0,496916.0,3484384,-3.851343657744917,-20371.98999999999
55294,ME,2025,1,825382.5,309158.039,55294,ME,786307.0,771517.0,5426237,-4.734229281575511,-39075.5
55294,ME,2025,2,752950.91,285651.777,55294,ME,724272.0,709238.0,5009900,-3.80886849582266,-28678.910000000033
55294,ME,2025,3,978645.33,371088.45499999996,55294,ME,943028.0,921474.0,6510048,-3.6394523029093655,-35617.32999999996
55294,ME,2025,4,1042975.62,391501.64300000004,55294,ME,1003289.0,985713.0,6870842,-3.805134006871608,-39686.619999999995
1016,NC,2020,1,1649.0,0.0,1016,NC,2104.0,667.99,25477,27.592480291085508,455.0
1016,NC,2020,2,674.0,0.0,1016,NC,843.0,-65.0,11661,25.07418397626113,169.0
1016,NC,2020,3,363.0,0.0,1016,NC,498.0,-928.0,6083,37.1900826446281,135.0
1016,NC,2020,4,86.0,0.0,1016,NC,88.0,-1433.0,1733,2.3255813953488373,2.0
1016,NC,2021,1,846.0,0.0,1016,NC,1075.01,-543.0,12989,27.069739952718674,229.01
1016,NC,2021,2,60.0,0.0,1016,NC,59.0,-1366.0,1113,-1.6666666666666667,-1.0
1016,NC,2021,3,1418.0,0.0,1016,NC,1926.0,440.0,23181,35.82510578279267,508.0
1016,NC,2021,4,923.0,0.0,1016,NC,1110.0,-414.99,15567,20.260021668472373,187.0
1016,NC,2022,1,3336.0,0.0,1016,NC,4645.01,2990.99,53029,39.23890887290168,1309.0100000000002
1016,NC,2022,2,10408.0,0.0,1016,NC,15547.0,13748.0,164748,49.37548039969254,5139.0
1016,NC,2022,3,13494.0,0.0,1016,NC,19728.0,17750.0,216504,46.19831036016007,6234.0
1016,NC,2022,4,14316.0,0.0,1016,NC,18484.0,16964.99,208869,29.114277731209835,4168.0
1016,NC,2023,1,4714.0,0.0,1016,NC,5123.0,4013.0,71843,8.676283411115824,409.0
1016,NC,2023,2,3702.0,0.0,1016,NC,5230.0,4084.0,60733,41.27498649378714,1528.0
1016,NC,2023,3,7348.0,0.0,1016,NC,10705.01,8765.0,121361,45.68603701687534,3357.01
1016,NC,2023,4,3082.0,0.0,1016,NC,4177.0,2555.0,49533,35.528877352368596,1095.0
1016,NC,2024,1,8863.0,0.0,1016,NC,10703.03,8896.0,135445,20.760803339726962,1840.0300000000007
1016,NC,2024,2,2471.0,0.0,1016,NC,3761.0,2083.0,41012,52.20558478348847,1290.0
1016,NC,2024,3,19908.0,0.0,1016,NC,26798.0,24679.0,317628,34.60920233072132,6890.0
1016,NC,2024,4,5530.0,0.0,1016,NC,7029.0,5694.99,86337,27.10669077757685,1499.0
1016,NC,2025,1,22028.0,0.0,1016,NC,29681.0,27830.0,331499,34.74214635917923,7653.0
1016,NC,2025,2,12987.0,0.0,1016,NC,18607.0,16725.0,210970,43.27404327404327,5620.0
1016,NC,2025,3,42037.0,0.0,1016,NC,60828.0,58110.0,676817,44.70109665294859,18791.0
1016,NC,2025,4,9186.0,0.0,1016,NC,11885.0,10154.01,141739,29.38166775527977,2699.0
10378,NC,2020,1,0.0,0.0,10378,NC,115947.0,104774.01000000001,599411,,115947.0
10378,NC,2020,2,0.0,0.0,10378,NC,124186.02,112364.01,642004,,124186.02
10378,NC,2020,3,0.0,0.0,10378,NC,114942.01,97855.01,594216,,114942.01
10378,NC,2020,4,0.0,0.0,10378,NC,106301.01000000001,94825.0,549545,,106301.01000000001
10378,NC,2021,1,0.0,0.0,10378,NC,66266.02,58823.01,342575,,66266.02
10379,NC,2020,1,0.0,0.0,10379,NC,86810.02,81071.0,1214088,,86810.02
10379,NC,2020,2,0.0,0.0,10379,NC,90184.01,83902.0,1210463,,90184.01
10379,NC,2020,3,0.0,0.0,10379,NC,91535.0,85073.01,1318929,,91535.0
10379,NC,2020,4,0.0,0.0,10379,NC,86807.01,80598.02,1256096,,86807.01
10379,NC,2021,1,0.0,0.0,10379,NC,61585.0,57125.0,863162,,61585.0
10382,NC,2020,1,0.0,52416.380999999994,10382,NC,29672.010000000002,25693.0,480656,,29672.010000000002
10382,NC,2020,2,0.0,62276.596000000005,10382,NC,35792.0,31179.0,577099,,35792.0
10382,NC,2020,3,0.0,58587.217000000004,10382,NC,32391.010000000002,28004.0,561011,,32391.010000000002
10382,NC,2020,4,0.0,33663.877,10382,NC,12574.0,10875.0,188502,,12574.0
10382,NC,2021,1,0.0,0.0,10382,NC,0.0,0.0,0,,0.0
10382,NC,2021,2,0.0,0.0,10382,NC,0.0,0.0,0,,0.0
10382,NC,2021,3,0.0,0.0,10382,NC,0.0,0.0,0,,0.0
10382,NC,2021,4,0.0,0.0,10382,NC,0.0,0.0,0,,0.0
10382,NC,2022,1,0.0,0.0,10382,NC,0.0,0.0,0,,0.0
10382,NC,2022,2,0.0,0.0,10382,NC,0.0,0.0,0,,0.0
10382,NC,2022,3,0.0,0.0,10382,NC,0.0,0.0,0,,0.0
10382,NC,2022,4,0.0,0.0,10382,NC,0.0,0.0,0,,0.0
10525,NC,2020,1,85614.11,120569.809,10525,NC,85207.0,77982.0,1034098,-0.47551741179111784,-407.1100000000006
10525,NC,2020,2,21760.66,31542.87,10525,NC,21633.0,19799.0,313718,-0.5866550003538489,-127.65999999999985
10525,NC,2020,3,55190.69,70801.218,10525,NC,54654.009999999995,49507.0,555549,-0.9724103829830857,-536.6800000000076
10525,NC,2020,4,89550.66,115507.71,10525,NC,88779.0,81265.0,1243672,-0.8617021918096456,-771.6600000000035
10525,NC,2021,1,78294.33,102171.79,10525,NC,77531.0,71123.0,1095822,-0.9749492715500621,-763.3300000000017
10525,NC,2021,2,85301.01,135710.854,10525,NC,84551.0,77813.0,1380666,-0.879251019419342,-750.0099999999948
10525,NC,2021,3,95981.13,151177.315,10525,NC,95123.01,86620.0,1375324,-0.894050736847972,-858.1200000000099
10525,NC,2021,4,86232.65,136686.472,10525,NC,85445.02,78627.01000000001,1295548,-0.9133779374749472,-787.6299999999901
10525,NC,2022,1,70313.08,122234.18,10525,NC,69662.01000000001,64686.009999999995,957494,-0.9259585840927356,-651.0699999999924
10525,NC,2022,2,55360.89,86552.842,10525,NC,54914.0,50653.0,751070,-0.8072305195960531,-446.8899999999994
10525,NC,2022,3,95565.32,140567.194,10525,NC,94621.01000000001,86619.0,1350414,-0.9881304222075514,-944.3099999999977
10525,NC,2022,4,97461.42,150756.884,10525,NC,96554.0,89099.0,1315899,-0.9310555910225792,-907.4199999999983
10525,NC,2023,1,96792.1,146401.609,10525,NC,95897.0,88241.0,1339424,-0.9247655542136246,-895.1000000000058
10525,NC,2023,2,84213.52,94326.846,10525,NC,83218.02,75972.0,1366246,-1.1821142258392714,-995.5
10525,NC,2023,3,88418.52,142627.356,10525,NC,87513.0,79122.01000000001,1045339,-1.0241293339902138,-905.5200000000041
10525,NC,2023,4,73640.86,132476.022,10525,NC,72680.0,66328.01,999983,-1.304791932087703,-960.8600000000006
10525,NC,2024,1,89068.5,156104.04,10525,NC,86795.01,80598.0,1246825,-2.5525185671702175,-2273.4900000000052
10525,NC,2024,2,87278.83,136816.949,10525,NC,86288.0,78714.0,1311820,-1.1352466571790683,-990.8300000000017
10525,NC,2024,3,43153.62,73201.603,10525,NC,42624.01,38303.0,725435,-1.227266681219329,-529.6100000000006
10525,NC,2024,4,69509.35,107561.833,10525,NC,68686.01,62919.0,988570,-1.1845025165679308,-823.3400000000111
10525,NC,2025,1,83602.8,126023.829,10525,NC,82591.01999999999,75729.0,1038683,-1.210222624122653,-1011.7800000000134
10525,NC,2025,2,78830.72,112036.115,10525,NC,77863.0,71103.01000000001,1128343,-1.2275924918610424,-967.7200000000012
10525,NC,2025,3,86226.03,118695.568,10525,NC,85145.01000000001,77235.0,1241802,-1.2537049426953666,-1081.0199999999895
10525,NC,2025,4,66682.68,88497.453,10525,NC,65873.0,60294.0,1025537,-1.2142283423521567,-809.679999999993
2706,NC,2020,1,599291.37,290336.507,2706,NC,760959.01,752351.03,6010796,26.976467223280725,161667.64
2706,NC,2020,2,596359.76,275932.758,2706,NC,604058.01,582427.01,4513806,1.2908734821410484,7698.25
2706,NC,2020,3,1035003.8699999999,417779.561,2706,NC,1037158.0,1009683.01,6923404,0.20812772419876277,2154.130000000121
2706,NC,2020,4,818683.29,335443.31999999995,2706,NC,830717.0,809072.01,5564125,1.4698858700291737,12033.709999999963
2706,NC,2021,1,1103592.04,442662.644,2706,NC,1106265.0,1085089.0,7254164,0.24220544396097335,2672.9599999999627
2706,NC,2021,2,762814.37,301148.235,2706,NC,759501.0,742311.0,5109135,-0.4343612457117182,-3313.3699999999953
2706,NC,2021,3,1071323.49,444520.17799999996,2706,NC,1075319.0,1050345.0,7253546,0.3729508441936627,3995.5100000000093
2706,NC,2021,4,935807.7,403996.409,2706,NC,936782.0,913998.0,6473151,0.10411327027978576,974.3000000000466
2706,NC,2022,1,1132649.68,476959.72,2706,NC,1147387.0,1110783.0,7960545,1.3011366409426846,14737.320000000065
2706,NC,2022,2,790618.3200000001,333688.927,2706,NC,776043.0,760077.0,5599854,-1.8435343112211293,-14575.320000000065
2706,NC,2022,3,1160669.77,509946.816,2706,NC,1165980.0,1145007.0,8410235,0.457514285049397,5310.229999999981
2706,NC,2022,4,1014668.27,434068.172,2706,NC,1017762.01,999066.0,7049772,0.3049016207040741,3093.7399999999907
2706,NC,2023,1,1175942.24,473119.123,2706,NC,1180902.0,1160945.0,7767057,0.4217690147774613,4959.760000000009
2706,NC,2023,2,598909.73,247937.962,2706,NC,588632.01,574751.01,4124050,-1.71607163570376,-10277.719999999972
2706,NC,2023,3,1074297.06,433736.765,2706,NC,1077988.01,1056752.01,7236713,0.3435688449152,3690.9499999999534
2706,NC,2023,4,1105004.46,443867.943,2706,NC,1108338.0,1086520.01,7350498,0.30167661042744004,3333.5400000000373
2706,NC,2024,1,977735.78,404783.928,2706,NC,981066.0,961863.0,6532551,0.34060531159041474,3330.219999999972
2706,NC,2024,2,911840.79,371435.76800000004,2706,NC,915033.0,895409.0,6185615,0.3500841413334846,3192.2099999999627
2706,NC,2024,3,1086319.4,452244.351,2706,NC,1065658.0,1044136.0,7444961,-1.9019636397913826,-20661.399999999907
2706,NC,2024,4,951293.32,393131.681,2706,NC,954761.0,933880.01,6478568,0.36452269001532056,3467.680000000051
2706,NC,2025,1,1133451.21,487498.41500000004,2706,NC,1129859.0,1109110.0,7954834,-0.31692674270469595,-3592.2099999999627
2706,NC,2025,2,803202.3400000001,334130.265,2706,NC,787965.0,770103.0,5390329,-1.89707365643383,-15237.340000000084
2706,NC,2025,3,1048209.2899999999,441914.43999999994,2706,NC,1039430.0,1017751.01,7372532,-0.8375512489495224,-8779.28999999992
2706,NC,2025,4,1157534.13,477972.743,2706,NC,798368.0,782865.0,5000147,-31.02855636749129,-359166.1299999999
2707,NC,2020,1,0.0,239.2,2707,NC,10973.53,10375.1,93872,,10973.53
2707,NC,2020,2,0.0,0.0,2707,NC,6597.049999999999,6180.2,56759,,6597.049999999999
2707,NC,2020,3,0.0,230.0,2707,NC,5993.12,5639.74,51421,,5993.12
2707,NC,2020,4,0.0,273.3,2707,NC,7029.33,6598.96,60404,,7029.33
2707,NC,2021,1,0.0,0.0,2707,NC,30111.14,29021.75,259458,,30111.14
2707,NC,2021,2,0.0,381.7,2707,NC,26217.730000000003,25356.07,225317,,26217.730000000003
2707,NC,2021,3,0.0,107.6,2707,NC,26676.89,25812.920000000002,229178,,26676.89
2707,NC,2021,4,0.0,0.0,2707,NC,25973.24,25141.26,223069,,25973.24
2707,NC,2022,1,0.0,191.4,2707,NC,35443.14,34206.39,118614,,35443.14
2707,NC,2022,2,0.0,108.8,2707,NC,23764.659999999996,22919.61,79790,,23764.659999999996
2707,NC,2022,3,0.0,382.0,2707,NC,25456.47,24599.439999999995,84677,,25456.47
2707,NC,2022,4,0.0,357.1,2707,NC,27270.73,26108.589999999997,94720,,27270.73
2707,NC,2023,1,0.0,254.20000000000002,2707,NC,42351.55,41095.46,143014,,42351.55
2707,NC,2023,2,0.0,393.8,2707,NC,34792.5,33597.17,116947,,34792.5
2707,NC,2023,3,0.0,291.0,2707,NC,24679.85,23672.46,83195,,24679.85
2707,NC,2023,4,0.0,237.8,2707,NC,18518.120000000003,17743.91,63129,,18518.120000000003
2707,NC,2024,1,0.0,228.8,2707,NC,41418.729999999996,40139.03,142696,,41418.729999999996
2707,NC,2024,2,0.0,525.3,2707,NC,31442.96,30415.47,105664,,31442.96
2707,NC,2024,3,0.0,84.3,2707,NC,26563.73,25657.449999999997,88807,,26563.73
2707,NC,2024,4,0.0,436.6,2707,NC,25149.6,24366.04,84884,,25149.6
2712,NC,2020,1,144187.06,594668.394,2712,NC,603178.01,531085.01,5973585,318.3301955113032,458990.95
2712,NC,2020,2,150419.29,782675.49,2712,NC,751600.0,685245.0,7168234,399.6699558946196,601180.71
2712,NC,2020,3,1217644.01,2881513.827,2712,NC,2925277.0,2709768.0100000002,28965237,140.24074162693904,1707632.99
2712,NC,2020,4,797182.46,1422756.183,2712,NC,1453548.0,1333495.01,15094827,82.33567256359355,656365.54
2712,NC,2021,1,1099311.66,1763705.449,2712,NC,1804427.01,1667910.0,19324956,64.1415328934108,705115.3500000001
2712,NC,2021,2,336379.83999999997,1288768.917,2712,NC,1326707.01,1220892.01,14044943,294.40740860094354,990327.17
2712,NC,2021,3,415744.26,2334213.902,2712,NC,2331795.0,2160927.0,23487636,460.8724459599274,1916050.74
2712,NC,2021,4,119039.61,535868.833,2712,NC,531689.0,469403.0,5175076,346.64880874525716,412649.39
2712,NC,2022,1,924095.95,1608311.154,2712,NC,1643942.0,1511658.0,16379540,77.89732765304296,719846.05
2712,NC,2022,2,1159117.15,1750507.574,2712,NC,1815599.0,1675620.01,17077649,56.636367600979774,656481.8500000001
2712,NC,2022,3,772499.03,1465026.528,2712,NC,1437335.0,1291613.01,14878020,86.06301680404698,664835.97
2712,NC,2022,4,489903.52,1084874.481,2712,NC,1079059.0,981162.0,11415021,120.25949109326667,589155.48
2712,NC,2023,1,405712.63,680766.324,2712,NC,670254.0,586963.01,6877811,65.20412489993225,264541.37
2712,NC,2023,2,564757.85,712481.03,2712,NC,706873.0,630152.0,8162342,25.16390874425208,142115.15000000002
2712,NC,2023,3,980852.12,2360830.541,2712,NC,2331270.0,2146226.01,22738788,137.67803040482798,1350417.88
2712,NC,2023,4,439427.67000000004,750384.9,2712,NC,753415.0,677484.0,7426389,71.45370021874133,313987.32999999996
2712,NC,2024,1,913053.61,1693675.105,2712,NC,1709653.01,1564212.0,16968695,87.24563281667547,796599.4
2712,NC,2024,2,768487.77,2162257.174,2712,NC,2150545.0100000002,1980617.02,21354885,179.8411495865445,1382057.2400000002
2712,NC,2024,3,929492.96,1877094.801,2712,NC,1832230.0,1668051.01,18135574,97.1214499569744,902737.04
2712,NC,2024,4,1023272.5700000001,1683566.018,2712,NC,1697051.0,1562356.0,16463736,65.84545015215251,673778.4299999999
2712,NC,2025,1,1120293.8399999999,2119713.565,2712,NC,2086846.01,1915110.0,20899126,86.27666559337685,966552.1700000002
2712,NC,2025,2,570090.82,1562084.7889999999,2712,NC,1503295.0,1382385.01,15126086,163.69394967629898,933204.18
2712,NC,2025,3,790171.1499999999,1976236.24,2712,NC,1919769.0099999998,1758356.0,18767588,142.95610008034336,1129597.8599999999
2712,NC,2025,4,1211226.8699999999,2036138.524,2712,NC,2074463.0,1913093.0,20281483,71.26956570902362,863236.1300000001
2716,NC,2020,1,0.0,399.3,2716,NC,269.68,-17.96,4499,,269.68
2716,NC,2020,2,0.0,188.4,2716,NC,240.38,-16.01,4015,,240.38
2716,NC,2020,3,0.0,551.2,2716,NC,183.7,-12.24,3070,,183.7
2716,NC,2020,4,0.0,680.3,2716,NC,237.24,-15.79,3963,,237.24
2716,NC,2021,1,0.0,684.9,2716,NC,919.98,416.22,15658,,919.98
2716,NC,2021,2,0.0,1315.1,2716,NC,350.89,158.75,5980,,350.89
2716,NC,2021,3,0.0,865.8,2716,NC,290.73,131.54,4951,,290.73
2716,NC,2021,4,0.0,506.3,2716,NC,235.41,106.51,4005,,235.41
2716,NC,2022,1,0.0,412.0,2716,NC,371.99,180.9,5939,,371.99
2716,NC,2022,2,0.0,596.3,2716,NC,310.8,151.15,4951,,310.8
2716,NC,2022,3,0.0,868.7,2716,NC,145.8,70.9,2323,,145.8
2716,NC,2022,4,0.0,1304.4,2716,NC,1104.42,537.0699999999999,17610,,1104.42
2716,NC,2023,1,0.0,357.1,2716,NC,298.15,28.73,5315,,298.15
2716,NC,2023,2,0.0,997.2,2716,NC,246.79,23.79,4404,,246.79
2716,NC,2023,3,0.0,632.3,2716,NC,258.2,24.88,4603,,258.2
2716,NC,2023,4,0.0,419.0,2716,NC,275.87,26.59,4921,,275.87
2716,NC,2024,1,0.0,511.9,2716,NC,748.26,302.32,12907,,748.26
2716,NC,2024,2,0.0,1101.2,2716,NC,245.5,99.19,4234,,245.5
2716,NC,2024,3,0.0,379.0,2716,NC,164.66,66.53,2846,,164.66
2716,NC,2024,4,0.0,887.5,2716,NC,227.59,91.96,3927,,227.59
2718,NC,2020,1,0.0,0.0,2718,NC,0.0,-13079.0,41,,0.0
2718,NC,2020,2,39429.2,36401.748999999996,2718,NC,39489.0,23377.010000000002,436994,0.15166424883082313,59.80000000000291
2718,NC,2020,3,359062.07999999996,333235.956,2718,NC,358952.01,306686.0,3773260,-0.030654866144581124,-110.06999999994878
2718,NC,2020,4,238307.75,215741.783,2718,NC,239200.0,202588.0,2368088,0.37441081962294553,892.25
2718,NC,2021,1,0.0,0.0,2718,NC,0.0,-11883.0,331,,0.0
2718,NC,2021,2,0.0,0.0,2718,NC,0.0,-9604.0,0,,0.0
2718,NC,2021,3,139705.43,138169.88999999998,2718,NC,139531.00999999998,113989.01,1535300,-0.12484840424600019,-174.4200000000128
2718,NC,2021,4,86096.35,80839.464,2718,NC,86520.01,68956.0,893313,0.49207660951943827,423.65999999998894
2718,NC,2022,1,0.0,0.0,2718,NC,0.0,-8602.0,0,,0.0
2718,NC,2022,2,165468.45,188866.823,2718,NC,165551.0,135392.0,1902699,0.04988866457623091,82.54999999998836
2718,NC,2022,3,102358.15,120515.84,2718,NC,101203.0,76286.0,1262029,-1.1285373954101303,-1155.1499999999942
2718,NC,2022,4,18640.46,19387.903,2718,NC,18643.0,5411.000000000001,200445,0.013626273171374919,2.540000000000873
2718,NC,2023,1,12220.6,14023.004,2718,NC,12263.0,402.99999999999966,163102,0.3469551413187539,42.399999999999636
2718,NC,2023,2,37577.1,41944.513999999996,2718,NC,35285.0,22508.0,444938,-6.0997256307698,-2292.0999999999985
2718,NC,2023,3,78215.38,86608.64600000001,2718,NC,78252.0,57478.0,927513,0.0468194362796618,36.61999999999534
2718,NC,2023,4,10965.91,11559.914,2718,NC,10964.0,370.00000000000017,116223,-0.017417615136362183,-1.9099999999998545
2718,NC,2024,1,86878.34,89633.908,2718,NC,86911.0,67547.01,1040396,0.03759279930993559,32.66000000000349
2718,NC,2024,2,54695.28,59813.025,2718,NC,54734.0,39107.0,645370,0.07079221461157373,38.720000000001164
2718,NC,2024,3,99831.41,107437.946,2718,NC,99877.01,83020.0,1132643,0.04567700686586643,45.59999999999127
2718,NC,2024,4,14999.71,16837.725,2718,NC,15025.999999999998,8227.0,191025,0.17527005522106132,26.289999999999054
2720,NC,2020,1,1244320.65,501337.671,2720,NC,1214933.0,1214468.0,8550842,-2.3617425299499697,-29387.649999999907
2720,NC,2020,2,981301.53,395637.262,2720,NC,965721.0,950824.0,6763821,-1.587741333695875,-15580.530000000028
2720,NC,2020,3,956477.06,390216.092,2720,NC,921349.0,920769.0,6607738,-3.6726505495071735,-35128.060000000056
2720,NC,2020,4,796153.71,320612.902,2720,NC,781728.0,780766.0,5493698,-1.8119252374017027,-14425.709999999963
2720,NC,2021,1,1191604.85,471959.165,2720,NC,1164837.0,1164326.0,8110645,-2.2463696753164517,-26767.850000000093
2720,NC,2021,2,999780.62,398528.18700000003,2720,NC,971072.0,969940.0,6840625,-2.8714919479035306,-28708.619999999995
2720,NC,2021,3,1201618.51,484616.764,2720,NC,1171172.0,1159392.0,8272971,-2.533791694004448,-30446.51000000001
2720,NC,2021,4,1273035.7200000002,514190.185,2720,NC,1272073.0,1241717.0,8760007,-0.07562395814001234,-962.7200000002049
2720,NC,2022,1,1118090.07,454808.083,2720,NC,1111352.0,1092130.0,7750837,-0.6026410734512708,-6738.070000000065
2720,NC,2022,2,1334557.3599999999,539798.958,2720,NC,1298747.0,1290743.0,9233831,-2.6833136643898072,-35810.35999999987
2720,NC,2022,3,1359442.73,555393.4439999999,2720,NC,1309144.0,1308953.0,9441128,-3.6999521119951835,-50298.72999999998
2720,NC,2022,4,1205890.2,489543.836,2720,NC,1175731.0,1175012.0,8335356,-2.5009905545297535,-30159.199999999953
2720,NC,2023,1,1213220.51,491041.36600000004,2720,NC,1190448.0,1181905.0,8335583,-1.8770297577643167,-22772.51000000001
2720,NC,2023,2,496525.82999999996,200858.769,2720,NC,493919.0,476784.0,3465575,-0.5250139756072626,-2606.829999999958
2720,NC,2023,3,1307433.81,533977.4809999999,2720,NC,1301759.0,1254932.0,8924211,-0.4340418579201387,-5674.810000000056
2720,NC,2023,4,933246.02,381366.926,2720,NC,929803.0,905798.0,6408356,-0.36892951335597646,-3443.0200000000186
2720,NC,2024,1,1101405.1,452449.66000000003,2720,NC,1092439.0,1069050.0,7657907,-0.8140601491676489,-8966.100000000093
2720,NC,2024,2,1064268.5,435273.895,2720,NC,1059840.0,1008801.0,7362910,-0.4161074014687083,-4428.5
2720,NC,2024,3,1376827.96,572625.758,2720,NC,1372298.0,1323492.0,9427321,-0.3290142364627722,-4529.959999999963
2720,NC,2024,4,835905.77,341970.404,2720,NC,827811.0,807274.0,5599666,-0.9683830750444538,-8094.770000000019
2720,NC,2025,1,854599.3200000001,351014.337,2720,NC,873598.0,853738.0,5767907,2.2231096556454,18998.679999999935
2720,NC,2025,2,781388.14,324175.73600000003,2720,NC,767977.0,747631.0,5484886,-1.716322441239,-13411.140000000014
2720,NC,2025,3,1340674.12,555756.2490000001,2720,NC,1334792.0,1291880.0,9134646,-0.43874345840286016,-5882.120000000112
2720,NC,2025,4,1092096.69,449110.144,2720,NC,1087822.0,1060898.0,7495378,-0.3914204702882072,-4274.689999999944
2721,NC,2020,1,1161249.66,734905.1100000001,2721,NC,1160988.0,1059310.01,10617350,-0.02253262231309641,-261.6599999999162
2721,NC,2020,2,1119269.7,945720.147,2721,NC,1119608.99,1003852.0,10180339,0.030313516036397415,339.29000000003725
2721,NC,2020,3,1499087.16,1271370.868,2721,NC,1480675.0,1351279.01,12845108,-1.228224781806544,-18412.159999999916
2721,NC,2020,4,2008371.25,1645603.8080000002,2721,NC,1986756.01,1844987.0,17372909,-1.0762571909949412,-21615.23999999999
2721,NC,2021,1,1431953.5,1021292.3180000001,2721,NC,1411404.99,1302980.0,12209384,-1.434998413007127,-20548.51000000001
2721,NC,2021,2,810595.9299999999,693183.7690000001,2721,NC,806337.01,723366.0,7264434,-0.525406042934354,-4258.9199999999255
2721,NC,2021,3,1739530.28,1231380.274,2721,NC,1736896.01,1585601.0,15898909,-0.15143570826487818,-2634.2700000000186
2721,NC,2021,4,1274610.2100000002,701430.314,2721,NC,1239520.0100000002,1139237.99,11118660,-2.7530141940413255,-35090.19999999995
2721,NC,2022,1,945510.34,685805.118,2721,NC,927696.01,858681.0,7960567,-1.8840967936955568,-17814.329999999958
2721,NC,2022,2,981015.28,624059.86,2721,NC,979203.0,888723.01,8752348,-0.18473514500202565,-1812.280000000028
2721,NC,2022,3,1930422.45,1096863.308,2721,NC,1929282.01,1777194.0,17820963,-0.05907722426248949,-1140.4399999999441
2721,NC,2022,4,1615497.63,965368.838,2721,NC,1613018.01,1487053.0,14350634,-0.15348954736627368,-2479.619999999879
2721,NC,2023,1,939475.44,590188.6340000001,2721,NC,938658.0199999999,852923.01,8443565,-0.08700812870638129,-817.4200000000419
2721,NC,2023,2,874965.3400000001,632210.658,2721,NC,873424.0,790147.0,7916624,-0.17616012081119506,-1541.3400000000838
2721,NC,2023,3,1998608.24,1444553.841,2721,NC,1996365.01,1839136.01,17717132,-0.11223960529653282,-2243.2299999999814
2721,NC,2023,4,1922085.23,1401210.614,2721,NC,1919763.99,1762601.01,17744717,-0.12076675704958155,-2321.2399999999907
2721,NC,2024,1,1518810.6099999999,1235953.08,2721,NC,1516502.0,1381326.0,13928278,-0.15200117676290592,-2308.6099999998696
2721,NC,2024,2,1589249.5999999999,1260865.471,2721,NC,1590720.02,1454086.0,13856056,0.09252291144198863,1470.4200000001583
2721,NC,2024,3,1591003.6600000001,1255919.864,2721,NC,1078064.99,1011948.01,10650668,-32.23994280440562,-512938.67000000016
2721,NC,2024,4,642745.19,504014.005,2721,NC,652836.99,576473.99,5932068,1.5701089882913084,10091.800000000047
2721,NC,2025,1,1344291.68,1059937.591,2721,NC,1326006.0,1220149.0,12068402,-1.3602464607978484,-18285.679999999935
2721,NC,2025,2,1650206.65,1090029.26,2721,NC,1647410.01,1513079.99,15015100,-0.16947210823565023,-2796.6399999998976
2721,NC,2025,3,2197358.96,1579396.912,2721,NC,2182278.99,2025427.01,20081845,-0.6862770386864666,-15079.96999999974
2721,NC,2025,4,1556993.48,1130907.8420000002,2721,NC,1534347.02,1428262.0,13549735,-1.4544993470364411,-22646.459999999963
2723,NC,2020,1,1290272.23,535190.2390000001,2723,NC,1287910.0,1257843.0,8949191,-0.1830799691007828,-2362.2299999999814
2723,NC,2020,2,1012983.55,422188.784,2723,NC,1010957.0,979958.0,7025052,-0.2000575428890278,-2026.5500000000466
2723,NC,2020,3,1303702.8599999999,542899.743,2723,NC,1301309.0,1255123.0,9091605,-0.1836200620132006,-2393.8599999998696
2723,NC,2020,4,992113.87,409312.103,2723,NC,990946.0,963813.0,6793199,-0.1177153183031294,-1167.8699999999953
2723,NC,2021,1,1104818.57,453015.974,2723,NC,1102492.0,1073263.0,7486468,-0.210583897046559,-2326.570000000065
2723,NC,2021,2,749388.76,307027.54500000004,2723,NC,747599.0,721089.0,5037696,-0.2388293093694132,-1789.7600000000093
2723,NC,2021,3,1250814.4100000001,514775.10400000005,2723,NC,1248788.0,1201092.0,8466794,-0.1620072477419051,-2026.410000000149
2723,NC,2021,4,1213614.99,503264.30999999994,2723,NC,1211841.0,1178000.0,8318436,-0.14617403497957707,-1773.9899999999907
2723,NC,2022,1,1322704.54,543240.425,2723,NC,1319929.0,1290595.0,9124430,-0.2098382455087088,-2775.5400000000373
2723,NC,2022,2,415000.95999999996,174111.888,2723,NC,413241.0,398653.0,2866747,-0.4240857659702673,-1759.9599999999627
2723,NC,2022,3,1357250.95,563880.108,2723,NC,1350840.0,1302229.0,9259466,-0.47234816818510633,-6410.949999999953
2723,NC,2022,4,1151642.79,474478.024,2723,NC,1146109.0,1118538.0,7873051,-0.4805127117584817,-5533.790000000037
2723,NC,2023,1,1122517.14,463682.033,2723,NC,1116472.0,1090708.0,7638620,-0.5385343158323532,-6045.139999999898
2723,NC,2023,2,1165685.73,483170.668,2723,NC,1159602.0,1124757.0,7942742,-0.5219013876064161,-6083.729999999981
2723,NC,2023,3,1256658.23,521483.828,2723,NC,1250850.0,1205086.0,8541593,-0.4621964716691492,-5808.229999999981
2723,NC,2023,4,319428.36,144287.816,2723,NC,317833.0,308927.0,2266475,-0.49944219104402193,-1595.359999999986
2723,NC,2024,1,1141532.78,470929.45900000003,2723,NC,1135665.0,1110747.0,7895607,-0.5140264128026204,-5867.780000000028
2723,NC,2024,2,1128025.03,466843.20999999996,2723,NC,1122925.0,1086949.0,7812141,-0.45212028672803717,-5100.030000000028
2723,NC,2024,3,1435812.65,594107.465,2723,NC,1428921.0,1379645.0,9882579,-0.479982538111773,-6891.649999999907
2723,NC,2024,4,1073351.67,439881.82700000005,2723,NC,1069133.0,1042517.0,7288648,-0.3930370742330821,-4218.6699999999255
2723,NC,2025,1,1095661.27,448522.069,2723,NC,1091621.0,1067125.0,7525818,-0.3687517402162092,-4040.2700000000186
2723,NC,2025,2,992874.8700000001,412157.839,2723,NC,989080.0,956193.0,6947675,-0.3822102980610348,-3794.8700000001118
2723,NC,2025,3,1367723.27,565053.1340000001,2723,NC,1362942.0,1316895.0,9506059,-0.3495787565272629,-4781.270000000019
2723,NC,2025,4,612354.45,247828.992,2723,NC,604728.0,588002.0,4264578,-1.2454306488668374,-7626.449999999953
2727,NC,2020,1,1197071.8900000001,1119127.3569999998,2727,NC,1196200.0,1111517.0,10965046,-0.07283522462465727,-871.8900000001304
2727,NC,2020,2,1345281.05,1269289.6230000001,2727,NC,1342752.0,1248140.0,12472492,-0.18799417415416997,-2529.0500000000466
2727,NC,2020,3,2434569.99,2276109.775,2727,NC,2428490.0,2275296.0100000002,22384375,-0.2497356833023405,-6079.9900000002235
2727,NC,2020,4,1566744.6,1440349.724,2727,NC,1561924.01,1451478.01,14730083,-0.3076819285032215,-4820.590000000084
2727,NC,2021,1,1639798.6,1480645.077,2727,NC,1634705.0,1525784.99,15151227,-0.3106235119361666,-5093.600000000093
2727,NC,2021,2,1602928.17,1447541.005,2727,NC,1589845.02,1488172.01,14973716,-0.8162031365385455,-13083.149999999907
2727,NC,2021,3,2480103.95,2095756.427,2727,NC,2466589.0,2305295.03,23321189,-0.5449348201715571,-13514.950000000186
2727,NC,2021,4,1693670.22,1244339.8,2727,NC,1692463.0,1578161.0,15860538,-0.07127833894369189,-1207.219999999972
2727,NC,2022,1,1865495.45,1462386.535,2727,NC,1853256.01,1733456.0,17453435,-0.6560959449137195,-12239.439999999944
2727,NC,2022,2,1941395.2400000002,1495159.332,2727,NC,1936891.01,1815609.0,18006214,-0.2320099435290783,-4504.230000000214
2727,NC,2022,3,1957155.9000000001,1363206.784,2727,NC,1953622.01,1820363.0,18836843,-0.18056251931693998,-3533.8900000001304
2727,NC,2022,4,1969914.42,1454745.654,2727,NC,1961473.0,1836491.01,18234907,-0.4285170926359291,-8441.419999999925
2727,NC,2023,1,1480683.05,1071785.857,2727,NC,1474226.02,1373677.01,14008242,-0.4360845489519197,-6457.030000000028
2727,NC,2023,2,1417439.8,1103724.126,2727,NC,1411080.99,1316810.01,13387489,-0.4486123502387936,-6358.810000000056
2727,NC,2023,3,2626479.16,2069179.32,2727,NC,2618448.0,2456357.0,24959855,-0.3057766504418085,-8031.160000000149
2727,NC,2023,4,1872612.4100000001,1402543.167,2727,NC,1868570.0,1752551.0,17842620,-0.21587008493659127,-4042.410000000149
2727,NC,2024,1,1661994.38,1307648.878,2727,NC,1653287.01,1543756.98,15669242,-0.5239109171957537,-8707.369999999879
2727,NC,2024,2,1997902.13,1620945.537,2727,NC,1987671.01,1864981.01,19921039,-0.5120931524308391,-10231.119999999879
2727,NC,2024,3,2270296.98,1685839.463,2727,NC,2264015.01,2121154.99,21512236,-0.2767025660228912,-6281.970000000205
2727,NC,2024,4,2047353.92,1605792.88,2727,NC,2040215.01,1915250.01,20373950,-0.3486895905130031,-7138.909999999916
2727,NC,2025,1,2273249.25,1858367.585,2727,NC,2254201.99,2116763.0,20156725,-0.8378870024921279,-19047.259999999776
2727,NC,2025,2,1425774.31,1088827.241,2727,NC,1416691.0,1319905.99,13308642,-0.6370790900279341,-9083.310000000056
2727,NC,2025,3,2610044.56,1970987.305,2727,NC,2593737.0,2434376.01,24204361,-0.6248000608847863,-16307.560000000056
2727,NC,2025,4,1163825.3199999998,929528.4239999999,2727,NC,1157324.0,1072470.0,10570243,-0.5586164769125175,-6501.319999999832
50555,NC,2020,1,0.0,0.0,50555,NC,0.0,0.0,0,,0.0
50555,NC,2020,2,0.0,0.0,50555,NC,0.0,0.0,0,,0.0
50555,NC,2020,3,2786.8,3104.87,50555,NC,3600.0,3492.0,35691,29.18042198937849,813.1999999999998
50555,NC,2020,4,0.0,0.0,50555,NC,0.0,0.0,0,,0.0
50555,NC,2021,1,5076.52,5129.332,50555,NC,6945.36,6737.0,62966,36.8134076099375,1868.8399999999992
50555,NC,2021,2,1094.23,1251.799,50555,NC,1518.56,1473.0,16091,38.77886733136543,424.3299999999999
50555,NC,2021,3,1637.52,1998.219,50555,NC,2378.36,2307.0,23970,45.24158483560507,740.8400000000001
50555,NC,2021,4,0.0,0.0,50555,NC,0.0,0.0,0,,0.0
50555,NC,2022,1,0.0,0.0,50555,NC,0.0,0.0,0,,0.0
50555,NC,2022,2,608.04,714.138,50555,NC,864.95,839.0,8622,42.25215446352215,256.9100000000001
50555,NC,2022,3,510.5,646.876,50555,NC,729.8900000000001,708.0,7777,42.975514201763,219.3900000000001
50555,NC,2022,4,103.73,181.304,50555,NC,98.97,96.0,2118,-4.588836402198019,-4.760000000000005
50555,NC,2023,1,0.27,12.4,50555,NC,0.0,0.0,40,-100.0,-0.27
50555,NC,2023,2,2802.56,3215.5130000000004,50555,NC,3739.18,3627.0,34065,33.420158712034706,936.6199999999999
50555,NC,2023,3,1555.06,2002.694,50555,NC,2093.81,2031.0,24269,34.64496546757038,538.75
50555,NC,2023,4,683.33,839.24,50555,NC,902.06,875.0,9644,32.00942443621674,218.7299999999999
50555,NC,2024,1,7340.33,7526.64,50555,NC,9728.87,9437.0,92000,32.53995392577719,2388.540000000001
50555,NC,2024,2,1709.29,1930.586,50555,NC,2208.25,2142.0,23894,29.191067636270034,498.96000000000004
50555,NC,2024,3,3123.05,3572.599,50555,NC,4106.18,3983.0,44884,31.479803397319927,983.1300000000001
50555,NC,2024,4,85.78999999999999,162.368,50555,NC,0.0,-81.0,0,-100.0,-85.78999999999999
54276,NC,2020,2,0.0,0.0,54276,NC,13924.0,10848.0,65985,,13924.0
54276,NC,2020,3,0.0,0.0,54276,NC,16589.010000000002,12301.01,78613,,16589.010000000002
54276,NC,2021,2,0.0,0.0,54276,NC,14006.0,10514.01,66374,,14006.0
54276,NC,2021,3,0.0,0.0,54276,NC,16672.0,12290.01,79007,,16672.0
54276,NC,2022,2,0.0,0.0,54276,NC,0.0,-1144.0,0,,0.0
54276,NC,2022,3,0.0,0.0,54276,NC,4045.01,1653.0,19169,,4045.01
54276,NC,2023,2,0.0,0.0,54276,NC,4645.0,1958.01,22013,,4645.0
54276,NC,2023,3,0.0,0.0,54276,NC,5278.0,2754.0,25012,,5278.0
54276,NC,2024,2,0.0,0.0,54276,NC,8813.0,3617.0,41763,,8813.0
54276,NC,2024,3,0.0,0.0,54276,NC,17420.010000000002,10198.01,82552,,17420.010000000002
54276,NC,2025,2,0.0,0.0,54276,NC,12186.01,6977.0,57748,,12186.01
54276,NC,2025,3,0.0,0.0,54276,NC,15512.01,9556.0,73509,,15512.01
55116,NC,2020,1,126282.51,78864.296,55116,NC,129951.0,128362.0,1422742,2.9049866050334328,3668.4900000000052
55116,NC,2020,2,93958.35,59367.994,55116,NC,96437.0,94944.0,1074408,2.6380305741852577,2478.649999999994
55116,NC,2020,3,266587.0,168679.663,55116,NC,271169.0,269500.0,3026887,1.7187634805898262,4582.0
55116,NC,2020,4,162289.41999999998,101670.043,55116,NC,165438.0,163765.01,1818906,1.9401018254917766,3148.5800000000163
55116,NC,2021,1,65568.59,43791.717000000004,55116,NC,68054.0,66359.0,751814,3.790549712903699,2485.4100000000035
55116,NC,2021,2,144931.88,91233.735,55116,NC,147268.0,145726.0,1644011,1.6118744888978156,2336.1199999999953
55116,NC,2021,3,315345.64,199592.493,55116,NC,319201.0,317572.0,3560796,1.2225823068300503,3855.359999999986
55116,NC,2021,4,193722.96,121021.561,55116,NC,196774.0,195066.0,2170786,1.5749501246522395,3051.040000000008
55116,NC,2022,1,156091.06,98948.57800000001,55116,NC,159266.0,157601.0,1757132,2.0340306485201665,3174.9400000000023
55116,NC,2022,2,462132.43,292558.222,55116,NC,465236.0,463536.0,5162999,0.6715758943816185,3103.570000000007
55116,NC,2022,3,552133.21,350591.453,55116,NC,555358.0,553615.0,6154634,0.584060140124525,3224.7900000000373
55116,NC,2022,4,263933.91,168715.048,55116,NC,266093.0,264408.0,2915499,0.818041910567697,2159.0900000000256
55116,NC,2023,1,132409.25,82891.434,55116,NC,134944.0,133106.0,1476817,1.914330003379673,2534.75
55116,NC,2023,2,133047.27,84245.68400000001,55116,NC,135024.0,133637.0,1496755,1.4857351075298355,1976.7300000000105
55116,NC,2023,3,327112.38,208926.735,55116,NC,331044.0,329378.0,3699650,1.2019172126716804,3931.6199999999953
55116,NC,2023,4,199054.46,126236.412,55116,NC,201345.0,199673.0,2217185,1.1507102126724555,2290.540000000008
55116,NC,2024,1,132865.85,86744.544,55116,NC,136023.0,134297.0,1511570,2.3761937322494786,3157.149999999994
55116,NC,2024,2,306587.99,195132.274,55116,NC,309035.0,307414.0,3439155,0.7981428104864803,2447.0100000000093
55116,NC,2024,3,717132.01,459355.03,55116,NC,718831.0,716993.0,7992920,0.23691453962569464,1698.9899999999907
55116,NC,2024,4,261735.38999999998,166451.979,55116,NC,262681.0,260880.0,2896945,0.3612847311171849,945.6100000000151
55116,NC,2025,1,291477.37,186196.32299999997,55116,NC,294632.0,292746.0,3225143,1.0822898532397232,3154.6300000000047
55116,NC,2025,2,577771.9299999999,369752.853,55116,NC,581593.0,579798.0,6471699,0.6613457320434494,3821.070000000065
55116,NC,2025,3,587718.4,378314.88300000003,55116,NC,591129.0,589281.0,6599212,0.58031193170062,3410.5999999999767
55116,NC,2025,4,351523.83,222728.794,55116,NC,353230.0,351625.0,3887926,0.48536396522534014,1706.1699999999837
56249,NC,2020,1,14486.13,8660.148,56249,NC,26402.83,25370.22,281582,82.2628265796317,11916.700000000003
56249,NC,2020,2,13253.85,7867.273,56249,NC,19124.12,18376.19,203958,44.291055051928296,5870.269999999999
56249,NC,2020,3,38015.92,22471.235,56249,NC,25437.76,24442.920000000002,271290,-33.08655952558823,-12578.16
56249,NC,2020,4,27133.96,15796.048,56249,NC,22184.309999999998,21316.7,236595,-18.241532013756938,-4949.6500000000015
56249,NC,2021,1,21032.8,12568.848,56249,NC,26474.64,25798.829999999998,302476,25.873112471948577,5441.84
56249,NC,2021,2,19727.89,11649.16,56249,NC,22594.97,22018.190000000002,258158,14.533130507114556,2867.0800000000017
56249,NC,2021,3,43809.16,25932.229,56249,NC,35201.11,34302.52,402189,-19.64897295451454,-8608.050000000003
56249,NC,2021,4,34415.24,20283.344,56249,NC,33838.28,32974.48,386616,-1.6764665886392165,-576.9599999999991
56249,NC,2022,1,50964.78,30425.114999999998,56249,NC,50852.079999999994,50474.17,551774,-0.22113310407698095,-112.70000000000437
56249,NC,2022,2,99824.76,58351.258,56249,NC,98617.79999999999,97884.91,1070066,-1.209078789671026,-1206.9600000000064
56249,NC,2022,3,186637.59,108652.25899999999,56249,NC,183744.48,182378.99,1993735,-1.5501218162964845,-2893.109999999986
56249,NC,2022,4,48991.5,30071.049,56249,NC,48673.65,48311.93,528142,-0.6487860139003675,-317.84999999999854
56249,NC,2023,1,16937.69,10013.6,56249,NC,25037.58,24168.77,362975,47.821692332307435,8099.890000000003
56249,NC,2023,2,22846.940000000002,14010.677,56249,NC,20871.36,20147.13,302579,-8.64702231458568,-1975.5800000000017
56249,NC,2023,3,36413.17,22129.518,56249,NC,27918.14,26949.370000000003,404737,-23.329553565372088,-8495.029999999999
56249,NC,2023,4,20457.94,12087.143,56249,NC,21705.920000000002,20952.73,314675,6.100223189627124,1247.9800000000032
56249,NC,2024,1,7506.38,4919.1849999999995,56249,NC,4977.38,4166.4400000000005,58293,-33.69133990019157,-2529.0
56249,NC,2024,2,7401.65,4473.164,56249,NC,4705.75,3939.09,55101,-36.42295974546216,-2695.8999999999996
56249,NC,2024,3,6336.86,3829.986,56249,NC,6357.57,5321.78,74450,0.3268180139690641,20.710000000000036
56249,NC,2024,4,218.03,137.672,56249,NC,5153.3,4313.71,60351,2263.573820116498,4935.27
56292,NC,2020,1,9146.71,5395.562,56292,NC,18020.33,17000.92,190309,97.01433630234263,8873.620000000003
56292,NC,2020,2,7080.99,4149.256,56292,NC,13031.87,12294.670000000002,137627,84.04022601359416,5950.880000000001
56292,NC,2020,3,27635.66,16202.109,56292,NC,17396.53,16412.41,183720,-37.05042687600007,-10239.130000000001
56292,NC,2020,4,19841.68,11536.859,56292,NC,15136.26,14280.0,159849,-23.714826567105206,-4705.42
56292,NC,2021,1,9106.79,5333.9310000000005,56292,NC,9075.84,8841.86,95714,-0.3398563050207672,-30.950000000000728
56292,NC,2021,2,33181.1,19432.049,56292,NC,33058.14,32205.879999999997,348634,-0.37057240416984105,-122.95999999999913
56292,NC,2021,3,48711.26,28815.121,56292,NC,49025.47,47761.56,517029,0.6450459298322382,314.2099999999991
56292,NC,2021,4,28267.07,16594.143,56292,NC,28231.54,27503.7,297733,-0.12569396120644566,-35.529999999998836
56292,NC,2022,1,21806.87,13163.887,56292,NC,21929.02,21586.440000000002,230890,0.5601445782911599,122.15000000000146
56292,NC,2022,2,67373.65,39392.731,56292,NC,66933.39,65887.77,704740,-0.6534602177557469,-440.25999999999476
56292,NC,2022,3,84795.75,49612.709,56292,NC,84296.84,82979.97,887555,-0.5883667518714127,-498.9100000000035
56292,NC,2022,4,27366.04,17759.203,56292,NC,27391.739999999998,26963.84,288400,0.09391201649927094,25.69999999999709
56292,NC,2023,1,8989.55,5303.069,56292,NC,8926.73,8558.029999999999,94240,-0.6988113976784123,-62.81999999999971
56292,NC,2023,2,16165.74,9943.493,56292,NC,16160.93,15493.45,170602,-0.029754282822806077,-4.809999999999491
56292,NC,2023,3,30957.54,18279.93,56292,NC,30768.46,29497.64,324800,-0.610772044548765,-189.08000000000175
56292,NC,2023,4,24518.03,14369.225,56292,NC,24186.87,23187.89,255329,-1.350679479550355,-331.15999999999985
56292,NC,2024,1,22391.45,13860.449,56292,NC,22237.239999999998,21758.88,231587,-0.6887003744733046,-154.21000000000276
56292,NC,2024,2,65424.55,38427.562,56292,NC,64523.15,63135.17,671982,-1.3777702712513902,-901.4000000000015
56292,NC,2024,3,46505.13,27785.084,56292,NC,46655.65,45652.04,485900,0.3236632173697914,150.52000000000407
56292,NC,2024,4,14820.59,8750.92,56292,NC,14692.98,14376.900000000001,153018,-0.8610318482597561,-127.61000000000058
57029,NC,2020,1,17950.379999999997,10912.701,57029,NC,165575.58000000002,165049.28,1748044,822.4071022451894,147625.2
57029,NC,2020,2,128416.23,78471.43000000001,57029,NC,119801.73,119420.93,1264793,-6.708264212397452,-8614.5
57029,NC,2020,3,317295.76,194808.532,57029,NC,159740.16999999998,159232.42,1686434,-49.65575020605382,-157555.59000000003
57029,NC,2020,4,119600.67,72650.967,57029,NC,139090.49,138648.37,1468430,16.295744831529785,19489.819999999992
57029,NC,2021,1,38986.64,24221.68,57029,NC,38838.84,38720.28,408173,-0.3791042264734866,-147.8000000000029
57029,NC,2021,2,225494.11,137157.679,57029,NC,225796.96000000002,225107.62,2373030,0.1343050601188807,302.8500000000349
57029,NC,2021,3,389149.22,238409.686,57029,NC,392556.62,391358.18,4125588,0.8756024231527493,3407.4000000000233
57029,NC,2021,4,255167.85,153700.06,57029,NC,252759.58000000002,251987.94,2656391,-0.9437983664478067,-2408.2699999999895
57029,NC,2022,1,104512.54999999999,63279.861000000004,57029,NC,103674.59,103360.09,1084058,-0.8017793078438828,-837.9599999999919
57029,NC,2022,2,307981.73,187393.19700000001,57029,NC,308006.81999999995,307072.48,3220632,0.008146587136830294,25.089999999967404
57029,NC,2022,3,612550.06,375798.54099999997,57029,NC,617844.85,615970.63,6460403,0.8643848634999596,5294.789999999921
57029,NC,2022,4,199124.2,122997.772,57029,NC,197781.75,197181.79,2068079,-0.6741772220553863,-1342.4500000000116
57029,NC,2023,1,45360.0,27433.754,57029,NC,44991.2,44848.72,475338,-0.8130511463844862,-368.8000000000029
57029,NC,2023,2,123405.16,75687.109,57029,NC,124050.0,123657.15,1310614,0.5225389278697881,644.8399999999965
57029,NC,2023,3,388701.18,238328.335,57029,NC,390866.11,389628.25,4129584,0.5569651216391966,2164.929999999993
57029,NC,2023,4,83689.56,50703.187999999995,57029,NC,82982.68000000001,82719.87,876731,-0.8446453775118308,-706.8799999999901
57029,NC,2024,1,42703.43,26454.471,57029,NC,41835.4,41690.61,443801,-2.032693860891265,-868.0299999999988
57029,NC,2024,2,227717.38,140246.37,57029,NC,226406.51,225622.85,2401761,-0.5756565440898693,-1310.8699999999953
57029,NC,2024,3,388129.83999999997,241422.928,57029,NC,389824.39,388475.11,4135316,0.4365935894029809,1694.5500000000466
57029,NC,2024,4,56341.520000000004,34989.390999999996,57029,NC,56412.7,56217.44,598441,0.1263366696532025,71.17999999999302
59325,NC,2020,1,780489.93,312130.319,59325,NC,802068.0,779950.0,5263348,2.7646826910374034,21578.06999999995
59325,NC,2020,2,602878.64,245321.582,59325,NC,635638.0,616570.0,4225369,5.4338232981682655,32759.359999999986
59325,NC,2020,3,775344.02,312288.646,59325,NC,798093.0,774710.0,5247862,2.93404984280397,22748.97999999998
59325,NC,2020,4,765947.35,306042.289,59325,NC,787264.0,765761.0,5206581,2.783043769261689,21316.650000000023
59325,NC,2021,1,616264.77,246148.051,59325,NC,633311.0,615400.0,4169304,2.7660562196342946,17046.22999999998
59325,NC,2021,2,740526.37,298345.165,59325,NC,761635.0,740110.0,5031927,2.8504899832263915,21108.630000000005
59325,NC,2021,3,834089.19,340048.969,59325,NC,858375.0,833411.0,5706051,2.911656246258276,24285.810000000056
59325,NC,2021,4,675759.05,273057.975,59325,NC,694946.0,675649.0,4596228,2.839318245164449,19186.949999999953
59325,NC,2022,1,737471.86,297589.451,59325,NC,757418.0,736500.0,5015457,2.7046645549295962,19946.140000000014
59325,NC,2022,2,859997.45,346880.538,59325,NC,883272.0,859301.0,5842621,2.7063510479013684,23274.550000000047
59325,NC,2022,3,823020.82,333449.998,59325,NC,847069.0,822500.0,5620104,2.9219406624488617,24048.18000000005
59325,NC,2022,4,710233.46,285554.911,59325,NC,729964.0,710000.0,4809985,2.77803583064082,19730.540000000037
59325,NC,2023,1,861723.85,344521.917,59325,NC,884025.0,860700.0,5797040,2.587969452162665,22301.150000000023
59325,NC,2023,2,826964.46,333778.634,59325,NC,849961.0,826601.0,5646670,2.7808377641767144,22996.540000000037
59325,NC,2023,3,863149.0,350496.2,59325,NC,888258.0,863000.0,5913283,2.908999489080101,25109.0
59325,NC,2023,4,826994.19,334053.5,59325,NC,850019.0,827401.0,5605873,2.784156198243673,23024.810000000056
59325,NC,2024,1,814678.54,328035.325,59325,NC,836433.0,814202.0,5540106,2.6703121454506413,21754.459999999963
59325,NC,2024,2,851561.0,346546.8,59325,NC,875839.0,851600.0,5916311,2.8509995173569482,24278.0
59325,NC,2024,3,835669.14,339544.994,59325,NC,860029.0,835501.0,5721461,2.9150125132058826,24359.859999999986
59325,NC,2024,4,820906.93,329140.089,59325,NC,843331.0,821199.0,5540612,2.7316214762616204,22424.06999999995
59325,NC,2025,1,556088.7,221706.804,59325,NC,570760.0,556108.0,3714782,2.63830212698083,14671.300000000047
59325,NC,2025,2,859064.31,349357.885,59325,NC,882339.0,858539.0,5930731,2.7093070599103277,23274.689999999944
59325,NC,2025,3,883462.75,363908.64,59325,NC,908290.0,883275.0,6140278,2.8102203516786646,24827.25
59325,NC,2025,4,863756.68,352971.922,59325,NC,886586.0,863829.0,5959148,2.6430267375761365,22829.31999999995
6250,NC,2020,1,0.0,112840.484,6250,NC,98206.0,68643.0,1032485,,98206.0
6250,NC,2020,2,0.0,185571.203,6250,NC,156985.0,118698.0,1803918,,156985.0
6250,NC,2020,3,0.0,590361.779,6250,NC,525499.0,458919.01,6407596,,525499.0
6250,NC,2020,4,0.0,458.86299999999994,6250,NC,0.0,-21069.0,4481,,0.0
6250,NC,2021,1,0.0,650594.736,6250,NC,597050.0,533390.0,7289357,,597050.0
6250,NC,2021,2,0.0,433792.027,6250,NC,382676.01,329270.0,3966003,,382676.01
6250,NC,2021,3,0.0,606501.625,6250,NC,526672.0,460603.01,5392860,,526672.0
6250,NC,2021,4,0.0,0.0,6250,NC,0.0,-20096.01,0,,0.0
6250,NC,2022,1,0.0,354438.125,6250,NC,320233.0,272457.01,3874259,,320233.0
6250,NC,2022,2,0.0,421686.208,6250,NC,330152.0,306577.0,3208692,,330152.0
6250,NC,2022,3,0.0,510326.43799999997,6250,NC,410954.0,346195.0,4010643,,410954.0
6250,NC,2022,4,0.0,220127.34399999998,6250,NC,203226.0,166658.0,2034160,,203226.0
6250,NC,2023,1,0.0,225459.734,6250,NC,203019.01,164345.0,2077262,,203019.01
6250,NC,2023,2,0.0,136041.939,6250,NC,120430.0,85530.01000000001,1252056,,120430.0
6250,NC,2023,3,0.0,920332.922,6250,NC,888012.0,799296.0,7399482,,888012.0
6250,NC,2023,4,0.0,215675.861,6250,NC,203574.0,167794.0,2021815,,203574.0
6250,NC,2024,1,0.0,314086.934,6250,NC,296223.0,250661.99,2493022,,296223.0
6250,NC,2024,2,0.0,197995.735,6250,NC,182738.0,145246.0,1677333,,182738.0
6250,NC,2024,3,0.0,531929.49,6250,NC,500333.0,434679.0,4240364,,500333.0
6250,NC,2024,4,0.0,118355.437,6250,NC,108890.0,75734.0,994394,,108890.0
6250,NC,2025,1,0.0,457547.185,6250,NC,430387.0,373545.02,3793831,,430387.0
6250,NC,2025,2,0.0,513025.733,6250,NC,466506.0,403196.0,4222163,,466506.0
6250,NC,2025,3,0.0,445092.34199999995,6250,NC,428427.01,367681.0,3628413,,428427.01
6250,NC,2025,4,0.0,273701.913,6250,NC,240147.0,201085.0,2258997,,240147.0
7277,NC,2020,1,8271.69,6612.011,7277,NC,9119.0,6533.0,113860,10.243493167659807,847.3099999999995
7277,NC,2020,2,1528.95,1180.345,7277,NC,1564.0,-680.0,53691,2.2924229046077342,35.049999999999955
7277,NC,2020,3,8572.89,6957.318,7277,NC,9316.0,7095.0,194121,8.668138749009968,743.1100000000006
7277,NC,2020,4,37384.12,23415.838000000003,7277,NC,5380.0,2819.01,384623,-85.6088628005688,-32004.120000000003
7277,NC,2021,1,60556.18,44267.032,7277,NC,29472.0,26534.0,672524,-51.33114407150517,-31084.18
7277,NC,2021,2,168804.77,98892.861,7277,NC,928.0,-593.0,232964,-99.450252501751,-167876.77
7277,NC,2021,3,172760.97,99325.20499999999,7277,NC,5716.0,3490.999999999999,1688444,-96.69138231858734,-167044.97
7277,NC,2021,4,6738.78,5208.223999999999,7277,NC,528.0,-1906.0,58722,-92.16475385752318,-6210.78
7277,NC,2022,1,57109.630000000005,38194.395000000004,7277,NC,6905.0,4156.0,482824,-87.90921951341657,-50204.630000000005
7277,NC,2022,2,96411.26999999999,58134.26,7277,NC,4061.01,1867.0,923434,-95.78782646468613,-92350.26
7277,NC,2022,3,7283.88,5741.819,7277,NC,7667.0,5516.0,97558,5.259834044492768,383.1199999999999
7277,NC,2022,4,39102.49,33903.559,7277,NC,39873.02,37206.0,470899,1.9705394720387344,770.5299999999988
7277,NC,2023,1,3006.3199999999997,2471.551,7277,NC,3441.0,889.0,42885,14.458873306900141,434.6800000000003
7277,NC,2023,2,2395.96,2130.983,7277,NC,2636.0,489.0,33055,10.018531194176862,240.03999999999996
7277,NC,2023,3,22101.309999999998,13376.864,7277,NC,3476.0,1345.01,221854,-84.27242548066155,-18625.309999999998
7277,NC,2023,4,3535.09,3521.273,7277,NC,3983.0,1427.0,48667,12.670398773439992,447.90999999999985
7277,NC,2024,1,974.16,747.874,7277,NC,1113.0,-1558.0,14108,14.252278886425232,138.84000000000003
7277,NC,2024,2,74.78,77.017,7277,NC,101.0,-2031.0,1609,35.06285102968708,26.22
7277,NC,2024,3,35215.85,22917.018999999997,7277,NC,8083.0,5888.0,428516,-77.04726706866369,-27132.85
7277,NC,2024,4,94453.5,53679.774,7277,NC,3341.0,1544.0,814020,-96.46280974236,-91112.5
7277,NC,2025,1,184088.4,101985.80199999998,7277,NC,191090.0,186883.0,1681421,3.803390110403483,7001.600000000006
7277,NC,2025,2,156619.82,93222.881,7277,NC,154475.0,149252.0,1451849,-1.3694435353073493,-2144.820000000007
7277,NC,2025,3,473313.60000000003,265773.763,7277,NC,463042.01,459723.0,4418619,-2.170144698990273,-10271.590000000026
7277,NC,2025,4,168662.03000000003,94604.36600000001,7277,NC,166191.0,162040.0,1522392,-1.4650778245702532,-2471.030000000028
7805,NC,2020,1,1866741.75,991763.69,7805,NC,2201076.0,2164855.0100000002,16697652,17.910042993359955,334334.25
7805,NC,2020,2,1603017.0,766873.5989999999,7805,NC,1744057.0,1709015.0,13160661,8.798409499088281,141040.0
7805,NC,2020,3,2235651.24,1145849.298,7805,NC,2582489.0,2536454.01,19486727,15.513947515355738,346837.7599999998
7805,NC,2020,4,1967153.6600000001,978772.202,7805,NC,2208898.0,2170747.0,16664573,12.289042026335647,241744.33999999985
7805,NC,2021,1,1896321.77,961337.189,7805,NC,2190202.0,2150628.0,16231931,15.497382071398146,293880.23
7805,NC,2021,2,1691169.8599999999,884982.054,7805,NC,1992800.0,1955344.0,15188963,17.835591038738126,301630.14000000013
7805,NC,2021,3,2032511.3399999999,1034015.702,7805,NC,2311693.0,2266763.01,17826810,13.735798394118683,279181.66000000015
7805,NC,2021,4,1771047.56,895487.538,7805,NC,1925556.02,1893784.01,15427160,8.724128221604618,154508.45999999996
7805,NC,2022,1,2312942.51,1176985.037,7805,NC,2661083.0,2618618.02,20190846,15.051843636182738,348140.4900000002
7805,NC,2022,2,2162252.7800000003,1124673.396,7805,NC,2435256.0,2395410.01,19504646,12.625869765328721,273003.21999999974
7805,NC,2022,3,2414462.03,1274553.627,7805,NC,2772117.02,2727099.0100000002,21973458,14.813030213608297,357654.9900000002
7805,NC,2022,4,2059221.36,996554.544,7805,NC,2219539.01,2179284.01,17093341,7.78535290640146,160317.64999999967
7805,NC,2023,1,1892653.71,969956.628,7805,NC,2177991.0,2141861.0,16726696,15.07604315001713,285337.29000000004
7805,NC,2023,2,1737212.4100000001,811408.592,7805,NC,1867966.0,1834393.0,14106124,7.526632278663024,130753.58999999985
7805,NC,2023,3,2340021.56,1182604.9070000001,7805,NC,2699580.0,2660592.0,20570884,15.365603725463108,359558.43999999994
7805,NC,2023,4,1757298.7,869012.265,7805,NC,1995708.0,1960771.01,15148217,13.566805688753997,238409.30000000005
7805,NC,2024,1,1429387.67,777798.7919999999,7805,NC,1685804.0,1661033.0,13190889,17.938893372432695,256416.33000000007
7805,NC,2024,2,2056547.47,1048881.845,7805,NC,2404363.0,2361090.02,18092152,16.912594290857776,347815.53
7805,NC,2024,3,2561146.58,1333988.1,7805,NC,2870291.0100000002,2824692.01,22710191,12.070548105840945,309144.43000000017
7805,NC,2024,4,2296836.49,1154564.8939999999,7805,NC,2621105.0,2577514.0,19546704,14.118049387137685,324268.5099999998
7805,NC,2025,1,2359216.13,1226942.034,7805,NC,2637578.02,2597445.0,20896060,11.798914328379068,278361.89000000013
7805,NC,2025,2,2173081.24,1127869.764,7805,NC,2449108.0,2408885.0,19692237,12.702091156058195,276026.7599999998
7805,NC,2025,3,2264938.96,1156305.094,7805,NC,2536139.0,2493544.0,19896166,11.973834385364631,271200.04000000004
7805,NC,2025,4,2239600.45,1111023.869,7805,NC,2390284.01,2353262.0,19108803,6.728144745639766,150683.5599999996
7826,NC,2020,1,760984.1699999999,469189.38800000004,7826,NC,1150930.0,1135321.0,7767901,51.24230507974957,389945.8300000001
7826,NC,2020,2,725124.6799999999,456506.19999999995,7826,NC,1071387.0,1055843.0,7586673,47.75210795473133,346262.32000000007
7826,NC,2020,3,872970.95,553058.22,7826,NC,1245140.0,1228186.0,9177104,42.63246675046862,372169.05000000005
7826,NC,2020,4,650687.86,404047.837,7826,NC,956780.0,942782.0,6690347,47.04131716857297,306092.14
7826,NC,2021,1,619134.31,384023.525,7826,NC,935660.0,921069.0,6358390,51.123913646459016,316525.68999999994
7826,NC,2021,2,723857.5900000001,455207.18,7826,NC,1048142.0,1032227.0,7567386,44.799476372141086,324284.4099999999
7826,NC,2021,3,884453.7,560546.047,7826,NC,1244429.0,1227156.0,9288687,40.70029895290167,359975.30000000005
7826,NC,2021,4,857073.56,531130.459,7826,NC,1219617.0,1202407.0,8791810,42.30015449315692,362543.43999999994
7826,NC,2022,1,686418.02,424364.94200000004,7826,NC,1005216.0,990983.0,6966223,46.44370787351998,318797.98
7826,NC,2022,2,715484.99,451928.769,7826,NC,948225.0,936743.0,7501591,32.52898568843492,232740.01
7826,NC,2022,3,1030707.13,648935.289,7826,NC,1419486.0,1401386.0,10660282,37.71962555454525,388778.87
7826,NC,2022,4,791415.04,491706.42000000004,7826,NC,1162268.0,1145542.0,8046172,46.85947843498147,370852.95999999996
7826,NC,2023,1,761388.38,469239.902,7826,NC,1141493.0,1124984.0,7757978,49.92256645681932,380104.62
7826,NC,2023,2,671145.42,417177.674,7826,NC,981511.0,962379.0,6905208,46.24416270321861,310365.57999999996
7826,NC,2023,3,859469.59,540372.49,7826,NC,1241464.0,1224387.0,8913720,44.445366589410106,381994.41000000003
7826,NC,2023,4,675896.3599999999,418939.784,7826,NC,1022274.0,1006887.01,6973376,51.247152743950295,346377.64000000013
7826,NC,2024,1,1125882.74,471651.21400000004,7826,NC,1124043.0,1107095.0,7772973,-0.16340422804598556,-1839.7399999999907
7826,NC,2024,2,896377.57,389056.60699999996,7826,NC,895081.0,880863.0,6459276,-0.14464552030233743,-1296.5699999999488
7826,NC,2024,3,1271245.0,566841.0700000001,7826,NC,1269454.0,1252083.0,9384269,-0.14088550987417847,-1791.0
7826,NC,2024,4,930462.3800000001,388799.157,7826,NC,929309.0,914568.0,6424137,-0.12395772519036405,-1153.380000000121
7826,NC,2025,1,1224085.77,521284.529,7826,NC,1221656.01,1204220.0,8553085,-0.19849589461366007,-2429.7600000000093
7826,NC,2025,2,1043472.87,462728.11,7826,NC,1043114.0,1028317.0,7659838,-0.03439188601041399,-358.86999999999534
7826,NC,2025,3,1372797.23,627574.677,7826,NC,1373272.0,1354914.0,10321846,0.034584131554520885,474.7700000000186
7826,NC,2025,4,1136153.76,481147.122,7826,NC,1135532.0,1118601.01,7896929,-0.05472498722356112,-621.7600000000093
8042,NC,2020,1,1229702.01,1057362.1579999998,8042,NC,1226905.01,1132387.0,10984359,-0.22745347874970132,-2797.0
8042,NC,2020,2,1262440.7,1130614.351,8042,NC,1258626.0,1161064.01,11660119,-0.3021686483967091,-3814.6999999999534
8042,NC,2020,3,2954793.3,2450766.765,8042,NC,2948978.0,2783185.01,26863070,-0.1968090289090548,-5815.299999999814
8042,NC,2020,4,303321.13,207460.671,8042,NC,303429.02,264296.0,2874914,0.03556956285901149,107.89000000001397
8042,NC,2021,1,2491801.19,2177470.19,8042,NC,2486714.0,2327683.0100000002,21329570,-0.20415713823460946,-5087.189999999944
8042,NC,2021,2,2611881.58,2179302.512,8042,NC,2606277.0,2437541.0100000002,23212582,-0.21458017250537345,-5604.5800000000745
8042,NC,2021,3,3124111.4,2346505.461,8042,NC,3092065.01,2902235.0,29867292,-1.02577616150308,-32046.39000000013
8042,NC,2021,4,1456179.82,907488.645,8042,NC,1446512.0,1342557.0,14157299,-0.6639166308457746,-9667.820000000065
8042,NC,2022,1,2319998.58,1578896.253,8042,NC,2315641.0,2177377.0,21702511,-0.18782683910091336,-4357.5800000000745
8042,NC,2022,2,2455827.81,1624119.797,8042,NC,2449865.0,2293310.0,22690673,-0.2428024463164645,-5962.810000000056
8042,NC,2022,3,2373937.36,1581728.941,8042,NC,2368724.0,2217436.0,22185768,-0.2196081534350119,-5213.35999999987
8042,NC,2022,4,2713228.96,1705086.074,8042,NC,2706867.0,2555963.0,24732521,-0.23447928994536324,-6361.959999999963
8042,NC,2023,1,2342882.04,1464115.0359999998,8042,NC,2335098.01,2201341.0,21857043,-0.3322416522515261,-7784.030000000261
8042,NC,2023,2,2175069.0,1334524.2650000001,8042,NC,2145583.0,2014473.0,20758510,-1.3556351545629126,-29486.0
8042,NC,2023,3,2772872.5700000003,1983447.648,8042,NC,2767001.01,2602410.0,26297841,-0.21175008413749502,-5871.5600000005215
8042,NC,2023,4,1787809.05,1336890.511,8042,NC,1783692.01,1669717.0,16687715,-0.23028410109010453,-4117.040000000037
8042,NC,2024,1,2368014.9299999997,1641299.459,8042,NC,2363209.0,2223268.01,21827085,-0.20295184540917158,-4805.929999999702
8042,NC,2024,2,1931809.62,1321173.96,8042,NC,1926135.01,1804353.0,18155905,-0.29374581952853623,-5674.610000000102
8042,NC,2024,3,3421453.86,2219281.125,8042,NC,3412596.0,3237479.0,31522308,-0.25889169816248436,-8857.85999999987
8042,NC,2024,4,2438547.31,1530142.609,8042,NC,2434470.0,2298706.0,22953503,-0.16720241527731755,-4077.310000000056
8042,NC,2025,1,2113477.7399999998,1452576.991,8042,NC,2107840.0,1993584.0,18185674,-0.26675180406677756,-5637.739999999758
8042,NC,2025,2,1848657.0,1116093.769,8042,NC,1841391.02,1732747.0,17182614,-0.39304100219781074,-7265.979999999981
8042,NC,2025,3,2152313.6999999997,1316401.409,8042,NC,2145164.0,2005593.01,19968784,-0.3321867067983501,-7149.699999999721
8042,NC,2025,4,2130047.96,1387063.7,8042,NC,2124774.0,1995953.0,18652017,-0.24759818084095922,-5273.959999999963
2362,NH,2020,2,99.0,0.0,2362,NH,66.91,65.57,1074,-32.41414141414142,-32.09
2362,NH,2020,3,308.0,0.0,2362,NH,68.42,67.03999999999999,1103,-77.78571428571428,-239.57999999999998
2362,NH,2021,2,78.0,0.0,2362,NH,18.92,18.54,299,-75.74358974358975,-59.08
2362,NH,2021,3,58.0,0.0,2362,NH,26.34,25.810000000000002,415,-54.58620689655172,-31.66
2362,NH,2022,2,66.0,0.0,2362,NH,13.870000000000001,13.870000000000001,226,-78.98484848484848,-52.129999999999995
2362,NH,2022,3,184.0,0.0,2362,NH,12.21,12.21,197,-93.3641304347826,-171.79
2362,NH,2023,2,0.0,0.0,2362,NH,45.44,45.44,689,,45.44
2362,NH,2023,3,188.0,0.0,2362,NH,51.9,51.9,788,-72.3936170212766,-136.1
2362,NH,2024,2,44.0,0.0,2362,NH,67.22,67.22,1085,52.77272727272727,23.22
2362,NH,2024,3,315.0,0.0,2362,NH,86.52,86.52,1398,-72.53333333333333,-228.48000000000002
2364,NH,2020,1,54286.27,55948.616,2364,NH,52245.0,48671.01,569675,-3.7601957179964605,-2041.2699999999968
2364,NH,2020,2,7490.36,7574.499,2364,NH,6932.35,6474.0,72553,-7.449708692239082,-558.0099999999993
2364,NH,2020,3,369.0,104.568,2364,NH,372.44,365.0,6120,0.9322493224932242,3.4399999999999977
2364,NH,2020,4,81257.29000000001,81046.671,2364,NH,78527.27,73151.0,868486,-3.359723170684137,-2730.020000000004
2364,NH,2021,1,239819.59999999998,234315.934,2364,NH,232764.76000000004,216840.99999999997,2431066,-2.9417278654455012,-7054.839999999938
2364,NH,2021,2,23073.48,27256.365999999998,2364,NH,20542.719999999998,19146.0,319424,-10.968263131525898,-2530.760000000002
2364,NH,2021,3,39107.79,45075.275,2364,NH,36471.31,33991.0,339243,-6.741572459093197,-2636.480000000003
2364,NH,2021,4,17763.55,19349.756999999998,2364,NH,16715.56,15575.0,189603,-5.8996653259061285,-1047.989999999998
2364,NH,2022,1,273683.79,282564.41500000004,2364,NH,263713.66,245695.00999999998,3024096,-3.642937712898526,-9970.130000000005
2364,NH,2022,2,4155.72,4932.1900000000005,2364,NH,3895.74,3633.0,55846,-6.2559556466749555,-259.9800000000005
2364,NH,2022,3,33774.24,41477.737,2364,NH,31334.980000000003,29199.0,412742,-7.222249856695502,-2439.2599999999948
2364,NH,2022,4,34447.39,34482.938,2364,NH,32460.200000000004,30313.0,419611,-5.76876796761669,-1987.189999999995
2364,NH,2023,1,113135.76,112293.645,2364,NH,108252.33,100857.01,1129574,-4.316433636897823,-4883.429999999993
2364,NH,2023,2,148.0,451.454,2364,NH,188.78,185.0,2964,27.554054054054056,40.78
2364,NH,2023,3,14385.880000000001,13229.32,2364,NH,13490.74,12591.0,150967,-6.222351361195847,-895.1400000000012
2364,NH,2023,4,53194.78,60006.201,2364,NH,51630.520000000004,48104.0,577370,-2.9406268810586207,-1564.2599999999948
2364,NH,2024,1,37915.87,42242.016,2364,NH,38060.479999999996,35453.0,409607,0.38139702451768426,144.6099999999933
2364,NH,2024,2,175.0,0.0,2364,NH,178.57,175.0,2907,2.039999999999996,3.569999999999993
2364,NH,2024,3,72144.61,97160.609,2364,NH,71867.65,66979.01,760627,-0.3838956229717042,-276.9600000000064
2364,NH,2024,4,130869.59,210798.557,2364,NH,132185.69,123137.0,1449317,1.0056576168688278,1316.1000000000058
2364,NH,2025,1,135347.56,246071.565,2364,NH,135733.88,126438.0,1488293,0.2854281229746639,386.320000000007
2364,NH,2025,2,22999.9,47909.07,2364,NH,22597.88,21072.01,242602,-1.7479206431332328,-402.02000000000044
2364,NH,2025,3,101756.6,154905.85,2364,NH,99741.57,92925.01000000001,999280,-1.9802450160480978,-2015.0299999999988
2364,NH,2025,4,0.0,0.0,2364,NH,147.96,145.0,2736,,147.96
2367,NH,2020,1,17598.510000000002,36153.878,2367,NH,16096.989999999998,15459.01,290015,-8.532085955004169,-1501.520000000004
2367,NH,2020,2,8598.34,14790.066,2367,NH,7896.65,7586.01,140768,-8.16076126322058,-701.6900000000005
2367,NH,2020,3,282.0,0.0,2367,NH,283.68,278.0,4104,0.5957446808510662,1.6800000000000068
2367,NH,2020,4,0.0,0.0,2367,NH,45.92,45.0,764,,45.92
2367,NH,2021,1,0.0,0.0,2367,NH,117.0,117.0,1567,,117.0
2367,NH,2021,2,113.0,0.0,2367,NH,152.0,152.0,2394,34.51327433628318,39.0
2367,NH,2021,3,169.0,0.0,2367,NH,166.0,166.0,2776,-1.7751479289940828,-3.0
2367,NH,2021,4,0.0,0.0,2367,NH,77.0,77.0,1260,,77.0
2367,NH,2022,1,0.0,0.0,2367,NH,353.06,346.0,4942,,353.06
2367,NH,2022,2,48.0,0.0,2367,NH,47.96,47.0,661,-0.08333333333333157,-0.03999999999999915
2367,NH,2022,3,66.0,0.0,2367,NH,67.35,66.0,1044,2.045454545454537,1.3499999999999943
2367,NH,2022,4,0.0,0.0,2367,NH,545.92,535.0,7843,,545.92
2367,NH,2023,1,0.0,0.0,2367,NH,132.66,130.0,1875,,132.66
2367,NH,2023,2,33.0,0.0,2367,NH,57.14,56.0,924,73.15151515151516,24.14
2367,NH,2023,3,139.0,0.0,2367,NH,140.82,138.0,2200,1.3093525179856065,1.8199999999999932
2367,NH,2023,4,0.0,0.0,2367,NH,278.57,273.0,4480,,278.57
2367,NH,2024,1,0.0,0.0,2367,NH,3.06,3.0,68,,3.06
2367,NH,2024,2,53.0,0.0,2367,NH,53.06,52.0,866,0.11320754716981563,0.060000000000002274
2367,NH,2024,3,384.0,0.0,2367,NH,385.71999999999997,378.0,6236,0.44791666666665897,1.7199999999999704
2367,NH,2024,4,0.0,0.0,2367,NH,67.35,66.0,1020,,67.35
2367,NH,2025,1,0.0,0.0,2367,NH,40.82,40.0,685,,40.82
2367,NH,2025,2,206.0,0.0,2367,NH,281.64,276.0,4395,36.71844660194174,75.63999999999999
2367,NH,2025,3,212.0,0.0,2367,NH,212.25,208.0,3409,0.1179245283018868,0.25
2367,NH,2025,4,0.0,0.0,2367,NH,176.53,173.0,2872,,176.53
2369,NH,2020,2,157.0,0.0,2369,NH,93.68,91.78999999999999,1499,-40.3312101910828,-63.31999999999999
2369,NH,2020,3,315.0,0.0,2369,NH,95.78999999999999,93.87,1531,-69.5904761904762,-219.21
2369,NH,2021,2,186.0,0.0,2369,NH,61.980000000000004,60.75,973,-66.6774193548387,-124.02
2369,NH,2021,3,207.0,0.0,2369,NH,86.32,84.59,1345,-58.29951690821257,-120.68
2369,NH,2022,2,61.0,0.0,2369,NH,69.57000000000001,69.57000000000001,1036,14.049180327868866,8.570000000000007
2369,NH,2022,3,204.0,0.0,2369,NH,61.26,61.26,909,-69.97058823529412,-142.74
2369,NH,2023,2,44.0,0.0,2369,NH,58.599999999999994,58.599999999999994,886,33.181818181818166,14.599999999999994
2369,NH,2023,3,195.0,0.0,2369,NH,66.94,66.94,1012,-65.67179487179487,-128.06
2369,NH,2024,2,109.0,0.0,2369,NH,77.10000000000001,77.10000000000001,1282,-29.266055045871553,-31.89999999999999
2369,NH,2024,3,371.0,0.0,2369,NH,99.24,99.24,1659,-73.25067385444743,-271.76
55170,NH,2020,1,414105.13,259744.939,55170,NH,621790.0,599004.0,4454115,50.152691902174695,207684.87
55170,NH,2020,2,497776.17000000004,316853.822,55170,NH,761229.0,740096.0,5522253,52.92596268720536,263452.82999999996
55170,NH,2020,3,757038.6799999999,486456.757,55170,NH,1180059.0,1151065.0,8481228,55.878296733794386,423020.32000000007
55170,NH,2020,4,441885.03,277970.41599999997,55170,NH,666092.0,646457.0,4836962,50.73875663993414,224206.96999999997
55170,NH,2021,1,406403.1,253103.789,55170,NH,604104.0,585965.0,4378303,48.646503926766314,197700.90000000002
55170,NH,2021,2,605852.37,383050.51,55170,NH,922186.0,899357.0,6647742,52.21298878471005,316333.63
55170,NH,2021,3,717363.6699999999,454264.603,55170,NH,1094528.0,1069276.0,7939586,52.57644703418004,377164.3300000001
55170,NH,2021,4,438074.03,276708.857,55170,NH,658586.0,638610.0,4801353,50.33669080999847,220511.96999999997
55170,NH,2022,1,428861.81000000006,270968.37,55170,NH,641654.0,620895.0,4912019,49.61789206644441,212792.18999999994
55170,NH,2022,2,684255.6799999999,427129.088,55170,NH,1034501.0,1012146.0,7224544,51.186322633083606,350245.32000000007
55170,NH,2022,3,747369.03,475850.16099999996,55170,NH,1152562.0,1129293.0,8118713,54.21591660012992,405192.97
55170,NH,2022,4,454753.36,287189.853,55170,NH,689186.0,671438.0,4913541,51.5516015098822,234432.64
55170,NH,2023,1,394414.06000000006,250244.002,55170,NH,588102.0,565964.0,4453767,49.107767608487364,193687.93999999994
55170,NH,2023,2,670634.5,421783.306,55170,NH,1014140.0,995321.0,7535614,51.22097058830107,343505.5
55170,NH,2023,3,739635.22,467948.179,55170,NH,1121595.0,1107041.0,8241099,51.64164302505768,381959.78
55170,NH,2023,4,461749.37,291105.961,55170,NH,696130.0,676882.0,5141803,50.759274452285666,234380.63
55170,NH,2024,1,538571.28,333106.574,55170,NH,802279.0,775839.0,5871001,48.96431165063239,263707.72
55170,NH,2024,2,606039.77,376048.466,55170,NH,914339.0,890487.0,6600239,50.871121873734445,308299.23
55170,NH,2024,3,605112.44,375831.027,55170,NH,922599.0,899381.0,6596912,52.467366230315825,317486.56000000006
55170,NH,2024,4,393322.56,240214.982,55170,NH,588121.0,571983.0,4224057,49.52638363789761,194798.44
55170,NH,2025,1,327594.71,199035.47999999998,55170,NH,477979.0,463068.0,3491544,45.905591698962404,150384.28999999998
55170,NH,2025,2,586583.65,361321.685,55170,NH,860559.0,835768.0,6348859,46.70695304923688,273975.35
55170,NH,2025,3,775730.71,480546.309,55170,NH,1154630.0,1125254.0,8441592,48.84417815558702,378899.29000000004
55170,NH,2025,4,689458.6599999999,417487.247,55170,NH,999650.0,974346.0,7332887,44.99056404629106,310191.3400000001
55661,NH,2020,1,63245.100000000006,27649.396999999997,55661,NH,63170.0,61605.0,468335,-0.1187443770347518,-75.10000000000582
55661,NH,2020,2,53467.94,23296.767,55661,NH,53571.009999999995,52248.01,394677,0.19276972331455527,103.06999999999243
55661,NH,2020,3,324945.56999999995,139317.53999999998,55661,NH,324620.0,316768.0,2356383,-0.1001921644907942,-325.5699999999488
55661,NH,2020,4,43615.130000000005,23936.262000000002,55661,NH,44235.0,42936.01,337068,1.4212269916425684,619.8699999999953
55661,NH,2021,1,142737.86,64684.513999999996,55661,NH,142722.0,139433.0,1035194,-0.011111277694639692,-15.85999999998603
55661,NH,2021,2,106599.82999999999,46130.474,55661,NH,106528.0,103999.0,775099,-0.067382846670569,-71.8299999999872
55661,NH,2021,3,642181.05,275490.08400000003,55661,NH,642109.0,627762.0,4602761,-0.011219577407344325,-72.05000000004657
55661,NH,2021,4,365256.75,161319.523,55661,NH,366272.0,357760.0,2646311,0.27795516441516827,1015.25
55661,NH,2022,1,309443.6,183468.198,55661,NH,309192.0,300907.0,2310835,-0.08130722367500143,-251.59999999997672
55661,NH,2022,2,463966.27,198389.087,55661,NH,463685.0,452554.01,3354769,-0.060622941404774665,-281.2700000000186
55661,NH,2022,3,516286.58,224687.145,55661,NH,522641.01,510251.04,3795632,1.230795113829996,6354.429999999993
55661,NH,2022,4,55068.17,33630.332,55661,NH,58369.0,56736.01,444116,5.994079701577157,3300.8300000000017
55661,NH,2023,1,46199.58,22948.563000000002,55661,NH,46200.0,44909.0,350138,0.0009090991736250715,0.41999999999825377
55661,NH,2023,2,271196.64,118779.94200000001,55661,NH,271752.0,264993.0,1991677,0.20478129817537047,555.359999999986
55661,NH,2023,3,401013.78,174633.76799999998,55661,NH,401215.0,391150.02,2922245,0.05017782680684241,201.21999999997206
55661,NH,2023,4,135355.78,59159.770000000004,55661,NH,134842.01,131512.0,1001855,-0.37957004865251376,-513.7699999999895
55661,NH,2024,1,16341.95,7342.567999999999,55661,NH,16303.01,15856.0,123815,-0.23828245711191445,-38.94000000000051
55661,NH,2024,2,277314.66000000003,119081.197,55661,NH,277008.01,270569.0,2006136,-0.11057835889383678,-306.6500000000233
55661,NH,2024,3,571861.66,246989.37300000002,55661,NH,575736.0,561122.0,4169061,0.6774960223771544,3874.3399999999674
55661,NH,2024,4,383690.08,168413.035,55661,NH,383461.0,374626.0,2761530,-0.05970443645559361,-229.0800000000163
55661,NH,2025,1,384265.20999999996,171287.866,55661,NH,383937.0,374521.0,2755212,-0.0854123640284695,-328.20999999996275
55661,NH,2025,2,422070.33,179499.191,55661,NH,420937.0,410471.02,3046982,-0.26851686068528346,-1133.3300000000163
55661,NH,2025,3,584471.24,248469.932,55661,NH,584339.01,570740.01,4222754,-0.022623867685941462,-132.22999999998137
55661,NH,2025,4,579558.76,254325.82400000002,55661,NH,572212.0,557837.02,4109716,-1.267647132104432,-7346.760000000009
58054,NH,2020,1,147626.26,280676.916,58054,NH,148042.0,127193.0,1803603,0.28161656334041835,415.7399999999907
58054,NH,2020,2,146825.75,278083.245,58054,NH,147719.0,132470.0,1772753,0.6083742122890569,893.25
58054,NH,2020,3,147988.0,287958.993,58054,NH,148404.0,132829.0,1742407,0.2811038732870233,416.0
58054,NH,2020,4,137319.08,248977.122,58054,NH,136446.0,122241.0,1612458,-0.6358038518754913,-873.0799999999872
58054,NH,2021,1,160092.18,291897.939,58054,NH,158861.0,142276.0,1912156,-0.7690444342752988,-1231.179999999993
58054,NH,2021,2,149322.6,277112.592,58054,NH,148194.0,133078.0,1772299,-0.7558132526489666,-1128.6000000000058
58054,NH,2021,3,166648.0,311872.55,58054,NH,165344.0,148629.0,1992541,-0.782487638615525,-1304.0
58054,NH,2021,4,131851.16,202455.128,58054,NH,130755.0,116653.0,1592707,-0.8313616656842484,-1096.1600000000035
58054,NH,2022,1,148690.0,231650.925,58054,NH,147395.0,131295.0,1923662,-0.8709395386374336,-1295.0
58054,NH,2022,2,148027.02,219098.835,58054,NH,146902.0,132083.0,1780666,-0.7600098954906945,-1125.0199999999895
58054,NH,2022,3,161422.78,224153.754,58054,NH,160160.0,144331.0,1909936,-0.7822811625471937,-1262.7799999999988
58054,NH,2022,4,148931.06,210330.94,58054,NH,147768.0,132872.0,1789909,-0.7809385094015967,-1163.0599999999977
58054,NH,2023,1,163794.0,235013.6,58054,NH,162467.0,145625.0,2004498,-0.810163986470811,-1327.0
58054,NH,2023,2,134054.6,195809.804,58054,NH,132861.0,118843.0,1692788,-0.8903834706157087,-1193.6000000000058
58054,NH,2023,3,149537.7,234594.465,58054,NH,148205.0,132665.0,1874445,-0.8912133863233229,-1332.7000000000116
58054,NH,2023,4,113566.63,178586.443,58054,NH,112463.0,99056.0,1470795,-0.9717907452215537,-1103.6300000000047
58054,NH,2024,1,120513.0,192979.9,58054,NH,119219.0,101390.0,1562175,-1.0737430816592402,-1294.0
58054,NH,2024,2,70352.6,106217.794,58054,NH,69587.0,61783.009999999995,873498,-1.0882327021318412,-765.6000000000058
58054,NH,2024,3,120135.35,173204.67,58054,NH,118631.0,105203.0,1474434,-1.2522126085286351,-1504.3500000000058
58054,NH,2024,4,93380.66,134675.794,58054,NH,92505.01000000001,80216.0,1104655,-0.9377209370762578,-875.6499999999942
8002,NH,2020,1,0.0,2.288,8002,NH,0.0,0.0,0,,0.0
8002,NH,2020,2,3450.9,3320.09,8002,NH,3377.07,3243.0,51827,-2.1394418847257213,-73.82999999999993
8002,NH,2020,3,14424.89,11695.77,8002,NH,13835.27,13286.0,200688,-4.087518171715687,-589.619999999999
8002,NH,2020,4,0.0,68.108,8002,NH,0.0,0.0,0,,0.0
8002,NH,2021,1,8986.37,9254.552,8002,NH,8769.14,8421.01,106139,-2.417327574983017,-217.23000000000138
8002,NH,2021,2,15772.06,12995.469,8002,NH,15332.71,14724.0,210107,-2.7856221698370436,-439.35000000000036
8002,NH,2021,3,24233.91,17597.992,8002,NH,23633.250000000004,22695.0,302939,-2.4785930128485094,-600.6599999999962
8002,NH,2021,4,13711.58,10759.071,8002,NH,13211.5,12687.0,177908,-3.64713621624933,-500.0799999999999
8002,NH,2022,1,41600.89,39243.842,8002,NH,40653.96000000001,39040.01,478362,-2.276225340371307,-946.929999999993
8002,NH,2022,2,5422.57,4991.967,8002,NH,5218.16,5011.0,61897,-3.769614776757144,-204.40999999999985
8002,NH,2022,3,40788.01,33804.488,8002,NH,39637.62,38064.0,485881,-2.8204121750484994,-1150.3899999999994
8002,NH,2022,4,58408.95,56024.611,8002,NH,57740.29,55448.0,618846,-1.144790310389069,-668.6599999999962
8002,NH,2023,1,29219.68,27754.042,8002,NH,28827.45,27683.01,298660,-1.3423487183980096,-392.22999999999956
8002,NH,2023,2,0.0,116.282,8002,NH,0.0,0.0,269,,0.0
8002,NH,2023,3,24665.19,22159.504,8002,NH,24050.82,23096.0,311162,-2.4908383028875876,-614.369999999999
8002,NH,2023,4,1203.38,1408.943,8002,NH,1139.23,1094.0,19751,-5.330818195416252,-64.15000000000009
8002,NH,2024,1,0.0,298.534,8002,NH,0.0,0.0,0,,0.0
8002,NH,2024,2,9820.67,8844.728,8002,NH,9607.42,9226.0,130310,-2.1714404414362765,-213.25
8002,NH,2024,3,31523.27,26714.87,8002,NH,30717.5,29498.0,389442,-2.5561117231810035,-805.7700000000004
8002,NH,2024,4,20433.2,17253.408,8002,NH,19845.890000000003,19058.0,256417,-2.874292817571392,-587.3099999999977
8002,NH,2025,1,37266.49,35741.423,8002,NH,36382.39,34938.0,418461,-2.3723726060597565,-884.0999999999985
8002,NH,2025,2,13168.96,11501.246,8002,NH,12818.91,12310.000000000002,167691,-2.6581446067115344,-350.0499999999993
8002,NH,2025,3,30867.11,26304.479,8002,NH,30083.3,28889.0,382083,-2.5393047810436458,-783.8100000000013
8002,NH,2025,4,59860.91,57335.077,8002,NH,58252.64,55940.009999999995,703870,-2.686678167772598,-1608.270000000004
10043,NJ,2020,1,0.0,164395.043,10043,NJ,139788.01,115361.01,1402813,,139788.01
10043,NJ,2020,2,0.0,153392.404,10043,NJ,128067.01000000001,105999.01,1285190,,128067.01000000001
10043,NJ,2020,3,0.0,161381.593,10043,NJ,148723.0,123777.0,1492478,,148723.0
10043,NJ,2020,4,0.0,133528.049,10043,NJ,118597.01000000001,98065.0,1190156,,118597.01000000001
10043,NJ,2021,1,0.0,178054.357,10043,NJ,161146.0,136247.0,1617148,,161146.0
10043,NJ,2021,2,0.0,164209.034,10043,NJ,146859.02,121872.01,1473774,,146859.02
10043,NJ,2021,3,0.0,244459.161,10043,NJ,210342.0,186230.43,2096116,,210342.0
10043,NJ,2021,4,0.0,151643.303,10043,NJ,141909.0,121131.0,1422420,,141909.0
10043,NJ,2022,1,0.0,245248.611,10043,NJ,210487.0,182815.01,2078460,,210487.0
10043,NJ,2022,2,0.0,17921.884,10043,NJ,15621.0,13089.0,156761,,15621.0
10043,NJ,2022,3,0.0,0.0,10043,NJ,0.0,0.0,0,,0.0
10099,NJ,2020,1,0.0,0.0,10099,NJ,0.0,0.0,0,,0.0
10099,NJ,2020,2,2797.95,1438.949,10099,NJ,2750.0,2503.0,22375,-1.7137547132722106,-47.94999999999982
10099,NJ,2020,3,38022.66,19264.625,10099,NJ,37456.0,33085.0,337298,-1.4903218238808211,-566.6600000000035
10099,NJ,2020,4,22763.15,11298.198,10099,NJ,22527.0,20260.0,197668,-1.0374223251175758,-236.15000000000146
10099,NJ,2021,1,3109.58,1706.249,10099,NJ,2978.0,2633.0,20617,-4.231439615639409,-131.57999999999993
10099,NJ,2021,2,17379.72,8742.541,10099,NJ,16999.0,15146.0,153925,-2.1905991580992166,-380.72000000000116
10099,NJ,2021,3,18907.01,9575.185,10099,NJ,18315.0,16054.0,168507,-3.1311666942578356,-592.0099999999984
10099,NJ,2021,4,10344.0,5010.386,10099,NJ,10212.0,9082.0,88004,-1.2761020881670533,-132.0
10099,NJ,2022,1,6298.08,3129.666,10099,NJ,6141.0,5489.0,54726,-2.4940934380001516,-157.07999999999993
10099,NJ,2022,2,9016.31,4486.461,10099,NJ,8866.0,7947.0,77343,-1.6670899736144777,-150.3099999999995
10099,NJ,2022,3,0.0,0.0,10099,NJ,0.0,0.0,0,,0.0
10099,NJ,2022,4,0.0,0.0,10099,NJ,0.0,0.0,0,,0.0
10308,NJ,2020,1,24102.7,12134.798999999999,10308,NJ,24210.0,23870.0,198346,0.4451783410157338,107.29999999999927
10308,NJ,2020,2,18840.91,10089.379,10308,NJ,18900.0,18582.0,164288,0.313626040355801,59.090000000000146
10308,NJ,2020,3,134089.47,68590.152,10308,NJ,134600.0,134104.0,1110654,0.3807383234492603,510.52999999999884
10308,NJ,2020,4,169774.82,82762.872,10308,NJ,170110.0,169564.0,1348315,0.19742621432317997,335.179999999993
10308,NJ,2021,1,17165.11,9019.975999999999,10308,NJ,18884.0,18016.0,163028,10.013859509202092,1718.8899999999994
10308,NJ,2021,2,197623.02,97439.75,10308,NJ,217387.0,207506.0,1656144,10.000849091365982,19763.98000000001
10308,NJ,2021,3,270822.85,133234.686,10308,NJ,297908.0,284368.0,2245142,10.001057887102224,27085.150000000023
10308,NJ,2021,4,219338.95,105477.99799999999,10308,NJ,241275.0,229974.0,1756232,10.000982497636643,21936.04999999999
10308,NJ,2022,1,36312.69,18591.127,10308,NJ,34792.0,30908.0,307102,-4.187764662986967,-1520.6900000000023
10308,NJ,2022,2,175455.41,85569.14,10308,NJ,175101.0,169917.0,1395422,-0.2019943414682987,-354.4100000000035
10308,NJ,2022,3,275272.43,136328.206,10308,NJ,274083.0,266933.0,2250874,-0.43209194614949015,-1189.429999999993
10308,NJ,2022,4,207966.52000000002,100812.754,10308,NJ,207786.0,201320.0,1638276,-0.08680243339169141,-180.52000000001863
10308,NJ,2023,1,252703.9,122618.70000000001,10308,NJ,241672.0,234838.0,2162892,-4.365544022074845,-11031.899999999994
10308,NJ,2023,2,291687.54000000004,140531.021,10308,NJ,284716.0,277450.0,2347995,-2.390071238558917,-6971.540000000037
10308,NJ,2023,3,291896.14,143721.579,10308,NJ,282970.0,275676.0,2430433,-3.05798493943771,-8926.140000000014
10308,NJ,2023,4,156161.63,76951.285,10308,NJ,155981.0,150229.0,1329232,-0.11566861846921336,-180.63000000000466
10308,NJ,2024,1,34170.72,16984.648,10308,NJ,34067.0,30721.0,292875,-0.3035347221246762,-103.72000000000116
10308,NJ,2024,2,170763.03,84011.062,10308,NJ,170503.0,164663.0,1448040,-0.15227534906121007,-260.02999999999884
10308,NJ,2024,3,228066.07,111529.66399999999,10308,NJ,227893.0,221496.0,1916508,-0.07588590446619568,-173.07000000000698
10308,NJ,2024,4,123376.15,60801.129,10308,NJ,123219.0,117948.0,1052576,-0.12737469924292028,-157.14999999999418
10566,NJ,2020,1,0.0,227760.40000000002,10566,NJ,151548.01,122218.01000000001,1261174,,151548.01
10566,NJ,2020,2,0.0,207458.711,10566,NJ,149139.0,117329.0,1241127,,149139.0
10566,NJ,2020,3,0.0,222667.171,10566,NJ,163533.01,131432.01,1360914,,163533.01
10566,NJ,2020,4,0.0,203854.885,10566,NJ,137176.0,107622.0,1141573,,137176.0
10566,NJ,2021,1,0.0,238955.885,10566,NJ,172603.0,139393.01,1436393,,172603.0
10566,NJ,2021,2,0.0,112490.40299999999,10566,NJ,78529.0,65945.0,653515,,78529.0
10566,NJ,2021,3,0.0,275110.481,10566,NJ,222985.0,183856.0,1855670,,222985.0
10566,NJ,2021,4,0.0,130904.803,10566,NJ,101308.0,84579.0,843080,,101308.0
10566,NJ,2022,1,0.0,290424.088,10566,NJ,224135.0,191878.0,1865240,,224135.0
10566,NJ,2022,2,0.0,183243.09,10566,NJ,142874.0,116176.0,1182500,,142874.0
10566,NJ,2022,3,0.0,0.0,10566,NJ,0.0,0.0,0,,0.0
10751,NJ,2020,1,7744.84,4204.911,10751,NJ,7600.0,7460.0,67808,-1.8701483826651055,-144.84000000000015
10751,NJ,2020,2,12996.99,7321.265,10751,NJ,12800.0,12355.0,115378,-1.5156586255740736,-196.98999999999978
10751,NJ,2020,3,76407.67,43144.008,10751,NJ,75300.0,73404.0,674388,-1.4496843052536457,-1107.6699999999983
10751,NJ,2020,4,17456.65,9127.613,10751,NJ,17000.0,16720.0,148481,-2.615908550609661,-456.65000000000146
10751,NJ,2021,1,3502.29,1801.901,10751,NJ,3350.0,3214.0,34944,-4.348297827992541,-152.28999999999996
10751,NJ,2021,2,18441.77,10109.162,10751,NJ,18950.0,17504.0,162510,2.7558634556227495,508.22999999999956
10751,NJ,2021,3,42942.66,24158.076,10751,NJ,42000.0,40930.0,379161,-2.1951597781786303,-942.6600000000035
10751,NJ,2021,4,15144.97,8314.561,10751,NJ,15000.0,14670.0,133182,-0.9572154979508005,-144.96999999999935
10751,NJ,2022,1,8077.97,4063.329,10751,NJ,7891.0,7594.0,69504,-2.314566654741231,-186.97000000000025
10751,NJ,2022,2,18094.02,10117.874,10751,NJ,18002.0,17325.0,159787,-0.508565813456603,-92.02000000000044
10751,NJ,2022,3,72063.56,38714.968,10751,NJ,72277.0,69560.0,642604,0.29618298069093774,213.44000000000233
10751,NJ,2022,4,10979.91,5210.346,10751,NJ,11188.0,10767.0,98706,1.8951885762269467,208.09000000000015
10751,NJ,2023,1,1446.13,744.314,10751,NJ,1400.0,1347.0,12699,-3.1898930248318,-46.13000000000011
10751,NJ,2023,2,6919.04,4058.15,10751,NJ,6600.0,6463.0,61953,-4.611044306724632,-319.03999999999996
10751,NJ,2023,3,47492.63,27303.888,10751,NJ,47100.0,45760.0,423343,-0.8267177454691337,-392.6299999999974
10751,NJ,2023,4,23195.1,12003.011,10751,NJ,22800.0,22381.0,201864,-1.703377006350473,-395.09999999999854
10751,NJ,2024,1,4970.85,2722.087,10751,NJ,4838.0,4720.0,41632,-2.6725811480933914,-132.85000000000036
10751,NJ,2024,2,28612.7,15502.291,10751,NJ,29039.0,28091.0,249120,1.4898978425664102,426.2999999999993
10751,NJ,2024,3,49958.28,26969.309,10751,NJ,50682.0,48898.0,434713,1.4486487525191043,723.7200000000012
10751,NJ,2024,4,23166.24,12336.218,10751,NJ,23519.0,22822.0,200324,1.5227330805516923,352.7599999999984
10805,NJ,2020,1,34402.75,0.0,10805,NJ,34713.55,33672.14,275448,0.9034161513251207,310.8000000000029
10805,NJ,2020,2,32520.25,0.0,10805,NJ,32972.37,31983.23,261630,1.3902722150045053,452.1200000000026
10805,NJ,2020,3,34337.25,0.0,10805,NJ,52798.81,51214.86,418951,53.76540054896649,18461.559999999998
10805,NJ,2020,4,32817.25,0.0,10805,NJ,33409.259999999995,32406.99,265098,1.8039598077230565,592.0099999999948
10805,NJ,2021,1,31701.5,0.0,10805,NJ,35673.380000000005,34603.16,283064,12.52899705061276,3971.8800000000047
10805,NJ,2021,2,32253.5,0.0,10805,NJ,36279.24,35190.88,287873,12.48156014075991,4025.739999999998
10805,NJ,2021,3,35582.0,0.0,10805,NJ,39761.189999999995,38568.34,315501,11.745236355460612,4179.189999999995
10805,NJ,2021,4,34762.0,0.0,10805,NJ,40068.19,38866.16,317937,15.26434037167022,5306.190000000002
10805,NJ,2022,1,38566.25,0.0,10805,NJ,45577.27,44209.97,361650,18.17915923897189,7011.019999999997
10805,NJ,2022,2,32610.75,0.0,10805,NJ,39983.7,38784.2,317264,22.608955635794935,7372.949999999997
10805,NJ,2022,3,37670.0,0.0,10805,NJ,45625.93,44257.16,362036,21.12006902044067,7955.93
10805,NJ,2022,4,33726.63,0.0,10805,NJ,40590.08,39372.4,322077,20.35023955847354,6863.450000000004
10805,NJ,2023,1,26693.22,0.0,10805,NJ,32863.19,31877.29,260767,23.11437136471359,6169.970000000001
10805,NJ,2023,2,32855.47,0.0,10805,NJ,40284.53999999999,39075.990000000005,319654,22.611364256849747,7429.069999999992
10805,NJ,2023,3,34912.69,0.0,10805,NJ,43206.14,41909.95999999999,342836,23.754829547651575,8293.449999999997
10805,NJ,2023,4,34358.01,0.0,10805,NJ,41198.159999999996,39962.22,326901,19.908458027691342,6840.149999999994
10805,NJ,2024,1,35101.18,0.0,10805,NJ,41624.89,40376.14,330289,18.585443566284663,6523.709999999999
10805,NJ,2024,2,31572.95,0.0,10805,NJ,38113.5,36970.11,302427,20.715675918784907,6540.549999999999
10805,NJ,2024,3,34801.46,0.0,10805,NJ,42640.57,41361.35,338348,22.5252331367707,7839.110000000001
10805,NJ,2024,4,38231.64,0.0,10805,NJ,46208.03,44821.8,366656,20.863321583902756,7976.389999999999
2379,NJ,2020,1,56.0,200.3,2379,NJ,2056.08,2015.13,33878,3571.5714285714284,2000.08
2379,NJ,2020,2,2107.0,3276.5,2379,NJ,1936.02,1897.47,31901,-8.114855244423351,-170.98000000000002
2379,NJ,2020,3,4407.0,7136.2,2379,NJ,2995.5,2935.84,49358,-32.0285908781484,-1411.5
2379,NJ,2020,4,2366.0,3986.0,2379,NJ,1948.4,1909.5900000000001,32102,-17.650042265426876,-417.5999999999999
2379,NJ,2021,1,131.0,335.6,2379,NJ,872.94,854.87,14390,566.3664122137404,741.94
2379,NJ,2021,2,1879.0,2782.5,2379,NJ,1191.02,1166.3600000000001,19635,-36.61415646620543,-687.98
2379,NJ,2021,3,2787.0,4401.2,2379,NJ,1723.24,1687.5700000000002,28409,-38.1686401148188,-1063.76
2379,NJ,2021,4,340.0,801.4,2379,NJ,1332.8,1305.2,21972,292.0,992.8
2379,NJ,2022,1,296.0,873.4000000000001,2379,NJ,812.2,796.81,13282,174.3918918918919,516.2
2379,NJ,2022,2,1078.0,1857.5,2379,NJ,1886.3200000000002,1850.59,30863,74.98330241187385,808.3200000000002
2379,NJ,2022,3,3802.9300000000003,4248.5,2379,NJ,4343.83,4261.59,71058,14.223243656864565,540.8999999999996
2379,NJ,2022,4,2577.3599999999997,1603.1,2379,NJ,1407.6599999999999,1381.02,23026,-45.38364838439333,-1169.6999999999998
2379,NJ,2023,1,127.34,167.6,2379,NJ,171.66,167.63,2853,34.804460499450286,44.31999999999999
2379,NJ,2023,2,594.34,610.4,2379,NJ,624.8000000000001,610.09,10380,5.125012619039613,30.460000000000036
2379,NJ,2023,3,3473.9800000000005,3699.8,2379,NJ,3790.63,3701.4399999999996,62974,9.11490567015353,316.64999999999964
2379,NJ,2023,4,21.63,60.2,2379,NJ,44.910000000000004,43.86,746,107.62829403606105,23.280000000000005
2379,NJ,2024,1,1745.19,501.59999999999997,2379,NJ,1495.51,1453.25,22904,-14.306751700387926,-249.68000000000006
2379,NJ,2024,2,342.63,417.8,2379,NJ,769.5,747.74,11777,124.58628841607566,426.87
2390,NJ,2020,1,0.0,30.1,2390,NJ,289.78000000000003,-274.96,5413,,289.78000000000003
2390,NJ,2020,2,136.23000000000002,246.89999999999998,2390,NJ,260.92,-247.57,4885,91.5290317844821,124.69
2390,NJ,2020,3,797.3,1104.9,2390,NJ,329.15999999999997,-312.32,6155,-58.71566537062587,-468.14
2390,NJ,2020,4,98.16,176.2,2390,NJ,253.13,-240.16,4740,157.87489812550936,154.97
2390,NJ,2021,1,0.0,0.0,2390,NJ,0.0,0.0,0,,0.0
2390,NJ,2021,2,85.66,169.0,2390,NJ,161.34,-117.17,2777,88.34928788232548,75.68
2390,NJ,2021,3,547.29,659.6,2390,NJ,602.58,-437.66,10364,10.10250507043799,55.29000000000008
2390,NJ,2021,4,773.11,910.8,2390,NJ,734.0799999999999,-533.18,12623,-5.048440713481922,-39.030000000000086
2390,NJ,2022,1,1351.32,1655.2,2390,NJ,1266.92,470.76,21893,-6.2457449012817,-84.39999999999986
2390,NJ,2022,2,214.33,340.4,2390,NJ,349.65,129.92000000000002,6044,63.136285167731984,135.31999999999996
2390,NJ,2022,3,2311.7200000000003,3047.2999999999997,2390,NJ,2581.67,959.3100000000001,44607,11.677452286609096,269.9499999999998
2390,NJ,2022,4,750.92,970.6,2390,NJ,742.75,276.0,12840,-1.0879987215682043,-8.169999999999959
2390,NJ,2023,1,91.02,290.0,2390,NJ,173.98,-381.02,3579,91.14480333992529,82.96
2390,NJ,2023,2,431.34000000000003,565.1,2390,NJ,394.74,-864.48,8121,-8.48518570037558,-36.60000000000002
2390,NJ,2023,3,183.4,274.5,2390,NJ,184.04,-403.05,3787,0.348964013086143,0.6399999999999864
2390,NJ,2023,4,0.0,78.7,2390,NJ,47.24,-103.45,971,,47.24
2390,NJ,2024,1,4.51,127.2,2390,NJ,0.0,-2225.0099999999998,0,-100.0,-4.51
2390,NJ,2024,2,0.0,0.0,2390,NJ,0.0,0.0,0,,0.0
2390,NJ,2024,3,0.0,0.0,2390,NJ,0.0,0.0,0,,0.0
2390,NJ,2024,4,0.0,0.0,2390,NJ,0.0,0.0,0,,0.0
2393,NJ,2020,1,6205.46,4666.928,2393,NJ,2123.75,-445.0,27318,-65.77610684784045,-4081.71
2393,NJ,2020,2,2093.52,1638.548,2393,NJ,4364.18,2531.1400000000003,54153,108.46134739577364,2270.6600000000003
2393,NJ,2020,3,10473.24,8121.561000000001,2393,NJ,13356.89,10962.0,151870,27.533504436067535,2883.6499999999996
2393,NJ,2020,4,510.62,341.271,2393,NJ,1952.1799999999998,-378.11999999999995,25109,282.3156163095844,1441.56
2393,NJ,2021,1,845.39,783.326,2393,NJ,2759.58,-335.22,37741,226.4268562438638,1914.19
2393,NJ,2021,2,15714.89,11971.859,2393,NJ,20053.64,17892.670000000002,225616,27.609165574814714,4338.75
2393,NJ,2021,3,32309.43,24166.268,2393,NJ,36331.66,33427.14,395988,12.44908994061487,4022.230000000003
2393,NJ,2021,4,15581.73,11596.574,2393,NJ,20684.13,17819.44,219211,32.74604296185341,5102.4000000000015
2393,NJ,2022,1,616.7,478.26,2393,NJ,3225.13,-510.95000000000005,37715,422.965785633209,2608.4300000000003
2393,NJ,2022,2,21768.52,16961.002,2393,NJ,26996.690000000002,24759.83,309503,24.017112784883867,5228.170000000002
2393,NJ,2022,3,61090.66,46031.254,2393,NJ,70493.75,67005.62,722640,15.392025556770864,9403.089999999997
2393,NJ,2022,4,2995.5299999999997,2306.9460000000004,2393,NJ,6083.45,3360.5099999999998,71685,103.08426221737056,3087.92
2393,NJ,2023,1,1260.69,977.231,2393,NJ,3084.26,130.56,33043,144.64856546811666,1823.5700000000002
2393,NJ,2023,2,1688.01,1329.509,2393,NJ,3992.96,2220.83,45760,136.5483616803218,2304.95
2393,NJ,2023,3,25529.8,19001.584,2393,NJ,26658.13,24158.08,300493,4.4196585950536305,1128.3300000000017
2393,NJ,2023,4,3254.62,2155.758,2393,NJ,2294.6600000000003,284.50000000000006,24451,-29.49530206291363,-959.9599999999996
2393,NJ,2024,1,386.07000000000005,301.801,2393,NJ,4738.87,1400.16,61291,1127.463931411402,4352.8
2393,NJ,2024,2,11146.64,7803.905,2393,NJ,10876.04,8101.09,129142,-2.4276373866923,-270.59999999999854
2393,NJ,2024,3,48022.97,35130.956999999995,2393,NJ,47649.94,43184.56,505798,-0.7767741145539288,-373.02999999999884
2393,NJ,2024,4,0.0,0.0,2393,NJ,4963.16,2064.18,59987,,4963.16
2398,NJ,2020,1,38616.82,27530.217,2398,NJ,58584.0,48435.0,481762,51.70591467655804,19967.18
2398,NJ,2020,2,173337.99,122755.83,2398,NJ,277900.0,262833.0,2111260,60.32261594818309,104562.01000000001
2398,NJ,2020,3,577523.96,409920.718,2398,NJ,908962.0,875388.0,6905283,57.3894873556415,331438.04000000004
2398,NJ,2020,4,328481.5,227353.487,2398,NJ,512313.0,490534.0,3821370,55.96403450422627,183831.5
2398,NJ,2021,1,284241.38,191172.13900000002,2398,NJ,453801.0,432577.0,3188405,59.6533903684256,169559.62
2398,NJ,2021,2,134573.33,97511.256,2398,NJ,206006.0,190789.0,1681076,53.080851904311224,71432.67000000001
2398,NJ,2021,3,482675.89999999997,338796.253,2398,NJ,756052.0,724846.0,5700840,56.63761128326483,273376.10000000003
2398,NJ,2021,4,258169.28999999998,178591.68200000003,2398,NJ,411617.0,391480.0,3004286,59.43685633562382,153447.71000000002
2398,NJ,2022,1,85291.47,59688.085,2398,NJ,129902.0,115402.0,1012172,52.30362426629532,44610.53
2398,NJ,2022,2,276886.58999999997,192777.701,2398,NJ,422820.0,401485.0,3372244,52.70512017212536,145933.41000000003
2398,NJ,2022,3,708528.8200000001,494409.515,2398,NJ,1103769.0,1065490.0,8506579,55.783218528781916,395240.17999999993
2398,NJ,2022,4,366882.0,227611.25400000002,2398,NJ,506634.0,483034.0,3756253,38.09181153613424,139752.0
2398,NJ,2023,1,151629.22999999998,69501.978,2398,NJ,150705.01,136437.0,1185299,-0.6095262766947851,-924.2199999999721
2398,NJ,2023,2,610938.16,273246.54099999997,2398,NJ,606274.0,578360.0,4616506,-0.7634422443017853,-4664.160000000033
2398,NJ,2023,3,1080050.23,482876.243,2398,NJ,1071983.0,1030850.0,8308830,-0.74693100153314,-8067.229999999981
2398,NJ,2023,4,904347.68,393457.22,2398,NJ,896936.01,864435.01,6776468,-0.8195597958519716,-7411.670000000042
2398,NJ,2024,1,262446.69,118594.535,2398,NJ,260570.0,242855.0,2011752,-0.7150747452749365,-1876.6900000000023
2398,NJ,2024,2,573429.76,252876.065,2398,NJ,563413.0,536642.0,4317095,-1.7468155123305789,-10016.76000000001
2398,NJ,2024,3,735337.77,337374.136,2398,NJ,725959.0,692827.0,5750524,-1.2754370008764842,-9378.770000000019
2398,NJ,2024,4,730227.64,326761.071,2398,NJ,724140.0,693676.0,5518697,-0.8336633217553931,-6087.640000000014
2398,NJ,2025,1,175923.6,94936.119,2398,NJ,174234.01,158808.0,1399378,-0.9604112239631275,-1689.5899999999965
2398,NJ,2025,2,883879.2,390714.447,2398,NJ,869969.0,841617.0,6660061,-1.5737670939648716,-13910.199999999953
2398,NJ,2025,3,1313403.74,590961.976,2398,NJ,1312250.0,1270523.0,10115451,-0.08784351413526435,-1153.7399999999907
2398,NJ,2025,4,960002.88,430456.296,2398,NJ,952982.01,921956.0,7305199,-0.7313384309847065,-7020.869999999995
2399,NJ,2020,1,891.91,598.193,2399,NJ,3201.6899999999996,3201.6899999999996,33877,258.97007545604373,2309.7799999999997
2399,NJ,2020,2,1925.54,1161.355,2399,NJ,3040.27,3040.27,32158,57.89181216697654,1114.73
2399,NJ,2020,3,4934.96,2842.66,2399,NJ,4863.17,4863.17,51439,-1.4547230372687916,-71.78999999999996
2399,NJ,2020,4,6499.84,3650.321,2399,NJ,3079.88,3079.88,32576,-52.61606439543127,-3419.96
2399,NJ,2021,1,778.22,464.217,2399,NJ,809.91,809.92,8302,4.072113284161284,31.68999999999994
2399,NJ,2021,2,6472.89,3608.311,2399,NJ,6293.5,6293.5,64518,-2.7714050447327288,-179.39000000000033
2399,NJ,2021,3,10091.24,5789.93,2399,NJ,10099.01,10099.01,103531,0.07699747503775985,7.770000000000437
2399,NJ,2021,4,720.3299999999999,518.893,2399,NJ,891.55,891.55,9137,23.769661127538775,171.22000000000003
2399,NJ,2022,1,5567.78,3838.984,2399,NJ,5798.87,5798.87,56403,4.150487267815901,231.09000000000015
2399,NJ,2022,2,16320.41,9275.689,2399,NJ,15927.47,15927.48,154913,-2.4076601016763703,-392.9400000000005
2399,NJ,2022,3,28522.71,16322.348,2399,NJ,28023.84,28023.84,272571,-1.7490273539926569,-498.869999999999
2399,NJ,2022,4,7471.79,5039.416,2399,NJ,7564.84,7564.84,73570,1.2453508463166147,93.05000000000018
2399,NJ,2023,1,2980.4700000000003,1723.192,2399,NJ,2964.39,2964.39,28383,-0.5395122245820417,-16.080000000000382
2399,NJ,2023,2,14106.07,7730.602,2399,NJ,13587.680000000002,13587.680000000002,130085,-3.674942772863013,-518.3899999999976
2399,NJ,2023,3,9074.16,5199.569,2399,NJ,9139.1,9139.1,87496,0.7156585292743407,64.94000000000051
2399,NJ,2023,4,1416.25,1135.107,2399,NJ,1869.8400000000001,1869.85,17900,32.02753751103267,453.59000000000015
2399,NJ,2024,1,3961.54,2407.087,2399,NJ,3968.33,3968.3399999999997,40467,0.1713979916900994,6.789999999999964
2399,NJ,2024,2,28075.54,16636.408,2399,NJ,27486.46,27486.47,280317,-2.098196508419791,-589.0800000000017
2399,NJ,2024,3,15323.06,9395.661,2399,NJ,15524.99,15524.99,158328,1.31781772048142,201.9300000000003
2399,NJ,2024,4,2661.5699999999997,1767.241,2399,NJ,2889.21,2889.21,29468,8.552846628118003,227.64000000000033
2401,NJ,2020,1,0.0,22.634,2401,NJ,227.82999999999998,139.87,3402,,227.82999999999998
2401,NJ,2020,2,134.45,137.06,2401,NJ,215.92,132.55,3225,60.59501673484567,81.47
2401,NJ,2020,3,760.37,635.612,2401,NJ,342.85,210.48000000000002,5117,-54.91010955192866,-417.52
2401,NJ,2020,4,112.29,115.341,2401,NJ,218.41,134.1,3261,94.50529877994477,106.11999999999999
2401,NJ,2021,1,250.19,217.887,2401,NJ,260.61,231.08,3587,4.164834725608544,10.420000000000016
2401,NJ,2021,2,932.13,791.74,2401,NJ,946.1,838.89,13017,1.4987179899799414,13.970000000000027
2401,NJ,2021,3,2113.23,1729.97,2401,NJ,2068.61,1834.23,28469,-2.111459708597734,-44.61999999999989
2401,NJ,2021,4,451.8,393.602,2401,NJ,466.69,413.82,6423,3.2957060646303646,14.889999999999986
2401,NJ,2022,1,861.89,700.884,2401,NJ,825.0,779.0,11175,-4.280128554687952,-36.889999999999986
2401,NJ,2022,2,0.0,0.0,2401,NJ,0.0,0.0,0,,0.0
2404,NJ,2020,1,10358.05,7323.1050000000005,2404,NJ,23387.05,20883.31,257758,125.78622424104924,13029.0
2404,NJ,2020,2,21841.92,14241.466,2404,NJ,22213.47,19835.39,244831,1.7010867176512088,371.5500000000029
2404,NJ,2020,3,36457.479999999996,23100.851,2404,NJ,35567.15,31759.489999999998,392006,-2.4421051592155973,-890.3299999999945
2404,NJ,2020,4,35408.369999999995,23220.1,2404,NJ,22507.350000000002,20097.809999999998,248076,-36.4349446190265,-12901.019999999993
2404,NJ,2021,1,43625.06,27736.667999999998,2404,NJ,42688.340000000004,39639.66,464069,-2.1472062158768237,-936.7199999999939
2404,NJ,2021,2,41335.09,26503.407,2404,NJ,41095.08,38160.18,446750,-0.5806446774399059,-240.00999999999476
2404,NJ,2021,3,42051.59,27119.304,2404,NJ,42050.42,39047.29,457129,-0.002782296697932834,-1.1699999999982538
2404,NJ,2021,4,18266.37,12306.103,2404,NJ,19061.17,17699.86,207221,4.351165557250835,794.7999999999993
2404,NJ,2022,1,49992.67,32153.915,2404,NJ,50021.130000000005,48190.05,538884,0.05692834569549177,28.460000000006403
2404,NJ,2022,2,58806.48,38359.413,2404,NJ,60347.149999999994,58138.07,650131,2.6198983513381364,1540.669999999991
2404,NJ,2022,3,112142.29,69784.546,2404,NJ,109787.86,105768.96,1182756,-2.099502337610542,-2354.429999999993
2404,NJ,2022,4,31336.06,20445.152000000002,2404,NJ,32151.86,30974.91,346371,2.6033904709143374,815.7999999999993
2404,NJ,2023,1,23803.620000000003,15725.873,2404,NJ,22124.22,22124.22,264429,-7.055229414685671,-1679.4000000000015
2404,NJ,2023,2,48690.82,32299.16,2404,NJ,45562.08,45562.09,544557,-6.425728710257905,-3128.739999999998
2404,NJ,2023,3,39326.22,24626.216,2404,NJ,34737.83,34737.84,415188,-11.667508344305656,-4588.389999999999
2404,NJ,2023,4,32482.64,21191.682,2404,NJ,29880.879999999997,29880.879999999997,357130,-8.009693793361631,-2601.760000000002
2404,NJ,2024,1,18175.420000000002,12502.393,2404,NJ,18713.059999999998,16919.62,209536,2.9580609416453414,537.6399999999958
2404,NJ,2024,2,29341.89,19819.249,2404,NJ,29670.26,26826.670000000002,332232,1.119116730381032,328.369999999999
2404,NJ,2024,3,48178.9,31035.014,2404,NJ,46458.600000000006,42006.01,520204,-3.5706502224002534,-1720.2999999999956
2404,NJ,2024,4,60375.100000000006,40917.066,2404,NJ,61231.090000000004,55362.71,685627,1.4177864715751989,855.989999999998
2406,NJ,2020,1,898240.23,388624.828,2406,NJ,900003.0,864049.0,6504228,0.19624705520036867,1762.7700000000186
2406,NJ,2020,2,491392.5,216829.766,2406,NJ,496261.0,471357.0,3636970,0.9907558621672086,4868.5
2406,NJ,2020,3,1162862.38,510288.493,2406,NJ,1172604.0,1131384.0,8496881,0.8377276767694654,9741.620000000112
2406,NJ,2020,4,816097.15,350153.122,2406,NJ,820652.0,788995.0,6015605,0.5581259535093311,4554.849999999977
2406,NJ,2021,1,552723.98,243599.338,2406,NJ,559908.01,524460.01,4113016,1.2997500126555082,7184.030000000028
2406,NJ,2021,2,896845.9299999999,387665.259,2406,NJ,905887.0,865826.0,6648449,1.008096228969904,9041.070000000065
2406,NJ,2021,3,1359870.22,588675.594,2406,NJ,1371921.0,1324475.0,10048063,0.8861713289081385,12050.780000000028
2406,NJ,2021,4,852091.64,366831.941,2406,NJ,860550.01,824558.02,6232361,0.9926596627564608,8458.369999999995
2406,NJ,2022,1,910654.09,395988.228,2406,NJ,918046.78,877802.0,6743004,0.8118000106934194,7392.6900000000605
2406,NJ,2022,2,1087723.48,466834.585,2406,NJ,1115525.0,1076673.0,8055122,2.5559363672098003,27801.52000000002
2406,NJ,2022,3,1755046.16,749659.867,2406,NJ,1790307.0,1739733.0,12960383,2.009111828716806,35260.840000000084
2406,NJ,2022,4,1394663.77,602932.483,2406,NJ,1425720.02,1382037.0,10278830,2.2267911928335242,31056.25
2406,NJ,2023,1,844212.24,361702.648,2406,NJ,844950.0,808834.0,6025821,0.08739034629490913,737.7600000000093
2406,NJ,2023,2,1056140.3499999999,444870.24799999996,2406,NJ,1091959.0,1050069.0,7837659,3.391466863281963,35818.65000000014
2406,NJ,2023,3,1586341.11,680723.14,2406,NJ,1599291.0,1551357.0,11559505,0.8163370361119807,12949.889999999898
2406,NJ,2023,4,1321806.7,560196.031,2406,NJ,1317550.0,1279106.0,9489317,-0.32203649746970975,-4256.699999999953
2406,NJ,2024,1,1342134.76,579576.703,2406,NJ,1352314.0,1308449.01,9878850,0.7584365075232826,10179.23999999999
2406,NJ,2024,2,1149378.48,491219.082,2406,NJ,1158540.0,1123233.0,8426191,0.7970846992019563,9161.520000000019
2406,NJ,2024,3,1526380.5899999999,658715.435,2406,NJ,1538329.0,1490263.0,11197066,0.7827936281605986,11948.410000000149
2406,NJ,2024,4,875182.9700000001,376848.44899999996,2406,NJ,882240.0,852024.01,6401690,0.8063490997773769,7057.0299999999115
2406,NJ,2025,1,785520.77,351764.88,2406,NJ,789716.0,749710.6799999999,5991640,0.5340699011688743,4195.229999999981
2406,NJ,2025,2,1594786.6,681698.801,2406,NJ,1602484.0,1558716.0,11764450,0.48266018788970927,7697.399999999907
2406,NJ,2025,3,1686261.0799999998,732636.2579999999,2406,NJ,1646764.0,1603096.0,12171653,-2.342287352086656,-39497.07999999984
2406,NJ,2025,4,546913.45,233990.191,2406,NJ,549750.0,530652.0,4019695,0.5186469632443756,2836.5500000000466
2410,NJ,2020,1,0.0,0.0,2410,NJ,4429107.0,4243356.0,44326497,,4429107.0
2410,NJ,2020,2,13.0,31.0,2410,NJ,4140085.0,3957869.0,41344321,31846707.692307692,4140072.0
2410,NJ,2020,3,0.0,0.0,2410,NJ,5218249.0,5004857.0,52280930,,5218249.0
2410,NJ,2020,4,0.0,0.0,2410,NJ,3086976.0,2939354.0,30734982,,3086976.0
2410,NJ,2021,1,0.0,0.0,2410,NJ,5288147.0,5082697.0,53008449,,5288147.0
2410,NJ,2021,2,0.0,0.0,2410,NJ,5290261.0,5082335.0,53004246,,5290261.0
2410,NJ,2021,3,0.0,0.0,2410,NJ,5177537.0,4967450.0,51806097,,5177537.0
2410,NJ,2021,4,0.0,0.0,2410,NJ,4115617.0,3929519.0,40981398,,4115617.0
2410,NJ,2022,1,0.0,0.0,2410,NJ,5270310.0,5054236.0,52804732,,5270310.0
2410,NJ,2022,2,0.0,0.0,2410,NJ,4085250.0,3917905.0,40932778,,4085250.0
2410,NJ,2022,3,0.0,0.0,2410,NJ,5248580.0,5041788.0,52674679,,5248580.0
2410,NJ,2022,4,0.0,0.0,2410,NJ,5310240.0,5106195.0,53347579,,5310240.0
2410,NJ,2023,1,0.0,0.0,2410,NJ,5190985.0,4997392.0,52233035,,5190985.0
2410,NJ,2023,2,0.0,0.0,2410,NJ,4464776.0,4295048.0,44892093,,4464776.0
2410,NJ,2023,3,0.0,0.0,2410,NJ,5203948.0,5010597.0,52371055,,5203948.0
2410,NJ,2023,4,0.0,0.0,2410,NJ,4249770.0,4094014.0,42790876,,4249770.0
2410,NJ,2024,1,0.0,0.0,2410,NJ,5292522.0,5083107.0,53080862,,5292522.0
2410,NJ,2024,2,0.0,0.0,2410,NJ,5262473.0,5046853.0,52702277,,5262473.0
2410,NJ,2024,3,0.0,0.0,2410,NJ,5199367.0,4980615.0,52010581,,5199367.0
2410,NJ,2024,4,0.0,0.0,2410,NJ,3764250.0,3599766.0,37590923,,3764250.0
2410,NJ,2025,1,0.0,0.0,2410,NJ,5146459.0,4942057.0,51609902,,5146459.0
2410,NJ,2025,2,0.0,0.0,2410,NJ,3760944.0,3593924.0,37539328,,3760944.0
2410,NJ,2025,3,0.0,0.0,2410,NJ,5253319.0,5034893.0,52579387,,5253319.0
2410,NJ,2025,4,0.0,0.0,2410,NJ,5359204.0,5141762.0,53695420,,5359204.0
2411,NJ,2020,1,1096348.0,433907.8,2411,NJ,1092538.0,1064492.0,7164806,-0.3475173941120885,-3810.0
2411,NJ,2020,2,973051.55,379868.299,2411,NJ,970039.0,942303.0,6346796,-0.3095981913805128,-3012.5500000000466
2411,NJ,2020,3,1007162.02,394136.987,2411,NJ,1003907.0,973813.0,6624621,-0.3231873259081015,-3255.0200000000186
2411,NJ,2020,4,709773.56,278053.242,2411,NJ,707907.0,686446.0,4636481,-0.26297964663547846,-1866.5600000000559
2411,NJ,2021,1,825319.98,330809.776,2411,NJ,821975.0,796361.0,5490097,-0.4052949257329238,-3344.9799999999814
2411,NJ,2021,2,775448.49,302885.104,2411,NJ,772826.0,748995.0,5084458,-0.33819009693345214,-2622.4899999999907
2411,NJ,2021,3,935640.35,369823.73,2411,NJ,932945.0,903844.0,6239042,-0.28807543411311587,-2695.3499999999767
2411,NJ,2021,4,912995.2,364686.47,2411,NJ,909427.0,882696.0,6136637,-0.39082352240186513,-3568.1999999999534
2411,NJ,2022,1,407271.45,161538.169,2411,NJ,405742.0,387566.0,2709648,-0.3755357759548359,-1529.4500000000116
2411,NJ,2022,2,741915.43,290480.956,2411,NJ,738928.0,716325.0,4875604,-0.4026644923667447,-2987.430000000051
2411,NJ,2022,3,916395.3,357787.13,2411,NJ,913755.01,886287.0,6094054,-0.2881169294517374,-2640.2900000000373
2411,NJ,2022,4,726943.15,287409.682,2411,NJ,723926.0,700893.01,4789430,-0.4150462109726219,-3017.1500000000233
2411,NJ,2023,1,805035.89,318485.767,2411,NJ,802411.01,776261.0,5347651,-0.3260575127898962,-2624.8800000000047
2411,NJ,2023,2,777361.41,307256.146,2411,NJ,774250.0,750462.0,5128559,-0.4002526958471006,-3111.4100000000326
2411,NJ,2023,3,843868.77,331535.196,2411,NJ,841332.0,814213.0,5579198,-0.3006119067541768,-2536.7700000000186
2411,NJ,2023,4,925481.74,364644.005,2411,NJ,922409.0,861046.0,6074324,-0.33201519459476214,-3072.7399999999907
2411,NJ,2024,1,506076.9,202480.137,2411,NJ,504221.0,484981.0,3377008,-0.36672292293918635,-1855.9000000000233
2411,NJ,2024,2,706890.45,280977.78,2411,NJ,703654.0,678008.0,4723845,-0.45784322026135077,-3236.4499999999534
2411,NJ,2024,3,790290.91,309140.655,2411,NJ,787127.0,758359.0,5228364,-0.40034751253814027,-3163.9100000000326
2411,NJ,2024,4,706092.61,279721.052,2411,NJ,703771.0,680143.0,4687767,-0.3287968132112282,-2321.609999999986
2411,NJ,2025,1,376833.87,156425.719,2411,NJ,375096.0,352492.01,2609839,-0.4611766983684336,-1737.8699999999953
2411,NJ,2025,2,399982.86,160406.822,2411,NJ,397946.0,379348.0,2697708,-0.5092368207977678,-2036.859999999986
2411,NJ,2025,3,626524.84,250130.362,2411,NJ,634647.0,610942.0,4279976,1.2963827579446066,8122.160000000033
2411,NJ,2025,4,782253.83,312607.231,2411,NJ,803787.0,779961.0,5464511,2.7527087978591354,21533.170000000042
2434,NJ,2020,1,9545.56,5460.153,2434,NJ,9541.0,9196.0,93540,-0.047770900816709455,-4.559999999999491
2434,NJ,2020,2,12007.22,6817.964,2434,NJ,11988.0,11562.0,118985,-0.1600703576681309,-19.219999999999345
2434,NJ,2020,3,28970.79,16501.07,2434,NJ,28946.0,27895.0,290580,-0.08556894720510166,-24.790000000000873
2434,NJ,2020,4,16789.76,9636.443,2434,NJ,16641.0,16161.0,169792,-0.8860162384691527,-148.7599999999984
2434,NJ,2021,1,3889.0,2247.409,2434,NJ,3885.0,3742.0,39592,-0.10285420416559526,-4.0
2434,NJ,2021,2,5814.55,3387.697,2434,NJ,5882.0,5665.0,59841,1.1600209818472593,67.44999999999982
2434,NJ,2021,3,25922.07,15106.571,2434,NJ,26126.0,25200.0,266768,0.7867041482412488,203.9300000000003
2434,NJ,2021,4,9276.44,5429.275,2434,NJ,8937.0,8605.0,95219,-3.6591623510743396,-339.4400000000005
2434,NJ,2022,1,5650.35,3346.95,2434,NJ,5646.0,5439.0,57441,-0.07698638137461154,-4.350000000000364
2434,NJ,2022,2,13591.54,8006.148,2434,NJ,13563.0,13058.0,136319,-0.20998356330482693,-28.540000000000873
2434,NJ,2022,3,34674.92,20495.199,2434,NJ,34649.0,33339.0,345129,-0.0747514341777811,-25.919999999998254
2434,NJ,2022,4,16077.45,9343.542,2434,NJ,16258.0,15662.0,165911,1.1230014710044147,180.54999999999927
2434,NJ,2023,1,10504.9,6131.479,2434,NJ,10505.0,10118.0,104510,0.0009519367152506336,0.1000000000003638
2434,NJ,2023,2,18411.22,10685.965,2434,NJ,18405.0,17730.0,181478,-0.03378374708466448,-6.220000000001164
2434,NJ,2023,3,31415.52,18310.391,2434,NJ,31404.0,30219.0,308962,-0.03666977341135985,-11.520000000000437
2434,NJ,2023,4,11090.61,6487.719,2434,NJ,11081.0,10670.0,109363,-0.08664987768932982,-9.610000000000582
2434,NJ,2024,1,16318.59,9518.875,2434,NJ,16088.0,15703.0,168709,-1.4130510050194298,-230.59000000000015
2434,NJ,2024,2,33253.51,19320.729,2434,NJ,33228.0,32005.0,326896,-0.07671370631251269,-25.510000000002037
2434,NJ,2024,3,27704.23,16173.494,2434,NJ,27693.0,26636.0,274961,-0.04053532619386846,-11.229999999999563
2434,NJ,2024,4,63.98,53.899,2434,NJ,64.0,63.0,778,0.031259768677716675,0.020000000000003126
2434,NJ,2025,1,25885.53,14875.28,2434,NJ,25860.0,24911.0,258458,-0.09862652995707964,-25.529999999998836
2434,NJ,2025,2,10321.82,6001.526,2434,NJ,10314.0,9932.0,100148,-0.07576183270004427,-7.819999999999709
2434,NJ,2025,3,26218.37,15253.178,2434,NJ,26231.0,25208.0,267251,0.04817233107931965,12.630000000001019
2434,NJ,2025,4,7549.83,4408.217,2434,NJ,7542.0,7254.0,73452,-0.10371094448484175,-7.829999999999927
50006,NJ,2020,1,1695647.4300000002,706974.465,50006,NJ,1235360.0,1216468.0,7394822,-27.145232072212096,-460287.43000000017
50006,NJ,2020,2,1718169.1099999999,701408.715,50006,NJ,1269814.0,1253991.0,7601062,-26.094934857721885,-448355.10999999987
50006,NJ,2020,3,1947471.72,804638.835,50006,NJ,1501568.01,1479899.0,8988334,-22.89654352464743,-445903.70999999996
50006,NJ,2020,4,1695460.0,695209.724,50006,NJ,1265888.0,1248186.01,7577562,-25.336604815212393,-429572.0
50006,NJ,2021,1,1978000.93,808748.464,50006,NJ,1475810.0,1455782.01,8834146,-25.388811622045086,-502190.92999999993
50006,NJ,2021,2,1765266.61,718756.179,50006,NJ,1352430.02,1323152.01,8095598,-23.386642429043626,-412836.5900000001
50006,NJ,2021,3,1895989.22,784377.661,50006,NJ,1474676.0,1452630.0,8827359,-22.221287734958743,-421313.22
50006,NJ,2021,4,1860543.76,773242.962,50006,NJ,1414615.01,1388641.0,8467834,-23.96765717566353,-445928.75
50006,NJ,2022,1,2100959.59,881513.772,50006,NJ,1595025.0,1570982.01,9547764,-24.081119523103244,-505934.58999999985
50006,NJ,2022,2,1710668.82,702996.066,50006,NJ,1258734.0,1241029.0,7534739,-26.41860392358119,-451934.82000000007
50006,NJ,2022,3,1906747.1800000002,794049.433,50006,NJ,1452014.0,1432614.0,8691704,-23.848635244867655,-454733.18000000017
50006,NJ,2022,4,1421951.07,605380.965,50006,NJ,1017041.0,997901.01,6087972,-28.475668294268385,-404910.07000000007
50006,NJ,2023,1,1874057.8,782985.844,50006,NJ,1426192.0,1406840.01,8537136,-23.89818499728237,-447865.80000000005
50006,NJ,2023,2,1645360.29,687360.862,50006,NJ,1248024.0,1227813.01,7470627,-24.148892641623192,-397336.29000000004
50006,NJ,2023,3,2037829.1600000001,849158.116,50006,NJ,1610147.0,1588678.0,9638284,-20.987144967539876,-427682.16000000015
50006,NJ,2023,4,1891512.88,777051.2320000001,50006,NJ,1435463.0,1420861.0,8592630,-24.110323795416075,-456049.8799999999
50006,NJ,2024,1,2219588.94,927820.058,50006,NJ,1689022.0,1672490.01,10110429,-23.90383779800236,-530566.94
50006,NJ,2024,2,1694346.51,694077.004,50006,NJ,1244524.0,1232102.0,7449678,-26.548436659511875,-449822.51
50006,NJ,2024,3,1959917.35,816501.094,50006,NJ,1504867.01,1479246.0,9008079,-23.217833139749494,-455050.3400000001
50006,NJ,2024,4,1716271.8399999999,708088.5619999999,50006,NJ,1256396.01,1241641.01,7520742,-26.79504605750566,-459875.82999999984
50006,NJ,2025,1,2085424.7,887793.79,50006,NJ,1586152.0,1554750.99,9494650,-23.941056227060127,-499272.69999999995
50006,NJ,2025,2,1622907.34,676493.882,50006,NJ,1200657.0,1188106.01,7187092,-26.018142231090042,-422250.3400000001
50006,NJ,2025,3,2161897.0,918528.4,50006,NJ,1694773.0,1672776.01,10144849,-21.607134844999553,-467124.0
50006,NJ,2025,4,1792686.1199999999,762086.321,50006,NJ,1341341.01,1324366.0,8029221,-25.177029317324102,-451345.10999999987
50385,NJ,2020,1,789.52,434.216,50385,NJ,788.0,759.0,6999,-0.19252203870706022,-1.5199999999999818
50385,NJ,2020,2,8096.38,4352.364,50385,NJ,8076.0,7794.0,75498,-0.25171743421134024,-20.38000000000011
50385,NJ,2020,3,45890.04,24384.429,50385,NJ,46443.0,44206.0,389591,1.2049673523928048,552.9599999999991
50385,NJ,2020,4,3367.9300000000003,2110.943,50385,NJ,3390.0,3204.0,36513,0.655298655257078,22.06999999999971
50385,NJ,2021,1,4498.85,2692.94,50385,NJ,4491.0,4330.0,49724,-0.17448903608700808,-7.850000000000364
50385,NJ,2021,2,10529.779999999999,5557.957,50385,NJ,10504.0,10169.0,94920,-0.24482942663568316,-25.779999999998836
50385,NJ,2021,3,35268.04,18919.124,50385,NJ,35167.0,33993.0,320058,-0.28649167915200524,-101.04000000000087
50385,NJ,2021,4,13167.34,6902.626,50385,NJ,13143.0,12758.0,114974,-0.18485130633825925,-24.340000000000146
50385,NJ,2022,1,9265.91,4995.76,50385,NJ,9253.0,8951.0,84245,-0.1393279235390788,-12.909999999999854
50385,NJ,2022,2,1416.09,853.3510000000001,50385,NJ,1409.0,1346.0,14984,-0.5006743921643341,-7.089999999999918
50385,NJ,2022,3,0.0,0.0,50385,NJ,0.0,0.0,0,,0.0
50385,NJ,2022,4,0.0,0.0,50385,NJ,0.0,0.0,0,,0.0
50561,NJ,2020,1,25470.760000000002,12669.798999999999,50561,NJ,24629.0,22926.0,221228,-3.304809122303386,-841.760000000002
50561,NJ,2020,2,98212.98000000001,47112.61,50561,NJ,93937.0,92726.0,836916,-4.353782972474727,-4275.9800000000105
50561,NJ,2020,3,284062.05000000005,137152.682,50561,NJ,274431.0,273628.0,2400835,-3.3904740179126516,-9631.050000000047
50561,NJ,2020,4,134884.36,66789.462,50561,NJ,135739.0,134263.0,1183957,0.633609411795418,854.640000000014
50561,NJ,2021,1,4707.65,2389.0640000000003,50561,NJ,4529.0,4415.0,41587,-3.7948870455535064,-178.64999999999964
50561,NJ,2021,2,64219.09,31386.366,50561,NJ,60996.0,60156.0,581468,-5.018897028905263,-3223.0899999999965
50561,NJ,2021,3,111549.05,53557.022,50561,NJ,107332.0,106124.0,960025,-3.780444566762337,-4217.050000000003
50561,NJ,2021,4,19121.940000000002,9636.365,50561,NJ,18186.0,17274.0,180384,-4.894587055497519,-935.9400000000023
50561,NJ,2022,1,3132.16,1899.404,50561,NJ,2987.0,2815.0,28392,-4.63450143032284,-145.15999999999985
50561,NJ,2022,2,27943.59,14053.302,50561,NJ,27718.0,26356.0,257462,-0.8073050026857684,-225.59000000000015
50561,NJ,2022,3,206120.41999999998,100271.435,50561,NJ,204942.0,196247.0,1816068,-0.5717143405781843,-1178.4199999999837
50561,NJ,2022,4,19569.94,11015.203000000001,50561,NJ,19472.01,18473.010000000002,182280,-0.5004103231793265,-97.93000000000029
50561,NJ,2023,1,5249.85,2820.4889999999996,50561,NJ,5163.01,4945.0,51144,-1.6541424993095066,-86.84000000000015
50561,NJ,2023,2,18634.54,9385.115000000002,50561,NJ,18421.0,17665.0,171046,-1.145936524325263,-213.54000000000087
50561,NJ,2023,3,159017.76,77137.473,50561,NJ,159279.0,153324.0,1396792,0.16428353663137418,261.2399999999907
50561,NJ,2023,4,65065.32,32164.006,50561,NJ,65043.009999999995,62565.0,573370,-0.03428861949807509,-22.310000000004948
50561,NJ,2024,1,3894.95,2221.27,50561,NJ,3943.0,3808.0,38878,1.2336486989563455,48.05000000000018
50561,NJ,2024,2,43139.08,21562.906,50561,NJ,43305.0,41596.0,387204,0.3846164545001846,165.91999999999825
50561,NJ,2024,3,102398.48999999999,49499.956,50561,NJ,103281.0,99111.0,879857,0.8618388806319403,882.5100000000093
50561,NJ,2024,4,31078.760000000002,15241.653,50561,NJ,30997.0,29706.0,278959,-0.26307355891934564,-81.76000000000204
50799,NJ,2020,1,0.0,0.0,50799,NJ,0.0,0.0,0,,0.0
50799,NJ,2020,2,905.3900000000001,575.157,50799,NJ,882.0,861.0,9671,-2.5834170909773797,-23.3900000000001
50799,NJ,2020,3,5624.09,3309.549,50799,NJ,5735.0,5602.0,55746,1.9720523675830197,110.90999999999985
50799,NJ,2020,4,0.0,1.8039999999999998,50799,NJ,0.0,0.0,0,,0.0
50799,NJ,2021,1,0.0,0.0,50799,NJ,0.0,0.0,0,,0.0
50799,NJ,2021,2,3126.9300000000003,1855.6979999999999,50799,NJ,3100.0,3028.0,31256,-0.8612281055220389,-26.93000000000029
50799,NJ,2021,3,5569.51,3261.2569999999996,50799,NJ,5536.0,5404.0,54938,-0.6016687284877883,-33.51000000000022
50799,NJ,2021,4,647.65,374.352,50799,NJ,643.0,628.0,6271,-0.7179803906430908,-4.649999999999977
50799,NJ,2022,1,0.0,0.0,50799,NJ,0.0,0.0,0,,0.0
50799,NJ,2022,2,3253.71,1910.101,50799,NJ,3231.0,3153.0,32157,-0.6979724683515136,-22.710000000000036
50799,NJ,2022,3,19772.09,11508.884999999998,50799,NJ,19631.0,19192.0,193827,-0.7135816193432265,-141.09000000000015
50799,NJ,2022,4,1454.3,856.018,50799,NJ,1442.0,1414.0,14413,-0.8457677233033043,-12.299999999999955
50799,NJ,2023,1,0.0,0.0,50799,NJ,0.0,0.0,0,,0.0
50799,NJ,2023,2,601.75,357.117,50799,NJ,595.0,580.0,6015,-1.1217282924802658,-6.75
50799,NJ,2023,3,8061.17,4746.879,50799,NJ,8007.0,7818.0,79965,-0.6719868207716755,-54.17000000000007
50799,NJ,2023,4,0.0,0.0,50799,NJ,0.0,0.0,0,,0.0
5083,NJ,2020,1,7681.35,3761.623,5083,NJ,15885.85,15424.779999999999,162377,106.81065177345128,8204.5
5083,NJ,2020,2,9070.66,5175.949,5083,NJ,15033.68,14597.35,153669,65.73964849305344,5963.02
5083,NJ,2020,3,31483.41,19287.847,5083,NJ,23731.1,23042.33,242575,-24.623476300692975,-7752.310000000001
5083,NJ,2020,4,21191.93,13488.377,5083,NJ,15189.419999999998,14748.560000000001,155261,-28.32450843316301,-6002.510000000002
5083,NJ,2021,1,10289.16,5579.25,5083,NJ,9870.08,9540.12,98878,-4.073024425706277,-419.0799999999999
5083,NJ,2021,2,16898.69,9203.8,5083,NJ,16347.58,15801.05,163771,-3.261258712953482,-551.1099999999988
5083,NJ,2021,3,27292.41,17184.509,5083,NJ,27581.63,26659.55,276320,1.0597085416788081,289.22000000000116
5083,NJ,2021,4,8405.779999999999,5729.447,5083,NJ,8537.72,8252.289999999999,85533,1.5696342278765387,131.9400000000005
5083,NJ,2022,1,6358.349999999999,3870.633,5083,NJ,6367.34,6145.58,62538,0.14138888233583702,8.990000000000691
5083,NJ,2022,2,13146.57,7403.647,5083,NJ,12641.119999999999,12200.869999999999,124154,-3.8447290814258075,-505.4500000000007
5083,NJ,2022,3,52037.520000000004,31186.487,5083,NJ,52882.64,51040.88,519394,1.6240589482358025,845.1199999999953
5083,NJ,2022,4,28289.780000000002,16556.457000000002,5083,NJ,26996.9,26056.68,265150,-4.5701309801631576,-1292.880000000001
5083,NJ,2023,1,12260.57,6787.063,5083,NJ,11378.92,10979.23,113113,-7.190938104835254,-881.6499999999996
5083,NJ,2023,2,14608.16,8342.355,5083,NJ,13951.890000000001,13461.84,138682,-4.492489129363305,-656.2699999999986
5083,NJ,2023,3,29045.06,17704.638,5083,NJ,29684.340000000004,28641.68,295076,2.20099390395476,639.2800000000025
5083,NJ,2023,4,12686.25,7775.3150000000005,5083,NJ,12970.83,12515.24,128939,2.2432160804020094,284.5799999999999
5083,NJ,2024,1,12889.300000000001,7070.202,5083,NJ,11133.29,10817.11,116684,-13.623780965607132,-1756.0100000000002
5083,NJ,2024,2,20761.660000000003,12443.757,5083,NJ,19831.99,19268.77,207856,-4.477821137616171,-929.6700000000019
5083,NJ,2024,3,19897.32,13411.091,5083,NJ,21373.969999999998,20766.969999999998,224015,7.421351217148832,1476.6499999999978
5083,NJ,2024,4,8588.810000000001,5893.072,5083,NJ,9317.77,9053.15,97657,8.487322457942357,728.9599999999991
50852,NJ,2020,1,0.0,0.0,50852,NJ,0.0,0.0,0,,0.0
50852,NJ,2020,2,0.0,0.0,50852,NJ,0.0,0.0,0,,0.0
50852,NJ,2020,3,1131.79,719.89,50852,NJ,1129.0,1062.0,12471,-0.246512162150219,-2.7899999999999636
50852,NJ,2020,4,0.0,0.0,50852,NJ,0.0,0.0,0,,0.0
50852,NJ,2021,1,0.0,0.0,50852,NJ,0.0,0.0,0,,0.0
50852,NJ,2021,2,0.0,0.0,50852,NJ,0.0,0.0,0,,0.0
50852,NJ,2021,3,0.0,0.0,50852,NJ,0.0,0.0,0,,0.0
50852,NJ,2021,4,0.0,0.0,50852,NJ,0.0,0.0,0,,0.0
54640,NJ,2020,1,11787.89,8465.163,54640,NJ,19048.0,17094.0,145901,61.58956352663624,7260.110000000001
54640,NJ,2020,2,30580.050000000003,22016.555,54640,NJ,47776.0,45576.0,376566,56.232576467337346,17195.949999999997
54640,NJ,2020,3,113347.20999999999,81631.1,54640,NJ,173402.0,169680.0,1380117,52.983033283307115,60054.79000000001
54640,NJ,2020,4,4656.889999999999,3405.426,54640,NJ,8463.0,6819.0,59881,81.73072587069913,3806.1100000000006
54640,NJ,2021,1,3250.3,2418.385,54640,NJ,4844.0,4741.0,41571,49.03239700950681,1593.6999999999998
54640,NJ,2021,2,32795.6,23386.4,54640,NJ,48786.0,47985.0,315157,48.75776018734221,15990.400000000001
54640,NJ,2021,3,108121.4,78323.339,54640,NJ,162383.0,160991.0,1320667,50.185809654702965,54261.600000000006
54640,NJ,2021,4,41436.16,30210.385000000002,54640,NJ,62564.0,62008.0,508808,50.9888947238354,21127.839999999997
54640,NJ,2022,1,2440.95,1911.385,54640,NJ,3619.0,3474.0,32356,48.26194719269138,1178.0500000000002
54640,NJ,2022,2,37649.6,27704.57,54640,NJ,56385.0,55790.0,472973,49.76254727805874,18735.4
54640,NJ,2022,3,185969.76,136037.201,54640,NJ,281306.0,278219.0,2296550,51.26437760633771,95336.23999999999
54640,NJ,2022,4,28680.39,23107.493000000002,54640,NJ,42697.0,42076.0,358445,48.871755230664576,14016.61
54640,NJ,2023,1,65.67,59.806,54640,NJ,91.0,77.0,1063,38.571646109334544,25.33
54640,NJ,2023,2,4232.32,3153.33,54640,NJ,6449.0,5901.0,55270,52.375056706487236,2216.6800000000003
54640,NJ,2023,3,115550.38,83924.51699999999,54640,NJ,173170.0,171991.01,1416306,49.8653660853387,57619.619999999995
54640,NJ,2023,4,45220.05,32861.384,54640,NJ,68116.0,67514.0,557736,50.632296956770276,22895.949999999997
54640,NJ,2024,1,2984.5,2473.136,54640,NJ,4169.0,2772.0,39140,39.6883900150779,1184.5
54640,NJ,2024,2,43463.71,32063.745000000003,54640,NJ,65271.0,63861.0,540761,50.1735585848516,21807.29
54640,NJ,2024,3,97632.77,71627.806,54640,NJ,146604.0,145377.0,1211659,50.15859941288156,48971.229999999996
54640,NJ,2024,4,11189.82,8517.576000000001,54640,NJ,16594.0,15183.0,139889,48.29550430659296,5404.18
55239,NJ,2020,1,379887.95,239840.82,55239,NJ,565913.0,554936.0,4034390,48.968399761034796,186025.05
55239,NJ,2020,2,374179.86,240055.611,55239,NJ,570143.0,558590.0,4039193,52.37137562668393,195963.14
55239,NJ,2020,3,779758.48,499184.571,55239,NJ,1199513.0,1174848.0,8400000,53.83135044584575,419754.52
55239,NJ,2020,4,334302.4,211571.612,55239,NJ,501064.0,491128.0,3560884,49.883458808551765,166761.59999999998
55239,NJ,2021,1,34017.11,23143.789,55239,NJ,48438.0,47318.0,393215,42.39304867462286,14420.89
55239,NJ,2021,2,355118.48,228509.385,55239,NJ,539592.0,528527.0,3845190,51.947034691069874,184473.52000000002
55239,NJ,2021,3,769603.12,492993.721,55239,NJ,1182788.0,1160741.0,8293486,53.688046379021955,413184.88
55239,NJ,2021,4,461911.65,291904.44,55239,NJ,696936.0,681334.0,4912997,50.88080155588195,235024.34999999998
55239,NJ,2022,1,75858.54000000001,49288.759000000005,55239,NJ,110643.0,108620.0,829186,45.85437578946284,34784.45999999999
55239,NJ,2022,2,762044.4,487798.488,55239,NJ,1163234.0,1138752.0,8209272,52.646486215238895,401189.6
55239,NJ,2022,3,1011640.77,644649.828,55239,NJ,1548968.0,1515964.0,10851127,53.114430135116045,537327.23
55239,NJ,2022,4,253895.77,162956.447,55239,NJ,381657.0,374315.0,2742402,50.320346022306715,127761.23000000001
55239,NJ,2023,1,240763.26,153195.851,55239,NJ,359558.0,352654.0,2577296,49.34089196167222,118794.73999999999
55239,NJ,2023,2,849674.87,541571.257,55239,NJ,1293108.0,1267807.0,9113151,52.188565962884134,443433.13
55239,NJ,2023,3,1305677.38,547337.5079999999,55239,NJ,1307488.0,1277308.0,9205188,0.1386728473461118,1810.6200000001118
55239,NJ,2023,4,257734.63,110551.532,55239,NJ,258125.0,251921.0,1860704,0.1514619901873471,390.36999999999534
55239,NJ,2024,1,377016.56,162387.543,55239,NJ,383474.0,373988.0,2775839,1.7127735715375478,6457.440000000002
55239,NJ,2024,2,1101791.1099999999,458366.209,55239,NJ,1103362.0,1077409.0,7855350,0.14257602786431364,1570.8900000001304
55239,NJ,2024,3,947497.69,394834.34199999995,55239,NJ,947898.0,925689.0,6781059,0.042249179520433014,400.3100000000559
55239,NJ,2024,4,892368.94,367100.20999999996,55239,NJ,892374.0,872299.0,6315169,0.0005670300447767579,5.060000000055879
55239,NJ,2025,1,221840.0,93868.394,55239,NJ,221453.0,216347.0,1615130,-0.17445005409304,-387.0
55239,NJ,2025,2,1066269.8,439665.76300000004,55239,NJ,1065836.0,1041943.0,7562095,-0.04068388694869221,-433.80000000004657
55239,NJ,2025,3,1200208.79,493443.477,55239,NJ,1200253.0,1171179.0,8478891,0.003683525763876696,44.20999999996275
55239,NJ,2025,4,1041385.26,428094.01,55239,NJ,1041852.0,1019159.0,7353417,0.044819147910734845,466.7399999999907
55938,NJ,2020,1,4505.61,2747.476,55938,NJ,52480.15,51410.07,546845,1064.7734712946751,47974.54
55938,NJ,2020,2,31403.89,19404.341999999997,55938,NJ,49848.25,48831.84,519419,58.732723875927476,18444.36
55938,NJ,2020,3,160747.62,99641.334,55938,NJ,79824.6,78196.97,831774,-50.34165980186829,-80923.01999999999
55938,NJ,2020,4,33228.26,20342.068,55938,NJ,50509.009999999995,49479.13,526304,52.00618389286708,17280.749999999993
55938,NJ,2021,1,3232.2200000000003,2053.867,55938,NJ,3313.91,3283.4,34415,2.5273650927226363,81.6899999999996
55938,NJ,2021,2,55739.25,34450.66,55938,NJ,55588.33,55076.520000000004,577306,-0.27076072964741765,-150.91999999999825
55938,NJ,2021,3,139203.18,86571.815,55938,NJ,139688.4,138402.26,1450718,0.34856962319395374,485.22000000000116
55938,NJ,2021,4,11293.39,6967.977000000001,55938,NJ,11243.36,11139.84,116766,-0.4430024996922876,-50.029999999998836
55938,NJ,2022,1,2884.79,1790.705,55938,NJ,2998.68,2914.5099999999998,31267,3.9479476842335095,113.88999999999987
55938,NJ,2022,2,22986.89,13180.824,55938,NJ,22071.46,21451.9,230137,-3.982400403012327,-915.4300000000003
55938,NJ,2022,3,154601.33000000002,96737.236,55938,NJ,161990.21000000002,157443.0,1689059,4.779312053783757,7388.880000000005
55938,NJ,2022,4,8424.61,5234.622,55938,NJ,8765.64,8519.59,91399,4.04802121403838,341.02999999999884
55938,NJ,2023,1,2628.59,1614.9769999999999,55938,NJ,2649.84,2583.34,27672,0.8084182013931422,21.25
55938,NJ,2023,2,59855.229999999996,37154.008,55938,NJ,60967.61,59437.43,636679,1.858450798702143,1112.3800000000047
55938,NJ,2023,3,129202.48999999999,81445.954,55938,NJ,133649.05000000002,130294.67000000001,1395685,3.4415435801585765,4446.560000000027
55938,NJ,2023,4,40507.0,25201.3,55938,NJ,41354.51,40316.58,431861,2.0922556595156445,847.510000000002
55938,NJ,2024,1,13161.24,8127.283,55938,NJ,13497.939999999999,13115.18,140010,2.5582695855405637,336.6999999999989
55938,NJ,2024,2,81540.43,50601.100999999995,55938,NJ,84038.81,81655.69,871707,3.0639769743672005,2498.3800000000047
55938,NJ,2024,3,84598.5,53203.648,55938,NJ,88361.2,85855.52,916542,4.447714793997526,3762.699999999997
55938,NJ,2024,4,7547.93,4680.401,55938,NJ,7773.04,7552.62,80627,2.9824070970451455,225.10999999999967
56963,NJ,2020,1,612036.74,261967.26900000003,56963,NJ,612615.0,599009.0,4342739,0.09448125614158544,578.2600000000093
56963,NJ,2020,2,486568.01,210221.038,56963,NJ,486167.0,474633.0,3487270,-0.08241602237681209,-401.0100000000093
56963,NJ,2020,3,900186.3200000001,385772.872,56963,NJ,898605.0,878655.0,6388637,-0.17566585548645808,-1581.3200000000652
56963,NJ,2020,4,268695.06,117933.48300000001,56963,NJ,268705.0,261790.0,1964379,0.0036993609037703663,9.940000000002328
56963,NJ,2021,1,20320.91,9792.967,56963,NJ,20263.0,13017.0,193951,-0.2849773952052337,-57.909999999999854
56963,NJ,2021,2,472629.73,206832.764,56963,NJ,471247.0,455672.0,3458160,-0.29256094406079397,-1382.7299999999814
56963,NJ,2021,3,714221.52,309643.032,56963,NJ,711720.0,691870.0,5115315,-0.35024427715367895,-2501.5200000000186
56963,NJ,2021,4,338832.83999999997,145774.865,56963,NJ,338249.0,325390.0,2435002,-0.17230915397691896,-583.8399999999674
56963,NJ,2022,1,164432.55,70956.743,56963,NJ,163761.0,153523.0,1203618,-0.4084045403419143,-671.5499999999884
56963,NJ,2022,2,462642.51,201687.773,56963,NJ,462059.0,447297.0,3369688,-0.12612546132001776,-583.5100000000093
56963,NJ,2022,3,1098134.42,465082.229,56963,NJ,1097353.0,1072597.0,7769990,-0.07115886596104742,-781.4199999999255
56963,NJ,2022,4,236584.36,105465.48999999999,56963,NJ,235875.0,224616.0,1769210,-0.29983385207711366,-709.359999999986
56963,NJ,2023,1,441608.31999999995,193808.764,56963,NJ,440300.0,425729.0,3220104,-0.296262534184127,-1308.3199999999488
56963,NJ,2023,2,407008.83999999997,178045.267,56963,NJ,405827.0,391831.0,2991328,-0.29037207152551464,-1181.8399999999674
56963,NJ,2023,3,895007.8300000001,383142.609,56963,NJ,893730.0,871210.0,6379663,-0.14277305261117934,-1277.8300000000745
56963,NJ,2023,4,496013.66000000003,213665.85499999998,56963,NJ,494719.0,479060.0,3587069,-0.2610129729088575,-1294.6600000000326
56963,NJ,2024,1,320076.6,141559.14500000002,56963,NJ,319363.0,305980.0,2390671,-0.22294663214992186,-713.5999999999767
56963,NJ,2024,2,388287.81,169362.077,56963,NJ,387468.0,373245.0,2829763,-0.21113462202174146,-819.8099999999977
56963,NJ,2024,3,281318.28,122910.143,56963,NJ,279434.0,265693.0,2040732,-0.6698036117667248,-1884.280000000028
56963,NJ,2024,4,257505.97,112397.361,56963,NJ,256941.0,246508.0,1899559,-0.21940073855375125,-564.9700000000012
56963,NJ,2025,1,233644.94,102395.99100000001,56963,NJ,233526.0,222813.0,1736339,-0.05090630252895797,-118.94000000000233
56963,NJ,2025,2,21739.07,15132.683,56963,NJ,21615.0,17572.0,262907,-0.5707235866115694,-124.06999999999971
56963,NJ,2025,3,55339.520000000004,37321.112,56963,NJ,55522.0,48045.0,639424,0.3297462645140325,182.47999999999593
56963,NJ,2025,4,98513.41,44742.831999999995,56963,NJ,98294.0,90560.0,775348,-0.22272094733093037,-219.4100000000035
56964,NJ,2020,1,21007.64,12688.425,56964,NJ,21051.0,20581.0,220456,0.20640109979036475,43.36000000000058
56964,NJ,2020,2,54672.45,32122.601000000002,56964,NJ,54785.0,53796.0,558056,0.2058623676092857,112.55000000000291
56964,NJ,2020,3,201020.89,115943.388,56964,NJ,201339.0,198579.0,2031743,0.1582472349017985,318.10999999998603
56964,NJ,2020,4,76171.56,45627.558,56964,NJ,76323.0,74871.0,792769,0.1988143606353898,151.44000000000233
56964,NJ,2021,1,91144.77,53119.395000000004,56964,NJ,91396.0,89784.0,929204,0.27563841567650665,251.22999999999593
56964,NJ,2021,2,124546.77,71135.486,56964,NJ,126397.0,124766.0,1273868,1.4855704407268016,1850.229999999996
56964,NJ,2021,3,264782.28,149554.80800000002,56964,NJ,265192.01,261047.0,2663237,0.15474222821858824,409.7299999999814
56964,NJ,2021,4,122340.85,71061.994,56964,NJ,122932.0,119978.0,1229939,0.4831991930740993,591.1499999999942
56964,NJ,2022,1,391070.32,221681.176,56964,NJ,391592.0,380560.0,3770676,0.13339800371452198,521.679999999993
56964,NJ,2022,2,192157.34,111251.094,56964,NJ,192595.0,188594.0,1883111,0.22776127105006944,437.6600000000035
56964,NJ,2022,3,492704.85,280296.727,56964,NJ,493289.0,485386.0,4763345,0.11855982339122972,584.1500000000233
56964,NJ,2022,4,108821.94,63463.956999999995,56964,NJ,109080.0,106434.01000000001,1067285,0.23713967973737435,258.0599999999977
56964,NJ,2023,1,151831.52,87663.117,56964,NJ,152030.0,148769.0,1498342,0.13072384442967475,198.48000000001048
56964,NJ,2023,2,154986.94,88600.603,56964,NJ,155320.0,152499.0,1522636,0.21489552603593418,333.0599999999977
56964,NJ,2023,3,372217.54,209825.586,56964,NJ,372774.0,363970.0,3601115,0.14949859697638673,556.460000000021
56964,NJ,2023,4,88193.93,50483.912,56964,NJ,88555.0,86536.0,858462,0.4094045928104202,361.070000000007
56964,NJ,2024,1,98188.51999999999,56782.293,56964,NJ,98476.0,95860.0,968645,0.2927837185039662,287.4800000000105
56964,NJ,2024,2,100417.79,58033.902,56964,NJ,100630.0,98233.0,995584,0.21132709652344114,212.2100000000064
56964,NJ,2024,3,207752.7,117147.038,56964,NJ,208054.0,204339.0,2030938,0.14502819939283018,301.29999999998836
56964,NJ,2024,4,197805.83000000002,109822.325,56964,NJ,197996.0,192101.0,1917330,0.09613973460740954,190.1699999999837
56964,NJ,2025,1,218996.38,120643.121,56964,NJ,219175.0,215580.0,2106244,0.08156299204580247,178.61999999999534
56964,NJ,2025,2,154251.48,85986.77,56964,NJ,154419.0,151485.0,1502314,0.1086018753272186,167.51999999998952
56964,NJ,2025,3,371446.86,203499.02300000002,56964,NJ,371738.0,365728.0,3599943,0.07837998684388232,291.14000000001397
56964,NJ,2025,4,202782.94999999998,110387.614,56964,NJ,202911.0,198932.0,1953092,0.06314633454144812,128.05000000001746
57839,NJ,2020,1,1219449.7000000002,440094.974,57839,NJ,1217102.0,1188970.0,8255734,-0.19252126594480984,-2347.7000000001863
57839,NJ,2020,2,1065628.29,385371.586,57839,NJ,1064742.0,1038874.0,7172121,-0.0831706523106699,-886.2900000000373
57839,NJ,2020,3,1347431.08,474510.727,57839,NJ,1346242.0,1315035.0,9121458,-0.08824792730772356,-1189.0800000000745
57839,NJ,2020,4,926074.5,321666.96400000004,57839,NJ,924312.0,901323.0,6271096,-0.19031946133923353,-1762.5
57839,NJ,2021,1,458930.44,171045.318,57839,NJ,458110.0,442916.0,3198385,-0.17877219039992254,-820.4400000000023
57839,NJ,2021,2,925119.01,348037.515,57839,NJ,922177.0,903133.0,6261555,-0.3180142195975423,-2942.0100000000093
57839,NJ,2021,3,1197698.48,475983.543,57839,NJ,1192458.0,1163391.0,8085528,-0.437545850438082,-5240.479999999981
57839,NJ,2021,4,1182966.3599999999,476203.674,57839,NJ,1177135.0,1149067.0,7846262,-0.492943856831218,-5831.35999999987
57839,NJ,2022,1,955325.6299999999,372848.11199999996,57839,NJ,950842.0,927154.0,6456354,-0.469330023104257,-4483.629999999888
57839,NJ,2022,2,988930.05,382097.816,57839,NJ,983636.0,959554.0,6627408,-0.5353310883818372,-5294.050000000047
57839,NJ,2022,3,1402607.81,538751.975,57839,NJ,1396289.0,1364619.0,9337845,-0.45050440721558904,-6318.810000000056
57839,NJ,2022,4,1204231.1099999999,461553.027,57839,NJ,1198700.0,1170797.0,7957598,-0.45930635357858096,-5531.10999999987
57839,NJ,2023,1,851021.87,328555.831,57839,NJ,847029.0,828283.0,5678720,-0.4691853571283656,-3992.8699999999953
57839,NJ,2023,2,666406.38,258991.49699999997,57839,NJ,662415.0,645855.0,4549023,-0.5989408444739086,-3991.3800000000047
57839,NJ,2023,3,1249295.9900000002,485999.667,57839,NJ,1243536.0,1217915.0,8408946,-0.4610588720452246,-5759.9900000002235
57839,NJ,2023,4,1347480.44,513796.63800000004,57839,NJ,1341231.0,1311008.0,8969077,-0.46378706617811416,-6249.439999999944
57839,NJ,2024,1,1040668.56,409106.144,57839,NJ,1035235.0,1018624.0,7120474,-0.5221220481572015,-5433.560000000056
57839,NJ,2024,2,879975.48,341551.512,57839,NJ,866219.0,841022.16,5929114,-1.563279922299651,-13756.479999999981
57839,NJ,2024,3,972376.8999999999,380268.132,57839,NJ,967105.0,942295.0,6690683,-0.5421663143170007,-5271.899999999907
57839,NJ,2024,4,831294.3300000001,320383.586,57839,NJ,827011.0,806178.0,5589302,-0.5152603410635646,-4283.3300000000745
57839,NJ,2025,1,803151.03,315049.69200000004,57839,NJ,797912.0,777933.0,5631934,-0.6523094417248059,-5239.030000000028
57839,NJ,2025,2,802131.76,309229.225,57839,NJ,798516.0,778098.0,5447261,-0.4507688362819606,-3615.7600000000093
57839,NJ,2025,3,1214826.5699999998,467642.354,57839,NJ,1209424.0,1180684.0,8210775,-0.4447194466614139,-5402.569999999832
57839,NJ,2025,4,1119574.2,430223.725,57839,NJ,1114380.0,1091126.0,7539857,-0.4639442388007828,-5194.199999999953
58079,NJ,2020,1,959873.35,372616.714,58079,NJ,956671.0,934792.0,6397453,-0.3336221387957043,-3202.3499999999767
58079,NJ,2020,2,1028642.88,403867.611,58079,NJ,1026719.0,1002069.0,6874762,-0.18703089647594748,-1923.8800000000047
58079,NJ,2020,3,1304668.85,510619.407,58079,NJ,1301229.0,1272351.0,8752548,-0.2636569425260742,-3439.850000000093
58079,NJ,2020,4,1051504.1800000002,416373.336,58079,NJ,1049809.0,1025178.0,7042878,-0.16121476568929732,-1695.1800000001676
58079,NJ,2021,1,951062.76,372471.668,58079,NJ,951062.0,927344.0,6514460,-7.991060442838843e-05,-0.7600000000093132
58079,NJ,2021,2,1034983.77,383785.114,58079,NJ,1032904.0,1008501.0,6967892,-0.20094711243636398,-2079.7700000000186
58079,NJ,2021,3,1167755.1800000002,432180.89800000004,58079,NJ,1165054.0,1137508.0,7811222,-0.23131389577738096,-2701.1800000001676
58079,NJ,2021,4,1230357.1099999999,464552.521,58079,NJ,1227504.0,1199764.0,8254131,-0.23189283638145267,-2853.1099999998696
58079,NJ,2022,1,690442.24,258928.037,58079,NJ,691197.0,671418.0,4700848,0.10931544396820352,754.7600000000093
58079,NJ,2022,2,1244782.5499999998,467601.106,58079,NJ,1241544.0,1213780.0,8305480,-0.2601699389182323,-3238.5499999998137
58079,NJ,2022,3,1444825.57,534647.668,58079,NJ,1442191.0,1411819.0,9602716,-0.18234519479054243,-2634.570000000065
58079,NJ,2022,4,1242839.4300000002,464315.29799999995,58079,NJ,1239320.0,1211021.0,8264760,-0.28317656448992506,-3519.4300000001676
58079,NJ,2023,1,340652.65,129196.569,58079,NJ,339377.0,326857.0,2359157,-0.3744723547578518,-1275.6500000000233
58079,NJ,2023,2,1139748.56,425741.091,58079,NJ,1136513.0,1109795.0,7657103,-0.2838836664114808,-3235.560000000056
58079,NJ,2023,3,1163043.0699999998,447338.18299999996,58079,NJ,1159052.0,1130649.0,7865440,-0.3431575410186514,-3991.0699999998324
58079,NJ,2023,4,1146601.56,436769.618,58079,NJ,1142632.0,1114472.0,7792627,-0.346202215179269,-3969.560000000056
58079,NJ,2024,1,673475.53,262341.949,58079,NJ,670086.0,648933.0,4720549,-0.5032892583343047,-3389.530000000028
58079,NJ,2024,2,861144.87,335264.45,58079,NJ,858001.0,834382.0,5926211,-0.36508026808543786,-3143.8699999999953
58079,NJ,2024,3,813446.91,322191.00800000003,58079,NJ,812234.0,788857.0,5593120,-0.1491074568099389,-1212.9100000000326
58079,NJ,2024,4,878026.98,353695.30799999996,58079,NJ,875540.0,850492.0,6110815,-0.2832464214254534,-2486.9799999999814
58079,NJ,2025,1,256127.93,104974.966,58079,NJ,255162.0,241021.0,1877697,-0.37712794539822075,-965.929999999993
58079,NJ,2025,2,723267.1799999999,292027.825,58079,NJ,720864.0,699693.0,5015896,-0.33226725426694115,-2403.179999999935
58079,NJ,2025,3,844815.0700000001,335709.22199999995,58079,NJ,841027.0,816626.0,5808744,-0.44839043886848096,-3788.070000000065
58079,NJ,2025,4,870360.3200000001,357283.10400000005,58079,NJ,869100.0,843761.0,6137638,-0.14480439549450796,-1260.3200000000652
58235,NJ,2020,1,10914.59,6214.521,58235,NJ,12187.9,11726.16,123791,11.666127632829081,1273.3099999999995
58235,NJ,2020,2,10273.31,5941.117,58235,NJ,11576.67,11138.09,117581,12.686855550937338,1303.3600000000006
58235,NJ,2020,3,22610.92,13216.375,58235,NJ,18538.32,17836.01,188290,-18.01165100756625,-4072.5999999999985
58235,NJ,2020,4,10280.7,5808.214,58235,NJ,11730.130000000001,11285.73,119140,14.098553600435771,1449.4300000000003
58235,NJ,2021,1,3837.81,2156.134,58235,NJ,3857.8999999999996,3714.1,38690,0.5234756280274347,20.08999999999969
58235,NJ,2021,2,12982.65,7175.503,58235,NJ,12840.890000000001,12362.25,128780,-1.0919188301309704,-141.7599999999984
58235,NJ,2021,3,27532.64,15348.056,58235,NJ,27460.920000000002,26437.329999999998,275405,-0.2604908210763571,-71.71999999999753
58235,NJ,2021,4,12178.16,6731.901,58235,NJ,12045.289999999999,11596.31,120802,-1.0910515217405652,-132.8700000000008
58235,NJ,2022,1,4455.5,2544.967,58235,NJ,4548.6,4377.25,44896,2.0895522388059784,93.10000000000036
58235,NJ,2022,2,20935.32,11674.184,58235,NJ,20868.09,20082.0,205978,-0.32113194352892416,-67.22999999999956
58235,NJ,2022,3,35850.92,19996.967,58235,NJ,35742.08,34395.68,352792,-0.303590535472999,-108.83999999999651
58235,NJ,2022,4,1442.91,804.515,58235,NJ,1438.25,1384.07,14196,-0.3229584658779883,-4.660000000000082
58235,NJ,2023,1,2006.13,1120.362,58235,NJ,2018.84,1935.93,19613,0.6335581442877485,12.709999999999809
58235,NJ,2023,2,35292.36,19444.258,58235,NJ,35035.84,33596.86,340366,-0.7268428634412776,-256.5200000000041
58235,NJ,2023,3,32733.8,18293.732,58235,NJ,32966.770000000004,31612.769999999997,320266,0.7117108310064972,232.9700000000048
58235,NJ,2023,4,21233.2,11743.326,58235,NJ,21160.56,20291.45,205570,-0.34210575890586165,-72.63999999999942
58235,NJ,2024,1,0.0,0.0,58235,NJ,0.0,0.0,0,,0.0
58235,NJ,2024,2,24249.01,13908.638,58235,NJ,24128.8,23235.43,237338,-0.49573157832010106,-120.20999999999913
58235,NJ,2024,3,33534.98,19407.923,58235,NJ,33665.73,32419.26,331144,0.3898913910191686,130.75
58235,NJ,2024,4,7062.24,4050.484,58235,NJ,7026.46,6766.3099999999995,69113,-0.5066381204830159,-35.779999999999745
6776,NJ,2020,1,69.9,92.4,6776,NJ,70.0,69.0,1136,0.14306151645206625,0.09999999999999432
6776,NJ,2020,2,0.0,0.0,6776,NJ,0.0,0.0,0,,0.0
6776,NJ,2020,3,57.89,86.1,6776,NJ,35.0,33.0,1049,-39.54050785973398,-22.89
6776,NJ,2020,4,0.0,0.0,6776,NJ,0.0,0.0,0,,0.0
6776,NJ,2021,1,34.05,47.4,6776,NJ,31.0,30.0,582,-8.957415565345073,-3.049999999999997
6776,NJ,2021,2,0.0,0.0,6776,NJ,0.0,0.0,0,,0.0
6776,NJ,2021,3,195.5,301.4,6776,NJ,193.0,188.0,3400,-1.278772378516624,-2.5
6776,NJ,2021,4,0.0,0.0,6776,NJ,0.0,0.0,0,,0.0
6776,NJ,2022,1,0.0,0.0,6776,NJ,0.0,0.0,0,,0.0
6776,NJ,2022,2,0.0,0.0,6776,NJ,0.0,0.0,0,,0.0
6776,NJ,2022,3,0.0,0.0,6776,NJ,0.0,0.0,0,,0.0
6776,NJ,2022,4,0.0,0.0,6776,NJ,0.0,0.0,0,,0.0
6776,NJ,2023,1,0.0,0.0,6776,NJ,0.0,0.0,0,,0.0
6776,NJ,2023,2,0.0,0.0,6776,NJ,0.0,0.0,0,,0.0
7138,NJ,2020,1,0.0,0.0,7138,NJ,1334.8899999999999,1174.07,17328,,1334.8899999999999
7138,NJ,2020,2,324.92,256.1,7138,NJ,1267.95,1115.18,16458,290.2345192662809,943.03
7138,NJ,2020,3,4526.46,3493.9,7138,NJ,2030.42,1785.8000000000002,26356,-55.14331287584559,-2496.04
7138,NJ,2020,4,1066.11,799.9,7138,NJ,1284.75,1129.97,16677,20.50820271829362,218.6400000000001
7138,NJ,2021,1,0.0,0.0,7138,NJ,0.0,0.0,0,,0.0
7138,NJ,2021,2,1930.4199999999998,1495.3,7138,NJ,1909.14,1730.11,24931,-1.10235078376725,-21.279999999999745
7138,NJ,2021,3,5619.27,4359.8,7138,NJ,5570.59,5048.21,72747,-0.8663046979411967,-48.68000000000029
7138,NJ,2021,4,1429.27,1230.9,7138,NJ,1499.29,1358.6699999999998,19581,4.899004386854826,70.01999999999998
7138,NJ,2022,1,221.5,173.0,7138,NJ,218.4,207.44,2975,-1.3995485327313744,-3.0999999999999943
7138,NJ,2022,2,1930.9499999999998,1504.4,7138,NJ,1898.73,1803.47,25846,-1.6686087159170255,-32.2199999999998
7138,NJ,2022,3,5585.7,4323.0,7138,NJ,5453.38,5179.790000000001,74231,-2.368906314338395,-132.3199999999997
7138,NJ,2022,4,462.31,134.4,7138,NJ,163.5,155.29,2222,-64.63411996279552,-298.81
7138,NJ,2023,1,108.72999999999999,125.5,7138,NJ,66.85,60.669999999999995,1573,-38.51742849259634,-41.879999999999995
7138,NJ,2023,2,281.12,181.9,7138,NJ,126.27,114.62,2972,-55.08323847467275,-154.85000000000002
7138,NJ,2023,3,2859.96,2279.4,7138,NJ,1583.32,1437.14,37262,-44.63838655086085,-1276.64
7138,NJ,2023,4,763.99,593.7,7138,NJ,400.56,363.58,9427,-47.569994371654076,-363.43
7138,NJ,2024,1,78.47,60.8,7138,NJ,983.3299999999999,959.3,18534,1153.128584172295,904.8599999999999
7138,NJ,2024,2,748.56,599.7,7138,NJ,930.1700000000001,907.44,17530,24.261248263332284,181.61000000000013
7138,NJ,2024,3,4605.41,3613.4,7138,NJ,1045.57,1020.0100000000001,19698,-77.2969181896943,-3559.84
7138,NJ,2024,4,1242.28,1297.8999999999999,7138,NJ,968.95,945.27,18257,-22.00228611907138,-273.3299999999999
7288,NJ,2020,1,295.65,187.322,7288,NJ,3812.9300000000003,3804.3599999999997,51938,1189.6769829189923,3517.28
7288,NJ,2020,2,1833.1,1395.933,7288,NJ,3621.71,3613.57,49335,97.57296383176042,1788.6100000000001
7288,NJ,2020,3,6057.81,4579.131,7288,NJ,5799.639999999999,5786.6,79002,-4.2617711681284325,-258.170000000001
7288,NJ,2020,4,8583.92,6729.658,7288,NJ,3669.72,3661.47,49989,-57.248902599278665,-4914.200000000001
7288,NJ,2021,1,0.0,0.0,7288,NJ,0.0,0.0,0,,0.0
7288,NJ,2021,2,2202.93,1779.884,7288,NJ,2210.31,2205.02,30646,0.3350083752093852,7.380000000000109
7288,NJ,2021,3,7587.94,6115.73,7288,NJ,7595.02,7576.870000000001,105301,0.09330595655739024,7.080000000000837
7288,NJ,2021,4,2792.59,2210.947,7288,NJ,2745.68,2739.12,38066,-1.6798026205064227,-46.91000000000031
7288,NJ,2022,1,1681.71,1347.763,7288,NJ,1637.44,1633.8400000000001,22168,-2.632439600168875,-44.26999999999998
7288,NJ,2022,2,4436.41,3544.393,7288,NJ,4483.3099999999995,4473.43,60715,1.0571610829476905,46.899999999999636
7288,NJ,2022,3,10932.02,8789.786,7288,NJ,11119.49,11095.01,150576,1.71487062775223,187.46999999999935
7288,NJ,2022,4,4328.67,4020.076,7288,NJ,4100.76,4091.7300000000005,55532,-5.265127625806538,-227.90999999999985
7288,NJ,2023,1,5338.77,4461.842,7288,NJ,5211.01,5182.47,70886,-2.3930605738775075,-127.76000000000022
7288,NJ,2023,2,7081.49,5549.814,7288,NJ,7041.740000000001,7003.1900000000005,95793,-0.5613225465262126,-39.74999999999909
7288,NJ,2023,3,14658.69,11712.58,7288,NJ,14864.39,14783.029999999999,202206,1.403263183817919,205.6999999999989
7288,NJ,2023,4,5915.87,4751.967,7288,NJ,5945.87,5913.32,80883,0.5071105348832885,30.0
7288,NJ,2024,1,7152.85,6112.773,7288,NJ,6944.01,6933.74,93412,-2.9196753741515638,-208.84000000000015
7288,NJ,2024,2,6224.34,4853.026,7288,NJ,6241.110000000001,6231.879999999999,83953,0.2694261560261881,16.770000000000437
7288,NJ,2024,3,8831.73,7015.3,7288,NJ,9022.619999999999,9009.31,121376,2.16141118444517,190.88999999999942
7288,NJ,2024,4,3548.75,2749.179,7288,NJ,3507.2599999999998,3502.09,47176,-1.16914406481156,-41.49000000000024
8008,NJ,2020,1,0.0,0.0,8008,NJ,0.0,0.0,0,,0.0
8008,NJ,2020,2,0.0,0.0,8008,NJ,0.0,0.0,0,,0.0
8008,NJ,2020,3,0.0,0.0,8008,NJ,0.0,0.0,0,,0.0
8008,NJ,2020,4,0.0,0.0,8008,NJ,0.0,0.0,0,,0.0
8008,NJ,2021,1,0.0,0.0,8008,NJ,538.26,537.06,9383,,538.26
8008,NJ,2021,2,0.0,0.0,8008,NJ,734.38,732.75,12802,,734.38
8008,NJ,2021,3,2470.0,4543.0,8008,NJ,1062.56,1060.2,18522,-56.98137651821863,-1407.44
8008,NJ,2021,4,696.0,1362.9,8008,NJ,821.81,819.99,14326,18.07614942528735,125.80999999999995
8008,NJ,2022,1,4.0,64.9,8008,NJ,428.23,427.21999999999997,7442,10605.75,424.23
8008,NJ,2022,2,631.0,1233.1,8008,NJ,622.9,621.45,10822,-1.2836767036450114,-8.100000000000023
8008,NJ,2022,3,1772.24,1857.7,8008,NJ,957.8199999999999,955.5799999999999,16644,-45.954272559021355,-814.4200000000001
8008,NJ,2022,4,57.72,68.2,8008,NJ,557.0699999999999,555.77,9679,865.1247401247399,499.3499999999999
8008,NJ,2023,1,0.0,0.0,8008,NJ,0.0,0.0,0,,0.0
8008,NJ,2023,2,47.52,71.6,8008,NJ,70.3,70.13,1261,47.93771043771042,22.779999999999994
8008,NJ,2023,3,1875.25,1981.7,8008,NJ,1948.3899999999999,1943.72,34939,3.900279962671637,73.13999999999987
8008,NJ,2023,4,28.43,69.5,8008,NJ,68.32,68.16,1226,140.30953218431233,39.88999999999999
8008,NJ,2024,1,0.0,0.0,8008,NJ,0.0,0.0,0,,0.0
8008,NJ,2024,2,0.0,0.0,8008,NJ,0.0,0.0,0,,0.0
10025,NY,2020,1,0.0,0.0,10025,NY,86616.0,86191.0,615695,,86616.0
10025,NY,2020,2,0.0,0.0,10025,NY,77500.0,77304.0,550896,,77500.0
10025,NY,2020,3,0.0,0.0,10025,NY,76345.0,76108.0,542685,,76345.0
10025,NY,2020,4,0.0,0.0,10025,NY,73724.0,73554.0,524055,,73724.0
10025,NY,2021,1,0.0,0.0,10025,NY,81925.0,72434.0,582351,,81925.0
10025,NY,2021,2,0.0,0.0,10025,NY,64113.0,55224.0,455737,,64113.0
10025,NY,2021,3,0.0,0.0,10025,NY,79923.0,70832.0,568120,,79923.0
10025,NY,2021,4,0.0,0.0,10025,NY,73154.0,71354.0,520003,,73154.0
10025,NY,2022,1,0.0,0.0,10025,NY,86685.0,84100.0,616185,,86685.0
10025,NY,2022,2,0.0,0.0,10025,NY,65272.0,64296.0,463976,,65272.0
10025,NY,2022,3,0.0,0.0,10025,NY,75705.0,75464.0,538136,,75705.0
10025,NY,2022,4,0.0,0.0,10025,NY,67516.0,67256.0,479926,,67516.0
10025,NY,2023,1,0.0,0.0,10025,NY,79778.0,79571.0,567089,,79778.0
10025,NY,2023,2,0.0,0.0,10025,NY,71147.0,70981.0,505737,,71147.0
10025,NY,2023,3,0.0,0.0,10025,NY,75406.0,75195.01,536012,,75406.0
10025,NY,2023,4,0.0,0.0,10025,NY,66182.0,65880.0,470445,,66182.0
10025,NY,2024,1,0.0,0.0,10025,NY,79433.0,79218.0,564636,,79433.0
10025,NY,2024,2,0.0,0.0,10025,NY,80113.0,79948.0,569469,,80113.0
10025,NY,2024,3,0.0,0.0,10025,NY,78194.0,77937.0,555828,,78194.0
10025,NY,2024,4,0.0,0.0,10025,NY,76177.0,75927.0,541492,,76177.0
10025,NY,2025,1,0.0,0.0,10025,NY,88504.0,88019.0,629116,,88504.0
10025,NY,2025,2,0.0,0.0,10025,NY,81764.0,81064.0,581206,,81764.0
10025,NY,2025,3,0.0,0.0,10025,NY,93620.0,93373.0,665483,,93620.0
10025,NY,2025,4,0.0,0.0,10025,NY,82577.0,82424.0,586985,,82577.0
10190,NY,2020,1,13898.41,7456.653,10190,NY,13674.0,13293.0,125429,-1.6146451284715293,-224.40999999999985
10190,NY,2020,2,2155.35,1166.869,10190,NY,2117.0,2046.0,19680,-1.779293386224971,-38.34999999999991
10190,NY,2020,3,30693.28,16610.126,10190,NY,29404.0,28425.0,280184,-4.200528584758614,-1289.2799999999988
10190,NY,2020,4,34817.47,18695.064,10190,NY,34323.0,33337.0,314627,-1.4201778589886087,-494.47000000000116
10190,NY,2021,1,56190.58,30428.387,10190,NY,55531.0,53996.0,512480,-1.173826644964337,-659.5800000000017
10190,NY,2021,2,19808.84,10732.901,10190,NY,19429.0,18831.0,180557,-1.917527730043759,-379.84000000000015
10190,NY,2021,3,20922.16,11335.867,10190,NY,20662.0,20007.0,192140,-1.2434662577860023,-260.15999999999985
10190,NY,2021,4,54633.26,29201.327,10190,NY,54015.0,52492.0,491789,-1.1316549662238753,-618.260000000002
10190,NY,2022,1,75556.7,40671.873,10190,NY,74415.0,72377.0,684946,-1.5110506414388098,-1141.699999999997
10190,NY,2022,2,23621.95,12604.044,10190,NY,22915.0,22217.0,212290,-2.992767320225471,-706.9500000000007
10190,NY,2022,3,16514.81,8945.072,10190,NY,15802.0,15307.0,151946,-4.3161865016915195,-712.8100000000013
10190,NY,2022,4,67202.66,36086.955,10190,NY,66224.0,64409.0,609051,-1.4562816412326587,-978.6600000000035
10190,NY,2023,1,40535.78,21817.477,10190,NY,39862.0,38757.01,367046,-1.6621858516105992,-673.7799999999988
10190,NY,2023,2,12293.56,6634.422,10190,NY,11985.0,11622.0,112064,-2.5099320294528153,-308.5599999999995
10190,NY,2023,3,16477.83,8907.283,10190,NY,16047.0,15560.0,150409,-2.614603986083129,-430.83000000000175
10190,NY,2023,4,24244.97,12951.629,10190,NY,24663.0,23973.0,226540,1.724192688215324,418.02999999999884
10190,NY,2024,1,29580.11,15846.246,10190,NY,29851.0,29011.0,269045,0.9157842888346238,270.8899999999994
10190,NY,2024,2,4006.69,2201.197,10190,NY,4028.0,3904.0,37165,0.5318604633750039,21.309999999999945
10190,NY,2024,3,24076.25,13114.732,10190,NY,24275.0,23546.0,221310,0.8255023103681014,198.75
10190,NY,2024,4,31046.58,16704.493,10190,NY,31397.0,30594.0,282213,1.128691147301887,350.41999999999825
10464,NY,2020,1,0.0,133063.904,10464,NY,84086.01,71398.0,1464193,,84086.01
10464,NY,2020,2,0.0,137012.499,10464,NY,88662.0,74818.0,1415836,,88662.0
10464,NY,2020,3,0.0,166878.373,10464,NY,101806.0,87918.01,1535183,,101806.0
10464,NY,2020,4,0.0,157580.007,10464,NY,95842.01,83296.01000000001,1469008,,95842.01
10464,NY,2021,1,0.0,148097.599,10464,NY,86084.01999999999,74392.99,1401067,,86084.01999999999
10464,NY,2021,2,0.0,158861.044,10464,NY,83396.01,71433.01000000001,1321054,,83396.01
10464,NY,2021,3,0.0,177081.585,10464,NY,98069.0,85358.01000000001,1558665,,98069.0
10464,NY,2021,4,0.0,129741.16200000001,10464,NY,76564.0,65607.01000000001,1237466,,76564.0
10464,NY,2022,1,0.0,142959.95299999998,10464,NY,85367.98999999999,71899.01,1453917,,85367.98999999999
10464,NY,2022,2,0.0,132557.235,10464,NY,77972.0,67072.01000000001,1284372,,77972.0
10464,NY,2022,3,0.0,101609.01699999999,10464,NY,60918.0,50141.0,957783,,60918.0
10464,NY,2022,4,0.0,129857.217,10464,NY,83249.99,70364.0,1345100,,83249.99
10464,NY,2023,1,0.0,122483.628,10464,NY,73167.02,60528.01000000001,1194444,,73167.02
10464,NY,2023,2,0.0,21414.911,10464,NY,13515.0,11198.0,233346,,13515.0
10464,NY,2023,3,0.0,0.0,10464,NY,0.0,0.0,0,,0.0
10464,NY,2023,4,0.0,0.0,10464,NY,0.0,0.0,0,,0.0
10464,NY,2024,1,0.0,0.0,10464,NY,0.0,0.0,0,,0.0
10464,NY,2024,2,0.0,0.0,10464,NY,0.0,0.0,0,,0.0
10617,NY,2020,1,715.47,357.169,10617,NY,660.0,625.0,4170,-7.752945616168397,-55.47000000000003
10617,NY,2020,2,0.0,0.0,10617,NY,0.0,0.0,0,,0.0
10617,NY,2020,3,811.7,407.42,10617,NY,762.0,726.0,4814,-6.122951829493661,-49.700000000000045
10617,NY,2020,4,853.47,416.199,10617,NY,782.0,744.0,4941,-8.374049468639791,-71.47000000000003
10617,NY,2021,1,0.0,0.0,10617,NY,0.0,0.0,0,,0.0
10617,NY,2021,2,770.53,403.06,10617,NY,732.0,697.0,4625,-5.000454232800796,-38.52999999999997
10617,NY,2021,3,3259.14,1625.982,10617,NY,3053.0,2901.0,19290,-6.324981436820752,-206.13999999999987
10617,NY,2021,4,741.51,367.469,10617,NY,669.0,633.0,4227,-9.778694825423797,-72.50999999999999
10617,NY,2022,1,0.0,0.0,10617,NY,0.0,0.0,0,,0.0
10617,NY,2022,2,4682.6,2302.962,10617,NY,4369.0,4164.0,27605,-6.697134070815366,-313.60000000000036
10617,NY,2022,3,995.38,522.388,10617,NY,925.0,876.0,5844,-7.070666479133597,-70.38
10617,NY,2022,4,369.23,203.576,10617,NY,349.0,329.0,2205,-5.478969747853646,-20.230000000000018
10617,NY,2023,1,713.52,356.194,10617,NY,662.0,628.0,4183,-7.220540419329518,-51.51999999999998
10617,NY,2023,2,643.99,364.331,10617,NY,611.0,576.0,3861,-5.1227503532663565,-32.99000000000001
10617,NY,2023,3,3503.66,1790.449,10617,NY,3291.0,3216.0,20794,-6.0696528772769005,-212.65999999999985
10617,NY,2023,4,0.0,0.0,10617,NY,0.0,0.0,0,,0.0
10617,NY,2024,1,857.86,485.799,10617,NY,775.0,752.0,4897,-9.65891870468375,-82.86000000000001
10617,NY,2024,2,3078.35,1560.407,10617,NY,2947.0,2799.0,18621,-4.266896226874784,-131.3499999999999
10617,NY,2024,3,4139.09,2115.189,10617,NY,3958.0,3761.0,25009,-4.375116269518182,-181.09000000000015
10617,NY,2024,4,643.12,342.499,10617,NY,602.0,583.0,3804,-6.393830078367957,-41.120000000000005
10620,NY,2020,1,335.08,179.178,10620,NY,340.0,328.0,3275,1.4683060761609217,4.920000000000016
10620,NY,2020,2,664.06,361.215,10620,NY,674.0,651.0,6607,1.49685269403368,9.940000000000055
10620,NY,2020,3,3596.31,1946.678,10620,NY,3663.0,3546.0,35315,1.8544007607798008,66.69000000000005
10620,NY,2020,4,101.59,64.448,10620,NY,106.0,102.0,1171,4.340978442760111,4.409999999999997
10620,NY,2021,1,301.44,164.338,10620,NY,307.0,297.0,2973,1.8444798301486205,5.560000000000002
10620,NY,2021,2,1734.76,921.882,10620,NY,1767.0,1711.0,16821,1.8584703359542536,32.24000000000001
10620,NY,2021,3,2949.88,1597.84,10620,NY,3008.0,2912.0,28390,1.9702496372733767,58.11999999999989
10620,NY,2021,4,0.0,0.0,10620,NY,0.0,0.0,0,,0.0
10620,NY,2022,1,0.54,1.836,10620,NY,0.0,0.0,0,-100.0,-0.54
10620,NY,2022,2,335.3,182.82,10620,NY,339.0,328.0,3287,1.1034894124664445,3.6999999999999886
10620,NY,2022,3,2478.87,1356.929,10620,NY,2514.0,2435.0,24344,1.417177988357603,35.13000000000011
10620,NY,2022,4,0.0,0.0,10620,NY,0.0,0.0,0,,0.0
10620,NY,2023,1,0.0,0.0,10620,NY,0.0,0.0,0,,0.0
10620,NY,2023,2,280.24,158.114,10620,NY,283.0,273.0,2839,0.9848701113331397,2.759999999999991
10620,NY,2023,3,1829.26,1033.976,10620,NY,1864.0,1804.0,18498,1.8991286093830297,34.74000000000001
10620,NY,2023,4,183.42,108.31,10620,NY,185.0,179.0,1914,0.8614109693599458,1.5800000000000125
10620,NY,2024,1,455.2,249.792,10620,NY,461.0,446.0,4576,1.2741652021089658,5.800000000000011
10620,NY,2024,2,976.93,529.487,10620,NY,992.0,959.0,9338,1.542587493474461,15.07000000000005
10620,NY,2024,3,1906.48,1042.125,10620,NY,1941.0,1878.0,18374,1.8106667785657327,34.51999999999998
10620,NY,2024,4,0.0,0.0,10620,NY,0.0,0.0,0,,0.0
10621,NY,2020,1,1123.88,590.063,10621,NY,1138.0,1019.0,10058,1.2563618891696524,14.11999999999989
10621,NY,2020,2,2552.7,1256.85,10621,NY,2549.0,2278.0,21814,-0.14494456849609505,-3.699999999999818
10621,NY,2020,3,1324.86,664.524,10621,NY,1606.0,1265.0,11559,21.22035535830202,281.1400000000001
10621,NY,2020,4,1041.78,493.566,10621,NY,1046.0,964.0,8589,0.40507592773906465,4.220000000000027
10621,NY,2021,1,974.64,490.385,10621,NY,980.0,877.0,8137,0.5499466469670867,5.360000000000014
10621,NY,2021,2,6122.15,2928.778,10621,NY,6080.0,5585.0,48344,-0.6884836209501505,-42.149999999999636
10621,NY,2021,3,6528.55,3163.707,10621,NY,6480.0,5900.0,51798,-0.7436567078447769,-48.55000000000018
10621,NY,2021,4,12.7,17.834,10621,NY,0.0,0.0,0,-100.0,-12.7
10621,NY,2022,1,1493.91,750.512,10621,NY,1510.0,1351.0,12486,1.0770394468207534,16.089999999999918
10621,NY,2022,2,679.91,344.326,10621,NY,682.0,621.0,5690,0.3073936256269259,2.090000000000032
10621,NY,2022,3,994.33,637.197,10621,NY,1023.0,765.0,10691,2.8833485864853676,28.66999999999996
10621,NY,2022,4,0.0,7.47,10621,NY,0.0,0.0,0,,0.0
10621,NY,2023,1,1905.5,1063.44,10621,NY,1928.0,1398.0,17495,1.1807924429283654,22.5
10621,NY,2023,2,2.52,8.192,10621,NY,4.0,4.0,125,58.730158730158735,1.48
10621,NY,2023,3,10329.8,5081.354,10621,NY,10313.0,9441.0,81614,-0.16263625626826533,-16.799999999999272
10621,NY,2023,4,0.0,0.0,10621,NY,0.0,0.0,0,,0.0
10621,NY,2024,1,536.8,275.44,10621,NY,540.0,488.0,4463,0.5961251862891292,3.2000000000000455
10621,NY,2024,2,7045.68,3387.043,10621,NY,7032.0,6503.0,54522,-0.19416152876656745,-13.680000000000291
10621,NY,2024,3,9535.44,4580.712,10621,NY,9422.0,8707.0,73076,-1.1896671784416923,-113.44000000000051
10621,NY,2024,4,514.86,300.212,10621,NY,521.0,437.0,4886,1.1925572000155356,6.139999999999986
10725,NY,2020,1,3977.67,1995.5729999999999,10725,NY,3798.0,2667.0,28171,-4.516965962485577,-179.67000000000007
10725,NY,2020,2,17924.89,8805.589,10725,NY,17028.0,15649.0,126303,-5.003601137859142,-896.8899999999994
10725,NY,2020,3,105342.35,50716.672000000006,10725,NY,99405.0,93853.0,737326,-5.6362422140763,-5937.350000000006
10725,NY,2020,4,26430.11,12773.544,10725,NY,25377.0,22107.0,188232,-3.984508577527678,-1053.1100000000006
10725,NY,2021,1,8985.369999999999,4443.551,10725,NY,8359.0,6396.0,62002,-6.970998411862829,-626.369999999999
10725,NY,2021,2,25420.97,12484.231,10725,NY,23093.0,21520.0,171290,-9.157675729919044,-2327.970000000001
10725,NY,2021,3,58027.630000000005,31004.379,10725,NY,60014.0,55571.0,445147,3.4231451465448357,1986.3699999999953
10725,NY,2021,4,22926.739999999998,10892.957,10725,NY,21278.0,19122.0,157827,-7.1913407662842515,-1648.739999999998
10725,NY,2022,1,106136.86,50701.805,10725,NY,97684.0,94369.0,724560,-7.9641135040173605,-8452.86
10725,NY,2022,2,64028.94,31367.111,10725,NY,61989.0,56892.0,459796,-3.1859655961819797,-2039.9400000000023
10725,NY,2022,3,163539.58,79615.134,10725,NY,156898.0,149738.0,1163774,-4.061145320294933,-6641.579999999987
10725,NY,2022,4,42302.06999999999,20597.077,10725,NY,40543.0,38247.0,300724,-4.158354425681752,-1759.0699999999924
10725,NY,2024,1,4395.5,2203.533,10725,NY,4228.0,3105.0,31361,-3.8107155044932317,-167.5
10725,NY,2024,2,27510.01,13934.547999999999,10725,NY,25822.0,24646.0,191532,-6.135984683393421,-1688.0099999999984
10725,NY,2024,3,74021.69,36323.0,10725,NY,69375.0,64610.0,514581,-6.277470833211188,-4646.690000000002
10725,NY,2024,4,116.6,84.12,10725,NY,0.0,0.0,0,-100.0,-116.6
2480,NY,2020,1,2828.0,1893.88,2480,NY,2932.51,2830.51,32778,3.695544554455453,104.51000000000022
2480,NY,2020,2,1172.0,1098.0130000000001,2480,NY,1181.18,1117.18,15064,0.7832764505119507,9.180000000000064
2480,NY,2020,3,6968.58,4261.394,2480,NY,7108.4400000000005,6765.4400000000005,80608,2.007008601465443,139.86000000000058
2480,NY,2020,4,1679.46,1233.508,2480,NY,1686.8700000000001,1580.8700000000001,19642,0.44121324711514903,7.410000000000082
2480,NY,2021,1,827.0,798.947,2480,NY,838.19,796.19,9517,1.3530834340991602,11.190000000000055
2480,NY,2021,2,6924.0,4507.594,2480,NY,7146.26,6801.26,80991,3.2099942229924934,222.26000000000022
2480,NY,2021,3,3319.24,1952.199,2480,NY,3380.16,3228.16,38303,1.8353599016642388,60.92000000000007
2480,NY,2021,4,2258.77,1514.338,2480,NY,2261.41,2137.41,25630,0.11687776975964231,2.6399999999998727
2480,NY,2022,1,2781.0,1728.186,2480,NY,2893.55,2789.55,34457,4.047105357784976,112.55000000000018
2480,NY,2022,2,1240.4,1030.416,2480,NY,1219.86,1173.86,16385,-1.6559174459851813,-20.54000000000019
2480,NY,2022,3,10147.92,6698.545,2480,NY,10279.28,9562.28,128778,1.2944524592231765,131.36000000000058
2480,NY,2022,4,2108.54,1386.063,2480,NY,2128.33,1982.33,23354,0.93856412493953,19.789999999999964
2480,NY,2023,1,2883.52,1781.783,2480,NY,2911.74,2810.74,34583,0.9786649650427186,28.2199999999998
2480,NY,2023,2,5349.0,3216.313,2480,NY,5479.97,5210.97,63173,2.4484950458029586,130.97000000000025
2480,NY,2023,3,9784.55,6625.994,2480,NY,9954.52,9354.52,124173,1.7371263880301209,169.97000000000116
2480,NY,2023,4,1984.81,1235.922,2480,NY,1963.79,1852.79,22761,-1.0590434348879734,-21.019999999999982
2480,NY,2024,1,1678.0,1003.184,2480,NY,2083.22,2011.22,19665,24.148986889153743,405.2199999999998
2480,NY,2024,2,5385.4400000000005,3313.2740000000003,2480,NY,5505.68,5148.68,63943,2.2326866514156647,120.23999999999978
2480,NY,2024,3,10957.82,7730.499,2480,NY,11155.6,10366.6,137901,1.8049210518150567,197.78000000000065
2480,NY,2024,4,1694.7,1072.014,2480,NY,1724.5100000000002,1626.5100000000002,19761,1.7590133947011373,29.810000000000173
2490,NY,2020,1,92624.49,60350.513000000006,2490,NY,91948.0,82661.0,1029156,-0.7303575976504758,-676.4900000000052
2490,NY,2020,2,248147.42,165037.287,2490,NY,246350.0,230015.0,2778305,-0.7243355582741955,-1797.4200000000128
2490,NY,2020,3,431142.19,273094.493,2490,NY,431667.0,405973.0,4589122,0.12172550313389596,524.8099999999977
2490,NY,2020,4,165109.81,103363.717,2490,NY,166603.0,151730.0,1777485,0.9043617699033162,1493.1900000000023
2490,NY,2021,1,138916.92,86118.829,2490,NY,139188.0,126595.0,1451015,0.19513821642459908,271.0799999999872
2490,NY,2021,2,277284.76,169370.787,2490,NY,276842.0,257832.0,2856576,-0.15967700496774842,-442.7600000000093
2490,NY,2021,3,437057.34,268854.257,2490,NY,436655.0,410261.0,4531537,-0.09205657088381711,-402.3400000000256
2490,NY,2021,4,89306.95000000001,56974.090000000004,2490,NY,89846.0,80788.0,962868,0.603592441573683,539.0499999999884
2490,NY,2022,1,181261.12,110742.454,2490,NY,180473.0,167357.0,1860316,-0.43479815196992894,-788.1199999999953
2490,NY,2022,2,242257.35,153926.386,2490,NY,242565.0,222476.0,2587967,0.12699305098482838,307.6499999999942
2490,NY,2022,3,446083.24000000005,284625.98,2490,NY,444693.0,418009.0,4797979,-0.31165483823154816,-1390.240000000049
2490,NY,2022,4,166323.65,100001.991,2490,NY,167031.0,153463.0,1735815,0.4252852796340183,707.3500000000058
2490,NY,2023,1,161711.36,103851.831,2490,NY,161610.0,147236.0,1723870,-0.06267957922064722,-101.35999999998603
2490,NY,2023,2,271563.86,170346.008,2490,NY,273014.0,252922.0,2859104,0.5339959448212344,1450.140000000014
2490,NY,2023,3,478579.89,294711.94800000003,2490,NY,479778.0,453301.0,4967995,0.2503469170006257,1198.109999999986
2490,NY,2023,4,206152.96000000002,130433.549,2490,NY,207642.0,190868.0,2200188,0.7222986271940888,1489.039999999979
2490,NY,2024,1,184335.91,116841.381,2490,NY,184592.0,170084.0,1962975,0.13892572532394612,256.0899999999965
2490,NY,2024,2,297944.81,189994.973,2490,NY,299807.0,277922.0,3199725,0.6250117261649909,1862.1900000000023
2490,NY,2024,3,445438.25,282576.436,2490,NY,446861.0,419905.0,4761512,0.3194045414824614,1422.75
2490,NY,2024,4,425681.06,253081.493,2490,NY,425894.0,404080.0,4254345,0.05002336725998623,212.94000000000233
2490,NY,2025,1,697221.79,406282.496,2490,NY,694814.0,668101.0,6851213,-0.3453406124900424,-2407.7900000000373
2490,NY,2025,2,441216.44,270513.408,2490,NY,440400.0,416086.0,4549282,-0.18504296893379638,-816.4400000000023
2490,NY,2025,3,632865.5,385977.21499999997,2490,NY,632524.0,602875.0,6496135,-0.0539609127057803,-341.5
2490,NY,2025,4,387571.94,228201.127,2490,NY,388950.0,369425.0,3847147,0.3555623763681131,1378.0599999999977
2493,NY,2020,1,763315.75,608207.1,2493,NY,877303.0,851580.0,6803087,14.933171495544276,113987.25
2493,NY,2020,2,635020.75,551643.5,2493,NY,839958.0,809642.0,6513491,32.27252810242815,204937.25
2493,NY,2020,3,536001.0,485630.85,2493,NY,705633.0,681566.0,5471863,31.64770214980942,169632.0
2493,NY,2020,4,658202.0,528386.725,2493,NY,806525.0,778111.02,6254234,22.534571453748242,148323.0
2493,NY,2021,1,786474.25,644899.55,2493,NY,893535.0,867133.0,6928957,13.612747016192838,107060.75
2493,NY,2021,2,520972.25,483143.65,2493,NY,737872.0,711383.0,5721863,41.63364747354586,216899.75
2493,NY,2021,3,551852.25,550549.375,2493,NY,811776.0,780074.0,6294954,47.10024286391874,259923.75
2493,NY,2021,4,678596.0,539388.675,2493,NY,853774.0,822220.0,6620629,25.814770496731487,175178.0
2493,NY,2022,1,800508.5,676859.75,2493,NY,915961.0,888660.01,7102860,14.422395265009676,115452.5
2493,NY,2022,2,419110.0,442069.9,2493,NY,674844.0,650101.0,5233108,61.01834840495335,255734.0
2493,NY,2022,3,496679.5,533261.9,2493,NY,777528.0,744499.0,6029376,56.54521678466698,280848.5
2493,NY,2022,4,583746.0,490609.925,2493,NY,765125.0,727821.0,5933196,31.071561946463017,181379.0
2493,NY,2023,1,715212.25,611617.4,2493,NY,905101.0,869820.01,7018647,26.549985686067316,189888.75
2493,NY,2023,2,415659.5,479692.45,2493,NY,728422.0,696391.0,5648582,75.2448819285978,312762.5
2493,NY,2023,3,505813.25,618695.35,2493,NY,877685.0,839921.0,6806049,73.51957466515557,371871.75
2493,NY,2023,4,495926.0,452199.1,2493,NY,705708.01,672575.0,5472445,42.30107112754726,209782.01
2493,NY,2024,1,736187.0,630584.85,2493,NY,894872.0,868694.0,6939325,21.554985350189558,158685.0
2493,NY,2024,2,417368.75,385017.925,2493,NY,565994.0,543078.0,4389026,35.61005705386424,148625.25
2493,NY,2024,3,566900.0,578475.825,2493,NY,846666.0,811126.0,6565510,49.35014993826072,279766.0
2493,NY,2024,4,538089.25,481877.9,2493,NY,704242.0,671221.0,5461076,30.878288313695172,166152.75
2493,NY,2025,1,659336.0,573067.525,2493,NY,782312.0,749152.0,6066474,18.651491803875413,122976.0
2493,NY,2025,2,435182.5,368316.3,2493,NY,519616.0,495289.0,4029385,19.40186013913703,84433.5
2493,NY,2025,3,494190.75,533228.1,2493,NY,788834.0,749020.0,6117049,59.62136078022504,294643.25
2493,NY,2025,4,599568.5,535791.65,2493,NY,789959.0,760197.0,6125774,31.754586840369363,190390.5
2494,NY,2020,2,880.5,0.0,2494,NY,3525.02,3525.02,61674,300.34298693923904,2644.52
2494,NY,2020,3,13611.8,0.0,2494,NY,5760.55,5760.55,100784,-57.679733760413754,-7851.249999999999
2494,NY,2021,1,1484.3,1390.5,2494,NY,3678.87,3678.87,63861,147.85218621572457,2194.5699999999997
2494,NY,2021,2,8110.9,8019.7,2494,NY,3902.05,3902.05,67737,-51.89128210186292,-4208.849999999999
2494,NY,2021,3,4321.8,4757.8,2494,NY,4574.22,4574.22,79404,5.8406219630709435,252.42000000000007
2494,NY,2021,4,3138.0,3124.6,2494,NY,3884.8599999999997,3884.8599999999997,67438,23.80050987890375,746.8599999999997
2494,NY,2022,1,2537.6,2503.6,2494,NY,2200.24,2200.24,38684,-13.29445145018916,-337.3600000000001
2494,NY,2022,2,2671.5,2233.0,2494,NY,2015.38,2015.38,35428,-24.55998502713831,-656.1199999999999
2494,NY,2022,3,10555.2,10149.9,2494,NY,9946.33,9946.33,174872,-5.768436410489624,-608.8700000000008
2494,NY,2022,4,1544.8,1798.7,2494,NY,1498.03,1498.03,26340,-3.0275763852925937,-46.76999999999998
2494,NY,2023,1,1424.7,1424.7,2494,NY,2949.81,2949.81,50880,107.04779953674458,1525.11
2494,NY,2023,2,1413.7,1425.6,2494,NY,2320.88,2320.88,40030,64.17061611374409,907.1800000000001
2494,NY,2023,3,5976.4,6080.5,2494,NY,3454.83,3454.83,59594,-42.192122347901744,-2521.5699999999997
2494,NY,2023,4,1075.6,1114.3,2494,NY,2594.5,2594.5,44750,141.21420602454447,1518.9
2494,NY,2024,1,704.4,671.5,2494,NY,650.76,650.76,11305,-7.614991482112435,-53.639999999999986
2494,NY,2024,2,6107.9,6264.1,2494,NY,6055.38,6055.38,105201,-0.8598700044204969,-52.51999999999953
2494,NY,2024,3,3932.1,3857.5,2494,NY,3728.16,3728.1699999999996,64773,-5.186541542687116,-203.94000000000005
2494,NY,2024,4,578.2,502.8,2494,NY,485.69,485.7,8441,-15.999654098927712,-92.51000000000005
2496,NY,2020,2,0.0,0.0,2496,NY,77.03,76.59,1783,,77.03
2496,NY,2020,3,308.0,0.0,2496,NY,69.12,68.72,1602,-77.55844155844156,-238.88
2496,NY,2021,1,56.7,77.0,2496,NY,105.92000000000002,105.17,2257,86.8077601410935,49.22000000000001
2496,NY,2021,2,174.72,237.5,2496,NY,106.61,105.87,2268,-38.982371794871796,-68.11
2496,NY,2021,3,118.72,161.3,2496,NY,10.88,10.81,231,-90.8355795148248,-107.84
2496,NY,2021,4,196.0,266.0,2496,NY,60.6,60.17,1291,-69.08163265306123,-135.4
2496,NY,2022,1,295.26,401.1,2496,NY,450.88,447.04999999999995,7250,52.70608954819481,155.62
2496,NY,2022,2,42.0,57.0,2496,NY,8.59,8.52,141,-79.54761904761905,-33.41
2496,NY,2022,3,196.0,266.0,2496,NY,2.65,2.62,45,-98.64795918367346,-193.35
2496,NY,2022,4,42.0,57.0,2496,NY,9.89,9.809999999999999,159,-76.45238095238095,-32.11
2499,NY,2020,2,3524.1,0.0,2499,NY,17768.74,17768.74,176890,404.2064640617463,14244.640000000001
2499,NY,2020,3,48404.1,0.0,2499,NY,30288.09,30288.09,301524,-37.4266022919546,-18116.01
2499,NY,2021,1,3108.8,2635.1,2499,NY,2595.73,2595.74,44964,-16.503795676788478,-513.0700000000002
2499,NY,2021,2,13016.5,12985.3,2499,NY,13042.130000000001,13042.130000000001,225928,0.19690392962778797,25.63000000000102
2499,NY,2021,3,22911.399999999998,22643.9,2499,NY,22691.58,22691.600000000002,393083,-0.95943504107124,-219.81999999999607
2499,NY,2021,4,582.8,524.0,2499,NY,0.53,0.53,9,-99.90905971173645,-582.27
2499,NY,2022,1,3972.0,9384.8,2499,NY,8577.02,8577.02,144720,115.93705941591139,4605.02
2499,NY,2022,2,5157.2,5198.0,2499,NY,5398.360000000001,5398.37,91082,4.676180873342139,241.16000000000076
2499,NY,2022,3,30556.8,30943.6,2499,NY,32130.53,32130.53,542144,5.15017933815059,1573.7299999999996
2499,NY,2022,4,2510.4,3160.7,2499,NY,2714.09,2714.09,45793,8.113846398980245,203.69000000000005
2499,NY,2023,1,3203.7000000000003,3431.5,2499,NY,3840.1900000000005,3840.1900000000005,63482,19.867340887099296,636.4900000000002
2499,NY,2023,2,1230.1,1289.4,2499,NY,1442.23,1442.23,23840,17.244939435818235,212.1300000000001
2499,NY,2023,3,21671.5,21799.4,2499,NY,24357.55,24357.55,402654,12.394388944004795,2686.0499999999993
2499,NY,2023,4,1428.6,1529.5,2499,NY,1710.05,1710.05,28266,19.70110597788045,281.45000000000005
2499,NY,2024,1,1353.2,1258.3,2499,NY,1270.9099999999999,1270.92,21257,-6.081140999113227,-82.29000000000019
2499,NY,2024,2,10287.7,10231.0,2499,NY,10297.26,10297.26,172204,0.09292650446649386,9.55999999999949
2499,NY,2024,3,22417.6,21668.9,2499,NY,21858.48,21858.48,365538,-2.494111769324098,-559.119999999999
2499,NY,2024,4,5609.4,6817.6,2499,NY,6183.34,6183.34,103402,10.231753841765617,573.9400000000005
2500,NY,2020,1,500093.61,222269.486,2500,NY,498126.0,480522.0,3743068,-0.39344833860204415,-1967.609999999986
2500,NY,2020,2,225870.74,112132.7,2500,NY,223748.0,210959.0,1893979,-0.9398030041429849,-2122.7399999999907
2500,NY,2020,3,911812.3,507512.833,2500,NY,907679.0,860126.0,8562191,-0.453306014845385,-4133.300000000047
2500,NY,2020,4,546462.56,247280.565,2500,NY,545451.0,526630.0,4180012,-0.18511057738339032,-1011.5600000000559
2500,NY,2021,1,436176.87,199293.378,2500,NY,434333.01,415296.01,3347045,-0.4227321820159758,-1843.859999999986
2500,NY,2021,2,303423.66000000003,144385.847,2500,NY,300247.0,286867.01,2414769,-1.0469387917870454,-3176.6600000000326
2500,NY,2021,3,796887.69,408386.396,2500,NY,794098.0,756298.01,6873151,-0.35007317028575813,-2789.689999999944
2500,NY,2021,4,604666.27,276795.313,2500,NY,603420.0,579760.0,4653994,-0.206108734988644,-1246.2700000000186
2500,NY,2022,1,276619.74,142195.88199999998,2500,NY,277127.01,254690.01,2315800,0.18338170659838615,507.2700000000186
2500,NY,2022,2,549294.7000000001,236901.43300000002,2500,NY,546485.0,519950.0,4017809,-0.5115104879038647,-2809.70000000007
2500,NY,2022,3,911971.5,474396.298,2500,NY,908569.0,867768.0,7968491,-0.3730927995008616,-3402.5
2500,NY,2022,4,392354.52999999997,190234.98,2500,NY,392284.01,373345.0,3113478,-0.017973540409985944,-70.51999999996042
2500,NY,2023,1,574575.8,249925.28399999999,2500,NY,571054.0,552902.0,4180658,-0.6129391457141158,-3521.8000000000466
2500,NY,2023,2,473492.67,207273.709,2500,NY,472394.0,450739.0,3463404,-0.2320352710000735,-1098.6699999999837
2500,NY,2023,3,1130647.57,628170.808,2500,NY,1130812.0,1071641.0,10572781,0.014542993268887031,164.4299999999348
2500,NY,2023,4,666907.76,330949.94,2500,NY,661675.0,627243.0,5568452,-0.784630246317723,-5232.760000000009
2500,NY,2024,1,579101.7100000001,247235.519,2500,NY,575433.0,554839.0,4142088,-0.6335173833280648,-3668.710000000079
2500,NY,2024,2,604287.39,294386.835,2500,NY,599621.0,570026.0,4978515,-0.7722136978565801,-4666.390000000014
2500,NY,2024,3,1039331.8,547628.85,2500,NY,1033004.0,984151.01,9254958,-0.6088334832052715,-6327.800000000047
2500,NY,2024,4,440631.0,180953.678,2500,NY,437664.01,422882.01,3116643,-0.6733502635992453,-2966.9899999999907
2500,NY,2025,1,552233.96,255621.604,2500,NY,549970.0,524471.01,4162318,-0.40996392181313207,-2263.9599999999627
2500,NY,2025,2,614349.3400000001,291000.268,2500,NY,611234.0,584844.0,4943329,-0.5070958487560324,-3115.340000000084
2500,NY,2025,3,1120194.6400000001,585765.122,2500,NY,1114203.0,1063994.0,10130606,-0.534874903525706,-5991.64000000013
2500,NY,2025,4,703397.05,338114.353,2500,NY,697817.0,671052.0,5811450,-0.7933001709347581,-5580.050000000047
2503,NY,2020,1,0.0,0.0,2503,NY,41.269999999999996,40.84,646,,41.269999999999996
2503,NY,2020,2,0.0,0.0,2503,NY,38.15,37.74,598,,38.15
2503,NY,2020,3,84.0,0.0,2503,NY,65.67,64.96000000000001,1028,-21.82142857142857,-18.33
2503,NY,2020,4,0.0,0.0,2503,NY,40.9,40.47,642,,40.9
2503,NY,2021,1,0.0,0.0,2503,NY,207.71999999999997,206.87,3563,,207.71999999999997
2503,NY,2021,2,327.88,0.0,2503,NY,222.77999999999997,221.87,3821,-32.054410150054906,-105.10000000000002
2503,NY,2021,3,652.68,0.0,2503,NY,310.15,308.88,5320,-52.48054176625605,-342.53
2503,NY,2021,4,0.0,0.0,2503,NY,241.35000000000002,240.38,4141,,241.35000000000002
2503,NY,2022,1,0.0,0.0,2503,NY,45.64,45.05,1033,,45.64
2503,NY,2022,2,0.0,0.0,2503,NY,58.47,57.72,1326,,58.47
2503,NY,2022,3,0.0,0.0,2503,NY,76.18,75.19,1727,,76.18
2503,NY,2022,4,0.0,0.0,2503,NY,52.739999999999995,52.06,1196,,52.739999999999995
2503,NY,2023,1,0.0,0.0,2503,NY,131.98000000000002,131.11,2027,,131.98000000000002
2503,NY,2023,2,70.0,0.0,2503,NY,133.51,132.65,2050,90.72857142857141,63.50999999999999
2503,NY,2023,3,602.0,0.0,2503,NY,200.64999999999998,199.34,3081,-66.66943521594685,-401.35
2503,NY,2023,4,0.0,0.0,2503,NY,149.87,148.9,2302,,149.87
2503,NY,2024,1,0.0,0.0,2503,NY,111.56,109.71000000000001,1848,,111.56
2503,NY,2024,2,336.0,0.0,2503,NY,109.87,108.06,1820,-67.30059523809524,-226.13
2503,NY,2024,3,70.0,0.0,2503,NY,148.12,145.68,2454,111.60000000000001,78.12
2503,NY,2024,4,0.0,0.0,2503,NY,115.46000000000001,113.56,1913,,115.46000000000001
2504,NY,2020,1,0.0,86231.35,2504,NY,173.20999999999998,172.63,2296,,173.20999999999998
2504,NY,2020,2,0.0,2938.45,2504,NY,130.77,130.34,1738,,130.77
2504,NY,2020,3,280.0,3151.425,2504,NY,117.34,116.95,1558,-58.09285714285715,-162.66
2504,NY,2020,4,0.0,55233.55,2504,NY,179.69,179.1,2392,,179.69
2504,NY,2021,1,106.4,97233.975,2504,NY,294.64,293.14,4520,176.91729323308266,188.23999999999998
2504,NY,2021,2,45.64,20744.675000000003,2504,NY,296.54999999999995,295.05,4548,549.7589833479403,250.90999999999997
2504,NY,2021,3,223.29999999999998,6381.375,2504,NY,30.259999999999998,30.11,462,-86.44872369010301,-193.04
2504,NY,2021,4,336.0,52289.925,2504,NY,168.56,167.7,2584,-49.833333333333336,-167.44
2504,NY,2022,1,168.0,105588.8,2504,NY,128.51000000000002,126.64,2314,-23.50595238095237,-39.48999999999998
2504,NY,2022,2,0.0,17932.475,2504,NY,2.44,2.41,45,,2.44
2504,NY,2022,3,0.0,10069.1,2504,NY,0.76,0.74,18,,0.76
2504,NY,2022,4,42.0,88994.575,2504,NY,74.28999999999999,73.21000000000001,1339,76.88095238095237,32.28999999999999
2504,NY,2023,1,0.0,76399.8,2504,NY,160.59000000000003,157.9,2995,,160.59000000000003
2504,NY,2023,2,154.0,29828.55,2504,NY,7.89,7.75,146,-94.87662337662339,-146.11
2504,NY,2023,3,0.0,15054.25,2504,NY,4.13,4.07,79,,4.13
2504,NY,2023,4,56.0,102276.675,2504,NY,6.390000000000001,6.28,119,-88.58928571428571,-49.61
2504,NY,2024,1,0.0,96079.175,2504,NY,4.37,3.82,261,,4.37
2504,NY,2024,2,28.0,30865.45,2504,NY,0.45,0.38,23,-98.39285714285715,-27.55
2504,NY,2024,3,0.0,0.0,2504,NY,0.44,0.38,23,,0.44
2504,NY,2024,4,0.0,88973.725,2504,NY,2.75,2.41,158,,2.75
2511,NY,2020,1,279049.0,178404.80000000002,2511,NY,278385.01,262170.01,2926438,-0.23794745725660751,-663.9899999999907
2511,NY,2020,2,322531.0,207236.225,2511,NY,322227.0,302338.0,3454334,-0.09425450576843776,-304.0
2511,NY,2020,3,542291.25,346784.25,2511,NY,542644.0,512091.0,5991929,0.06504807149294774,352.75
2511,NY,2020,4,325209.84,209109.964,2511,NY,326165.0,308447.0,3591404,0.29370575010890637,955.1599999999744
2511,NY,2021,1,361717.24,228169.401,2511,NY,360193.0,339497.01,3792526,-0.42138992324501606,-1524.2399999999907
2511,NY,2021,2,380263.55,226307.558,2511,NY,376899.0,354505.0,4015986,-0.8847942433609501,-3364.5499999999884
2511,NY,2021,3,565800.62,361019.461,2511,NY,565599.0,535921.0,6297656,-0.035634460775245416,-201.61999999999534
2511,NY,2021,4,304402.0,187628.908,2511,NY,303777.0,286909.01,3269088,-0.20532059579109205,-625.0
2511,NY,2022,1,315126.4,201383.767,2511,NY,314901.01,297527.02,3476639,-0.07152368065640136,-225.39000000001397
2511,NY,2022,2,295879.54000000004,187217.945,2511,NY,295402.0,280197.0,3267805,-0.161396763020531,-477.54000000003725
2511,NY,2022,3,431809.86,279763.26800000004,2511,NY,431042.0,407907.0,4889038,-0.17782363746858074,-767.859999999986
2511,NY,2022,4,410194.51,254180.39099999997,2511,NY,409384.0,385194.01,4388436,-0.19759162549494125,-810.5100000000093
2511,NY,2023,1,370654.20999999996,228073.59900000002,2511,NY,370123.0,349791.0,3974425,-0.14331686668282084,-531.2099999999627
2511,NY,2023,2,320802.49,195265.16,2511,NY,316683.0,296286.01,3405977,-1.2841203321083918,-4119.489999999991
2511,NY,2023,3,591339.3200000001,365424.458,2511,NY,581563.0,550363.0,6376170,-1.653250455254703,-9776.320000000065
2511,NY,2023,4,242576.41,152692.919,2511,NY,245321.0,231369.0,2688548,1.1314331842902599,2744.5899999999965
2511,NY,2024,1,267280.0,160743.8,2511,NY,268126.0,251431.0,2844620,0.3165219994013768,846.0
2511,NY,2024,2,221289.71,144071.463,2511,NY,221847.02,207939.01,2508697,0.25184632398858386,557.3099999999977
2511,NY,2024,3,503020.07,315384.08,2511,NY,502806.0,473992.0,5500415,-0.04255695006364398,-214.07000000000698
2511,NY,2024,4,261755.98,165962.006,2511,NY,265971.0,250178.0,2893211,1.6102860381642432,4215.0199999999895
2511,NY,2025,1,347065.98,224764.938,2511,NY,347996.0,329165.0,3884748,0.2679663388500419,930.0200000000186
2511,NY,2025,2,281125.2,190056.659,2511,NY,281456.0,265887.0,3285344,0.11766999187550185,330.79999999998836
2511,NY,2025,3,339193.77999999997,232687.378,2511,NY,339297.0,319471.0,3880738,0.030430982549276193,103.22000000003027
2511,NY,2025,4,270718.3,200366.79700000002,2511,NY,270986.01,255231.01,3409172,0.09888877109527541,267.71000000002095
2512,NY,2020,1,65.15,72.815,2512,NY,4665.9400000000005,4611.19,61508,7061.841903300077,4600.790000000001
2512,NY,2020,2,1887.69,2221.782,2512,NY,3522.76,3481.42,46426,86.6175060523709,1635.0700000000002
2512,NY,2020,3,9343.61,11313.877,2512,NY,3160.78,3123.69,41656,-66.17174732250169,-6182.83
2512,NY,2020,4,902.95,1052.029,2512,NY,4840.52,4783.71,63792,436.07840965723466,3937.5700000000006
2512,NY,2021,1,495.89,654.924,2512,NY,4911.82,4843.2,64783,890.5059589828388,4415.929999999999
2512,NY,2021,2,1298.2,1550.7,2512,NY,4943.74,4874.68,65197,280.81497458018794,3645.54
2512,NY,2021,3,8003.5,9603.9,2512,NY,504.45,497.4,6645,-93.69713250452926,-7499.05
2512,NY,2021,4,259.92,346.2,2512,NY,2810.01,2770.75,37066,981.1057248384119,2550.09
2512,NY,2022,1,322.19,495.4,2512,NY,9363.09,9240.83,124772,2806.077159440082,9040.9
2512,NY,2022,2,743.98,961.4,2512,NY,178.41,176.07999999999998,2370,-76.01951665367349,-565.57
2512,NY,2022,3,10076.85,12014.8,2512,NY,54.89,54.18,733,-99.45528612612077,-10021.960000000001
2512,NY,2022,4,866.44,1102.7,2512,NY,5412.63,5341.95,72119,524.6976132219196,4546.1900000000005
2512,NY,2023,1,508.15,558.846,2512,NY,11122.760000000002,10946.02,151301,2088.873364164125,10614.610000000002
2512,NY,2023,2,523.17,610.135,2512,NY,546.2099999999999,537.5500000000001,7430,4.403922243247886,23.039999999999964
2512,NY,2023,3,8885.29,10767.277,2512,NY,286.27,281.73,3893,-96.77815805674322,-8599.02
2512,NY,2023,4,0.0,0.0,2512,NY,442.75,435.72,6023,,442.75
2512,NY,2024,1,79.0,289.0,2512,NY,282.88,277.84000000000003,3947,258.0759493670886,203.88
2512,NY,2024,2,1353.08,1742.992,2512,NY,1706.66,1676.25,23792,26.131492594672906,353.58000000000015
2512,NY,2024,3,7899.95,9940.1,2512,NY,9730.04,9556.630000000001,135645,23.165842821790026,1830.090000000001
2512,NY,2024,4,1.96,7.595,2512,NY,7.42,7.28,104,278.57142857142856,5.46
2514,NY,2020,1,417.0,454.2,2514,NY,577.84,376.96,8153,38.570743405275785,160.84000000000003
2514,NY,2020,2,43.0,65.4,2514,NY,436.27,284.61,6160,914.5813953488371,393.27
2514,NY,2020,3,976.0,1095.9,2514,NY,391.44,255.37,5527,-59.89344262295081,-584.56
2514,NY,2020,4,329.0,366.9,2514,NY,599.46,391.07,8457,82.2066869300912,270.46000000000004
2514,NY,2021,1,373.0,396.5,2514,NY,359.95,310.82,4854,-3.4986595174262765,-13.050000000000011
2514,NY,2021,2,564.0,594.0999999999999,2514,NY,539.46,465.83,7269,-4.351063829787227,-24.539999999999964
2514,NY,2021,3,4006.0,4478.2,2514,NY,4065.79,3510.84,54799,1.4925112331502737,59.789999999999964
2514,NY,2021,4,245.0,268.5,2514,NY,243.79,210.51,3287,-0.4938775510204114,-1.210000000000008
2514,NY,2022,1,387.0,428.8,2514,NY,381.01,302.44,5225,-1.5478036175710619,-5.990000000000009
2514,NY,2022,2,51.0,53.1,2514,NY,47.15,37.43,649,-7.54901960784314,-3.8500000000000014
2514,NY,2022,3,2561.0,2853.5,2514,NY,2536.5299999999997,2013.41,34789,-0.9554861382272649,-24.470000000000255
2514,NY,2022,4,211.0,270.3,2514,NY,240.29999999999998,190.73000000000002,3296,13.886255924170607,29.299999999999983
2514,NY,2023,1,324.0,575.5,2514,NY,340.94,180.14,7073,5.228395061728394,16.939999999999998
2514,NY,2023,2,113.0,131.6,2514,NY,77.98,41.2,1619,-30.99115044247787,-35.019999999999996
2514,NY,2023,3,528.0,1086.7,2514,NY,643.8299999999999,340.18,13354,21.937499999999986,115.82999999999993
2514,NY,2023,4,4.0,20.8,2514,NY,12.24,6.48,252,206.0,8.24
2514,NY,2024,1,286.0,434.5,2514,NY,359.09,297.9,5394,25.555944055944046,73.08999999999997
2514,NY,2024,2,1351.0,1546.6,2514,NY,1278.4,1060.5900000000001,19203,-5.373797187268683,-72.59999999999991
2514,NY,2024,3,990.0,1139.4,2514,NY,941.5600000000001,781.13,14136,-4.892929292929287,-48.43999999999994
2514,NY,2024,4,561.0,621.7,2514,NY,513.96,426.38,7716,-8.385026737967909,-47.039999999999964
2516,NY,2020,1,343060.75,216555.45,2516,NY,342625.0,313730.0,3517979,-0.12701831964163782,-435.75
2516,NY,2020,2,347640.5,212029.675,2516,NY,347170.0,319164.99,3525725,-0.1353409628624973,-470.5
2516,NY,2020,3,1328580.75,796861.7000000001,2516,NY,1328986.0,1260408.0,13448297,0.030502474162748483,405.25
2516,NY,2020,4,1115726.94,667219.744,2516,NY,1116319.0,1059340.0,11137623,0.053064955122447424,592.0600000000559
2516,NY,2021,1,1267212.56,790474.377,2516,NY,1269256.01,1207200.0,12670499,0.16125550397006427,2043.4499999999534
2516,NY,2021,2,663392.97,399399.282,2516,NY,662294.0,621768.0,6687195,-0.1656589758555886,-1098.969999999972
2516,NY,2021,3,1703205.37,1084108.142,2516,NY,1704064.01,1618273.0,17125069,0.05041318064890187,858.6399999998976
2516,NY,2021,4,534723.17,331120.975,2516,NY,534522.0,501906.0,5456709,-0.037621335914813994,-201.1700000000419
2516,NY,2022,1,663492.54,467690.42799999996,2516,NY,662802.0,623952.0,6710527,-0.1040765281249488,-690.5400000000373
2516,NY,2022,2,849036.87,506887.12,2516,NY,848118.0,799858.0,8471872,-0.10822498203169852,-918.8699999999953
2516,NY,2022,3,1035837.63,636095.667,2516,NY,1035561.0,973924.0,10580111,-0.02670592301227796,-276.63000000000466
2516,NY,2022,4,537561.51,343970.89,2516,NY,537230.01,502243.01,5469751,-0.06166736156388875,-331.5
2516,NY,2023,1,431310.72000000003,271165.221,2516,NY,430945.01,399822.0,4453724,-0.08479038035503057,-365.71000000002095
2516,NY,2023,2,532714.52,317139.58,2516,NY,532158.0,496800.0,5440775,-0.10446871243532439,-556.5200000000186
2516,NY,2023,3,988231.09,600250.794,2516,NY,987402.0,928215.0,10189578,-0.08389636881389427,-829.0899999999674
2516,NY,2023,4,603576.96,366989.10699999996,2516,NY,602835.0,565335.0,6183586,-0.12292715745809163,-741.9599999999627
2516,NY,2024,1,612284.63,385514.326,2516,NY,611291.0,573545.0,6262320,-0.1622823685775037,-993.6300000000047
2516,NY,2024,2,1080018.54,645511.942,2516,NY,1078853.0,1023002.0,10979268,-0.10791851776915211,-1165.5400000000373
2516,NY,2024,3,1375097.55,825898.358,2516,NY,1374584.0,1306193.0,14072005,-0.03734644134883715,-513.5500000000466
2516,NY,2024,4,850426.2,528173.7139999999,2516,NY,849927.0,802314.0,8669851,-0.058699978904689615,-499.19999999995343
2516,NY,2025,1,558307.62,377074.65400000004,2516,NY,557921.0,522011.0,5670417,-0.06924856228901109,-386.61999999999534
2516,NY,2025,2,971117.82,574007.505,2516,NY,970683.0,920162.0,9767573,-0.04477520554611476,-434.8199999999488
2516,NY,2025,3,1719049.7,1019521.04,2516,NY,1720701.01,1640293.0,17313528,0.09605946820502374,1651.3100000000559
2516,NY,2025,4,1056421.86,677147.709,2516,NY,1060012.01,1006177.0,10555159,0.3398405633143474,3590.149999999907
2517,NY,2020,1,7121.0,5198.45,2517,NY,6917.0,3890.0,120430,-2.8647661845246453,-204.0
2517,NY,2020,2,59856.75,36263.625,2517,NY,59114.0,54225.0,620964,-1.2408792659140364,-742.75
2517,NY,2020,3,356160.25,219899.675,2517,NY,353904.0,333104.0,3715819,-0.6334929290958213,-2256.25
2517,NY,2020,4,171453.75,108508.905,2517,NY,170973.01,158817.0,1825084,-0.2803904843142776,-480.7399999999907
2517,NY,2021,1,76719.01999999999,52058.907,2517,NY,76261.0,68788.01000000001,837708,-0.5970097115421829,-458.0199999999895
2517,NY,2021,2,76132.33,48653.647,2517,NY,75124.0,69023.01000000001,804794,-1.324443899194996,-1008.3300000000017
2517,NY,2021,3,347384.70999999996,224167.202,2517,NY,345294.01,325184.02999999997,3678577,-0.6018399600834342,-2090.6999999999534
2517,NY,2021,4,67312.46,41380.925,2517,NY,67110.01999999999,61271.0,745012,-0.3007466968225747,-202.44000000001688
2517,NY,2022,1,94895.46,74772.451,2517,NY,94466.0,86251.0,1017168,-0.45256116572911537,-429.4600000000064
2517,NY,2022,2,120439.59,74448.853,2517,NY,119192.0,111282.0,1255225,-1.035863705613741,-1247.5899999999965
2517,NY,2022,3,202256.77,131109.883,2517,NY,200175.0,187438.02,2171667,-1.0292708619839968,-2081.7699999999895
2517,NY,2022,4,39201.69,28330.39,2517,NY,39135.0,34421.0,441825,-0.1701202167559672,-66.69000000000233
2517,NY,2023,1,22067.05,15246.024000000001,2517,NY,21952.0,17793.010000000002,270322,-0.5213655654018062,-115.04999999999927
2517,NY,2023,2,45041.16,29677.044,2517,NY,44756.0,39172.0,501696,-0.6331098044544223,-285.1600000000035
2517,NY,2023,3,229014.09999999998,151125.313,2517,NY,227136.01,211442.00999999998,2490734,-0.8200761437832725,-1878.0899999999674
2517,NY,2023,4,95947.0,61074.776,2517,NY,95729.01,87061.0,1051461,-0.22719834908856476,-217.99000000000524
2517,NY,2024,1,38680.8,27783.874,2517,NY,38523.01,32996.0,487212,-0.40792848131372894,-157.79000000000087
2517,NY,2024,2,130428.37,80732.541,2517,NY,129419.01000000001,119977.0,1390108,-0.7738807132221204,-1009.359999999986
2517,NY,2024,3,169534.93,108983.011,2517,NY,168126.01,156358.01,1827816,-0.8310499789040428,-1408.9199999999837
2517,NY,2024,4,21144.35,13063.655999999999,2517,NY,20780.0,17653.0,252427,-1.7231553582871952,-364.34999999999854
2517,NY,2025,1,44950.090000000004,36487.737,2517,NY,44682.0,38912.01,524335,-0.5964170483307236,-268.0900000000038
2517,NY,2025,2,51921.68,32465.951,2517,NY,51358.0,46712.0,557294,-1.0856351335318895,-563.6800000000003
2517,NY,2025,3,155120.69,101177.813,2517,NY,154061.0,143205.0,1674350,-0.6831390448301914,-1059.6900000000023
2517,NY,2025,4,119863.81999999999,78306.295,2517,NY,119361.0,108889.0,1319555,-0.41949272098953,-502.81999999999243
2521,NY,2020,1,234.0,255.5,2521,NY,578.99,458.80999999999995,7617,147.43162393162393,344.99
2521,NY,2020,2,78.0,96.7,2521,NY,437.14000000000004,346.40000000000003,5753,460.4358974358975,359.14000000000004
2521,NY,2020,3,1364.0,1579.2,2521,NY,392.22,310.82000000000005,5167,-71.2448680351906,-971.78
2521,NY,2020,4,249.0,271.6,2521,NY,600.6600000000001,475.98,7907,141.22891566265062,351.6600000000001
2521,NY,2021,1,0.0,0.0,2521,NY,0.0,0.0,0,,0.0
2521,NY,2021,2,56.0,52.2,2521,NY,46.84,23.09,628,-16.35714285714285,-9.159999999999997
2521,NY,2021,3,643.0,734.4,2521,NY,661.16,325.91,8839,2.824261275272157,18.159999999999968
2521,NY,2021,4,0.0,0.0,2521,NY,0.0,0.0,0,,0.0
2527,NY,2020,1,55722.28,29676.802,2527,NY,58604.0,50695.0,646724,5.171575893879434,2881.720000000001
2527,NY,2020,2,93953.75,49561.08,2527,NY,98559.0,52917.0,1008711,4.901613825951599,4605.25
2527,NY,2020,3,141112.31,92352.937,2527,NY,149849.0,90082.0,1493097,6.191302516414055,8736.690000000002
2527,NY,2020,4,101859.24,56712.242,2527,NY,110194.0,53232.0,1070387,8.182625356325056,8334.759999999995
2527,NY,2021,1,94841.0,50648.9,2527,NY,94925.0,87489.0,1050036,0.08856928965320905,84.0
2527,NY,2021,2,113499.0,68363.8,2527,NY,113663.0,105098.0,1198163,0.1444946651512348,164.0
2527,NY,2021,3,142769.89,84820.124,2527,NY,143090.0,133034.0,1473071,0.22421394315004797,320.10999999998603
2527,NY,2021,4,131471.8,75013.56,2527,NY,131798.0,122031.0,1359571,0.24811404422850503,326.20000000001164
2527,NY,2022,1,153288.6,91529.936,2527,NY,153521.0,143256.0,1555154,0.15160944779976734,232.39999999999418
2527,NY,2022,2,130888.0,81089.3,2527,NY,131325.0,120630.0,1349366,0.33387323513232686,437.0
2527,NY,2022,3,165509.0,96918.7,2527,NY,165816.0,153242.0,1701763,0.18548840244337167,307.0
2527,NY,2022,4,135165.76,73508.374,2527,NY,135483.0,125878.0,1366311,0.23470441034770245,317.2399999999907
2527,NY,2023,1,153486.44,82101.226,2527,NY,154049.0,143104.0,1579971,0.3665209773579983,562.5599999999977
2527,NY,2023,2,141273.58,84120.509,2527,NY,142174.0,131940.0,1422999,0.6373590872405249,900.4200000000128
2527,NY,2023,3,192935.48,124472.234,2527,NY,195699.0,182594.0,1968626,1.4323544845147143,2763.5199999999895
2527,NY,2023,4,177730.04,97342.336,2527,NY,178975.0,166478.0,1791602,0.7004780958806917,1244.9599999999919
2527,NY,2024,1,186032.96,101078.433,2527,NY,186180.0,173699.0,1808409,0.07903975725592291,147.04000000000815
2527,NY,2024,2,155505.72,87198.273,2527,NY,155681.0,144846.0,1536916,0.11271611102151022,175.27999999999884
2527,NY,2024,3,191203.0,116667.6,2527,NY,191414.0,178274.0,1964416,0.11035391704105062,211.0
2527,NY,2024,4,189114.26,112598.56,2527,NY,189441.0,176708.0,1897383,0.17277385639770934,326.7399999999907
2539,NY,2020,1,695241.9199999999,420949.66099999996,2539,NY,1050248.0,1023088.0,7150258,51.062237443910185,355006.0800000001
2539,NY,2020,2,754478.86,464769.196,2539,NY,1164041.0,1134635.0,7967478,54.28411075692697,409562.14
2539,NY,2020,3,976590.03,601468.937,2539,NY,1510384.0,1478704.0,10280113,54.65896165251656,533793.97
2539,NY,2020,4,904584.05,543653.708,2539,NY,1368723.0,1339288.0,9292151,51.30965442072518,464138.94999999995
2539,NY,2021,1,668303.09,405199.538,2539,NY,1007473.0,981461.0,6892710,50.7509115362612,339169.91000000003
2539,NY,2021,2,930976.65,568180.236,2539,NY,1429883.0,1399821.0,9717418,53.58956639782534,498906.35
2539,NY,2021,3,985718.14,608370.885,2539,NY,1524947.0,1493258.0,10405560,54.704163200243016,539228.86
2539,NY,2021,4,956075.38,582608.09,2539,NY,1460502.0,1430758.0,9942715,52.76013069178709,504426.62
2539,NY,2022,1,498462.55,303256.368,2539,NY,399059.0,389554.0,2710107,-19.942029747269878,-99403.54999999999
2539,NY,2022,2,735961.36,445458.368,2539,NY,1105347.0,1082998.0,7881639,50.19090132666748,369385.64
2539,NY,2022,3,1100351.17,664855.382,2539,NY,1677787.0,1645823.0,11688262,52.477413188009805,577435.8300000001
2539,NY,2022,4,1143415.0899999999,679187.405,2539,NY,1166453.0,1144135.0,7999601,2.014833475741531,23037.91000000015
2539,NY,2023,1,938517.62,560208.754,2539,NY,1210662.0,1185804.0,9654325,28.997258463831503,272144.38
2539,NY,2023,2,967116.44,581564.914,2539,NY,967955.0,946368.0,10079392,0.08670724282176982,838.5600000000559
2539,NY,2023,3,1147048.9,690926.8300000001,2539,NY,1148078.0,1123855.0,12064247,0.08971718642510298,1029.1000000000931
2539,NY,2023,4,1125144.28,670377.153,2539,NY,1125081.0,1101843.0,11820074,-0.005624167595646306,-63.28000000002794
2539,NY,2024,1,1081557.42,441114.924,2539,NY,726796.0,710775.0,7561733,-32.800978795929296,-354761.4199999999
2539,NY,2024,2,1480988.67,600344.6359999999,2539,NY,977557.0,954894.0,10437418,-33.99294540180378,-503431.6699999999
2539,NY,2024,3,1635058.78,656985.066,2539,NY,1070342.0,1046322.0,11427223,-34.53801092092848,-564716.78
2539,NY,2024,4,1342980.84,560053.017,2539,NY,947627.0,926510.0,9941037,-29.438531677041652,-395353.8400000001
2539,NY,2025,1,850888.1799999999,389687.406,2539,NY,641808.0,624540.0,6934698,-24.571992526679587,-209080.17999999993
2539,NY,2025,2,1557359.88,621744.228,2539,NY,1006447.0,982644.0,10807674,-35.37479596559274,-550912.8799999999
2539,NY,2025,3,1553182.02,619951.092,2539,NY,1005062.0,981482.0,10781277,-35.29013424968698,-548120.02
2539,NY,2025,4,1295584.25,528641.568,2539,NY,863721.0,843200.0,9268988,-33.33347483963316,-431863.25
2594,NY,2020,1,23781.989999999998,21582.417,2594,NY,23724.0,16208.0,259742,-0.24383998143131827,-57.98999999999796
2594,NY,2020,2,0.0,506.278,2594,NY,0.0,-5460.02,0,,0.0
2594,NY,2020,3,19408.0,17282.787,2594,NY,19403.0,11526.0,209249,-0.025762572135201976,-5.0
2594,NY,2020,4,7452.5,8412.616,2594,NY,7419.0,266.0000000000002,104410,-0.44951358604495134,-33.5
2594,NY,2021,1,16287.48,15372.008,2594,NY,16297.0,9176.0,173078,0.05844980316169498,9.520000000000437
2594,NY,2021,2,13584.38,12234.417,2594,NY,13531.0,6683.0,147399,-0.3929513161439771,-53.3799999999992
2594,NY,2021,3,8310.4,8189.977,2594,NY,8305.0,1729.0,89867,-0.06497882171736181,-5.399999999999636
2594,NY,2021,4,0.0,0.0,2594,NY,0.0,-6000.01,0,,0.0
2594,NY,2022,1,22091.93,19918.506999999998,2594,NY,11729.01,9189.01,176509,-46.90816963479424,-10362.92
2594,NY,2022,2,0.0,0.0,2594,NY,0.0,0.0,0,,0.0
2594,NY,2022,3,23807.33,21068.557999999997,2594,NY,23783.0,21383.0,252806,-0.10219541628566388,-24.330000000001746
2594,NY,2022,4,17946.66,19047.534,2594,NY,17805.0,10504.0,249075,-0.7893390747916318,-141.65999999999985
2594,NY,2023,1,18935.05,16670.829,2594,NY,18866.0,13384.0,233142,-0.3646676401699456,-69.04999999999927
2594,NY,2023,2,0.0,0.0,2594,NY,0.0,-1680.0,20412,,0.0
2594,NY,2023,3,42336.259999999995,40153.28,2594,NY,42438.0,35230.0,430561,0.24031409482085866,101.74000000000524
2594,NY,2023,4,0.0,0.0,2594,NY,0.0,0.0,0,,0.0
2594,NY,2024,1,17859.75,16213.539,2594,NY,17898.0,14400.0,168143,0.2141687313652207,38.25
2594,NY,2024,2,13948.3,12517.448,2594,NY,13831.0,10581.0,135874,-0.8409626979631876,-117.29999999999927
2594,NY,2024,3,16312.6,16083.434000000001,2594,NY,16257.0,12373.0,170743,-0.3408408224317421,-55.600000000000364
2594,NY,2024,4,8659.88,8300.198,2594,NY,8682.0,6953.0,80559,0.25543079118880174,22.1200000000008
2594,NY,2025,1,20242.37,20861.123,2594,NY,20274.0,15922.0,212270,0.15625640673498717,31.63000000000102
2594,NY,2025,2,22649.96,22619.905,2594,NY,22643.0,18359.0,245303,-0.030728531087909766,-6.959999999999127
2594,NY,2025,3,57954.770000000004,57326.253,2594,NY,58046.0,49750.0,629613,0.15741586067893276,91.22999999999593
2594,NY,2025,4,1767.5,2321.799,2594,NY,1778.0,1088.0,24628,0.594059405940594,10.5
2625,NY,2020,1,10962.34,7290.9,2625,NY,10913.0,10400.0,120845,-0.45008638666562195,-49.340000000000146
2625,NY,2020,2,90664.26999999999,55170.224,2625,NY,90488.0,86914.0,916573,-0.1944205804557733,-176.26999999998952
2625,NY,2020,3,446373.91000000003,270983.549,2625,NY,445455.0,423005.0,4525626,-0.20586104595585178,-918.9100000000326
2625,NY,2020,4,145990.13999999998,84428.25,2625,NY,146481.0,140173.0,1571156,0.33622818636930907,490.86000000001513
2625,NY,2021,1,258564.71000000002,149816.938,2625,NY,258218.0,248360.0,2485253,-0.13409022445484572,-346.71000000002095
2625,NY,2021,2,196846.49,114449.753,2625,NY,194128.0,186095.0,1902255,-1.3810203067374942,-2718.4899999999907
2625,NY,2021,3,366681.03,219303.18300000002,2625,NY,362225.0,347213.0,3649185,-1.2152333050880837,-4456.030000000028
2625,NY,2021,4,206519.73,120408.99900000001,2625,NY,206240.0,197488.0,2026804,-0.13544952823636291,-279.7300000000105
2625,NY,2022,1,976463.5900000001,559428.368,2625,NY,970548.0,933389.0,9587716,-0.6058177755506566,-5915.590000000084
2625,NY,2022,2,49839.899999999994,30663.617000000002,2625,NY,49695.0,47120.0,522706,-0.29073092040713205,-144.89999999999418
2625,NY,2022,3,369994.42000000004,228672.903,2625,NY,367901.0,350636.0,3669701,-0.5657977220305219,-2093.420000000042
2625,NY,2022,4,141179.04,86631.588,2625,NY,141098.0,134444.0,1417533,-0.05740228861168637,-81.04000000000815
2625,NY,2023,1,112316.98,64694.181,2625,NY,112215.0,108592.01000000001,1106824,-0.09079660083452737,-101.97999999999593
2625,NY,2023,2,82711.53,49131.455,2625,NY,82012.0,78609.0,847968,-0.8457466570863806,-699.5299999999988
2625,NY,2023,3,505630.52,297161.434,2625,NY,507728.0,486130.0,4857511,0.4148246431010496,2097.4799999999814
2625,NY,2023,4,274841.26,155323.905,2625,NY,273724.0,262498.0,2637152,-0.4065110165773543,-1117.2600000000093
2625,NY,2024,1,210305.45,118339.47099999999,2625,NY,209847.0,201505.0,2029827,-0.21799244860274025,-458.45000000001164
2625,NY,2024,2,196688.59,122518.57,2625,NY,195476.0,186819.0,2007484,-0.6165024620899445,-1212.5899999999965
2625,NY,2024,3,476045.54,291641.966,2625,NY,467232.0,445868.0,4669101,-1.8514069053141384,-8813.539999999979
2625,NY,2024,4,474475.78,277475.55,2625,NY,470591.0,451752.0,4708544,-0.8187520130110809,-3884.780000000028
2625,NY,2025,1,731555.13,423407.605,2625,NY,730695.0,701866.0,7347131,-0.1175755544219893,-860.1300000000047
2625,NY,2025,2,162148.86,100271.759,2625,NY,155856.0,149480.0,1534060,-3.880915351486274,-6292.859999999986
2625,NY,2025,3,568724.96,339320.415,2625,NY,557856.0,534414.0,5454051,-1.9111100733120563,-10868.959999999963
2625,NY,2025,4,597727.69,332772.105,2625,NY,595350.0,573680.0,5726801,-0.39778816336916634,-2377.689999999944
2628,NY,2020,1,43.11,48.734,2628,NY,44.83,44.83,741,3.989793551380188,1.7199999999999989
2628,NY,2020,2,0.25,14.373,2628,NY,41.44,41.44,687,16476.0,41.19
2628,NY,2020,3,154.66,160.67,2628,NY,71.32,71.32,1182,-53.885943359627575,-83.34
2628,NY,2020,4,0.0,4.192,2628,NY,44.43,44.43,734,,44.43
2628,NY,2021,1,46.38,52.136,2628,NY,37.12,37.12,877,-19.965502371711956,-9.260000000000005
2628,NY,2021,2,34.67,54.785,2628,NY,39.04,39.04,921,12.604557254110174,4.369999999999997
2628,NY,2021,3,40.7,41.412,2628,NY,29.48,29.48,696,-27.56756756756757,-11.220000000000002
2628,NY,2021,4,40.83,45.425,2628,NY,32.36,32.36,764,-20.744550575557184,-8.469999999999999
2628,NY,2022,1,48.14,58.053,2628,NY,56.56,56.56,942,17.490652264229333,8.420000000000002
2628,NY,2022,2,86.81,97.806,2628,NY,98.83000000000001,98.84,1647,13.846331067849338,12.02000000000001
2628,NY,2022,3,681.87,717.609,2628,NY,724.73,724.73,12077,6.285655623505949,42.860000000000014
2628,NY,2022,4,482.41,472.382,2628,NY,476.88,476.88,7947,-1.146327812441705,-5.53000000000003
2628,NY,2023,1,77.53,102.163,2628,NY,142.68,142.68,2591,84.03198761769637,65.15
2628,NY,2023,2,511.53,586.292,2628,NY,144.07999999999998,144.07999999999998,2616,-71.83351905069107,-367.45
2628,NY,2023,3,130.75,166.609,2628,NY,216.51,216.51,3932,65.59082217973231,85.75999999999999
2628,NY,2023,4,192.59,212.52,2628,NY,161.72,161.72,2937,-16.028869619398726,-30.870000000000005
2628,NY,2024,1,101.29,110.881,2628,NY,98.97,98.97,1867,-2.2904531543094158,-2.3200000000000074
2628,NY,2024,2,134.18,229.228,2628,NY,204.53,204.53,3856,52.42957221642569,70.35
2628,NY,2024,3,87.06,123.915,2628,NY,110.55,110.55,2085,26.98139214334941,23.489999999999995
2628,NY,2024,4,104.92,126.574,2628,NY,112.96,112.96,2130,7.662981319100259,8.039999999999992
2632,NY,2020,1,0.0,6.771,2632,NY,20.2,20.2,354,,20.2
2632,NY,2020,2,0.88,9.907,2632,NY,18.68,18.68,328,2022.7272727272727,17.8
2632,NY,2020,3,38.16,43.935,2632,NY,32.13,32.13,563,-15.801886792452816,-6.029999999999994
2632,NY,2020,4,51.16,62.759,2632,NY,20.0,20.0,350,-60.906958561376065,-31.159999999999997
2632,NY,2021,1,0.2,6.462,2632,NY,4.65,4.66,108,2225.0,4.45
2632,NY,2021,2,146.46,159.626,2632,NY,115.18,115.18,2687,-21.357367199235284,-31.28
2632,NY,2021,3,12.11,25.716,2632,NY,18.52,18.52,432,52.93146160198183,6.41
2632,NY,2021,4,10.03,17.517,2632,NY,12.65,12.65,295,26.121635094715863,2.620000000000001
2632,NY,2022,1,100.12,123.248,2632,NY,106.77,106.77,1969,6.642029564522564,6.6499999999999915
2632,NY,2022,2,41.52,58.684,2632,NY,51.589999999999996,51.589999999999996,951,24.25337186897879,10.069999999999993
2632,NY,2022,3,102.81,114.667,2632,NY,100.87,100.87,1861,-1.8869759750996962,-1.9399999999999977
2632,NY,2022,4,155.39,169.222,2632,NY,148.76999999999998,148.76999999999998,2743,-4.260248407233417,-6.6200000000000045
2632,NY,2023,1,222.89,260.271,2632,NY,120.62,120.62,1634,-45.88361972273318,-102.26999999999998
2632,NY,2023,2,479.1,496.349,2632,NY,122.03,122.03,1655,-74.52932581924442,-357.07000000000005
2632,NY,2023,3,81.63,94.631,2632,NY,183.39,183.39,2486,124.66005145167219,101.75999999999999
2632,NY,2023,4,161.67,155.968,2632,NY,136.97,136.97,1858,-15.278035504422583,-24.69999999999999
2632,NY,2024,1,90.99,84.869,2632,NY,81.21,81.21,1535,-10.74843389383449,-9.780000000000001
2632,NY,2024,2,114.72,121.342,2632,NY,116.12,116.13,2194,1.220362622036267,1.4000000000000057
2632,NY,2024,3,80.66,85.616,2632,NY,81.91,81.91,1548,1.549714852467146,1.25
2632,NY,2024,4,4.87,10.193,2632,NY,9.77,9.77,185,100.61601642710471,4.8999999999999995
2679,NY,2020,1,764.75,467.1,2679,NY,2296.85,2296.85,24387,200.339980385747,1532.1
2679,NY,2020,2,551.75,333.975,2679,NY,2117.45,2117.45,22488,283.7698232895333,1565.6999999999998
2679,NY,2020,3,8929.25,5408.075,2679,NY,3623.11,3623.11,38477,-59.424251756866475,-5306.139999999999
2679,NY,2020,4,141.25,88.0,2679,NY,2277.59,2277.59,24192,1512.4530973451328,2136.34
2679,NY,2021,1,8770.02,5674.7,2679,NY,8792.490000000002,8792.5,89976,0.2562137828648186,22.470000000001164
2679,NY,2021,2,10856.75,6695.7,2679,NY,10787.83,10787.83,110399,-0.634812443871325,-68.92000000000007
2679,NY,2021,3,30765.02,18685.175,2679,NY,30461.62,30461.62,311727,-0.9861849594117003,-303.40000000000146
2679,NY,2021,4,12702.43,7625.25,2679,NY,12489.05,12489.05,127805,-1.6798360628635705,-213.38000000000102
2679,NY,2022,1,16880.09,10857.25,2679,NY,16920.71,16920.72,171394,0.24063852740121042,40.61999999999898
2679,NY,2022,2,16844.640000000003,10000.476,2679,NY,16442.95,16442.95,166554,-2.3846754813400715,-401.6900000000023
2679,NY,2022,3,15617.07,9405.793,2679,NY,15425.99,15426.0,156253,-1.2235329674516406,-191.07999999999993
2679,NY,2022,4,6614.17,4157.459,2679,NY,6679.34,6679.34,67660,0.9853088142578746,65.17000000000007
2679,NY,2023,1,4160.299999999999,2514.928,2679,NY,4186.879999999999,4186.889999999999,42235,0.6388962334447018,26.579999999999927
2679,NY,2023,2,6322.45,3752.724,2679,NY,6308.66,6308.66,63635,-0.21811164975602754,-13.789999999999964
2679,NY,2023,3,7726.7,4629.630999999999,2679,NY,7765.26,7765.27,78323,0.49904875302522944,38.5600000000004
2679,NY,2023,4,6339.65,3748.5660000000003,2679,NY,6291.200000000001,6291.210000000001,63456,-0.7642377733786394,-48.44999999999891
2679,NY,2024,1,3170.06,1870.7679999999998,2679,NY,3141.0,3141.0,31986,-0.9167018920777507,-29.059999999999945
2679,NY,2024,2,8462.45,4966.307,2679,NY,8393.99,8393.99,85482,-0.8089855774628026,-68.46000000000095
2679,NY,2024,3,11799.26,6998.58,2679,NY,11784.899999999998,11784.899999999998,120010,-0.12170254744791115,-14.360000000002401
2679,NY,2024,4,7815.9,4581.514,2679,NY,7745.099999999999,7745.11,78878,-0.9058457759183227,-70.80000000000018
2682,NY,2020,1,8176.75,5112.025000000001,2682,NY,17038.66,16775.64,139311,108.37936833093833,8861.91
2682,NY,2020,2,10175.0,5112.95,2682,NY,14102.31,13972.87,121406,38.59764127764127,3927.3099999999995
2682,NY,2020,3,37372.25,19944.075,2682,NY,27409.83,26877.06,231317,-26.657265751995123,-9962.419999999998
2682,NY,2020,4,13068.25,8062.549999999999,2682,NY,17678.19,17368.44,154101,35.275878560633586,4609.939999999999
2682,NY,2021,1,19824.75,11622.375,2682,NY,18745.98,18568.48,187603,-5.441531419059511,-1078.7700000000004
2682,NY,2021,2,6043.5,3577.75,2682,NY,5772.139999999999,5717.49,57765,-4.490113344916035,-271.3600000000006
2682,NY,2021,3,29560.0,18921.850000000002,2682,NY,34452.27,33808.22,330721,16.5503044654939,4892.269999999997
2682,NY,2021,4,4486.75,2802.775,2682,NY,5172.62,5079.8099999999995,48661,15.286565999888557,685.8699999999999
2682,NY,2022,1,34470.0,21154.6,2682,NY,26487.85,26018.28,348443,-23.15680301711634,-7982.1500000000015
2682,NY,2022,2,2083.25,1256.625,2682,NY,1397.25,1383.85,19273,-32.92931717268691,-686.0
2682,NY,2022,3,26687.5,18213.875,2682,NY,28654.34,27658.35,317690,7.369892271662764,1966.8400000000001
2682,NY,2022,4,3668.5,2257.2,2682,NY,2774.58,2722.5200000000004,36328,-24.367452637317708,-893.9200000000001
2682,NY,2023,1,5601.25,3896.85,2682,NY,10471.33,10258.5,104983,86.94630662798482,4870.08
2682,NY,2023,2,914.25,613.4,2682,NY,9279.32,9181.46,96580,914.9652720809406,8365.07
2682,NY,2023,3,26352.5,18075.100000000002,2682,NY,20788.77,20013.22,179623,-21.112721753154347,-5563.73
2682,NY,2023,4,9424.25,6570.2,2682,NY,13323.57,12982.82,124597,41.37538796190678,3899.3199999999997
2682,NY,2024,1,8527.0,6263.599999999999,2682,NY,9283.39,8993.91,85591,8.870528908174029,756.3899999999994
2682,NY,2024,2,768.0,471.875,2682,NY,6481.68,6416.21,64837,743.9687500000001,5713.68
2682,NY,2024,3,8585.75,6398.5,2682,NY,11306.39,10996.130000000001,108339,31.687854875811656,2720.6399999999994
2682,NY,2024,4,10752.0,6276.4,2682,NY,7191.56,7094.74,70099,-33.1142113095238,-3560.4399999999996
50292,NY,2020,1,52967.32,25197.086,50292,NY,66837.93,64673.21,605480,26.187109334585916,13870.609999999993
50292,NY,2020,2,39703.56,20585.069,50292,NY,51273.45,49064.73,470511,29.14068662860459,11569.89
50292,NY,2020,3,208375.02,102821.791,50292,NY,211146.08,201145.97,1842953,1.3298427037943406,2771.0599999999977
50292,NY,2020,4,226135.81,115427.97099999999,50292,NY,198738.55,190462.09,1722078,-12.115400917705166,-27397.26000000001
50292,NY,2021,1,268454.1,138672.025,50292,NY,240731.51,230870.81,2136619,-10.32675232004278,-27722.589999999967
50292,NY,2021,2,110527.91,59903.520000000004,50292,NY,122802.59,117979.92,1106133,11.10550267348762,12274.679999999993
50292,NY,2021,3,215664.41999999998,117776.063,50292,NY,224173.32,214278.71,1999206,3.945435227563278,8508.900000000023
50292,NY,2021,4,115534.25,65200.102,50292,NY,122705.59,118065.57,1129336,6.20711174392009,7171.3399999999965
50292,NY,2022,1,115785.87,69054.181,50292,NY,104965.39,101465.53,1009860,-9.345250849693487,-10820.479999999996
50292,NY,2022,2,95108.69,56413.558000000005,50292,NY,99077.73000000001,95805.06,957336,4.17316230514794,3969.040000000008
50292,NY,2022,3,127010.18,75759.54,50292,NY,130942.55,126354.71,1265263,3.0961061546405255,3932.37000000001
50292,NY,2022,4,119833.37999999999,68156.683,50292,NY,119505.34,115429.70000000001,1115156,-0.27374676404854276,-328.0399999999936
50292,NY,2023,1,158461.96,87810.111,50292,NY,149579.25,143893.56,1342876,-5.605578777392374,-8882.709999999992
50292,NY,2023,2,99348.49,56250.535,50292,NY,103983.45,100143.01,961843,4.665355256028543,4634.959999999992
50292,NY,2023,3,207687.83000000002,116546.85,50292,NY,203525.68,195212.6,1830076,-2.004041353795272,-4162.150000000023
50292,NY,2023,4,154924.06,86419.416,50292,NY,160665.63,155530.84,1441862,3.706054437251391,5741.570000000007
50292,NY,2024,1,138242.6,76162.253,50292,NY,146919.98,142038.33,1287326,6.276921875022608,8677.380000000005
50292,NY,2024,2,109107.16,58551.898,50292,NY,116656.36,111912.89,1036350,6.919069289311533,7549.199999999997
50292,NY,2024,3,216369.54,120165.444,50292,NY,216048.12,206847.7,1894806,-0.14855140885358115,-321.4200000000128
50292,NY,2024,4,134969.97,73426.962,50292,NY,117719.55,112669.1,1026248,-12.780931936192916,-17250.42
50368,NY,2020,2,0.0,0.0,50368,NY,48637.18,47681.49,221266,,48637.18
50368,NY,2020,3,0.0,0.0,50368,NY,83578.23999999999,81935.81,380224,,83578.23999999999
50368,NY,2021,2,0.0,0.0,50368,NY,49039.07,47870.009999999995,223094,,49039.07
50368,NY,2021,3,0.0,0.0,50368,NY,68242.94,66615.45999999999,310458,,68242.94
50368,NY,2022,2,0.0,0.0,50368,NY,53273.16,52058.840000000004,242354,,53273.16
50368,NY,2022,3,0.0,0.0,50368,NY,69400.64,67818.68,315725,,69400.64
50368,NY,2023,2,0.0,0.0,50368,NY,47940.32000000001,46954.21,218094,,47940.32000000001
50368,NY,2023,3,0.0,0.0,50368,NY,72045.11,70563.13,327753,,72045.11
50368,NY,2024,2,0.0,0.0,50368,NY,51434.92999999999,50367.83,233994,,51434.92999999999
50368,NY,2024,3,0.0,0.0,50368,NY,69340.48,67901.83,315453,,69340.48
50449,NY,2020,1,3820.5,2164.65,50449,NY,3796.0,3682.12,36881,-0.6412773197225494,-24.5
50449,NY,2020,2,10017.0,5698.075,50449,NY,9997.0,9697.09,97387,-0.1996605770190676,-20.0
50449,NY,2020,3,25295.0,14360.375,50449,NY,25237.0,24479.89,243785,-0.2292943269420834,-58.0
50449,NY,2020,4,8937.25,4996.0,50449,NY,8932.0,8664.04,86058,-0.05874290189935383,-5.25
50449,NY,2021,1,13939.0,7855.95,50449,NY,13922.0,13504.34,135353,-0.12195996843389052,-17.0
50449,NY,2021,2,5753.5,3394.725,50449,NY,5712.0,5540.64,55630,-0.7213000782132615,-41.5
50449,NY,2021,3,16287.25,9362.75,50449,NY,16216.0,15729.52,158029,-0.43745874840749666,-71.25
50449,NY,2021,4,2972.75,1610.725,50449,NY,2968.0,2878.96,28216,-0.15978471112606174,-4.75
50449,NY,2022,1,1880.0,1011.075,50449,NY,1865.0,1809.0500000000002,16856,-0.7978723404255319,-15.0
50449,NY,2022,2,2702.5,1543.4,50449,NY,2684.0,2603.48,25854,-0.6845513413506013,-18.5
50449,NY,2022,3,8283.75,4707.95,50449,NY,9225.0,8948.25,80720,11.36260751471254,941.25
50449,NY,2022,4,2941.75,1679.35,50449,NY,3681.0,3570.5699999999997,34797,25.12959972805303,739.25
50449,NY,2023,1,5299.0,3051.95,50449,NY,6031.0,5850.08,56819,13.813927156067182,732.0
50449,NY,2023,2,10162.25,5657.2,50449,NY,10029.0,9728.130000000001,94733,-1.3112253683977466,-133.25
50449,NY,2023,3,20193.0,11264.9,50449,NY,19872.0,19275.84,186556,-1.589659783093151,-321.0
50449,NY,2023,4,6038.25,3398.7,50449,NY,6088.0,5905.360000000001,56639,0.8239142135552519,49.75
50449,NY,2024,1,10981.25,6123.525,50449,NY,10863.0,10537.11,101061,-1.076835515082527,-118.25
50449,NY,2024,2,8246.5,4657.425,50449,NY,8164.0,7919.08,77567,-1.0004244224822652,-82.5
50449,NY,2024,3,21850.75,12275.35,50449,NY,21548.0,20901.559999999998,204981,-1.3855359655847053,-302.75
50449,NY,2024,4,22740.25,12630.725,50449,NY,21826.0,21171.22,202931,-4.020404349116655,-914.25
50450,NY,2020,1,1711.5,876.15,50450,NY,1683.0,1645.0,15239,-1.6652059596844873,-28.5
50450,NY,2020,2,2709.5,1484.5,50450,NY,2665.0,2595.0,25146,-1.6423694408562464,-44.5
50450,NY,2020,3,12668.0,6788.825,50450,NY,12441.0,12135.0,115458,-1.7919166403536468,-227.0
50450,NY,2020,4,2892.0,1825.45,50450,NY,3370.0,3293.0,31249,16.5283540802213,478.0
50450,NY,2021,1,2772.75,1502.95,50450,NY,2682.0,2617.0,25066,-3.272923992426292,-90.75
50450,NY,2021,2,5676.0,3004.7,50450,NY,5613.0,5484.0,51210,-1.1099365750528543,-63.0
50450,NY,2021,3,13507.5,7163.825,50450,NY,13172.0,12848.0,121674,-2.4838052933555432,-335.5
50450,NY,2021,4,2875.75,1519.425,50450,NY,2776.0,2710.0,25414,-3.46866034947405,-99.75
50450,NY,2022,1,794.0,423.0,50450,NY,768.0,751.0,7208,-3.27455919395466,-26.0
50450,NY,2022,2,2188.75,1163.15,50450,NY,2140.0,2087.01,19861,-2.227298686464877,-48.75
50450,NY,2022,3,9641.5,5097.7,50450,NY,9451.0,9223.0,87225,-1.9758336358450448,-190.5
50450,NY,2022,4,998.5,530.35,50450,NY,981.0,957.0,9008,-1.7526289434151225,-17.5
50450,NY,2023,1,756.25,412.8,50450,NY,708.0,692.0,6855,-6.380165289256198,-48.25
50450,NY,2023,2,2314.0,1209.7,50450,NY,2270.01,2218.0,20834,-1.9010371650820996,-43.98999999999978
50450,NY,2023,3,25854.5,13507.175,50450,NY,26288.0,25668.0,249058,1.6766907114815603,433.5
50450,NY,2023,4,7135.25,3603.325,50450,NY,7869.0,7693.0,71421,10.283451876248204,733.75
50450,NY,2024,1,7159.75,3735.0,50450,NY,7148.0,6993.0,64809,-0.16411187541464436,-11.75
50450,NY,2024,2,8796.75,4578.875,50450,NY,8590.0,8385.0,79310,-2.3502998266405206,-206.75
50450,NY,2024,3,16417.0,8555.25,50450,NY,15999.0,15622.0,148976,-2.5461411951026376,-418.0
50450,NY,2024,4,19548.75,10006.825,50450,NY,19215.0,18822.0,170079,-1.7072702858239017,-333.75
50451,NY,2020,1,5328.5,3068.75,50451,NY,5288.0,4999.0,51313,-0.7600638078258422,-40.5
50451,NY,2020,2,3437.0,1942.95,50451,NY,3446.0,3243.0,32931,0.2618562700029095,9.0
50451,NY,2020,3,14077.25,8091.675,50451,NY,13973.0,13097.0,134997,-0.7405565717736063,-104.25
50451,NY,2020,4,707.75,416.7,50451,NY,704.0,666.0,6926,-0.5298481102084069,-3.75
50451,NY,2021,1,1350.5,791.075,50451,NY,1347.0,1277.0,13247,-0.259163272861903,-3.5
50451,NY,2021,2,4031.0,2322.075,50451,NY,3963.0099999999998,3717.0,38351,-1.6866782436120127,-67.99000000000024
50451,NY,2021,3,15729.25,8859.725,50451,NY,15709.01,14790.0,148578,-0.12867746396045446,-20.23999999999978
50451,NY,2021,4,2634.0,1510.675,50451,NY,2626.0,2472.01,25337,-0.30372057706909644,-8.0
50451,NY,2022,1,7155.75,4099.425,50451,NY,7134.01,6775.0,68474,-0.30381162002585027,-21.73999999999978
50451,NY,2022,2,1301.5,780.05,50451,NY,1278.0,1198.0,12870,-1.8056089127929313,-23.5
50451,NY,2022,3,5946.5,3416.675,50451,NY,5931.0,5584.01,57013,-0.26065752963928357,-15.5
50451,NY,2022,4,992.25,594.05,50451,NY,998.0,940.0,9794,0.5794910556815319,5.75
50451,NY,2023,1,3359.75,1865.6,50451,NY,3353.0,3185.0,31415,-0.2009078056403006,-6.75
50451,NY,2023,2,12195.0,6810.8,50451,NY,12263.0,11600.01,114001,0.5576055760557606,68.0
50451,NY,2023,3,14602.25,8482.475,50451,NY,14563.0,13706.0,141441,-0.2687941926757863,-39.25
50451,NY,2023,4,2517.75,1471.675,50451,NY,2502.0,2345.0,24132,-0.6255585344057194,-15.75
50451,NY,2024,1,933.75,595.15,50451,NY,923.0,858.0,9578,-1.1512717536813921,-10.75
50451,NY,2024,2,5610.5,3216.925,50451,NY,5583.0,5271.0,53292,-0.4901523928348632,-27.5
50451,NY,2024,3,7476.0,4383.65,50451,NY,7441.0,6987.0,72563,-0.46816479400749067,-35.0
50451,NY,2024,4,8341.75,4887.725,50451,NY,8284.0,7828.0,80430,-0.6923007762160218,-57.75
50458,NY,2020,1,70289.0,33260.525,50458,NY,70883.0,69060.0,537450,0.8450824453328402,594.0
50458,NY,2020,2,97832.75,46730.675,50458,NY,98669.0,95914.0,748130,0.8547751136505923,836.25
50458,NY,2020,3,203485.25,97421.975,50458,NY,205916.0,200156.0,1561301,1.1945583279377745,2430.75
50458,NY,2020,4,19550.25,9402.75,50458,NY,19757.0,19208.0,149802,1.0575312336159386,206.75
50458,NY,2021,1,137626.25,65860.05,50458,NY,139112.0,135423.0,1054779,1.079554227482039,1485.75
50458,NY,2021,2,148521.75,70929.075,50458,NY,150037.0,145832.0,1137613,1.0202209440704813,1515.25
50458,NY,2021,3,118580.0,56909.95,50458,NY,120102.0,116673.0,910640,1.2835216731320627,1522.0
50458,NY,2021,4,159354.75,75757.2,50458,NY,161050.0,156571.0,1221117,1.063821442410722,1695.25
50458,NY,2022,1,52086.5,24867.2,50458,NY,52510.0,51144.0,398142,0.8130705653096293,423.5
50458,NY,2022,2,201193.25,95361.275,50458,NY,203372.0,197741.0,1542011,1.0829140639658636,2178.75
50458,NY,2022,3,205304.0,97883.975,50458,NY,207673.0,201721.0,1574622,1.1538986088921794,2369.0
50458,NY,2022,4,163165.75,76897.675,50458,NY,164730.0,160228.0,1235314,0.9586877147930861,1564.25
50458,NY,2023,1,118244.5,56172.225,50458,NY,119441.0,116209.0,895429,1.011886387950391,1196.5
50458,NY,2023,2,110170.75,52656.85,50458,NY,111457.0,108304.0,845093,1.1675058942595926,1286.25
50458,NY,2023,3,184792.5,88701.25,50458,NY,186912.0,181575.0,1417208,1.1469621332034579,2119.5
50458,NY,2023,4,109979.75,52213.325,50458,NY,111107.0,108054.0,842437,1.0249614133510943,1127.25
50458,NY,2024,1,86226.5,41011.45,50458,NY,86900.0,84604.0,658895,0.7810823818663636,673.5
50458,NY,2024,2,74119.5,36930.425,50458,NY,77245.0,74898.0,585689,4.216839023468857,3125.5
50458,NY,2024,3,95830.25,47855.025,50458,NY,100099.0,97189.0,758973,4.454491144497692,4268.75
50458,NY,2024,4,163809.0,80092.125,50458,NY,170306.0,165561.0,1291297,3.9662045430959227,6497.0
50472,NY,2020,1,0.0,5092.8,50472,NY,54856.01,39865.0,279357,,54856.01
50472,NY,2020,2,0.0,6069.05,50472,NY,60044.01,46433.0,305777,,60044.01
50472,NY,2020,3,0.0,6804.425,50472,NY,56215.99,42608.01,286283,,56215.99
50472,NY,2020,4,0.0,9066.325,50472,NY,53951.01,39820.01,274748,,53951.01
50472,NY,2021,1,0.0,1778.4,50472,NY,56528.020000000004,43150.0,287871,,56528.020000000004
50472,NY,2021,2,0.0,8422.75,50472,NY,56871.99,44832.01,289621,,56871.99
50472,NY,2021,3,0.0,3395.875,50472,NY,60560.0,48831.99,308404,,60560.0
50472,NY,2021,4,0.0,3372.4,50472,NY,64648.0,52316.0,329223,,64648.0
50472,NY,2022,1,0.0,5436.2,50472,NY,58515.01,45348.99,297990,,58515.01
50472,NY,2022,2,0.0,747.2,50472,NY,67020.0,54610.02,341303,,67020.0
50472,NY,2022,3,0.0,2055.275,50472,NY,70001.99,56898.0,356488,,70001.99
50472,NY,2022,4,0.0,4409.625,50472,NY,56016.01,42584.0,285263,,56016.01
50472,NY,2023,1,0.0,4538.675,50472,NY,56445.0,43431.0,287448,,56445.0
50472,NY,2023,2,0.0,2520.65,50472,NY,64766.01,51470.009999999995,329824,,64766.01
50472,NY,2023,3,0.0,686.35,50472,NY,67585.0,55194.0,344180,,67585.0
50472,NY,2023,4,0.0,4411.525,50472,NY,57388.0,45136.009999999995,292248,,57388.0
50472,NY,2024,1,0.0,443.5,50472,NY,66114.0,53100.0,336689,,66114.0
50472,NY,2024,2,0.0,6120.05,50472,NY,56201.0,44105.99,286207,,56201.0
50472,NY,2024,3,0.0,60.6,50472,NY,68575.0,56032.0,349220,,68575.0
50472,NY,2024,4,0.0,2441.275,50472,NY,70730.99,56760.01,360201,,70730.99
50472,NY,2025,1,0.0,798.05,50472,NY,63414.0,48924.990000000005,322938,,63414.0
50472,NY,2025,2,0.0,18588.775,50472,NY,18290.0,14896.0,93143,,18290.0
50472,NY,2025,3,0.0,10793.175,50472,NY,9644.01,7092.0,49114,,9644.01
50472,NY,2025,4,0.0,711.0,50472,NY,54740.01,43457.02,278765,,54740.01
50744,NY,2020,1,0.0,0.0,50744,NY,0.0,0.0,0,,0.0
50744,NY,2020,2,214.68,146.318,50744,NY,271.0,266.0,2300,26.23439537916899,56.31999999999999
50744,NY,2020,3,2429.39,1707.328,50744,NY,3322.0,3257.0,31700,36.74214514754733,892.6100000000001
50744,NY,2020,4,444.94,302.484,50744,NY,590.0,578.0,5618,32.602148604306194,145.06
50744,NY,2021,1,0.0,0.0,50744,NY,0.36999999999999994,0.36999999999999994,6,,0.36999999999999994
50744,NY,2021,2,713.66,498.01,50744,NY,1021.37,1001.37,9426,43.11717064148194,307.71000000000004
50744,NY,2021,3,10262.37,7091.809,50744,NY,14160.04,13882.04,134051,37.98021314764523,3897.67
50744,NY,2021,4,221.88,153.484,50744,NY,293.21,287.21,2964,32.148007932215606,71.32999999999998
50744,NY,2022,1,948.59,635.571,50744,NY,1251.48,1227.48,12311,31.930549552493698,302.89
50744,NY,2022,2,0.0,0.0,50744,NY,0.14,0.14,0,,0.14
50744,NY,2022,3,1533.88,1097.786,50744,NY,2180.05,2138.05,20100,42.126502725115394,646.1700000000001
50744,NY,2022,4,320.62,218.492,50744,NY,431.32,424.32,4039,34.526854219948845,110.69999999999999
50744,NY,2023,1,3.64,5.148,50744,NY,7.6000000000000005,6.6,73,108.7912087912088,3.9600000000000004
50744,NY,2023,2,0.0,0.0,50744,NY,0.18,0.18,0,,0.18
50744,NY,2023,3,1357.03,953.882,50744,NY,1934.1,1896.1,17124,42.52448361495324,577.0699999999999
50744,NY,2023,4,169.27,124.877,50744,NY,232.14,228.14,2318,37.14184439061852,62.869999999999976
50744,NY,2024,1,0.0,0.0,50744,NY,5.459999999999999,5.459999999999999,103,,5.459999999999999
50744,NY,2024,2,1800.07,1279.032,50744,NY,2577.56,2525.56,20135,43.19220919186476,777.49
50744,NY,2024,3,695.11,495.435,50744,NY,964.55,945.55,9206,38.762210297650725,269.43999999999994
50744,NY,2024,4,181.23,128.937,50744,NY,249.43999999999997,245.43999999999997,1863,37.637256524857904,68.20999999999998
50978,NY,2020,1,2188.97,1640.824,50978,NY,2809.0,2733.0,24755,28.325194041033008,620.0300000000002
50978,NY,2020,2,13779.49,10384.659,50978,NY,18389.0,17746.0,156398,33.451963751924055,4609.51
50978,NY,2020,3,37124.32,28003.085,50978,NY,49362.0,47633.0,421581,32.9640515974434,12237.68
50978,NY,2020,4,20328.65,15716.496,50978,NY,27192.0,26241.0,237260,33.76195664739173,6863.3499999999985
50978,NY,2021,1,18246.190000000002,13519.928,50978,NY,23879.0,23044.0,203471,30.8711572114507,5632.809999999998
50978,NY,2021,2,27522.690000000002,19691.028,50978,NY,36603.0,35323.0,294380,32.99208761934243,9080.309999999998
50978,NY,2021,3,53065.72,38631.521,50978,NY,69826.0,67382.0,579833,31.584005644321795,16760.28
50978,NY,2021,4,10506.54,7492.3009999999995,50978,NY,13819.0,13334.0,113073,31.527600903817994,3312.459999999999
50978,NY,2022,1,36242.17,26721.83,50978,NY,47650.0,45984.0,401776,31.47667482383092,11407.830000000002
50978,NY,2022,2,8075.05,5771.009,50978,NY,10578.0,10209.0,86917,30.99609290344951,2502.95
50978,NY,2022,3,58291.52,41565.58,50978,NY,77024.0,74328.0,547318,32.13585784004261,18732.480000000003
50978,NY,2022,4,17678.309999999998,12335.553,50978,NY,22949.0,22145.0,185380,29.814444932801855,5270.690000000002
50978,NY,2023,1,12590.990000000002,9000.605,50978,NY,16294.0,15725.0,134559,29.40999873719221,3703.0099999999984
50978,NY,2023,2,15982.94,11510.474,50978,NY,20679.0,19954.0,170069,29.381703241080796,4696.0599999999995
50978,NY,2023,3,63932.93,45844.089,50978,NY,84203.0,81258.0,683346,31.70521044475828,20270.07
50978,NY,2023,4,44071.72,31607.609,50978,NY,57677.0,55657.0,477055,30.870771551462024,13605.279999999999
50978,NY,2024,1,73124.13,51659.563,50978,NY,95869.0,92514.0,776075,31.10446578988358,22744.869999999995
50978,NY,2024,2,11197.98,7863.093,50978,NY,14377.0,13872.0,118157,28.389227342788615,3179.0200000000004
50978,NY,2024,3,26062.91,17839.649999999998,50978,NY,33665.0,32487.0,268015,29.168231789926757,7602.09
50978,NY,2024,4,24210.88,16374.728,50978,NY,30873.0,29794.0,247270,27.51705018570163,6662.119999999999
52056,NY,2020,1,32163.66,20856.894,52056,NY,34272.0,33243.85,162412,6.555037579678433,2108.34
52056,NY,2020,2,0.0,2.663,52056,NY,2.0,1.94,9,,2.0
52056,NY,2020,3,58766.33,49164.663,52056,NY,73915.0,71697.55,350274,25.77780507988162,15148.669999999998
52056,NY,2020,4,50586.46,35503.493,52056,NY,60662.01,58842.14,287470,19.917483848444828,10075.550000000003
52056,NY,2021,1,70456.34,52290.927,52056,NY,83354.0,80853.39,395005,18.305889860302145,12897.660000000003
52056,NY,2021,2,51355.43,39365.58,52056,NY,64961.0,63012.17,307843,26.492953130759496,13605.57
52056,NY,2021,3,69856.21,54253.884,52056,NY,88815.0,86150.55,420885,27.139734606271933,18958.789999999994
52056,NY,2021,4,55727.54,42439.067,52056,NY,69469.0,67384.93,329206,24.658292829721173,13741.46
52056,NY,2022,1,72947.0,55583.9,52056,NY,90461.0,87747.17,428685,24.00921216773822,17514.0
52056,NY,2022,2,33793.96,25875.914,52056,NY,42401.0,41128.97,200934,25.469166679489476,8607.04
52056,NY,2022,3,0.0,0.0,52056,NY,0.0,0.0,0,,0.0
52168,NY,2020,2,18690.0,0.0,52168,NY,37128.35,36286.270000000004,197941,98.65355805243445,18438.35
52168,NY,2020,3,35877.75,0.0,52168,NY,63163.95,61730.3,336743,76.05326420971214,27286.199999999997
52168,NY,2022,2,21083.75,0.0,52168,NY,37894.5,36757.67,202023,79.73320685361949,16810.75
52168,NY,2022,3,36333.0,0.0,52168,NY,54391.16,52759.43000000001,289972,49.70181377810807,18058.160000000003
52168,NY,2023,2,22485.75,0.0,52168,NY,36478.97,35384.61,194477,62.23150217359884,13993.220000000001
52168,NY,2023,3,32592.25,0.0,52168,NY,49453.52,47969.91,263647,51.73398584019206,16861.269999999997
52168,NY,2024,2,15312.5,0.0,52168,NY,39202.78,38026.72,209001,156.0181551020408,23890.28
52168,NY,2024,3,26083.25,0.0,52168,NY,39791.729999999996,38598.0,212141,52.55664075604074,13708.479999999996
54034,NY,2020,1,0.0,0.0,54034,NY,0.0,0.0,0,,0.0
54034,NY,2020,2,0.0,0.0,54034,NY,0.0,0.0,0,,0.0
54034,NY,2020,3,765.95,431.554,54034,NY,785.0,770.0,7432,2.4871075135452645,19.049999999999955
54034,NY,2020,4,4054.01,2127.464,54034,NY,4127.0,4059.0,38179,1.8004395647765983,72.98999999999978
54034,NY,2021,1,11078.26,5762.251,54034,NY,11294.0,11115.0,97810,1.9474177352761153,215.73999999999978
54034,NY,2021,2,8359.26,4546.733,54034,NY,8552.0,8379.0,77268,2.3057064859808136,192.73999999999978
54034,NY,2021,3,6062.64,3297.293,54034,NY,6207.0,6084.0,56006,2.3811408891176065,144.35999999999967
54034,NY,2021,4,9288.27,4848.74,54034,NY,9456.0,9309.0,82085,1.805826058028024,167.72999999999956
54034,NY,2022,1,6452.57,3460.391,54034,NY,6601.0,6483.0,58400,2.3003237469721416,148.4300000000003
54034,NY,2022,2,11499.9,6114.43,54034,NY,11692.0,11532.0,103551,1.6704493082548577,192.10000000000036
54034,NY,2022,3,19715.62,10609.335,54034,NY,20163.0,19762.0,180364,2.269165260843945,447.380000000001
54034,NY,2022,4,33489.08,17217.886,54034,NY,34159.0,33678.0,290917,2.000413269041724,669.9199999999983
54034,NY,2023,1,3094.09,1601.018,54034,NY,3159.0,3108.0,27192,2.0978704562569237,64.90999999999985
54034,NY,2023,2,0.0,0.0,54034,NY,0.0,0.0,0,,0.0
54034,NY,2023,3,17179.93,9189.108,54034,NY,17569.0,17222.0,156340,2.2646774462992556,389.0699999999997
54034,NY,2023,4,4389.99,2288.874,54034,NY,4480.0,4400.01,38881,2.0503463561420467,90.01000000000022
54034,NY,2024,1,0.0,0.0,54034,NY,0.0,0.0,0,,0.0
54034,NY,2024,2,1482.48,809.871,54034,NY,1520.0,1481.0,13669,2.530894177324482,37.51999999999998
54034,NY,2024,3,3057.7,1684.93,54034,NY,3138.0,3055.0,28506,2.626156915328521,80.30000000000018
54034,NY,2024,4,14323.51,7349.386,54034,NY,14593.0,14308.0,123700,1.881452241803858,269.4899999999998
54041,NY,2020,1,2653.7200000000003,1992.291,54041,NY,3010.0,2919.7,32839,13.425681684578619,356.27999999999975
54041,NY,2020,2,39036.69,30014.555999999997,54041,NY,55919.0,54241.43,506893,43.247288640507165,16882.309999999998
54041,NY,2020,3,72566.52,57874.471000000005,54041,NY,108632.0,105373.04000000001,943627,49.69988914998266,36065.479999999996
54041,NY,2020,4,2083.48,1617.5,54041,NY,3010.0,2919.7,26941,44.469829324015585,926.52
54041,NY,2021,1,15985.14,12376.296,54041,NY,23008.0,22317.760000000002,202490,43.93367840381755,7022.860000000001
54041,NY,2021,2,9746.720000000001,7737.137,54041,NY,14257.0,13829.289999999999,106672,46.27484938522907,4510.279999999999
54041,NY,2021,3,13847.51,11138.931,54041,NY,20603.0,19984.91,183900,48.784871792834956,6755.49
54041,NY,2021,4,0.0,0.0,54041,NY,0.0,0.0,0,,0.0
54041,NY,2022,1,95223.2,76038.341,54041,NY,142463.0,138189.11,1202649,49.6095489334532,47239.8
54041,NY,2022,2,1660.59,1274.372,54041,NY,2342.0,2271.74,21900,41.03421073233008,681.4100000000001
54041,NY,2022,3,21777.82,17180.791,54041,NY,31477.0,30532.690000000002,287603,44.53696467323176,9699.18
54041,NY,2022,4,15930.59,12909.738000000001,54041,NY,24239.0,23511.83,226188,52.15381225679651,8308.41
54041,NY,2023,1,15844.189999999999,12159.867,54041,NY,23165.0,22470.050000000003,197429,46.20501268919397,7320.810000000001
54041,NY,2023,2,3417.75,2733.895,54041,NY,4761.0,4618.17,44840,39.30217248189599,1343.25
54041,NY,2023,3,33834.729999999996,27081.78,54041,NY,50796.0,49272.119999999995,443241,50.129763116182716,16961.270000000004
54041,NY,2023,4,13700.45,10874.986,54041,NY,20246.0,19638.620000000003,177017,47.77616793608968,6545.549999999999
54041,NY,2024,1,27944.0,21816.106,54041,NY,41284.0,39516.0,352410,47.7383338104781,13340.0
54041,NY,2024,2,10584.35,8400.082,54041,NY,14120.0,0.0,132271,33.40450759848267,3535.6499999999996
54041,NY,2024,3,48630.89,39133.309,54041,NY,61317.0,0.0,602232,26.08652648553214,12686.11
54041,NY,2024,4,45814.08,35354.159999999996,54041,NY,66141.0,0.0,543218,44.36828154139513,20326.92
54076,NY,2020,1,30464.5,15431.325,54076,NY,30573.0,29716.0,263679,0.35615224277437674,108.5
54076,NY,2020,2,22159.0,11663.1,54076,NY,22174.0,21394.0,198199,0.06769258540547858,15.0
54076,NY,2020,3,29010.0,15218.375,54076,NY,29063.0,27954.0,260057,0.18269562219924165,53.0
54076,NY,2020,4,4116.5,2146.175,54076,NY,4119.01,3795.0,36361,0.06097412850723232,2.5100000000002183
54076,NY,2021,1,7250.0,3876.975,54076,NY,7260.0,7057.0,63532,0.13793103448275862,10.0
54076,NY,2021,2,9901.5,5192.625,54076,NY,9868.0,9551.0,88407,-0.33833257587234256,-33.5
54076,NY,2021,3,32556.25,17166.775,54076,NY,32493.0,31445.0,291735,-0.1942791322710693,-63.25
54076,NY,2021,4,4180.0,2151.95,54076,NY,4186.0,4055.0,37439,0.14354066985645933,6.0
54076,NY,2022,1,34793.25,18115.525,54076,NY,34897.0,33950.0,293743,0.29819002248999443,103.75
54076,NY,2022,2,49179.0,25611.325,54076,NY,49289.0,47898.0,434708,0.22367270582972407,110.0
54076,NY,2022,3,12692.75,6867.95,54076,NY,12710.0,12301.0,114122,0.13590435484824012,17.25
54076,NY,2022,4,6529.0,3445.9,54076,NY,6548.0,6343.0,54303,0.29100934293153624,19.0
54076,NY,2023,1,4803.5,2552.5,54076,NY,4810.0,4680.0,43185,0.13531799729364005,6.5
54076,NY,2023,2,3857.0,2073.825,54076,NY,3857.0,3724.0,34632,0.0,0.0
54076,NY,2023,3,23821.5,12462.475,54076,NY,24252.0,23525.0,212749,1.8071909829355834,430.5
54076,NY,2023,4,4433.75,2272.225,54076,NY,4438.0,4293.0,38409,0.09585565266422329,4.25
54076,NY,2024,1,4702.0,2366.15,54076,NY,4711.0,4583.0,40543,0.19140791152700978,9.0
54076,NY,2024,2,10492.0,5278.125,54076,NY,10454.0,10130.0,90079,-0.3621807091117042,-38.0
54076,NY,2024,3,19967.0,10168.2,54076,NY,19967.0,19329.0,173507,0.0,0.0
54076,NY,2024,4,491.0,263.15,54076,NY,492.0,475.0,4418,0.20366598778004072,1.0
54099,NY,2020,1,0.0,0.0,54099,NY,56963.01,53060.520000000004,303683,,56963.01
54099,NY,2020,2,0.0,0.0,54099,NY,30370.01,28289.38,161908,,30370.01
54099,NY,2020,3,0.0,0.0,54099,NY,34491.009999999995,32128.07,183880,,34491.009999999995
54099,NY,2020,4,0.0,0.0,54099,NY,54620.01,50878.06,291193,,54620.01
54099,NY,2021,1,0.0,0.0,54099,NY,58429.01,54426.090000000004,311499,,58429.01
54099,NY,2021,2,0.0,0.0,54099,NY,45249.01,42149.04,241234,,45249.01
54099,NY,2021,3,0.0,0.0,54099,NY,49767.01,46357.53,265322,,49767.01
54099,NY,2021,4,0.0,0.0,54099,NY,60244.01,56116.75,321175,,60244.01
54099,NY,2022,1,0.0,0.0,54099,NY,65086.990000000005,60627.950000000004,346994,,65086.990000000005
54099,NY,2022,2,0.0,0.0,54099,NY,43146.0,40190.13,230022,,43146.0
54099,NY,2022,3,0.0,0.0,54099,NY,46539.0,43350.66,248111,,46539.0
54099,NY,2022,4,0.0,0.0,54099,NY,58072.03,54093.549999999996,309597,,58072.03
54099,NY,2023,1,0.0,0.0,54099,NY,57869.99,53905.380000000005,308521,,57869.99
54099,NY,2023,2,0.0,0.0,54099,NY,31710.0,29537.59,169052,,31710.0
54099,NY,2023,3,0.0,0.0,54099,NY,46231.01,43063.77,246468,,46231.01
54099,NY,2023,4,0.0,0.0,54099,NY,54470.01,50738.31,290392,,54470.01
54099,NY,2024,1,0.0,0.0,54099,NY,62059.0,57807.4,330851,,62059.0
54099,NY,2024,2,0.0,0.0,54099,NY,39911.990000000005,37177.659999999996,212779,,39911.990000000005
54099,NY,2024,3,0.0,0.0,54099,NY,47945.01,44660.33,255608,,47945.01
54099,NY,2024,4,0.0,0.0,54099,NY,56365.0,52503.509999999995,300497,,56365.0
54099,NY,2025,1,0.0,0.0,54099,NY,63261.0,58927.05,337260,,63261.0
54099,NY,2025,2,0.0,0.0,54099,NY,45838.01,42697.69,244373,,45838.01
54099,NY,2025,3,0.0,0.0,54099,NY,52600.01,48996.42,280425,,52600.01
54099,NY,2025,4,0.0,0.0,54099,NY,60482.979999999996,56339.38,322450,,60482.979999999996
54114,NY,2020,1,76169.51,47462.39,54114,NY,82958.0,76055.0,685941,8.912345635412393,6788.490000000005
54114,NY,2020,2,96144.56,57675.31,54114,NY,115346.0,103331.0,959494,19.97142636047219,19201.440000000002
54114,NY,2020,3,136583.44,80151.151,54114,NY,169675.0,141799.0,1334121,24.228090901795998,33091.56
54114,NY,2020,4,120433.99,71333.323,54114,NY,142008.0,131308.0,1170561,17.913555799322097,21574.009999999995
54114,NY,2021,1,136811.48,80048.78,54114,NY,154772.0,144414.0,1272265,13.127933416113901,17960.51999999999
54114,NY,2021,2,101036.56,59320.916000000005,54114,NY,116430.0,103182.0,946259,15.23551474832477,15393.440000000002
54114,NY,2021,3,137109.22,80625.82699999999,54114,NY,166617.0,135585.0,1343818,21.52136814723328,29507.78
54114,NY,2021,4,100497.44,54991.18,54114,NY,100396.0,87031.0,817938,-0.10093789453741539,-101.44000000000233
54114,NY,2022,1,181376.49,92503.532,54114,NY,181647.0,169733.0,1473717,0.14914281338226876,270.5100000000093
54114,NY,2022,2,122383.26,63603.236,54114,NY,123309.0,109156.0,1026125,0.7564269819254735,925.7400000000052
54114,NY,2022,3,159530.57,81141.238,54114,NY,159381.0,130515.0,1313016,-0.09375632519836603,-149.57000000000698
54114,NY,2022,4,159958.08,83104.832,54114,NY,160544.0,148083.0,1282155,0.36629596954402854,585.9200000000128
54114,NY,2023,1,179882.08,91993.56,54114,NY,179923.0,168311.0,1465720,0.022748235955473057,40.920000000012806
54114,NY,2023,2,145062.83,74792.362,54114,NY,145176.0,130666.0,1163080,0.0780144713845806,113.1700000000128
54114,NY,2023,3,135392.39,70720.65,54114,NY,135450.0,110745.0,1081198,0.04255039740415693,57.60999999998603
54114,NY,2023,4,15846.74,8188.406999999999,54114,NY,15894.0,13736.0,135235,0.2982316867696461,47.26000000000022
54114,NY,2024,1,5.13,14.054,54114,NY,0.0,0.0,0,-100.0,-5.13
54114,NY,2024,2,137620.83000000002,69065.891,54114,NY,132394.0,117090.0,1093079,-3.7979933706256643,-5226.830000000016
54114,NY,2024,3,184746.76,89527.314,54114,NY,184695.0,159776.0,1455201,-0.028016729495017562,-51.76000000000931
54114,NY,2024,4,132777.32,67075.572,54114,NY,130295.0,121691.0,1062880,-1.8695361527104228,-2482.320000000007
54131,NY,2020,1,0.0,0.0,54131,NY,0.0,0.0,0,,0.0
54131,NY,2020,2,782.6,353.446,54131,NY,646.0,0.0,4898,-17.454638384870947,-136.60000000000002
54131,NY,2020,3,10952.97,10627.79,54131,NY,20489.0,19874.33,152499,87.06341750228478,9536.03
54131,NY,2020,4,0.0,0.0,54131,NY,0.0,0.0,0,,0.0
54131,NY,2021,1,60.1,103.118,54131,NY,59.0,38.0,447,-1.8302828618968408,-1.1000000000000014
54131,NY,2021,2,0.0,0.0,54131,NY,0.0,0.0,0,,0.0
54131,NY,2021,3,3690.44,2680.834,54131,NY,5211.0,5072.0,39510,41.20267501978084,1520.56
54131,NY,2021,4,70.18,61.454,54131,NY,92.0,83.0,697,31.091479053861487,21.819999999999993
54131,NY,2022,1,28388.39,19939.187,54131,NY,39600.0,38790.0,300256,39.493645113372054,11211.61
54131,NY,2022,2,1886.33,1299.256,54131,NY,2666.0,2601.0,20214,41.33264063021847,779.6700000000001
54131,NY,2022,3,4217.14,2769.725,54131,NY,5939.0,5623.0,44342,40.83004121276504,1721.8599999999997
54131,NY,2022,4,6312.53,4878.697,54131,NY,8552.0,8334.0,64843,35.47658387366081,2239.4700000000003
54131,NY,2023,1,2965.29,2000.48,54131,NY,3984.0,2862.0,30207,34.35448134921037,1018.71
54131,NY,2023,2,10166.59,7209.065,54131,NY,14389.0,9889.0,109101,41.53221483309546,4222.41
54131,NY,2023,3,19020.08,14475.201,54131,NY,26543.0,18141.0,201254,39.5525150262249,7522.919999999998
54131,NY,2023,4,18832.27,14087.525,54131,NY,26491.0,18393.0,200859,40.66811913805399,7658.73
54131,NY,2024,1,76607.69,53018.444,54131,NY,114091.0,111756.0,865065,48.92891301121336,37483.31
54131,NY,2024,2,77445.1,52798.638,54131,NY,109692.0,107186.0,831709,41.63839933062258,32246.899999999994
54131,NY,2024,3,50078.12,34867.409,54131,NY,72520.0,70461.0,549862,44.81374300792441,22441.879999999997
54131,NY,2024,4,0.0,0.0,54131,NY,0.0,0.0,0,,0.0
54149,NY,2020,1,85689.8,55850.972,54149,NY,71198.87,65541.36,362581,-16.910915884971146,-14490.930000000008
54149,NY,2020,2,71235.1,45431.533,54149,NY,65815.66,60585.91,335169,-7.6078225481539326,-5419.440000000002
54149,NY,2020,3,87480.64,55773.242,54149,NY,113270.77,104270.19,576834,29.48095715806378,25790.130000000005
54149,NY,2020,4,105720.45,41124.505,54149,NY,70552.70999999999,64946.56,359292,-33.264841381208655,-35167.740000000005
54149,NY,2021,1,149606.74,57966.642,54149,NY,64648.259999999995,59546.39,329224,-56.78786931658293,-84958.48
54149,NY,2021,2,77033.0,29764.057,54149,NY,69312.43,63842.5,352976,-10.022418963301451,-7720.570000000007
54149,NY,2021,3,139213.31,54053.287,54149,NY,96016.0,88438.69,488965,-31.02958330636632,-43197.31
54149,NY,2021,4,126110.84,48642.2,54149,NY,74900.33,68989.42,381432,-40.607540160703074,-51210.509999999995
54149,NY,2022,1,150682.71,58228.968,54149,NY,93472.40000000001,86615.23,476013,-37.96740183395958,-57210.30999999998
54149,NY,2022,2,110830.02,42485.73,54149,NY,68201.89,63198.56,347321,-38.46262050661004,-42628.130000000005
54149,NY,2022,3,133982.59,52052.752,54149,NY,83558.37,77428.49,425525,-37.634904654403236,-50424.22
54149,NY,2022,4,94579.04,36971.17,54149,NY,58895.33,54574.75,299928,-37.72898308124083,-35683.70999999999
54149,NY,2023,1,137523.12,52633.427,54149,NY,87855.38,81189.32,447406,-36.115919999488085,-49667.73999999999
54149,NY,2023,2,94464.02,35884.261,54149,NY,59959.25,55409.81,305344,-36.52689140267374,-34504.770000000004
54149,NY,2023,3,137066.0,50697.4,54149,NY,84714.86,78287.08,431413,-38.19411086629799,-52351.14
54149,NY,2023,4,125945.31,47702.456,54149,NY,79705.52,73657.81,405904,-36.714181734913346,-46239.78999999999
54149,NY,2024,1,148039.0,55885.7,54149,NY,94074.34,87145.7,479077,-36.45300224940725,-53964.66
54149,NY,2024,2,110620.33,41488.88,54149,NY,69832.95,64689.71000000001,355626,-36.87150454170586,-40787.380000000005
54149,NY,2024,3,144487.27,53559.897,54149,NY,90152.01,83512.24,459103,-37.60556898888047,-54335.259999999995
54149,NY,2024,4,126521.7,47432.875,54149,NY,79840.69,73960.36,406592,-36.89565505363902,-46681.009999999995
54547,NY,2020,1,1277149.07,530229.098,54547,NY,1292047.0,1253285.5899999999,8477817,1.166498911517035,14897.929999999935
54547,NY,2020,2,423190.44000000006,182127.985,54547,NY,438756.0,425593.32,2878915,3.6781454703938814,15565.55999999994
54547,NY,2020,3,1567951.99,660849.79,54547,NY,1609559.0,1561272.23,10561184,2.653589540072589,41607.01000000001
54547,NY,2020,4,905281.1799999999,385262.476,54547,NY,932408.0,904435.76,6118031,2.9965076706885774,27126.820000000065
54547,NY,2021,1,853794.26,364517.675,54547,NY,880506.0,854090.8200000001,5777474,3.12859212710097,26711.73999999999
54547,NY,2021,2,552609.78,235118.309,54547,NY,561112.0,544278.64,3681757,1.5385576418861011,8502.219999999972
54547,NY,2021,3,1186059.82,498531.18799999997,54547,NY,1205447.0,1169283.59,7909588,1.6345870312004949,19387.179999999935
54547,NY,2021,4,981382.23,406413.931,54547,NY,984058.0,954536.26,6456934,0.2726531944643036,2675.7700000000186
54547,NY,2022,1,1573555.22,651908.45,54547,NY,1579081.0,1531708.57,10361201,0.35116530578444066,5525.780000000028
54547,NY,2022,2,340008.18,143233.07,54547,NY,339677.0,329486.68999999994,2228804,-0.09740353893838466,-331.179999999993
54547,NY,2022,3,1224529.51,516750.681,54547,NY,1235290.0,1198231.3,8105402,0.8787448495218372,10760.48999999999
54547,NY,2022,4,626532.15,267312.857,54547,NY,643305.0,624005.8500000001,4221070,2.6770932664828098,16772.849999999977
54547,NY,2023,1,783984.8,348141.587,54547,NY,829722.0,804830.3400000001,5444253,5.833939637605213,45737.19999999995
54547,NY,2023,2,537478.76,232809.017,54547,NY,560796.0,543972.12,3679685,4.33826259478607,23317.23999999999
54547,NY,2023,3,1523730.55,647355.3049999999,54547,NY,1567461.0,1520437.17,10284957,2.8699595213865043,43730.44999999995
54547,NY,2023,4,1174124.79,499867.126,54547,NY,1209590.0,1173302.3,7842201,3.020565641919541,35465.20999999996
54547,NY,2024,1,2006454.8399999999,832142.288,54547,NY,2017036.0,1956524.92,13234860,0.5273560006962404,10581.160000000149
54547,NY,2024,2,750156.63,323989.824,54547,NY,780117.0,756713.49,5118770,3.9938819177003064,29960.369999999995
54547,NY,2024,3,1706698.5,717888.446,54547,NY,1725454.0,1673690.38,11321633,1.0989345804194472,18755.5
54547,NY,2024,4,1797988.98,749120.384,54547,NY,1825898.0,1771121.06,11980700,1.5522353201519634,27909.02000000002
54547,NY,2025,1,2062335.92,856225.025,54547,NY,2081360.0,2018919.2,13656923,0.9224530211353771,19024.080000000075
54547,NY,2025,2,823464.96,349947.00800000003,54547,NY,838604.0,813445.88,5502534,1.8384558828101243,15139.040000000037
54547,NY,2025,3,1455361.33,605269.355,54547,NY,1491714.0,1446962.58,9622878,2.497844985341195,36352.669999999925
54547,NY,2025,4,1957171.26,787777.866,54547,NY,1980310.0,1920900.7,12993880,1.1822542295046776,23138.73999999999
54574,NY,2020,1,22877.98,12387.427,54574,NY,22760.0,22241.0,200953,-0.515692381932319,-117.97999999999956
54574,NY,2020,2,0.0,0.0,54574,NY,0.0,0.0,0,,0.0
54574,NY,2020,3,9027.59,4873.037,54574,NY,9164.0,8925.0,71178,1.5110345064408093,136.40999999999985
54574,NY,2020,4,3126.5699999999997,1676.546,54574,NY,3124.0,3072.0,27524,-0.0821987033714169,-2.569999999999709
54574,NY,2021,1,26004.03,14348.015000000001,54574,NY,25447.0,24948.0,213992,-2.1420910528098873,-557.0299999999988
54574,NY,2021,2,11452.41,6347.953,54574,NY,11949.0,11675.0,104041,4.336117900075182,496.59000000000015
54574,NY,2021,3,9445.18,5346.286,54574,NY,9374.0,9187.0,87917,-0.753611895167697,-71.18000000000029
54574,NY,2021,4,1572.86,1031.232,54574,NY,1531.0,1479.0,17223,-2.661393893925709,-41.8599999999999
54574,NY,2022,1,52427.56,30731.131999999998,54574,NY,52132.0,50978.0,479869,-0.5637492952180069,-295.5599999999977
54574,NY,2022,2,1549.14,1046.813,54574,NY,1518.0,1468.0,17290,-2.0101475657461623,-31.1400000000001
54574,NY,2022,3,5826.700000000001,3127.5029999999997,54574,NY,5845.0,5709.0,52088,0.31407142979729985,18.299999999999272
54574,NY,2022,4,35643.880000000005,21219.472999999998,54574,NY,35391.0,34463.0,331755,-0.7094626062033781,-252.88000000000466
54574,NY,2023,1,132636.4,76395.126,54574,NY,132403.0,129348.0,1237985,-0.17596979411382863,-233.39999999999418
54574,NY,2023,2,10967.01,7119.6359999999995,54574,NY,10835.0,10636.0,103669,-1.2037009175700597,-132.01000000000022
54574,NY,2023,3,47018.21000000001,26325.566,54574,NY,47095.0,42836.0,410763,0.163319701026461,76.7899999999936
54574,NY,2023,4,53568.369999999995,31026.424000000003,54574,NY,52938.0,51625.0,496295,-1.1767578516949375,-630.3699999999953
54574,NY,2024,1,120867.18,68910.586,54574,NY,119219.0,116473.0,1102362,-1.3636290678743337,-1648.179999999993
54574,NY,2024,2,34940.100000000006,19499.729,54574,NY,34697.0,33831.0,321336,-0.6957621758380936,-243.10000000000582
54574,NY,2024,3,95441.61,51168.389,54574,NY,93679.0,91287.0,827131,-1.8467940765039488,-1762.6100000000006
54574,NY,2024,4,117561.33,62458.41,54574,NY,116686.0,113294.0,999539,-0.7445730666708191,-875.3300000000017
54592,NY,2020,1,360.52,289.712,54592,NY,571.0,555.0,4866,58.38233662487519,210.48000000000002
54592,NY,2020,2,0.0,0.0,54592,NY,0.0,0.0,0,,0.0
54592,NY,2020,3,66.47,268.47,54592,NY,521.0,503.0,4519,683.8122461260718,454.53
54592,NY,2020,4,151.49,120.892,54592,NY,222.0,213.0,2034,46.54432635817545,70.50999999999999
54592,NY,2021,1,335.87,277.588,54592,NY,552.0,533.0,4648,64.34930181320154,216.13
54592,NY,2021,2,0.0,0.0,54592,NY,0.0,0.0,0,,0.0
54592,NY,2021,3,1068.1,940.107,54592,NY,1873.0,1824.0,15807,75.35811253627939,804.9000000000001
54592,NY,2021,4,9879.16,7462.517,54592,NY,15514.0,14990.0,125145,57.03764287651987,5634.84
54592,NY,2022,1,0.0,0.0,54592,NY,0.0,0.0,0,,0.0
54592,NY,2022,2,0.0,0.0,54592,NY,0.0,0.0,0,,0.0
54592,NY,2022,3,257.78,240.709,54592,NY,466.0,456.0,4060,80.77430366979597,208.22000000000003
54592,NY,2022,4,67.96,51.858,54592,NY,98.0,91.0,936,44.202472042377885,30.040000000000006
54592,NY,2023,1,357.95,282.557,54592,NY,569.0,553.0,4737,58.96074870792011,211.05
54592,NY,2023,2,10142.08,7805.736,54592,NY,15579.0,15169.0,132293,53.60754401464,5436.92
54592,NY,2023,3,792.76,771.383,54592,NY,1459.0,1416.0,12975,84.04056713254957,666.24
54592,NY,2023,4,3098.32,2413.729,54592,NY,4787.0,4730.0,39736,54.50308554313305,1688.6799999999998
54592,NY,2024,1,351.9,308.314,54592,NY,567.0,552.0,5149,61.12531969309464,215.10000000000002
54592,NY,2024,2,6813.61,5393.375,54592,NY,10817.0,10547.0,91743,58.75578437861868,4003.3900000000003
54592,NY,2024,3,137.93,151.191,54592,NY,179.0,162.0,2425,29.775973319799892,41.06999999999999
54592,NY,2024,4,568.74,505.363,54592,NY,948.0,923.0,8526,66.68424939339592,379.26
54593,NY,2020,1,207.6,153.953,54593,NY,269.89,262.0,2393,30.004816955684007,62.28999999999999
54593,NY,2020,2,417.92,322.257,54593,NY,559.1800000000001,546.0,5689,33.800727411944884,141.26000000000005
54593,NY,2020,3,3948.79,2970.349,54593,NY,5347.96,5242.0,49706,35.43287943901803,1399.17
54593,NY,2020,4,531.35,397.173,54593,NY,683.0,667.0,8276,28.54051002164298,151.64999999999998
54593,NY,2021,1,0.0,0.0,54593,NY,0.0,0.0,0,,0.0
54593,NY,2021,2,5318.28,3963.461,54593,NY,7253.0,7111.0,65500,36.3786788209722,1934.7200000000003
54593,NY,2021,3,6687.28,5022.072,54593,NY,8856.0,8682.0,81869,32.430524817265024,2168.7200000000003
54593,NY,2021,4,0.0,0.0,54593,NY,0.0,0.0,0,,0.0
54593,NY,2022,1,0.0,0.0,54593,NY,0.0,0.0,0,,0.0
54593,NY,2022,2,191.33,144.615,54593,NY,255.0,249.0,2434,33.277583233157365,63.66999999999999
54593,NY,2022,3,1368.85,1062.475,54593,NY,1879.0,1842.0,17883,37.26851006319174,510.1500000000001
54593,NY,2022,4,169.52,138.685,54593,NY,224.0,219.0,2335,32.137800849457285,54.47999999999999
54593,NY,2023,1,457.65,327.237,54593,NY,583.9,572.9,5516,27.586583633781274,126.25
54593,NY,2023,2,2381.97,1722.69,54593,NY,3234.04,3171.04,28992,35.77165119627872,852.0700000000002
54593,NY,2023,3,1670.09,1283.761,54593,NY,2259.0299999999997,2215.0299999999997,21610,35.26396781011801,588.9399999999998
54593,NY,2023,4,138.77,120.471,54593,NY,166.04000000000002,162.04000000000002,2027,19.651221445557404,27.27000000000001
54593,NY,2024,1,0.0,0.0,54593,NY,1.64,1.64,23,,1.64
54593,NY,2024,2,1246.25,1013.207,54593,NY,1737.17,1704.17,17477,39.39177532597794,490.9200000000001
54593,NY,2024,3,1135.51,932.683,54593,NY,1574.1599999999999,1542.1599999999999,13900,38.63021902052821,438.64999999999986
54593,NY,2024,4,152.91,123.026,54593,NY,198.02999999999997,195.02999999999997,1995,29.50755346282125,45.119999999999976
54914,NY,2020,1,472069.42,314059.14800000004,54914,NY,536835.0,536833.0,3158072,13.719503373042045,64765.580000000016
54914,NY,2020,2,408134.26,276543.59400000004,54914,NY,506595.0,506595.0,2980176,24.124595666141822,98460.73999999999
54914,NY,2020,3,415869.07,287300.546,54914,NY,535407.0,535407.0,3149671,28.744126126042502,119537.93
54914,NY,2020,4,319665.13,213169.239,54914,NY,370367.0,358758.48,2178780,15.86093234504495,50701.869999999995
54914,NY,2021,1,486438.70999999996,322376.744,54914,NY,543767.0,538143.6799999999,3198850,11.785305902155699,57328.29000000004
54914,NY,2021,2,385783.86,243017.62699999998,54914,NY,337094.0,337094.0,1983042,-12.621020485408588,-48689.859999999986
54914,NY,2021,3,415443.9,253847.51,54914,NY,550078.0,550078.0,3235976,32.40728772284296,134634.09999999998
54914,NY,2021,4,438077.64,259272.00699999998,54914,NY,564948.0,564948.0,3323453,28.960702034461285,126870.35999999999
54914,NY,2022,1,469294.74,278720.679,54914,NY,536645.0,536645.0,3156953,14.3513775585893,67350.26000000001
54914,NY,2022,2,321627.65,196430.06900000002,54914,NY,406339.0,396339.0,2390395,26.338329431564723,84711.34999999998
54914,NY,2022,3,398067.73,248489.217,54914,NY,517606.0,517606.0,3044950,30.029630887185967,119538.27000000002
54914,NY,2022,4,431716.29000000004,263176.919,54914,NY,515121.01,515121.01,3030333,19.319335853645914,83404.71999999997
54914,NY,2023,1,466499.65,277267.097,54914,NY,513865.0,513865.0,3022943,10.153351669181312,47365.34999999998
54914,NY,2023,2,384696.49,235597.42200000002,54914,NY,470716.0,470716.0,2769109,22.36035738199743,86019.51000000001
54914,NY,2023,3,410858.45,254285.78999999998,54914,NY,541356.0,541356.0,3184667,31.762167724675006,130497.54999999999
54914,NY,2023,4,417326.98,285041.213,54914,NY,495936.0,495936.0,2917472,18.8363139138524,78609.02000000002
54914,NY,2024,1,476079.35,316915.64300000004,54914,NY,532674.0,524252.0,3133591,11.887650661596648,56594.65000000002
54914,NY,2024,2,444489.83999999997,303321.896,54914,NY,559159.0,548081.0,3289397,25.797925999838384,114669.16000000003
54914,NY,2024,3,418873.98,289201.844,54914,NY,557820.0,546713.0,3281520,33.171318017891686,138946.02000000002
54914,NY,2024,4,466580.32,313385.64300000004,54914,NY,564164.0,550528.29,3318841,20.914658380790684,97583.68
54914,NY,2025,1,449998.67,311981.267,54914,NY,496774.02,483361.75,2922402,10.394552943900932,46775.350000000035
54914,NY,2025,2,298218.03,203386.099,54914,NY,371038.01,359753.01,2182727,24.418369338701613,72819.97999999998
54914,NY,2025,3,424405.52,294292.186,54914,NY,543440.0,536192.0,3196928,28.047344907295262,119034.47999999998
54914,NY,2025,4,464094.66000000003,310897.602,54914,NY,540530.0,537146.0,3179808,16.469773644885283,76435.33999999997
55243,NY,2020,1,1541.58,1430.4,55243,NY,4429.14,4418.2,64875,187.31171914529253,2887.5600000000004
55243,NY,2020,2,1757.78,1615.8,55243,NY,4075.84,4065.78,59703,131.8742959869836,2318.0600000000004
55243,NY,2020,3,6650.14,5548.4,55243,NY,6947.04,6929.89,101767,4.464567663237159,296.89999999999964
55243,NY,2020,4,9753.2,8678.4,55243,NY,4393.99,4383.139999999999,64361,-54.94822212197023,-5359.210000000001
55243,NY,2021,1,3807.5,3459.6,55243,NY,8146.39,8126.17,119028,113.95640183847671,4338.89
55243,NY,2021,2,14383.38,12590.4,55243,NY,8704.08,8682.5,127181,-39.48515578396732,-5679.299999999999
55243,NY,2021,3,10271.28,9137.4,55243,NY,11466.580000000002,11438.14,167543,11.637303237765897,1195.300000000001
55243,NY,2021,4,8451.46,7534.2,55243,NY,9169.95,9147.2,133991,8.501371360687996,718.4900000000016
55243,NY,2022,1,14836.5,12908.6,55243,NY,13973.3,13938.48,201232,-5.818083779867225,-863.2000000000007
55243,NY,2022,2,7408.87,6523.4,55243,NY,7647.200000000001,7628.15,110130,3.2168198389228158,238.33000000000084
55243,NY,2022,3,21549.07,16535.0,55243,NY,19339.84,19291.68,278515,-10.252089765358782,-2209.2299999999996
55243,NY,2022,4,7483.9400000000005,7679.2,55243,NY,7210.67,7192.71,103846,-3.651418905015278,-273.27000000000044
55243,NY,2023,1,3657.3,3217.2,55243,NY,3126.84,3126.84,44936,-14.504142400131245,-530.46
55243,NY,2023,2,1264.4,1009.6,55243,NY,1775.17,1775.17,25518,40.39623536855425,510.77
55375,NY,2020,1,1274416.26,549343.008,55375,NY,769802.0,744203.0,5548671,-39.5957173365004,-504614.26
55375,NY,2020,2,1345918.82,576659.9,55375,NY,836667.0,809511.0,5981610,-37.83674114906871,-509251.82000000007
55375,NY,2020,3,2043859.6,863476.794,55375,NY,1036346.0,1004804.0,7303252,-49.29465800879865,-1007513.6000000001
55375,NY,2020,4,991789.03,433950.006,55375,NY,17808.0,16870.0,126156,-98.20445684905388,-973981.03
55375,NY,2021,1,943502.62,415452.331,55375,NY,219483.01,210749.01,1571034,-76.73742442813779,-724019.61
55375,NY,2021,2,1885515.46,786949.01,55375,NY,977749.0,945241.0,6892857,-48.144206677573465,-907766.46
55375,NY,2021,3,1935079.98,813713.739,55375,NY,996790.02,962265.01,7075462,-48.48843302073747,-938289.96
55375,NY,2021,4,1355093.77,556533.592,55375,NY,974918.01,944161.01,6797846,-28.055310150234103,-380175.76
55375,NY,2022,1,1652403.4100000001,738650.598,55375,NY,980806.0,950896.0,6861695,-40.64367126911219,-671597.4100000001
55375,NY,2022,2,1924308.42,811685.656,55375,NY,867856.0,839533.01,6232183,-54.90036882964946,-1056452.42
55375,NY,2022,3,2072944.75,877280.363,55375,NY,972265.0,940695.0,6795195,-53.09739924327458,-1100679.75
55375,NY,2022,4,1791470.3900000001,779487.647,55375,NY,919459.0,890606.0,6268715,-48.67573557830337,-872011.3900000001
55375,NY,2023,1,1723953.26,711621.1410000001,55375,NY,979409.0,948463.0,6836250,-43.18819293279448,-744544.26
55375,NY,2023,2,2063132.88,860844.644,55375,NY,1005126.0,937269.0,7030141,-51.28156747712731,-1058006.88
55375,NY,2023,3,2315362.66,975439.789,55375,NY,1113478.01,1079463.01,7916432,-51.909131591506274,-1201884.6500000001
55375,NY,2023,4,2184992.14,905571.729,55375,NY,1154013.01,1120808.01,8043499,-47.184569277214884,-1030979.1300000001
55375,NY,2024,1,2077449.01,869061.3809999999,55375,NY,1137887.01,1104337.0,7925877,-45.22671774264149,-939562.0
55375,NY,2024,2,2181926.77,915034.421,55375,NY,1003285.0,973485.0,7066400,-54.018392652105376,-1178641.77
55375,NY,2024,3,2287921.9899999998,962124.684,55375,NY,1176361.0,1141961.0,8303023,-48.58386758195369,-1111560.9899999998
55375,NY,2024,4,1891972.98,798168.181,55375,NY,975470.01,937537.02,6812362,-48.44165216355257,-916502.97
55375,NY,2025,1,1892683.52,823191.554,55375,NY,1145661.0,1113780.01,7975417,-39.46896098086171,-747022.52
55375,NY,2025,2,1480782.22,619339.7660000001,55375,NY,970541.0,942658.0,6792982,-34.457546363569925,-510241.22
55375,NY,2025,3,1658482.71,693750.908,55375,NY,1103198.0,1069924.0,7821825,-33.48148923421698,-555284.71
55375,NY,2025,4,1289164.44,545437.332,55375,NY,799595.0,773473.0,5586469,-37.975717046616644,-489569.43999999994
55405,NY,2020,1,595593.56,246575.274,55405,NY,595211.0,584783.0,4192551,-0.06423172204885087,-382.5600000000559
55405,NY,2020,2,316094.22,133610.166,55405,NY,315398.0,308684.0,2325222,-0.22025711194591668,-696.2199999999721
55405,NY,2020,3,1016153.76,425662.301,55405,NY,1016308.0,995819.0,7234226,0.015178805223334575,154.2399999999907
55405,NY,2020,4,75061.09,31979.735999999997,55405,NY,74687.0,73429.0,553507,-0.4983807189583798,-374.0899999999965
55405,NY,2021,1,27638.510000000002,12744.69,55405,NY,27608.0,26976.0,210230,-0.1103894529770311,-30.510000000002037
55405,NY,2021,2,259808.05,112290.611,55405,NY,258982.0,253537.0,1975636,-0.3179462684085379,-826.0499999999884
55405,NY,2021,3,781913.06,332402.00800000003,55405,NY,782226.0,766330.0,5621611,0.040022352357171796,312.9399999999441
55405,NY,2021,4,737768.55,307539.596,55405,NY,736751.0,723585.0,5238448,-0.13792265880675536,-1017.5500000000466
55405,NY,2022,1,162801.89,69741.35100000001,55405,NY,162732.0,159099.0,1211623,-0.0429294770472345,-69.89000000001397
55405,NY,2022,2,1506568.11,626241.4130000001,55405,NY,1505454.0,1475742.0,10744121,-0.07395019133918229,-1114.1100000001024
55405,NY,2022,3,1815910.11,748557.664,55405,NY,1816455.0,1779781.0,12853515,0.03000644123292521,544.8899999998976
55405,NY,2022,4,952830.12,388024.359,55405,NY,951723.0,922633.0,6683617,-0.11619280045429246,-1107.1199999999953
55405,NY,2023,1,109595.92,45327.969,55405,NY,109536.0,107142.0,782217,-0.05467356814012625,-59.919999999998254
55405,NY,2023,2,291257.62,122659.193,55405,NY,290735.0,285461.0,2172410,-0.17943564875658716,-522.6199999999953
55405,NY,2023,3,791651.4199999999,331295.387,55405,NY,791622.0,776774.0,5698652,-0.00371628209798771,-29.419999999925494
55405,NY,2023,4,679259.7,277994.86100000003,55405,NY,678773.0,667447.0,4808134,-0.07165153475172359,-486.69999999995343
55405,NY,2024,1,299085.26,122856.53499999999,55405,NY,299079.0,293846.0,2114933,-0.0020930486510800676,-6.260000000009313
55405,NY,2024,2,907105.46,377396.208,55405,NY,906555.0,889473.0,6551762,-0.060683131595301254,-550.4599999999627
55405,NY,2024,3,1731191.38,712703.247,55405,NY,1729822.0,1699273.0,12385210,-0.07910044006803502,-1369.3799999998882
55405,NY,2024,4,1106303.35,452727.725,55405,NY,1106147.0,1087533.0,7742345,-0.014132651772237074,-156.35000000009313
55405,NY,2025,1,119169.91,49995.706,55405,NY,118800.0,116988.0,888931,-0.31040553777375807,-369.9100000000035
55405,NY,2025,2,1270233.74,518068.47900000005,55405,NY,1269178.0,1092637.0,9027161,-0.08311383698562366,-1055.7399999999907
55405,NY,2025,3,1403253.1099999999,574880.323,55405,NY,1403223.0,1097366.0,9983042,-0.0021457283639919828,-30.109999999869615
55405,NY,2025,4,519129.41000000003,214842.23,55405,NY,518938.0,510906.0,3740117,-0.03687134581722746,-191.4100000000326
55699,NY,2020,1,11659.08,7472.0380000000005,55699,NY,21039.85,19545.489999999998,229401,80.45892128709983,9380.769999999999
55699,NY,2020,2,24786.96,16449.366,55699,NY,19449.19,18067.800000000003,212057,-21.53458915494276,-5337.77
55699,NY,2020,3,50195.14,38111.932,55699,NY,33473.1,31095.65,364964,-33.314061879297476,-16722.04
55699,NY,2020,4,27548.68,18173.560999999998,55699,NY,20848.87,19368.07,227319,-24.319894818916918,-6699.810000000001
55699,NY,2021,1,32073.7,20380.193,55699,NY,18570.82,16782.41,201534,-42.099539498093456,-13502.880000000001
55699,NY,2021,2,13950.689999999999,9415.604000000001,55699,NY,19917.67,17999.54,216153,42.771934578146315,5966.98
55699,NY,2021,3,55518.57,36228.302,55699,NY,27729.09,25058.690000000002,300924,-50.05438720773968,-27789.48
55699,NY,2021,4,23845.190000000002,15206.949,55699,NY,21578.44,19500.370000000003,234175,-9.50611003728636,-2266.7500000000036
55699,NY,2022,1,36645.28999999999,23377.45,55699,NY,10299.23,9390.900000000001,109121,-71.89480558074447,-26346.059999999994
55699,NY,2022,2,13445.85,8703.974,55699,NY,13196.2,12032.380000000001,139814,-1.8567067161986757,-249.64999999999964
55699,NY,2022,3,46836.87,29929.39,55699,NY,17191.39,15675.21,182143,-63.2951774958489,-29645.480000000003
55699,NY,2022,4,21126.44,13471.006000000001,55699,NY,11902.2,10852.5,126105,-43.66206516573544,-9224.239999999998
55699,NY,2023,1,39413.95,24762.597,55699,NY,14978.11,13482.32,142962,-61.997947427243396,-24435.839999999997
55699,NY,2023,2,25739.64,16520.088,55699,NY,15153.37,13640.060000000001,144632,-41.12827529833362,-10586.269999999999
55699,NY,2023,3,42739.4,31324.750999999997,55699,NY,22773.52,20499.22,217364,-46.71539609821383,-19965.88
55699,NY,2023,4,15642.4,10551.014,55699,NY,17009.02,15310.400000000001,162345,8.736638878944412,1366.6200000000008
55699,NY,2024,1,28448.92,18362.541,55699,NY,10686.67,9775.58,121997,-62.43558630696702,-17762.25
55699,NY,2024,2,17744.61,11294.586,55699,NY,10524.77,9627.49,120146,-40.68751017914736,-7219.84
55699,NY,2024,3,23416.760000000002,15321.516,55699,NY,14189.16,12979.48,161979,-39.40596393352454,-9227.600000000002
55699,NY,2024,4,4260.8,3259.773,55699,NY,11060.41,10117.45,126262,159.5852891475779,6799.61
55786,NY,2020,1,1371.29,817.827,55786,NY,18901.71,18107.7,191444,1278.3889622180575,17530.42
55786,NY,2020,2,11221.07,6780.145,55786,NY,17472.7,16738.72,176971,55.71331432742155,6251.630000000001
55786,NY,2020,3,45018.19,27656.983,55786,NY,30071.46,28808.239999999998,304577,-33.20153475739474,-14946.730000000003
55786,NY,2020,4,26907.22,16099.939,55786,NY,18730.14,17943.34,189708,-30.389910217406335,-8177.080000000002
55786,NY,2021,1,16075.25,9609.143,55786,NY,16012.34,15443.189999999999,161994,-0.39134694639274575,-62.909999999999854
55786,NY,2021,2,23937.7,14497.165,55786,NY,24156.68,23298.04,244389,0.9147913124485626,218.97999999999956
55786,NY,2021,3,76236.37,46390.074,55786,NY,77311.95,74563.93,782151,1.4108489163374407,1075.5800000000017
55786,NY,2021,4,25096.4,14893.849000000002,55786,NY,24819.03,23936.84,251089,-1.1052182783188131,-277.3700000000026
55786,NY,2022,1,11394.45,6993.143,55786,NY,31952.88,30746.68,277368,180.4249437226018,20558.43
55786,NY,2022,2,50873.71,30275.333,55786,NY,40940.6,39395.119999999995,355387,-19.52503562252488,-9933.11
55786,NY,2022,3,65812.47,39858.683000000005,55786,NY,53335.490000000005,51322.11,462980,-18.95838281103869,-12476.979999999996
55786,NY,2022,4,34488.42,20433.701,55786,NY,36926.04,35532.1,320538,7.067937586007138,2437.6200000000026
55786,NY,2023,1,29971.449999999997,17657.873,55786,NY,29730.46,28423.2,296292,-0.8040652020506115,-240.98999999999796
55786,NY,2023,2,19798.53,11851.895,55786,NY,19955.600000000002,19078.15,198876,0.7933417278959768,157.07000000000335
55786,NY,2023,3,41745.2,25253.564,55786,NY,42517.91,40648.369999999995,423731,1.8510152065387313,772.7100000000064
55786,NY,2023,4,9471.93,5655.49,55786,NY,9523.02,9104.29,94907,0.5393832091242243,51.090000000000146
55786,NY,2024,1,2501.77,1503.098,55786,NY,2564.49,2445.81,25923,2.507025026281385,62.7199999999998
55786,NY,2024,2,11793.07,7122.251,55786,NY,12149.06,11586.77,122809,3.01863721660263,355.9899999999998
55786,NY,2024,3,19545.43,11872.383000000002,55786,NY,20263.31,19325.49,204831,3.672879031057393,717.880000000001
55786,NY,2024,4,6781.360000000001,4004.469,55786,NY,6832.13,6515.93,69062,0.7486698833272312,50.76999999999953
55787,NY,2020,1,190.93,110.803,55787,NY,10487.85,10290.439999999999,100691,5393.034096265647,10296.92
55787,NY,2020,2,1754.15,1273.02,55787,NY,7918.28,7769.219999999999,76033,351.40267365960716,6164.129999999999
55787,NY,2020,3,29647.93,22739.523,55787,NY,7104.63,6970.9,68222,-76.03667439851618,-22543.3
55787,NY,2020,4,4801.4800000000005,3509.102,55787,NY,10880.25,10675.43,104470,126.60200604813514,6078.7699999999995
55787,NY,2021,1,4649.360000000001,3561.901,55787,NY,4619.35,4496.09,43730,-0.6454651823046659,-30.01000000000022
55787,NY,2021,2,3491.54,2744.819,55787,NY,3559.66,3464.67,33697,1.9510015637798763,68.11999999999989
55787,NY,2021,3,11172.18,8778.901,55787,NY,11384.050000000001,11080.3,107769,1.8964069680223627,211.8700000000008
55787,NY,2021,4,5843.93,4449.284,55787,NY,5770.94,5616.96,54626,-1.2489882664576866,-72.99000000000069
55787,NY,2022,1,9805.189999999999,7500.978999999999,55787,NY,10473.29,9361.2,91993,6.813738438520847,668.1000000000022
55787,NY,2022,2,2122.17,1658.6909999999998,55787,NY,2316.29,2070.34,20344,9.147240795977698,194.1199999999999
55787,NY,2022,3,4657.71,3676.52,55787,NY,5133.28,4588.21,45090,10.210382355277588,475.5699999999997
55787,NY,2022,4,4719.18,3587.609,55787,NY,5009.15,4477.25,43993,6.144499680029143,289.96999999999935
55787,NY,2023,1,2091.06,1610.7179999999998,55787,NY,12250.47,11971.45,233146,485.8497604085966,10159.41
55787,NY,2023,2,1176.1799999999998,934.2840000000001,55787,NY,601.6,587.9,11445,-48.851366287473,-574.5799999999998
55787,NY,2023,3,7235.700000000001,5711.4490000000005,55787,NY,315.3,308.12,5997,-95.64243957046313,-6920.400000000001
55787,NY,2023,4,3173.24,2386.532,55787,NY,487.64,476.53999999999996,9284,-84.63274129911385,-2685.6
55787,NY,2024,1,0.74,5.687,55787,NY,7.1,6.9,68,859.4594594594595,6.359999999999999
55787,NY,2024,2,530.49,421.373,55787,NY,524.46,509.49,5150,-1.1366849516484707,-6.029999999999973
55787,NY,2024,3,832.1,663.97,55787,NY,826.0,802.4100000000001,8122,-0.7330849657493117,-6.100000000000023
55787,NY,2024,4,142.65,119.28099999999999,55787,NY,148.44,144.2,1460,4.058885383806514,5.789999999999992
55969,NY,2020,1,407.17,318.704,55969,NY,15125.83,14919.49,161949,3614.8684824520465,14718.66
55969,NY,2020,2,8943.71,7474.941,55969,NY,11419.939999999999,11264.14,122264,27.68683242189203,2476.2299999999996
55969,NY,2020,3,43753.13,37074.819,55969,NY,10246.48,10106.689999999999,109699,-76.58114973717308,-33506.649999999994
55969,NY,2020,4,68.08,58.344,55969,NY,15691.759999999998,15477.68,168006,22949.00117508813,15623.679999999998
55969,NY,2021,1,332.27,303.067,55969,NY,356.36,351.71000000000004,3729,7.250127908026614,24.090000000000032
55969,NY,2021,2,3713.63,3148.316,55969,NY,3702.82,3654.44,38709,-0.2910898500927649,-10.809999999999945
55969,NY,2021,3,23219.99,19854.599,55969,NY,23353.04,23047.91,244120,0.572997662789688,133.04999999999927
55969,NY,2021,4,4262.4,3502.217,55969,NY,4119.780000000001,4065.9500000000003,43070,-3.346002252252229,-142.61999999999898
55969,NY,2022,1,4720.37,3887.264,55969,NY,4439.25,4382.34,46746,-5.955465355470014,-281.1199999999999
55969,NY,2022,2,2949.49,2614.238,55969,NY,2985.1800000000003,2946.8999999999996,31433,1.210039701778969,35.69000000000051
55969,NY,2022,3,21151.2,18914.968,55969,NY,21599.79,21322.83,227444,2.1208725746056967,448.59000000000015
55969,NY,2022,4,3215.91,2652.611,55969,NY,3028.78,2989.95,31894,-5.818881747312569,-187.12999999999965
55969,NY,2023,1,699.35,577.433,55969,NY,676.8199999999999,668.24,7420,-3.221562879816985,-22.530000000000086
55969,NY,2023,2,1011.42,874.51,55969,NY,1025.37,1012.38,11240,1.3792489766862364,13.949999999999932
55969,NY,2023,3,14812.65,12634.625,55969,NY,14811.470000000001,14623.85,162320,-0.007966164055712328,-1.179999999998472
55969,NY,2023,4,62.08,54.076,55969,NY,63.34,62.54,691,2.0296391752577403,1.2600000000000051
55969,NY,2024,1,1943.93,1640.643,55969,NY,1891.22,1844.4,20574,-2.7115173900294782,-52.710000000000036
55969,NY,2024,2,4508.02,3985.621,55969,NY,4593.9,4480.1900000000005,49975,1.9050492233840841,85.8799999999992
55969,NY,2024,3,16644.71,14688.633,55969,NY,16931.81,16512.66,184188,1.7248723468297267,287.1000000000022
55969,NY,2024,4,2064.1,1762.669,55969,NY,2032.06,1981.76,22106,-1.552250375466303,-32.039999999999964
56032,NY,2020,1,6467.72,3853.72,56032,NY,13597.98,13047.849999999999,135836,110.24379534055275,7130.259999999999
56032,NY,2020,2,10695.76,6404.087,56032,NY,12569.949999999999,12061.41,125568,17.522737982153664,1874.1899999999987
56032,NY,2020,3,23740.13,14040.135,56032,NY,21633.54,20758.33,216109,-8.873540288111311,-2106.59
56032,NY,2020,4,20698.23,12234.689,56032,NY,13474.55,12929.42,134605,-34.89998903287866,-7223.68
56032,NY,2021,1,19695.35,11643.935,56032,NY,19548.42,18719.989999999998,191759,-0.7460136529688496,-146.9300000000003
56032,NY,2021,2,15314.58,9208.91,56032,NY,15531.75,14873.54,152366,1.418060436525194,217.17000000000007
56032,NY,2021,3,32988.05,19378.34,56032,NY,32682.489999999998,31297.479999999996,320611,-0.9262748176991514,-305.56000000000495
56032,NY,2021,4,14340.29,8498.321,56032,NY,14332.349999999999,13724.990000000002,140598,-0.0553684758118722,-7.940000000002328
56032,NY,2022,1,25433.05,15055.336,56032,NY,25697.940000000002,24574.09,250683,1.0415188111532163,264.89000000000306
56032,NY,2022,2,12005.66,7111.176,56032,NY,12159.57,11627.810000000001,118615,1.2819786667288584,153.90999999999985
56032,NY,2022,3,22416.79,13144.031,56032,NY,22473.6,21490.78,219224,0.25342611497898526,56.80999999999767
56032,NY,2022,4,6154.51,3698.615,56032,NY,6323.88,6047.32,61685,2.7519656317074777,169.3699999999999
56032,NY,2023,1,11820.37,6984.645,56032,NY,12262.96,11710.44,139023,3.744299036324568,442.5899999999983
56032,NY,2023,2,10138.89,6033.805,56032,NY,12405.53,11846.550000000001,140638,22.355898919901502,2266.6400000000012
56032,NY,2023,3,24928.94,14655.344,56032,NY,18643.84,17803.79,211359,-25.212062767209513,-6285.0999999999985
56032,NY,2023,4,10278.45,6083.827,56032,NY,13924.68,13297.260000000002,157860,35.47451220757993,3646.2299999999996
56032,NY,2024,1,5500.62,3252.057,56032,NY,13125.810000000001,12602.740000000002,9447,138.62419145478148,7625.190000000001
56032,NY,2024,2,9694.96,5809.706,56032,NY,9484.75,9106.77,6822,-2.1682399927384863,-210.20999999999913
56032,NY,2024,3,16374.46,9810.252,56032,NY,12636.48,12132.9,9085,-22.82811158352703,-3737.9799999999996
56032,NY,2024,4,15865.62,9673.42,56032,NY,12003.970000000001,11525.61,8632,-24.339735856524985,-3861.6499999999996
56188,NY,2020,1,11571.24,5682.582,56188,NY,11561.0,11009.0,97946,-0.08849526930562138,-10.239999999999782
56188,NY,2020,2,31720.27,15296.594,56188,NY,31697.0,29970.0,261841,-0.07336003129860004,-23.270000000000437
56188,NY,2020,3,63228.16,30719.821,56188,NY,63260.0,59414.0,524700,0.05035730914832332,31.839999999996508
56188,NY,2020,4,31804.29,15358.653,56188,NY,31803.0,30196.0,263759,-0.004056056588595039,-1.2900000000008731
56188,NY,2021,1,1172.9,596.981,56188,NY,1173.0,1117.0,10361,0.008525876033754714,0.09999999999990905
56188,NY,2021,2,17071.65,8149.014,56188,NY,17059.0,16247.0,140979,-0.07409945728738261,-12.650000000001455
56188,NY,2021,3,70855.34,34004.515,56188,NY,70768.0,66633.0,579871,-0.12326523307911093,-87.33999999999651
56188,NY,2021,4,17643.84,8383.854,56188,NY,17634.010000000002,16763.0,142419,-0.05571349547489723,-9.829999999998108
56188,NY,2022,1,10173.31,4693.093,56188,NY,10180.0,9693.0,81358,0.06576030810031847,6.690000000000509
56188,NY,2022,2,69033.0,32365.544,56188,NY,68976.0,65368.0,554113,-0.08256920603189778,-57.0
56188,NY,2022,3,86264.91,41712.36,56188,NY,86209.0,81227.0,700383,-0.06481198438623942,-55.91000000000349
56188,NY,2022,4,12695.94,6941.47,56188,NY,12687.0,12092.0,101640,-0.07041621179684615,-8.94000000000051
56188,NY,2023,1,21057.01,10009.143,56188,NY,21022.0,19978.0,168067,-0.1662629214688999,-35.0099999999984
56188,NY,2023,2,16015.1,7826.73,56188,NY,16004.0,15190.0,131326,-0.06930958907531246,-11.100000000000364
56188,NY,2023,3,39910.9,19268.78,56188,NY,39871.0,37556.0,326846,-0.09997268916511894,-39.900000000001455
56188,NY,2023,4,9481.13,4570.487,56188,NY,9466.0,8998.0,81126,-0.1595801344354439,-15.1299999999992
56188,NY,2024,1,2593.97,1308.063,56188,NY,2589.0,2459.0,21981,-0.19159820660993768,-4.9699999999998
56188,NY,2024,2,230.95,126.284,56188,NY,231.0,214.0,2231,0.021649707728950585,0.05000000000001137
56188,NY,2024,3,56055.09,28381.644,56188,NY,55625.0,53345.0,517361,-0.7672630621055047,-430.0899999999965
56188,NY,2024,4,21654.39,10743.497,56188,NY,21640.0,20631.0,188715,-0.06645303792902695,-14.389999999999418
56196,NY,2020,1,562660.9,253324.847,56196,NY,567260.01,562774.01,4399389,0.8173857469036832,4599.109999999986
56196,NY,2020,2,476544.75,210545.658,56196,NY,481583.0,474549.0,3663979,1.0572459354551698,5038.25
56196,NY,2020,3,841175.1000000001,339573.458,56196,NY,814725.0,814320.0,5906929,-3.1444226059473337,-26450.100000000093
56196,NY,2020,4,633994.1599999999,285480.327,56196,NY,665501.0,662269.01,4953699,4.96957889959114,31506.840000000084
56196,NY,2021,1,546038.61,242533.44,56196,NY,557000.0,549686.02,4204825,2.0074386314916475,10961.390000000014
56196,NY,2021,2,730707.8500000001,304370.502,56196,NY,716810.0,714360.0,5296091,-1.901970808169105,-13897.850000000093
56196,NY,2021,3,725455.47,298651.88,56196,NY,708708.0,706867.0,5199587,-2.3085455541468276,-16747.469999999972
56196,NY,2021,4,793620.21,329161.793,56196,NY,783451.0,780663.0,5702494,-1.2813698380992544,-10169.209999999963
56196,NY,2022,1,583374.77,259197.036,56196,NY,581630.01,577128.0,4303980,-0.29908046931820675,-1744.7600000000093
56196,NY,2022,2,607350.5,258087.043,56196,NY,610605.0,602821.0,4474211,0.535852032722456,3254.5
56196,NY,2022,3,837692.69,338693.197,56196,NY,814347.0,813250.0,5857949,-2.786903870439641,-23345.689999999944
56196,NY,2022,4,601727.59,262254.56799999997,56196,NY,597786.0,593089.0,4425469,-0.6550455830020969,-3941.5899999999674
56196,NY,2023,1,631060.95,269181.08700000006,56196,NY,631090.0,626675.0,4617894,0.004603358835631735,29.050000000046566
56196,NY,2023,2,928149.26,370553.102,56196,NY,895611.0,894644.0,6425625,-3.50571415636317,-32538.26000000001
56196,NY,2023,3,935136.38,371552.454,56196,NY,903310.01,902666.0,6374860,-3.4033934173323463,-31826.369999999995
56196,NY,2023,4,1001110.6699999999,402150.662,56196,NY,982943.0,980638.0,6941599,-1.814751410051391,-18167.669999999925
56196,NY,2024,1,911080.62,364474.838,56196,NY,886298.0,884365.0,6280221,-2.7201346901660575,-24782.619999999995
56196,NY,2024,2,1013177.86,401731.93799999997,56196,NY,980297.0,979940.0,6945579,-3.245319632231204,-32880.859999999986
56196,NY,2024,3,1110057.05,438113.1,56196,NY,1067702.0,1067696.0,7555274,-3.815574163508087,-42355.05000000005
56196,NY,2024,4,758288.34,315539.597,56196,NY,752447.0,749251.0,5421302,-0.7703322986609511,-5841.339999999967
56196,NY,2025,1,731510.44,307868.826,56196,NY,713628.01,710349.0,5207802,-2.4445898543840245,-17882.429999999935
56196,NY,2025,2,758121.76,313183.92000000004,56196,NY,745118.0,742579.0,5406373,-1.715260092257477,-13003.76000000001
56196,NY,2025,3,1050750.1,425290.87,56196,NY,1028548.0,1027485.0,7305731,-2.1129762443039586,-22202.100000000093
56196,NY,2025,4,545217.3,233567.809,56196,NY,211272.0,207789.0,1509745,-61.2499456638665,-333945.30000000005
56234,NY,2020,1,600121.76,239734.96,56234,NY,596689.0,580583.0,4357055,-0.572010586651617,-3432.7600000000093
56234,NY,2020,2,342645.98,135977.288,56234,NY,341670.0,330367.0,2469263,-0.28483626161322,-975.9799999999814
56234,NY,2020,3,672278.94,270463.584,56234,NY,668277.0,647976.0,4893503,-0.5952796914923356,-4001.939999999944
56234,NY,2020,4,633278.24,253822.403,56234,NY,629771.0,612412.0,4601541,-0.5538229136058727,-3507.2399999999907
56234,NY,2021,1,689470.88,275919.152,56234,NY,685075.0,667953.0,4974417,-0.6375729748006187,-4395.880000000005
56234,NY,2021,2,582604.07,232049.07,56234,NY,579135.0,562339.0,4116383,-0.5954421156034747,-3469.069999999949
56234,NY,2021,3,662718.3,268683.229,56234,NY,658675.0,638177.0,4766027,-0.6101083974895587,-4043.3000000000466
56234,NY,2021,4,634705.52,253923.264,56234,NY,629617.0,612297.0,4502157,-0.8017135253526736,-5088.520000000019
56234,NY,2022,1,691924.8,279737.405,56234,NY,687244.0,669833.0,4963372,-0.6764896994586762,-4680.800000000047
56234,NY,2022,2,456885.85,172669.861,56234,NY,454191.0,440495.0,3250450,-0.5898300417927097,-2694.8499999999767
56234,NY,2022,3,665100.0,245921.2,56234,NY,660991.0,639531.0,4799211,-0.61780183431063,-4109.0
56234,NY,2022,4,598847.33,220644.905,56234,NY,590657.0,573011.0,4259793,-1.3676824776024232,-8190.329999999958
56234,NY,2023,1,681869.0,248629.3,56234,NY,677075.0,657395.0,4860499,-0.7030675980283603,-4794.0
56234,NY,2023,2,583959.5,222988.281,56234,NY,581953.0,562296.0,4128282,-0.34360259572795715,-2006.5
56234,NY,2023,3,670299.39,270213.53,56234,NY,665811.0,644523.0,4821145,-0.6696097396120283,-4488.390000000014
56234,NY,2023,4,621100.18,247346.424,56234,NY,617387.0,600115.0,4423565,-0.5978391440814026,-3713.180000000051
56234,NY,2024,1,678143.48,269999.657,56234,NY,673414.0,656112.0,4817710,-0.6974158330033611,-4729.479999999981
56234,NY,2024,2,36385.02,14654.155,56234,NY,36221.0,34740.0,260598,-0.45078991299165644,-164.0199999999968
56234,NY,2024,3,525585.79,201107.857,56234,NY,521350.0,505384.0,3732646,-0.8059179073315581,-4235.790000000037
56234,NY,2024,4,679718.8,259231.125,56234,NY,674528.0,656885.0,4818212,-0.7636687406615863,-5190.800000000047
56234,NY,2025,1,707952.0,272143.447,56234,NY,702234.0,683046.96,5055386,-0.807681876737406,-5718.0
56234,NY,2025,2,580214.21,222723.186,56234,NY,575707.0,558918.0,4087809,-0.7768182719964689,-4507.209999999963
56234,NY,2025,3,574301.55,223235.286,56234,NY,570386.0,551881.0,4099351,-0.6817933888564373,-3915.5500000000466
56234,NY,2025,4,613910.52,236731.053,56234,NY,610600.01,594110.0,4345333,-0.5392495961789365,-3310.5100000000093
56259,NY,2020,1,708689.53,301642.52300000004,56259,NY,708080.0,686323.0,5113050,-0.08600804360691316,-609.5300000000279
56259,NY,2020,2,685228.77,290727.804,56259,NY,685078.0,662022.0,4833804,-0.022002870661723475,-150.77000000001863
56259,NY,2020,3,1065349.15,446903.479,56259,NY,1065048.0,1034167.0,7558992,-0.028267728002590222,-301.14999999990687
56259,NY,2020,4,550179.8300000001,232782.38199999998,56259,NY,550517.0,531482.01,3999327,0.06128359885529163,337.1699999999255
56259,NY,2021,1,921350.37,393040.29500000004,56259,NY,920882.0,879275.0,6555733,-0.050835167081985905,-468.36999999999534
56259,NY,2021,2,886697.8,376100.555,56259,NY,886926.0,860218.0,6356254,0.02573593844486289,228.19999999995343
56259,NY,2021,3,1106485.06,467760.86600000004,56259,NY,1106163.0,1073956.0,7994417,-0.029106583689440493,-322.0600000000559
56259,NY,2021,4,677588.77,288108.854,56259,NY,677881.0,650116.0,4839221,0.0431279284631564,292.2299999999814
56259,NY,2022,1,630210.12,277655.377,56259,NY,634940.01,609927.01,4542208,0.750525872228141,4729.890000000014
56259,NY,2022,2,974280.17,414539.907,56259,NY,974072.0,945508.0,7009945,-0.021366543876187267,-208.1700000000419
56259,NY,2022,3,894911.97,384197.94999999995,56259,NY,895345.0,869470.0,5370230,0.048387999548159796,433.03000000002794
56259,NY,2022,4,853327.12,363478.721,56259,NY,851311.0,822712.01,6115815,-0.23626578281023053,-2016.1199999999953
56259,NY,2023,1,622412.01,270853.864,56259,NY,619733.0,598351.0,4529001,-0.4304238923667314,-2679.0100000000093
56259,NY,2023,2,703799.1,300005.304,56259,NY,708453.0,682967.0,5077470,0.6612540425243544,4653.900000000023
56259,NY,2023,3,1069546.79,457357.805,56259,NY,1069390.0,1037026.0,7795707,-0.014659480208438309,-156.79000000003725
56259,NY,2023,4,735826.53,314518.521,56259,NY,735684.01,713728.01,5260017,-0.01936869549947032,-142.52000000001863
56259,NY,2024,1,886443.6,378851.833,56259,NY,885960.0,857729.0,6336084,-0.054555078292626485,-483.5999999999767
56259,NY,2024,2,769902.56,327872.197,56259,NY,769796.0,746104.0,5535278,-0.013840712518225148,-106.56000000005588
56259,NY,2024,3,886221.75,379280.417,56259,NY,886252.0,858840.0,6417878,0.0034133669140934534,30.25
56259,NY,2024,4,444753.69,191807.387,56259,NY,445256.0,428799.0,3251032,0.11294116525486222,502.3099999999977
56259,NY,2025,1,828971.18,354562.80000000005,56259,NY,829443.0,798612.0,6109774,0.05691633332777006,471.8199999999488
56259,NY,2025,2,634510.83,265414.635,56259,NY,634477.0,613536.0,4595673,-0.005331666285342694,-33.82999999995809
56259,NY,2025,3,978652.14,408171.06200000003,56259,NY,978645.0,946240.0,7141187,-0.0007295748620152171,-7.14000000001397
56259,NY,2025,4,658614.33,276069.86100000003,56259,NY,659312.0,625875.0,4619059,0.10592997574165172,697.6700000000419
56940,NY,2020,1,1364002.0,548756.021,56940,NY,1371914.0,1350096.0,9349774,0.5800578005017588,7912.0
56940,NY,2020,2,863096.1699999999,351332.804,56940,NY,869029.0,851127.0,6002811,0.6873892164299692,5932.8300000000745
56940,NY,2020,3,1379602.08,564046.156,56940,NY,1396381.0,1367888.0,9659212,1.216214460911796,16778.919999999925
56940,NY,2020,4,1140818.4500000002,466826.816,56940,NY,1154696.0,1131839.0,7981898,1.216455606937266,13877.549999999814
56940,NY,2021,1,1364184.87,555917.006,56940,NY,1382904.0,1363303.0,9481905,1.3721842553494885,18719.12999999989
56940,NY,2021,2,736439.4,298899.46499999997,56940,NY,740156.0,726801.0,5113794,0.5046715316969702,3716.5999999999767
56940,NY,2021,3,950467.04,379081.697,56940,NY,948793.0,933219.0,6489526,-0.1761281485363277,-1674.0400000000373
56940,NY,2021,4,1309749.53,536399.203,56940,NY,1331119.0,1309565.0,9160053,1.6315692054495314,21369.469999999972
56940,NY,2022,1,1340139.48,553156.344,56940,NY,1369475.0,1349105.0,9443526,2.188990059452619,29335.52000000002
56940,NY,2022,2,1057603.22,426572.902,56940,NY,1067788.0,1048267.0,7346772,0.9630057669453793,10184.780000000028
56940,NY,2022,3,1242967.98,497414.24899999995,56940,NY,1265914.0,1240791.0,8731198,1.8460668632831572,22946.02000000002
56940,NY,2022,4,1195927.9500000002,476448.632,56940,NY,1211931.0,1192648.0,8403446,1.3381282710216624,16003.049999999814
56940,NY,2023,1,1163009.6,462526.59400000004,56940,NY,1178917.0,1160758.0,8131272,1.3677789074139979,15907.399999999907
56940,NY,2023,2,868379.62,345999.284,56940,NY,883981.0,868019.0,6122818,1.7966082621791613,15601.380000000005
56940,NY,2023,3,1378026.31,557499.731,56940,NY,1422225.0,1393558.0,9792188,3.2073908661439083,44198.689999999944
56940,NY,2023,4,963466.8300000001,384069.233,56940,NY,985662.0,969982.0,6816144,2.3036776471069507,22195.169999999925
56940,NY,2024,1,1402670.74,559071.7250000001,56940,NY,1434342.0,1411053.0,9857383,2.2579254772221176,31671.26000000001
56940,NY,2024,2,1209604.9300000002,480669.145,56940,NY,1225893.0,1202211.0,8456509,1.3465611453815611,16288.069999999832
56940,NY,2024,3,1383662.63,556385.446,56940,NY,1413780.0,1385350.0,9807262,2.176641136864419,30117.37000000011
56940,NY,2024,4,1000095.9199999999,404122.499,56940,NY,1021288.0,1003294.0,7123581,2.119004745064861,21192.080000000075
56940,NY,2025,1,1425511.24,571900.8049999999,56940,NY,1458877.0,1437924.0,10094820,2.34061711081282,33365.76000000001
56940,NY,2025,2,1169590.56,468135.966,56940,NY,1191523.0,1169958.0,8245802,1.8752237535159262,21932.439999999944
56940,NY,2025,3,1386266.21,558311.03,56940,NY,1420528.0,1389755.0,9856958,2.471515914681354,34261.79000000004
56940,NY,2025,4,718962.27,290234.375,56940,NY,739409.0,727745.0,5132718,2.843922532958507,20446.72999999998
57185,NY,2020,1,454317.72,194404.555,57185,NY,396150.0,387492.0,2837509,-12.803313064698418,-58167.71999999997
57185,NY,2020,2,1152073.6,486534.69200000004,57185,NY,1121798.0,1096037.0,8073069,-2.6279223827366662,-30275.600000000093
57185,NY,2020,3,1619764.66,682721.7999999999,57185,NY,1615803.0,1584551.0,11026972,-0.24458244446448882,-3961.659999999916
57185,NY,2020,4,786866.12,334030.49700000003,57185,NY,785404.0,767663.0,5389714,-0.18581559973633066,-1462.1199999999953
57185,NY,2021,1,390136.88,162734.916,57185,NY,387431.0,375240.0,2748015,-0.6935719586417989,-2705.8800000000047
57185,NY,2021,2,1506738.22,606791.881,57185,NY,1497472.0,1467937.0,10279894,-0.6149853954059765,-9266.219999999972
57185,NY,2021,3,1899198.67,766925.323,57185,NY,1895129.0,1860892.0,12678746,-0.21428353253848506,-4069.6699999999255
57185,NY,2021,4,1343811.15,540514.398,57185,NY,1322471.0,1299919.0,9058207,-1.5880319195148744,-21340.149999999907
57185,NY,2022,1,448615.43,185292.62,57185,NY,446679.0,435201.0,3131612,-0.4316458753993354,-1936.429999999993
57185,NY,2022,2,1762463.54,712524.953,57185,NY,1759834.0,1727899.0,12042786,-0.14919684522949264,-2629.5400000000373
57185,NY,2022,3,1958769.78,795281.1440000001,57185,NY,1956411.0,1920039.0,13367216,-0.12042150252083365,-2358.780000000028
57185,NY,2022,4,1405139.59,566500.139,57185,NY,1403705.0,1379072.0,9664110,-0.10209590635760848,-1434.5900000000838
57185,NY,2023,1,1060614.62,436703.38300000003,57185,NY,1055984.0,1023385.0,7617457,-0.43659779081681066,-4630.620000000112
57185,NY,2023,2,1604560.76,651975.02,57185,NY,1603233.0,1563679.0,11242703,-0.08274912568596089,-1327.7600000000093
57185,NY,2023,3,1619938.92,660551.007,57185,NY,1619019.0,1584323.0,11295580,-0.056787326277704685,-919.9199999999255
57185,NY,2023,4,1023164.68,418276.953,57185,NY,1051120.0,1029291.0,7222684,2.7322405226106854,27955.31999999995
57185,NY,2024,1,789668.3,324735.949,57185,NY,788144.0,771479.0,5508690,-0.1930304154288638,-1524.3000000000466
57185,NY,2024,2,1351132.01,549307.762,57185,NY,1354158.0,1327568.0,9330154,0.22395961146683147,3025.9899999999907
57185,NY,2024,3,1152226.84,462368.864,57185,NY,1151312.0,1128558.0,8118822,-0.07939756029290931,-914.8400000000838
57185,NY,2024,4,945492.79,379266.384,57185,NY,946828.0,933547.0,6356552,0.14121842219441597,1335.2099999999627
57185,NY,2025,1,558532.75,228737.261,57185,NY,559310.0,548430.0,3766598,0.1391592525236882,777.25
57185,NY,2025,2,1047289.56,421441.95900000003,57185,NY,1047336.0,1028460.0,6997782,0.004434303727800372,46.43999999994412
57185,NY,2025,3,1568226.55,624252.2320000001,57185,NY,1568443.0,1541267.0,10552900,0.013802214992467346,216.44999999995343
57185,NY,2025,4,1683867.1099999999,667584.923,57185,NY,1685220.0,1661292.0,11365617,0.08034422621391604,1352.8900000001304
6082,NY,2020,1,160267.26,174360.03,6082,NY,160004.0,145586.0,1670913,-0.1642631189926185,-263.2600000000093
6082,NY,2020,2,0.0,0.0,6082,NY,0.0,0.0,0,,0.0
7146,NY,2020,1,989.0,1083.75,7146,NY,10890.470000000001,10514.36,136821,1001.1597573306371,9901.470000000001
7146,NY,2020,2,98.0,279.20000000000005,7146,NY,8222.25,7938.3,103301,8290.051020408162,8124.25
7146,NY,2020,3,34135.75,37082.3,7146,NY,7377.370000000001,7122.59,92679,-78.38814146459356,-26758.379999999997
7146,NY,2020,4,3610.75,3909.175,7146,NY,11297.92,10907.75,141941,212.8967665997369,7687.17
7146,NY,2021,1,4839.64,5012.750000000001,7146,NY,11010.01,10561.34,140481,127.49646667933978,6170.37
7146,NY,2021,2,5547.61,6115.769,7146,NY,11081.550000000001,10629.97,141386,99.75358758095831,5533.940000000001
7146,NY,2021,3,19588.64,21214.842,7146,NY,1130.72,1084.65,14426,-94.22767481560741,-18457.92
7146,NY,2021,4,3437.2799999999997,3626.408,7146,NY,6298.719999999999,6042.04,80362,83.24721873108969,2861.4399999999996
7146,NY,2022,1,5571.78,5729.129,7146,NY,5160.58,4785.96,65817,-7.380047309836351,-411.1999999999998
7146,NY,2022,2,2351.71,2655.105,7146,NY,2391.5800000000004,2217.9700000000003,30497,1.6953620982179074,39.870000000000346
7146,NY,2022,3,7484.9400000000005,8234.181,7146,NY,7417.65,6879.1900000000005,94602,-0.8990052024465243,-67.29000000000087
7146,NY,2022,4,7618.629999999999,7697.455,7146,NY,6933.19,6429.89,88424,-8.996893142205353,-685.4399999999996
7146,NY,2023,1,3162.5699999999997,3358.719,7146,NY,13048.029999999999,11360.5,164198,312.576796719124,9885.46
7146,NY,2023,2,1516.53,1693.828,7146,NY,640.76,557.89,8068,-57.74828061429711,-875.77
7146,NY,2023,3,7726.14,8512.233,7146,NY,335.83,292.39,4223,-95.65332753483628,-7390.31
7146,NY,2023,4,3143.0299999999997,3322.114,7146,NY,519.39,452.21,6533,-83.474863427966,-2623.64
7146,NY,2024,1,688.38,869.062,7146,NY,4258.62,3315.8999999999996,55770,518.6437723350474,3570.24
7146,NY,2024,2,2884.54,3117.6929999999998,7146,NY,435.07,338.76,5693,-84.91717916894895,-2449.47
7146,NY,2024,3,2727.8999999999996,3225.576,7146,NY,422.14,328.68,5525,-84.52509256204407,-2305.7599999999998
7146,NY,2024,4,1853.99,2005.956,7146,NY,2681.17,2087.66,35112,44.616206128404144,827.1800000000001
7314,NY,2020,1,10548.36,8369.523,7314,NY,15374.0,14375.0,128810,45.747775009574944,4825.639999999999
7314,NY,2020,2,101435.35,74118.425,7314,NY,149782.0,149182.0,1228979,47.66252593400623,48346.649999999994
7314,NY,2020,3,170594.7,122529.453,7314,NY,251468.0,251303.0,2034679,47.40668965682989,80873.29999999999
7314,NY,2020,4,100820.14,73458.967,7314,NY,147330.0,146624.0,1218892,46.131516976667555,46509.86
7314,NY,2021,1,61974.26,45176.437,7314,NY,90043.0,89008.0,740362,45.290964345520216,28068.739999999998
7314,NY,2021,2,6662.26,5099.355,7314,NY,9877.0,9542.0,84512,48.252995229846924,3214.74
7314,NY,2021,3,0.0,0.0,7314,NY,0.0,0.0,0,,0.0
7314,NY,2021,4,18492.7,14715.135,7314,NY,27004.0,26285.0,227663,46.02518831755232,8511.3
7314,NY,2022,1,91281.95,82511.273,7314,NY,130376.0,129614.0,1094113,42.827798924102744,39094.05
7314,NY,2022,2,145096.27,107446.837,7314,NY,214564.0,214217.0,1728461,47.87699228932627,69467.73000000001
7314,NY,2022,3,149142.28,112148.647,7314,NY,220590.0,220154.0,1766095,47.905744769357156,71447.72
7314,NY,2022,4,71947.72,57840.511,7314,NY,105226.0,104316.0,871400,46.25341845439994,33278.28
7314,NY,2023,1,65247.39,51157.268,7314,NY,96018.0,94997.0,815773,47.159909384881146,30770.61
7314,NY,2023,2,78405.87,60573.868,7314,NY,116964.0,116159.0,981954,49.177606217493675,38558.130000000005
7314,NY,2023,3,126151.59,94839.232,7314,NY,188051.0,187474.01,1527268,49.067483017851785,61899.41
7314,NY,2023,4,987.46,934.326,7314,NY,940.0,593.0,14215,-4.806270633747194,-47.460000000000036
7314,NY,2024,1,0.0,9.212,7314,NY,0.0,-1234.0,135,,0.0
7314,NY,2024,2,93327.31,69371.086,7314,NY,138582.0,137881.0,1131753,48.490297213109436,45254.69
7314,NY,2024,3,141247.05,102711.173,7314,NY,210536.0,210158.0,1658909,49.05514840840925,69288.95000000001
7314,NY,2024,4,82813.77,61665.081,7314,NY,123020.0,122240.0,997049,48.55017468713233,40206.229999999996
7869,NY,2020,1,8554.5,5099.025,7869,NY,24040.82,23663.1,240684,181.03127009176455,15486.32
7869,NY,2020,2,20948.0,12409.35,7869,NY,22180.600000000002,21832.11,222070,5.884093946916184,1232.6000000000022
7869,NY,2020,3,50594.0,29945.8,7869,NY,38017.27,37419.94,380621,-24.858145234612806,-12576.730000000003
7869,NY,2020,4,32770.5,19171.375,7869,NY,23834.32,23459.84,238624,-27.268976671091377,-8936.18
7869,NY,2021,1,26169.0,15151.45,7869,NY,25005.28,24740.559999999998,252810,-4.446941037104976,-1163.7200000000012
7869,NY,2021,2,23051.25,13554.275,7869,NY,22336.01,22099.55,225828,-3.1028252263977074,-715.2400000000016
7869,NY,2021,3,70952.5,41532.65,7869,NY,68410.2,67685.98999999999,691653,-3.583101370635288,-2542.300000000003
7869,NY,2021,4,30645.14,17687.917999999998,7869,NY,29246.53,28936.899999999998,295695,-4.5638884338593355,-1398.6100000000006
7869,NY,2022,1,60971.399999999994,35371.020000000004,7869,NY,57490.1,57153.69,587002,-5.709726199496807,-3481.2999999999956
7869,NY,2022,2,26060.39,15704.353,7869,NY,25915.910000000003,25764.27,264616,-0.5544045964008825,-144.47999999999593
7869,NY,2022,3,86911.53,51078.046,7869,NY,84386.23999999999,83892.46,861629,-2.905586865171984,-2525.290000000008
7869,NY,2022,4,38753.11,22735.298000000003,7869,NY,37112.75,36895.600000000006,378940,-4.232847376636354,-1640.3600000000006
7869,NY,2023,1,44990.5,26117.976000000002,7869,NY,43008.07,42552.0,437245,-4.40633022526978,-1982.4300000000003
7869,NY,2023,2,28718.09,16789.318,7869,NY,27627.309999999998,27334.34,280873,-3.7982330997639555,-1090.7800000000025
7869,NY,2023,3,78172.32,45925.891,7869,NY,75652.31,74850.05,769134,-3.223660241886142,-2520.0100000000093
7869,NY,2023,4,10278.52,5934.574,7869,NY,9778.310000000001,9674.62,99412,-4.866556663799837,-500.2099999999991
7869,NY,2024,1,35004.600000000006,20274.622,7869,NY,36689.259999999995,36160.28,442409,4.812681761825556,1684.659999999989
7869,NY,2024,2,24470.690000000002,14407.208,7869,NY,26165.230000000003,25787.99,315502,6.924774086876997,1694.5400000000009
7869,NY,2024,3,53199.96,31380.508,7869,NY,34839.16,34336.85,420097,-34.51280790436684,-18360.799999999996
7869,NY,2024,4,30362.980000000003,17691.541,7869,NY,33394.36,32912.89,402672,9.983802643877501,3031.3799999999974
7909,NY,2020,1,4353.0,2506.135,7909,NY,14855.35,14262.17,160370,241.26694233861707,10502.35
7909,NY,2020,2,11163.54,6543.844999999999,7909,NY,13732.25,13183.92,148248,23.009815882775523,2568.709999999999
7909,NY,2020,3,39903.43,23061.415,7909,NY,23633.93,22690.23,255142,-40.77218424581546,-16269.5
7909,NY,2020,4,14617.810000000001,8404.865,7909,NY,14720.49,14132.71,158915,0.7024308018779726,102.67999999999847
7909,NY,2021,1,5953.379999999999,3396.452,7909,NY,5371.29,5199.68,57746,-9.777470949275862,-582.0899999999992
7909,NY,2021,2,16786.43,10107.887999999999,7909,NY,15985.57,15474.83,171857,-4.770877428970905,-800.8600000000006
7909,NY,2021,3,43862.45,26414.183,7909,NY,41770.729999999996,40436.119999999995,449066,-4.768817063342338,-2091.720000000001
7909,NY,2021,4,26513.559999999998,16346.885000000002,7909,NY,25852.39,25026.39,277933,-2.4937051078768686,-661.1699999999983
7909,NY,2022,1,17378.98,10615.818,7909,NY,16874.440000000002,16505.04,180798,-2.9031623259822914,-504.53999999999724
7909,NY,2022,2,27856.510000000002,16861.650999999998,7909,NY,26802.33,26215.58,287168,-3.784321869466061,-1054.1800000000003
7909,NY,2022,3,68824.37,41477.525,7909,NY,65922.55,64479.39,706314,-4.216268161989703,-2901.8199999999924
7909,NY,2022,4,16595.94,10164.587,7909,NY,16155.67,15802.0,173096,-2.6528777520285,-440.2699999999986
7909,NY,2023,1,10599.76,6419.991,7909,NY,10097.740000000002,9895.119999999999,108269,-4.736144969320047,-502.0199999999986
7909,NY,2023,2,26927.22,16273.447,7909,NY,25601.16,25087.47,274502,-4.9246078874833765,-1326.0600000000013
7909,NY,2023,3,71089.35,42973.123,7909,NY,67595.12,66238.8,724773,-4.915265085417169,-3494.2300000000105
7909,NY,2023,4,19877.92,12431.222,7909,NY,19554.98,19162.600000000002,209674,-1.6246166600932026,-322.9399999999987
7909,NY,2024,1,16331.400000000001,9807.215,7909,NY,15640.670000000002,15314.609999999999,169813,-4.229459813610588,-690.7299999999996
7909,NY,2024,2,28769.3,17033.798000000003,7909,NY,27166.57,26600.23,294952,-5.57097322493074,-1602.7299999999996
7909,NY,2024,3,63141.03999999999,37288.452,7909,NY,59467.67,58227.91,645647,-5.817721722670384,-3673.3699999999953
7909,NY,2024,4,18086.09,10942.949,7909,NY,17452.09,17088.25,189479,-3.505456403235857,-634.0
7910,NY,2020,1,26046.46,15770.337,7910,NY,23292.71,22665.15,251458,-10.572453991828448,-2753.75
7910,NY,2020,2,12966.39,7808.018,7910,NY,21531.739999999998,20951.61,232448,66.05809327037055,8565.349999999999
7910,NY,2020,3,58314.06,34782.621,7910,NY,37057.270000000004,36058.85,400056,-36.45225525370724,-21256.789999999994
7910,NY,2020,4,13765.0,8385.577000000001,7910,NY,23081.29,22459.41,249177,67.68100254268073,9316.29
7910,NY,2021,1,4974.55,3040.041,7910,NY,4763.97,4593.35,50742,-4.233146716788451,-210.57999999999993
7910,NY,2021,2,16935.81,10185.329,7910,NY,15961.63,15389.99,170010,-5.752190181632895,-974.1800000000021
7910,NY,2021,3,43906.2,26377.992,7910,NY,41338.79,39858.3,440306,-5.847488509595448,-2567.409999999996
7910,NY,2021,4,17857.75,10961.305,7910,NY,17179.620000000003,16564.36,182983,-3.7973988884377787,-678.1299999999974
7910,NY,2022,1,34293.23,21232.544,7910,NY,32812.04,32066.21,363371,-4.31919069740588,-1481.1900000000023
7910,NY,2022,2,18165.74,11013.643,7910,NY,17020.6,16633.72,188491,-6.303844489682242,-1145.140000000003
7910,NY,2022,3,60532.34,37128.989,7910,NY,57377.42,56073.2,635415,-5.2119577733158815,-3154.9199999999983
7910,NY,2022,4,9816.380000000001,6064.41,7910,NY,9372.94,9159.89,103797,-4.517347535445861,-443.4400000000005
7910,NY,2023,1,3802.4,2338.0370000000003,7910,NY,3702.01,3503.88,40158,-2.640174626551648,-100.38999999999987
7910,NY,2023,2,6808.54,4096.268,7910,NY,6485.58,6138.48,70352,-4.74345454385228,-322.96000000000004
7910,NY,2023,3,36462.94,21613.289,7910,NY,34223.57,32391.89,371235,-6.141495995660258,-2239.3700000000026
7910,NY,2023,4,11519.3,7010.954,7910,NY,11099.83,10505.77,120405,-3.6414539077895305,-419.46999999999935
7910,NY,2024,1,21664.46,13123.945,7910,NY,20688.84,20217.27,225764,-4.503320184301843,-975.619999999999
7910,NY,2024,2,15341.35,9109.339,7910,NY,14360.86,14033.54,156711,-6.391158535591717,-980.4899999999998
7910,NY,2024,3,63352.1,37992.558,7910,NY,59894.84,58529.649999999994,653593,-5.457214520118516,-3457.260000000002
7910,NY,2024,4,9042.96,5536.138,7910,NY,8727.46,8528.529999999999,95236,-3.4889018639914364,-315.5
7912,NY,2020,1,6838.6,4298.854,7912,NY,18148.31,17864.93,189364,165.38048723422924,11309.710000000001
7912,NY,2020,2,16749.43,10193.379,7912,NY,16776.27,16514.3,175048,0.1602442590583688,26.840000000000146
7912,NY,2020,3,39996.03,23947.621,7912,NY,28872.85,28422.010000000002,301266,-27.810710212988642,-11123.18
7912,NY,2020,4,22570.75,13318.201,7912,NY,17983.58,17702.77,187647,-20.323516055071266,-4587.169999999998
7912,NY,2021,1,13937.99,8133.276,7912,NY,13097.04,12836.94,138045,-6.033509853285867,-840.9499999999989
7912,NY,2021,2,17763.73,10450.21,7912,NY,16826.239999999998,16492.08,177353,-5.277551505230048,-937.4900000000016
7912,NY,2021,3,28500.57,16828.871,7912,NY,27098.14,26559.99,285621,-4.920708603371794,-1402.4300000000003
7912,NY,2021,4,7234.73,4271.072,7912,NY,6876.58,6740.01,72480,-4.950426622693586,-358.14999999999964
7912,NY,2022,1,8674.42,5130.522,7912,NY,8212.15,8050.96,88661,-5.329117105235859,-462.27000000000044
7912,NY,2022,2,21084.49,12472.422,7912,NY,19964.25,19572.36,215544,-5.3130998188716045,-1120.2400000000016
7912,NY,2022,3,35142.49,20747.126,7912,NY,33211.92,32559.98,358573,-5.493549261876435,-1930.5699999999997
7912,NY,2022,4,8083.71,4803.767,7912,NY,7690.68,7539.72,83033,-4.862000244937037,-393.02999999999975
7912,NY,2023,1,5912.63,3500.685,7912,NY,5638.29,5428.42,59579,-4.639897981101475,-274.34000000000015
7912,NY,2023,2,6085.81,3602.347,7912,NY,5802.11,5586.15,61310,-4.661663771954772,-283.7000000000007
7912,NY,2023,3,19084.99,11151.969,7912,NY,17959.85,17291.36,189780,-5.895418336609047,-1125.140000000003
7912,NY,2023,4,7883.86,4649.017,7912,NY,7487.7699999999995,7209.0599999999995,79122,-5.024061817434609,-396.09000000000015
7912,NY,2024,1,4031.5,2395.237,7912,NY,3807.54,3680.08,41091,-5.555252387448841,-223.96000000000004
7912,NY,2024,2,8704.01,5437.158,7912,NY,8644.59,8355.21,93292,-0.6826738480309659,-59.42000000000007
7912,NY,2024,3,20550.5,11979.411,7912,NY,19044.54,18407.010000000002,205528,-7.3280942069535975,-1505.9599999999991
7912,NY,2024,4,7772.54,4558.687,7912,NY,7247.32,7004.71,78213,-6.757379183638814,-525.2200000000003
7913,NY,2020,1,1627.73,1023.347,7913,NY,13706.05,13066.05,145733,742.0346126200291,12078.32
7913,NY,2020,2,10922.79,6655.991,7913,NY,12669.84,12078.23,134715,15.994539856575098,1747.0499999999993
7913,NY,2020,3,35653.520000000004,21669.585,7913,NY,21805.48,20787.28,231853,-38.84059694526656,-13848.040000000005
7913,NY,2020,4,17117.59,10709.704000000002,7913,NY,13581.64,12947.45,144412,-20.656821433391038,-3535.9500000000007
7913,NY,2021,1,5237.6,3305.666,7913,NY,5067.07,4866.21,54062,-3.25588055597985,-170.53000000000065
7913,NY,2021,2,17089.48,10514.766,7913,NY,16118.71,15479.77,171978,-5.6805122215538475,-970.7700000000004
7913,NY,2021,3,29001.33,17910.72,7913,NY,27460.82,26372.28,292993,-5.311859835393762,-1540.510000000002
7913,NY,2021,4,25796.25,16020.322,7913,NY,24562.41,23588.75,262069,-4.783020787905219,-1233.8400000000001
7913,NY,2022,1,10636.89,6597.188,7913,NY,10103.54,9866.99,107599,-5.014153573083849,-533.3499999999985
7913,NY,2022,2,32083.920000000002,19798.542,7913,NY,30316.69,29606.86,322859,-5.508148630217264,-1767.2300000000032
7913,NY,2022,3,60027.71,37047.701,7913,NY,56730.63,55402.37,604156,-5.492596669104987,-3297.0800000000017
7913,NY,2022,4,16230.11,10189.654999999999,7913,NY,15604.14,15238.79,166178,-3.8568438538001355,-625.9700000000012
7913,NY,2023,1,8236.41,5164.536,7913,NY,7938.24,7723.42,84191,-3.6201451846132002,-298.1700000000001
7913,NY,2023,2,23371.89,14432.265,7913,NY,22183.72,21583.41,235276,-5.083756598204075,-1188.1699999999983
7913,NY,2023,3,51724.11,31812.276,7913,NY,48894.27,47571.16,518561,-5.471026954354563,-2829.840000000004
7913,NY,2023,4,24738.4,15331.733,7913,NY,23567.77,22930.010000000002,249955,-4.7320360249652405,-1170.630000000001
7913,NY,2024,1,15173.330000000002,9102.452000000001,7913,NY,14567.490000000002,14211.42,153328,-3.992795253250276,-605.8400000000001
7913,NY,2024,2,26637.309999999998,15751.217,7913,NY,25210.1,24593.9,265344,-5.357935917703399,-1427.2099999999991
7913,NY,2024,3,62648.16,36945.382,7913,NY,59126.64,57681.43,622326,-5.621106828995463,-3521.520000000004
7913,NY,2024,4,9619.779999999999,5764.066,7913,NY,9225.77,9000.27,97104,-4.095831713407152,-394.0099999999984
7914,NY,2020,1,1718.0500000000002,1044.017,7914,NY,12776.45,12137.560000000001,137615,643.6599633305201,11058.400000000001
7914,NY,2020,2,10432.68,6232.912,7914,NY,11810.53,11219.93,127207,13.207057055329985,1377.8500000000004
7914,NY,2020,3,34760.979999999996,20537.528,7914,NY,20326.55,19310.11,218932,-41.524807413369814,-14434.429999999997
7914,NY,2020,4,14396.9,8610.242,7914,NY,12660.48,12027.39,136362,-12.061068702290077,-1736.42
7914,NY,2021,1,5419.54,3270.66,7914,NY,5181.5199999999995,4979.18,55884,-4.3918856581924,-238.02000000000044
7914,NY,2021,2,17110.39,10134.31,7914,NY,16053.169999999998,15426.26,173140,-6.178818834637909,-1057.2200000000012
7914,NY,2021,3,32386.27,19229.088000000003,7914,NY,30458.57,29269.1,328509,-5.9522137004354025,-1927.7000000000007
7914,NY,2021,4,21627.489999999998,13194.357,7914,NY,20901.73,20085.48,225434,-3.3557292131449303,-725.7599999999984
7914,NY,2022,1,14520.36,8880.141,7914,NY,14075.5,13762.67,149995,-3.0636981452250533,-444.8600000000006
7914,NY,2022,2,30634.15,18212.96,7914,NY,28869.98,28228.33,307651,-5.758834503323911,-1764.170000000002
7914,NY,2022,3,66594.95999999999,39411.09299999999,7914,NY,62471.17,61082.71,665719,-6.192345486805599,-4123.789999999994
7914,NY,2022,4,13385.99,8004.91,7914,NY,12690.34,12408.3,135234,-5.196851334865778,-695.6499999999996
7914,NY,2023,1,10172.95,6004.633,7914,NY,9657.76,9395.48,102192,-5.064312711651984,-515.1900000000005
7914,NY,2023,2,25448.620000000003,14877.774999999998,7914,NY,23928.129999999997,23278.29,253189,-5.97474440657295,-1520.4900000000052
7914,NY,2023,3,50236.810000000005,29559.81,7914,NY,47541.42,46250.29,503047,-5.365368541513696,-2695.3900000000067
7914,NY,2023,4,14709.59,8693.795,7914,NY,13982.68,13602.939999999999,147955,-4.941742087984776,-726.9099999999999
7914,NY,2024,1,15384.390000000001,9164.343,7914,NY,14674.65,14336.96,153520,-4.613377585981645,-709.7400000000016
7914,NY,2024,2,26400.989999999998,15467.281,7914,NY,24772.22,24202.16,259155,-6.169351982633973,-1628.7699999999968
7914,NY,2024,3,61469.53,36156.042,7914,NY,57902.7,56570.24,605750,-5.802598458130397,-3566.8300000000017
7914,NY,2024,4,15613.470000000001,9329.74,7914,NY,14939.44,14595.64,156289,-4.316977584098862,-674.0300000000007
7915,NY,2020,1,5994.89,3651.642,7915,NY,10812.07,10449.69,116077,80.35476881143772,4817.179999999999
7915,NY,2020,2,7631.86,4591.642,7915,NY,9994.66,9659.67,107300,30.95968741564966,2362.8
7915,NY,2020,3,30573.82,18201.055,7915,NY,17201.34,16624.81,184669,-43.73833560870051,-13372.48
7915,NY,2020,4,7342.28,4467.092,7915,NY,10713.93,10354.84,115021,45.92102180793978,3371.6500000000005
7915,NY,2021,1,2512.59,1535.149,7915,NY,2359.2,2312.01,25610,-6.104855945458683,-153.39000000000033
7915,NY,2021,2,9640.39,5745.0,7915,NY,8831.009999999998,8654.38,95869,-8.395718430478446,-809.380000000001
7915,NY,2021,3,16506.5,9820.189,7915,NY,15095.6,14793.689999999999,163879,-8.547541877442217,-1410.8999999999996
7915,NY,2021,4,8808.29,5281.888,7915,NY,8119.290000000001,7956.91,88142,-7.822176608626645,-689.0
7915,NY,2022,1,15642.89,9285.023,7915,NY,14718.43,14392.08,156720,-5.909777541106529,-924.4599999999991
7915,NY,2022,2,14659.94,8799.004,7915,NY,13947.75,13638.5,148515,-4.858068996189619,-712.1900000000005
7915,NY,2022,3,37796.17,22736.611,7915,NY,36042.25,35243.12,383775,-4.640470185206592,-1753.9199999999983
7915,NY,2022,4,8014.77,4815.593,7915,NY,7633.57,7464.32,81282,-4.756218830983306,-381.2000000000007
7915,NY,2023,1,1995.41,1204.616,7915,NY,1937.38,1843.1499999999999,20900,-2.90817425992653,-58.02999999999997
7915,NY,2023,2,0.0,0.0,7915,NY,0.0,0.0,0,,0.0
7915,NY,2023,3,26161.43,15267.259,7915,NY,24559.65,23365.27,264945,-6.122677544767234,-1601.7799999999988
7915,NY,2023,4,6834.68,4133.815,7915,NY,6649.9800000000005,6326.59,71738,-2.7023942598629316,-184.69999999999982
7915,NY,2024,1,8462.79,5140.165,7915,NY,8362.34,8180.68,89044,-1.1869608013433006,-100.45000000000073
7915,NY,2024,2,8752.46,5078.265,7915,NY,8262.16,8082.67,87978,-5.601853650288026,-490.2999999999993
7915,NY,2024,3,32335.14,18790.026,7915,NY,30571.06,29906.97,325530,-5.455612686383909,-1764.079999999998
7915,NY,2024,4,23088.51,13490.507,7915,NY,21947.449999999997,21470.690000000002,233703,-4.942111898948877,-1141.0600000000013
8006,NY,2020,1,12175.900000000001,7360.95,8006,NY,12110.0,11610.0,130293,-0.5412330915989902,-65.90000000000146
8006,NY,2020,2,19052.120000000003,11638.116,8006,NY,18954.0,18154.0,198697,-0.5150083035378876,-98.12000000000262
8006,NY,2020,3,85630.34,55413.118,8006,NY,85265.0,78918.0,968911,-0.4266478446774783,-365.3399999999965
8006,NY,2020,4,0.0,0.0,8006,NY,0.0,0.0,0,,0.0
8006,NY,2021,1,28538.51,19419.496,8006,NY,28406.0,27017.0,316721,-0.4643199662491083,-132.5099999999984
8006,NY,2021,2,57336.02,35634.521,8006,NY,57095.0,53811.0,636189,-0.4203640224766156,-241.0199999999968
8006,NY,2021,3,56720.14,37653.633,8006,NY,56848.0,53029.0,632870,0.22542257476797586,127.86000000000058
8006,NY,2021,4,5344.56,5672.347,8006,NY,5310.01,5003.0,62453,-0.6464517191312321,-34.55000000000018
8006,NY,2022,1,205895.83000000002,155157.604,8006,NY,205048.0,193532.0,2021191,-0.41177618798788507,-847.8300000000163
8006,NY,2022,2,28458.82,17681.224000000002,8006,NY,28316.0,26633.0,315659,-0.5018479332593541,-142.8199999999997
8006,NY,2022,3,168947.66999999998,107220.217,8006,NY,168105.0,157666.01,1805066,-0.4987757451759967,-842.6699999999837
8006,NY,2022,4,105050.54999999999,79198.154,8006,NY,104501.0,99897.0,1015134,-0.5231291030841708,-549.5499999999884
8006,NY,2023,1,59534.05,41407.497,8006,NY,59119.01,55624.0,602194,-0.6971472627849119,-415.0400000000009
8006,NY,2023,2,40898.43,25022.458,8006,NY,40740.0,38301.009999999995,442437,-0.3873742830715025,-158.4300000000003
8006,NY,2023,3,95918.95,60231.592000000004,8006,NY,95579.0,88183.0,1105678,-0.3544138045714607,-339.9499999999971
8006,NY,2023,4,11460.26,7112.891,8006,NY,11417.01,10606.0,132165,-0.3773910888583679,-43.25
8006,NY,2024,1,23625.82,17963.876,8006,NY,23564.0,21884.0,245755,-0.26166287561659113,-61.81999999999971
8006,NY,2024,2,61912.04,37992.869999999995,8006,NY,61588.0,57519.0,662082,-0.5233876964803629,-324.0400000000009
8006,NY,2024,3,170136.37,105420.455,8006,NY,169273.0,157244.0,1852156,-0.5074576353074862,-863.3699999999953
8006,NY,2024,4,5.88,229.63799999999998,8006,NY,11.0,11.0,3539,87.0748299319728,5.12
8006,NY,2025,1,71954.7,54619.638,8006,NY,72012.0,68383.0,715807,0.07963343603684389,57.30000000000291
8006,NY,2025,2,61103.22,38949.8,8006,NY,61028.0,56934.01,680453,-0.12310316870371343,-75.22000000000116
8006,NY,2025,3,356885.03,226421.95900000003,8006,NY,357189.0,332080.0,3832109,0.08517308781485511,303.96999999997206
8006,NY,2025,4,233813.34999999998,160569.64500000002,8006,NY,233755.0,218731.0,2467320,-0.02495580342182203,-58.34999999997672
8007,NY,2020,1,4592.0,4856.2,8007,NY,14414.27,13560.05,203337,213.8996080139373,9822.27
8007,NY,2020,2,6569.0,7696.7,8007,NY,10882.72,10237.78,153521,65.66783376465214,4313.719999999999
8007,NY,2020,3,32898.0,37242.0,8007,NY,9764.45,9185.779999999999,137743,-70.31901635357772,-23133.55
8007,NY,2020,4,6376.0,7193.6,8007,NY,14953.57,14067.380000000001,210947,134.52901505646173,8577.57
8007,NY,2021,1,10317.0,10447.4,8007,NY,9282.59,8566.810000000001,128890,-10.026267325772995,-1034.4099999999999
8007,NY,2021,2,5718.0,6108.6,8007,NY,5428.0,5009.450000000001,75363,-5.071703392794683,-290.0
8007,NY,2021,3,21200.0,23828.3,8007,NY,21181.440000000002,19548.14,294099,-0.08754716981130978,-18.55999999999767
8007,NY,2021,4,3243.0,3652.5,8007,NY,3246.9700000000003,2996.6,45082,0.1224175146469397,3.9700000000002547
8007,NY,2022,1,10384.0,10996.8,8007,NY,9706.67,8789.03,136570,-6.522823574730354,-677.3299999999999
8007,NY,2022,2,4739.0,5467.0,8007,NY,4824.87,4368.74,67887,1.8119856509812176,85.86999999999989
8007,NY,2022,3,12715.0,14509.3,8007,NY,12823.4,11611.099999999999,180424,0.8525363743609882,108.39999999999964
8007,NY,2022,4,5567.0,6106.6,8007,NY,5394.0599999999995,4884.12,75888,-3.1065205676306897,-172.9400000000005
8007,NY,2023,1,4139.0,4675.7,8007,NY,4043.76,3399.73,58259,-2.301038898284604,-95.23999999999978
8007,NY,2023,2,2281.0,1389.6,8007,NY,1202.29,1010.8,17321,-47.29110039456379,-1078.71
8007,NY,2023,3,16471.0,12901.7,8007,NY,11161.34,9383.689999999999,160812,-32.23641551818348,-5309.66
8007,NY,2023,4,2280.0,2882.6,8007,NY,2491.6,2094.77,35898,9.280701754385962,211.5999999999999
8007,NY,2024,1,2606.0,3087.0,8007,NY,2704.11,2359.77,38251,3.764773599386037,98.11000000000013
8007,NY,2024,2,6114.0,7572.599999999999,8007,NY,6639.91,5794.41,93926,8.601733725875038,525.9099999999999
8007,NY,2024,3,11574.0,14069.199999999999,8007,NY,12334.45,10763.83,174480,6.570330050112327,760.4500000000007
8007,NY,2024,4,2713.0,3103.2,8007,NY,2721.52,2374.99,38506,0.31404349428676676,8.519999999999982
8053,NY,2020,1,14782.74,9005.438,8053,NY,13665.89,13308.599999999999,144103,-7.555094657688631,-1116.8500000000004
8053,NY,2020,2,7273.86,4381.133,8053,NY,12632.71,12302.44,133210,73.67271297495415,5358.849999999999
8053,NY,2020,3,35235.4,20932.321,8053,NY,21741.57,21173.17,229261,-38.29623049546763,-13493.830000000002
8053,NY,2020,4,7889.13,4726.423,8053,NY,13541.84,13187.79,142796,71.65188049886363,5652.71
8053,NY,2021,1,4183.77,2507.378,8053,NY,3945.39,3827.26,41818,-5.697731949892096,-238.38000000000056
8053,NY,2021,2,8761.74,5192.203,8053,NY,8169.14,7924.549999999999,86588,-6.763496748362761,-592.5999999999995
8053,NY,2021,3,32851.19,19483.551,8053,NY,30653.760000000002,29735.97,324909,-6.689042314753286,-2197.4300000000003
8053,NY,2021,4,15432.2,9520.501,8053,NY,14979.720000000001,14531.22,158776,-2.9320511657443498,-452.47999999999956
8053,NY,2022,1,20925.56,12541.452,8053,NY,20023.97,19502.01,214055,-4.308558528421701,-901.5900000000001
8053,NY,2022,2,9980.73,5938.09,8053,NY,9480.08,9232.970000000001,101342,-5.016166152175238,-500.64999999999964
8053,NY,2022,3,28623.32,16923.087,8053,NY,27016.879999999997,26312.64,288808,-5.612346855640793,-1606.4400000000023
8053,NY,2022,4,5454.78,3236.509,8053,NY,5167.07,5032.37,55235,-5.274456531702471,-287.71000000000004
8053,NY,2023,1,1492.83,884.365,8053,NY,1423.8899999999999,1368.3100000000002,14876,-4.618074395611024,-68.94000000000005
8053,NY,2023,2,6731.66,3976.115,8053,NY,6402.370000000001,6152.459999999999,66886,-4.891661195009835,-329.28999999999905
8053,NY,2023,3,28670.92,16826.327,8053,NY,27095.16,26037.55,283064,-5.496021753051519,-1575.7599999999984
8053,NY,2023,4,9385.68,5551.351,8053,NY,8938.58,8589.67,93382,-4.763639928060623,-447.10000000000036
8053,NY,2024,1,17262.59,10174.017,8053,NY,16542.87,16221.019999999999,173938,-4.1692469090675335,-719.7200000000012
8053,NY,2024,2,10468.44,6080.79,8053,NY,9887.67,9695.3,103962,-5.547818012999076,-580.7700000000004
8053,NY,2024,3,35026.12,20335.049,8053,NY,33065.97,32422.64,347666,-5.596252168381771,-1960.1500000000015
8053,NY,2024,4,19013.38,11014.083,8053,NY,17909.48,17561.05,188305,-5.805911416065957,-1103.9000000000015
8906,NY,2020,1,140494.92,53779.133,8906,NY,69799.1,58907.1,877207,-50.319128976335946,-70695.82
8906,NY,2020,2,392075.70999999996,137837.81699999998,8906,NY,191985.99,172491.99,2332724,-51.03343943443984,-200089.71999999997
8906,NY,2020,3,638970.76,218157.80299999999,8906,NY,317116.69,293712.69,3585367,-50.37070397399719,-321854.07
8906,NY,2020,4,349155.05999999994,123633.42,8906,NY,189846.24,172306.24,2126533,-45.626954396708435,-159308.81999999995
8906,NY,2021,1,322295.38999999996,114111.217,8906,NY,159534.0,144959.0,1874969,-50.50068820407267,-162761.38999999996
8906,NY,2021,2,375778.15,131476.096,8906,NY,184263.0,168566.0,2196327,-50.96495099568722,-191515.15000000002
8906,NY,2021,3,617109.26,213006.12,8906,NY,308673.0,286953.0,3469929,-49.98081863169579,-308436.26
8906,NY,2021,4,133539.62,45661.86,8906,NY,67812.0,61374.0,761026,-49.21956495008747,-65727.62
8906,NY,2022,1,326750.88,116289.415,8906,NY,160549.44,145760.49,1816748,-50.86487907852,-166201.44
8906,NY,2022,2,444376.74,150440.079,8906,NY,220092.78,201701.72,2523497,-50.47157958807655,-224283.96
8906,NY,2022,3,821413.93,268192.123,8906,NY,418225.08999999997,392077.66000000003,5091615,-49.084733685974875,-403188.8400000001
8906,NY,2022,4,196849.21,68134.169,8906,NY,98719.69,89282.15999999999,1170407,-49.85009591859678,-98129.51999999999
8906,NY,2023,1,151433.11000000002,53130.909,8906,NY,77818.68,70177.68,889404,-48.61184585062013,-73614.43000000002
8906,NY,2023,2,199096.82,71151.16900000001,8906,NY,103012.73000000001,92490.73,1131262,-48.25998225386021,-96084.09
8906,NY,2023,3,823319.7,275364.47,8906,NY,421996.11,394478.11,4639981,-48.74456301725806,-401323.58999999997
8906,NY,2023,4,370392.92000000004,137714.09399999998,8906,NY,187485.49,172664.49,2089820,-49.38199952634085,-182907.43000000005
8906,NY,2024,1,160275.04,54578.671,8906,NY,80325.79000000001,71720.79000000001,921789,-49.88253317547136,-79949.25
8906,NY,2024,2,474601.36,154026.089,8906,NY,241418.1,222125.1,2598160,-49.13244664954183,-233183.25999999998
8906,NY,2024,3,649012.05,215824.258,8906,NY,331321.43,306425.43,3638798,-48.94988005230412,-317690.62000000005
8906,NY,2024,4,564006.24,183812.141,8906,NY,290133.7,270601.7,3098789,-48.55842375077268,-273872.54
10244,OH,2020,2,0.0,0.0,10244,OH,89106.02,89106.02,416480,,89106.02
10244,OH,2020,3,0.0,0.0,10244,OH,88297.0,88297.0,412696,,88297.0
10244,OH,2021,2,0.0,0.0,10244,OH,88004.98999999999,88004.98999999999,411333,,88004.98999999999
10244,OH,2021,3,0.0,0.0,10244,OH,79199.02,78094.28,370175,,79199.02
10244,OH,2022,2,0.0,0.0,10244,OH,85534.01,84486.99,399783,,85534.01
10244,OH,2022,3,0.0,0.0,10244,OH,79367.0,79367.0,370956,,79367.0
10244,OH,2023,2,0.0,0.0,10244,OH,72829.02,72073.28,340400,,72829.02
10244,OH,2023,3,0.0,0.0,10244,OH,67375.03,64700.24,314910,,67375.03
10244,OH,2024,2,0.0,0.0,10244,OH,32520.0,32520.0,151998,,32520.0
10244,OH,2024,3,0.0,0.0,10244,OH,60277.0,60277.0,281732,,60277.0
10244,OH,2025,2,0.0,0.0,10244,OH,87777.99,87777.99,410273,,87777.99
2828,OH,2020,1,2269017.2800000003,2318828.452,2828,OH,2267851.0,2106252.02,21239310,-0.05140022556374099,-1166.2800000002608
2828,OH,2020,2,2052231.72,2120153.4359999998,2828,OH,2051499.0,1902736.0,18952983,-0.03570357055001431,-732.7199999999721
2828,OH,2020,3,2632590.6,2733583.792,2828,OH,2632781.01,2440757.0,24638502,0.007232799509338191,190.40999999968335
2828,OH,2020,4,2802914.87,2916326.471,2828,OH,2802185.0,2610028.0,25780144,-0.0260396777587509,-729.8700000001118
2828,OH,2021,1,3022538.79,3139383.999,2828,OH,3021884.0,2815362.0,27333776,-0.02166357640028955,-654.7900000000373
2828,OH,2021,2,2161255.05,2108485.721,2828,OH,2160707.0,2005831.0,19968986,-0.0253579511589719,-548.0499999998137
2828,OH,2021,3,3540620.27,3397955.095,2828,OH,3539600.01,3300417.0,32478974,-0.02881585491234399,-1020.2600000002421
2828,OH,2021,4,2092446.99,2043027.689,2828,OH,2092612.0,1945333.0,19239567,0.007885982334969897,165.0100000000093
2828,OH,2022,1,2875138.06,2761398.129,2828,OH,2872526.0,2675759.0,26270689,-0.09084989817845672,-2612.060000000056
2828,OH,2022,2,2666828.52,2496360.425,2828,OH,2664880.01,2488256.0,24007839,-0.07306469033862897,-1948.5100000002421
2828,OH,2022,3,3236282.13,3118593.599,2828,OH,3235177.0,3008460.0,29929867,-0.03414813528633514,-1105.1299999998882
2828,OH,2022,4,2775380.4899999998,2677782.795,2828,OH,2775182.01,2583407.0,25102004,-0.007151451871738905,-198.47999999998137
2828,OH,2023,1,2889101.34,2768259.374,2828,OH,2887245.01,2680433.0,26321766,-0.06425285171893882,-1856.3300000000745
2828,OH,2023,2,1993810.68,1936790.236,2828,OH,1992633.01,1846038.01,18582619,-0.05906629008527156,-1177.6699999999255
2828,OH,2023,3,2978753.94,2905372.118,2828,OH,2977004.01,2767132.0,27912299,-0.0587470477672341,-1749.9300000001676
2828,OH,2023,4,2553994.5,2509621.9910000004,2828,OH,2552778.0100000002,2386256.01,23508444,-0.04763087782686133,-1216.4899999997579
2828,OH,2024,1,2937559.93,2889544.69,2828,OH,2934552.0,2728343.0,27331831,-0.10239552797822128,-3007.9300000001676
2828,OH,2024,2,2370153.17,2340214.302,2828,OH,2369599.0100000002,2200817.0,22310875,-0.02338076741258386,-554.1599999996834
2828,OH,2024,3,2689525.0100000002,2672710.9000000004,2828,OH,2687776.0,2493987.01,25862020,-0.06503044193666903,-1749.0100000002421
2828,OH,2024,4,2224840.41,2191040.786,2828,OH,2224416.0,2073978.01,20783792,-0.01907597498196057,-424.410000000149
2828,OH,2025,1,2852697.18,2680665.3370000003,2828,OH,2849632.0,2653714.0,26464138,-0.1074484884512056,-3065.1800000001676
2828,OH,2025,2,2834810.99,2695669.782,2828,OH,2832358.0,2627537.01,26722589,-0.08653098949641871,-2452.9900000002235
2828,OH,2025,3,2953301.51,2849111.54,2828,OH,2952201.0,2747681.01,27862024,-0.03726371981571826,-1100.5099999997765
2828,OH,2025,4,2992279.39,2819544.606,2828,OH,2991274.0,2787340.0,27877780,-0.03359946946665733,-1005.3900000001304
2831,OH,2020,1,0.0,0.0,2831,OH,1302.6,1082.32,35834,,1302.6
2831,OH,2020,2,274.5,0.0,2831,OH,1092.41,907.66,30052,297.96357012750457,817.9100000000001
2831,OH,2020,3,1816.64,0.0,2831,OH,1275.38,1059.7,35086,-29.794565791791438,-541.26
2831,OH,2020,4,564.42,0.0,2831,OH,1089.6,905.34,29974,93.04773041352185,525.18
2831,OH,2021,1,541.76,0.0,2831,OH,2082.25,1979.13,47412,284.34915829887774,1540.49
2831,OH,2021,2,1050.59,0.0,2831,OH,1778.3,1690.24,40490,69.26679294491667,727.71
2831,OH,2021,3,546.29,0.0,2831,OH,1785.6999999999998,1697.28,40660,226.8776657086895,1239.4099999999999
2831,OH,2021,4,144.58,0.0,2831,OH,1926.76,1831.3600000000001,43871,1232.6601189652786,1782.18
2831,OH,2022,1,0.0,0.0,2831,OH,3070.26,3008.18,60188,,3070.26
2831,OH,2022,2,431.11,0.0,2831,OH,2579.79,2527.64,50573,498.4064391918535,2148.68
2831,OH,2022,3,77.58,0.0,2831,OH,3114.6,3051.63,61056,3914.6945088940447,3037.02
2831,OH,2022,4,1292.79,0.0,2831,OH,2859.37,2801.56,56054,121.1782269355425,1566.58
2831,OH,2023,1,85.28,0.0,2831,OH,482.32,476.69,10837,465.57223264540335,397.03999999999996
2831,OH,2023,2,0.0,0.0,2831,OH,422.37,417.44,9491,,422.37
2831,OH,2023,3,274.01,0.0,2831,OH,522.74,516.64,11745,90.77405934089998,248.73000000000002
2831,OH,2023,4,390.09,0.0,2831,OH,457.58,452.24,10281,17.3011356353662,67.49000000000001
2831,OH,2024,1,246.42,0.0,2831,OH,2458.35,2320.99,59368,897.6260043827612,2211.93
2831,OH,2024,2,453.79,0.0,2831,OH,2067.2799999999997,1951.76,49925,355.5587386235923,1613.4899999999998
2831,OH,2024,3,1326.9,0.0,2831,OH,2544.04,2401.89,61440,91.72808802471926,1217.1399999999999
2831,OH,2024,4,1112.84,0.0,2831,OH,2093.35,1976.37,50554,88.10880270299415,980.51
2832,OH,2020,1,1726870.6600000001,1630328.5389999999,2832,OH,1726963.0,1580588.0,16097150,0.005347244709100043,92.33999999985099
2832,OH,2020,2,1657288.8399999999,1605503.223,2832,OH,1656035.01,1515173.0,15780982,-0.075655490445458,-1253.8299999998417
2832,OH,2020,3,1900351.87,1847263.922,2832,OH,1898827.0,1735320.0,18323364,-0.08024145549424547,-1524.8700000001118
2832,OH,2020,4,2025310.91,1905386.6469999999,2832,OH,2023168.0,1856259.0,19278261,-0.1058064709679521,-2142.909999999916
2832,OH,2021,1,2096356.2000000002,1988831.9810000001,2832,OH,2092081.0199999998,1923979.0,19856146,-0.2039338543707601,-4275.1800000004005
2832,OH,2021,2,1457693.5,1378104.798,2832,OH,1456643.0,1323618.0,13822832,-0.0720659041149597,-1050.5
2832,OH,2021,3,2103206.31,2043160.8020000001,2832,OH,2101065.0,1936233.0199999998,19868882,-0.10181169530629906,-2141.310000000056
2832,OH,2021,4,1742707.6800000002,1629243.869,2832,OH,1741048.0199999998,1592665.0,16438377,-0.09523456050875852,-1659.6600000003818
2832,OH,2022,1,1721674.3599999999,1631855.79,2832,OH,1719869.0,1572154.0000000002,16864602,-0.10486071245202663,-1805.3599999998696
2832,OH,2022,2,1383999.5699999998,1338072.038,2832,OH,1381107.01,1256754.0,13529355,-0.20900006493497852,-2892.559999999823
2832,OH,2022,3,1917789.37,1865482.867,2832,OH,1914951.0,1751821.0,18575857,-0.14800217606796473,-2838.3700000001118
2832,OH,2022,4,1819046.02,1740665.0219999999,2832,OH,1816783.0,1660463.01,17387096,-0.12440696799963416,-2263.0200000000186
2832,OH,2023,1,859687.27,848458.282,2832,OH,858771.0,756433.01,8440155,-0.10658178060494237,-916.2700000000186
2832,OH,2023,2,228793.87,228736.403,2832,OH,216982.0,170857.0,2238749,-5.162668912414478,-11811.869999999995
2832,OH,2023,3,658236.01,656616.199,2832,OH,657776.0,578451.0,6330820,-0.06988526805150166,-460.0100000000093
2832,OH,2023,4,1402805.58,1396290.6409999998,2832,OH,1399767.0,1275862.01,13692850,-0.21660735053535174,-3038.5800000000745
2832,OH,2024,1,1054795.19,1039799.9879999999,2832,OH,1053416.01,959615.0,10517906,-0.13075334558550034,-1379.1799999999348
2832,OH,2024,2,1407998.56,1374590.423,2832,OH,1404972.0,1280402.0,13651643,-0.21495476529465027,-3026.560000000056
2832,OH,2024,3,1769140.6,1696718.298,2832,OH,1767606.01,1609121.0,17255175,-0.08674211648300219,-1534.5900000000838
2832,OH,2024,4,1843164.19,1745666.4100000001,2832,OH,1840747.0,1671713.01,17736107,-0.13114349839880213,-2417.189999999944
2832,OH,2025,1,2059951.6099999999,1933984.2079999999,2832,OH,2057426.0,1885016.0,19782179,-0.12260530721883654,-2525.6099999998696
2832,OH,2025,2,1388796.8900000001,1293525.941,2832,OH,1386666.0,1257471.0,13402382,-0.15343424336154224,-2130.8900000001304
2832,OH,2025,3,1763483.9,1685650.933,2832,OH,1762372.01,1604885.01,17055063,-0.06305075991903854,-1111.8899999998976
2832,OH,2025,4,2154446.44,1924730.28,2832,OH,2151757.01,1968871.0,20485727,-0.12483160175474901,-2689.4300000001676
2836,OH,2020,1,15046.02,14256.558,2836,OH,14856.009999999998,7780.99,150580,-1.2628588822825042,-190.01000000000204
2836,OH,2020,2,7722.96,8503.216,2836,OH,7573.0,2793.0,86689,-1.9417425443094363,-149.96000000000004
2836,OH,2020,3,212642.85,203351.873,2836,OH,212325.0,194446.0,2156077,-0.14947598755378128,-317.8500000000058
2836,OH,2020,4,37236.3,33973.722,2836,OH,37226.99,29700.010000000002,360376,-0.02500248413511801,-9.310000000004948
2836,OH,2021,1,230456.63,212082.251,2836,OH,229376.0,213997.0,2308979,-0.4689081845898747,-1080.6300000000047
2836,OH,2021,2,255258.22,239168.048,2836,OH,253176.01,235534.01,2482176,-0.81572691371114,-2082.209999999992
2836,OH,2021,3,236962.38,222753.299,2836,OH,235521.01,218886.02,2568527,-0.6082695489469659,-1441.3699999999953
2836,OH,2021,4,174991.09,167489.248,2836,OH,173558.01,160284.01,1721548,-0.8189445531198115,-1433.0799999999872
2836,OH,2022,1,517615.34,472375.017,2836,OH,515689.01,490157.0,5075962,-0.3721547355996088,-1926.3300000000163
2837,OH,2020,1,0.0,0.0,2837,OH,0.0,0.0,0,,0.0
2840,OH,2020,1,773684.34,810118.8650000001,2840,OH,776335.0,701374.0,7795227,0.34260225559173557,2650.6600000000326
2840,OH,2020,2,402620.97,403351.527,2840,OH,404150.0,373120.0,3874785,0.3797690915105659,1529.030000000028
2847,OH,2020,1,19621.92,14551.4,2847,OH,263141.44,260572.09000000003,3499991,1241.0585712305424,243519.52000000002
2847,OH,2020,2,57133.990000000005,43023.5,2847,OH,220682.72,218527.97,2935250,286.25469707261817,163548.72999999998
2847,OH,2020,3,113029.14,85959.5,2847,OH,257645.07,255129.4,3426876,127.945704974841,144615.93
2847,OH,2020,4,67498.48000000001,51246.899999999994,2847,OH,220116.8,217967.58000000002,2927722,226.1063063938624,152618.31999999998
2847,OH,2021,1,24054.51,18761.3,2847,OH,277839.19,275792.9,3335481,1055.0399072772632,253784.68
2847,OH,2021,2,91385.81999999999,47684.399999999994,2847,OH,238159.19,236405.41,2859059,160.6084729556511,146773.37
2847,OH,2021,3,67498.56,51614.4,2847,OH,238363.24,236607.72999999998,2861556,253.13825954212948,170864.68
2847,OH,2021,4,87344.47,66496.20000000001,2847,OH,257789.41,255890.98,3094737,195.14107762059808,170444.94
2847,OH,2022,1,58178.869999999995,42901.899999999994,2847,OH,306803.98,304682.77,3860321,427.3460622387475,248625.11
2847,OH,2022,2,65431.43,49312.0,2847,OH,258043.15999999997,256259.16000000003,3246779,294.3718790801301,192611.72999999998
2847,OH,2022,3,157301.38,120094.29999999999,2847,OH,311135.12,308983.91000000003,3914819,97.79554381531807,153833.74
2847,OH,2022,4,84995.26,64841.3,2847,OH,286359.76,284380.17,3603070,236.9126231274544,201364.5
2847,OH,2023,1,42386.29,22373.0,2847,OH,334107.34,332025.66000000003,4160497,688.2438873513112,291721.05000000005
2847,OH,2023,2,139309.68,105842.9,2847,OH,292768.94,290944.83,3645726,110.15692520433613,153459.26
2847,OH,2023,3,125042.83,95268.6,2847,OH,362127.14,359870.88,4509416,189.6024826053601,237084.31
2847,OH,2023,4,87454.59999999999,66381.2,2847,OH,317138.6,315162.66000000003,3949203,262.6322686285227,229684.0
2847,OH,2024,1,100679.73,74616.496,2847,OH,359585.02,357425.61,4517095,257.1573145855676,258905.29000000004
2847,OH,2024,2,107496.2,81049.22899999999,2847,OH,302396.27,300580.29,3798678,181.30879975292152,194900.07
2847,OH,2024,3,114407.03,86897.813,2847,OH,372125.61,369890.88,4674619,225.26463627278847,257718.58
2847,OH,2024,4,91139.17,69345.673,2847,OH,306211.14,304372.24,3846604,235.9819274193522,215071.97000000003
2848,OH,2020,1,0.0,0.0,2848,OH,10.67,3.02,2342,,10.67
2848,OH,2020,2,0.0,0.0,2848,OH,8.95,2.5300000000000002,1962,,8.95
2848,OH,2020,3,25.0,0.0,2848,OH,10.45,2.94,2292,-58.20000000000001,-14.55
2848,OH,2020,4,0.0,0.0,2848,OH,8.93,2.5300000000000002,1957,,8.93
2848,OH,2021,1,1000.0,0.0,2848,OH,284.85,264.5,6399,-71.515,-715.15
2848,OH,2021,2,175.0,0.0,2848,OH,243.28,225.89,5465,39.01714285714286,68.28
2848,OH,2021,3,260.25,0.0,2848,OH,244.3,226.84,5487,-6.128722382324684,-15.949999999999989
2848,OH,2021,4,0.0,0.0,2848,OH,263.59000000000003,244.76999999999998,5922,,263.59000000000003
2848,OH,2022,1,50.0,0.0,2848,OH,99.58,78.44,18842,99.16,49.58
2848,OH,2022,2,200.0,0.0,2848,OH,83.67,65.92,15833,-58.165,-116.33
2848,OH,2022,3,350.0,0.0,2848,OH,101.00999999999999,79.58,19115,-71.14,-248.99
2848,OH,2022,4,0.0,0.0,2848,OH,92.74000000000001,73.06,17548,,92.74000000000001
2848,OH,2023,1,50.0,0.0,2848,OH,76.5,53.22,1477,53.0,26.5
2848,OH,2023,2,0.0,0.0,2848,OH,67.0,46.6,1293,,67.0
2848,OH,2023,3,275.0,0.0,2848,OH,82.92,57.68,1599,-69.84727272727272,-192.07999999999998
2848,OH,2023,4,150.0,0.0,2848,OH,72.59,50.48,1401,-51.60666666666667,-77.41
2848,OH,2024,1,75.0,0.0,2848,OH,106.52000000000001,106.52000000000001,2268,42.02666666666668,31.52000000000001
2848,OH,2024,2,175.0,0.0,2848,OH,89.57,89.57,1908,-48.81714285714286,-85.43
2848,OH,2024,3,375.0,0.0,2848,OH,110.22,110.22,2348,-70.60799999999999,-264.78
2848,OH,2024,4,0.0,0.0,2848,OH,90.69999999999999,90.69999999999999,1931,,90.69999999999999
2861,OH,2020,1,0.0,0.0,2861,OH,57.7,-12.92,1339,,57.7
2861,OH,2020,2,47.5,0.0,2861,OH,61.480000000000004,-13.77,1432,29.43157894736843,13.980000000000004
2861,OH,2020,3,208.0,0.0,2861,OH,67.17999999999999,-15.05,1562,-67.70192307692308,-140.82
2861,OH,2020,4,1.16,0.0,2861,OH,63.65,-14.260000000000002,1482,5387.068965517242,62.49
2861,OH,2021,1,0.0,0.0,2861,OH,0.0,0.0,0,,0.0
2861,OH,2021,2,26.3,0.0,2861,OH,29.56,-22.27,543,12.395437262357406,3.259999999999998
2861,OH,2021,3,169.1,0.0,2861,OH,227.64999999999998,-171.54000000000002,4202,34.62448255470135,58.54999999999998
2861,OH,2021,4,14.65,0.0,2861,OH,26.8,-20.19,497,82.93515358361775,12.15
2861,OH,2022,1,0.0,0.0,2861,OH,7.76,-18.0,122,,7.76
2861,OH,2022,2,6.96,0.0,2861,OH,28.29,-65.67,452,306.46551724137925,21.33
2861,OH,2022,3,50.25,0.0,2861,OH,55.9,-129.75,899,11.24378109452736,5.649999999999999
2861,OH,2022,4,54.2,0.0,2861,OH,70.05,-162.58,1125,29.24354243542434,15.849999999999994
2861,OH,2023,1,0.0,0.0,2861,OH,11.69,-65.6,213,,11.69
2861,OH,2023,2,0.0,0.0,2861,OH,20.78,-116.6,395,,20.78
2861,OH,2023,3,55.8,0.0,2861,OH,14.1,-79.14,272,-74.73118279569893,-41.699999999999996
2861,OH,2023,4,0.0,0.0,2861,OH,20.43,-114.66,384,,20.43
2861,OH,2024,1,0.35,0.0,2861,OH,0.73,-3.44,12,108.57142857142858,0.38
2861,OH,2024,2,57.53,0.0,2861,OH,56.64,-267.82,1004,-1.5470189466365385,-0.8900000000000006
2861,OH,2024,3,71.0,0.0,2861,OH,43.62,-206.22,773,-38.563380281690144,-27.380000000000003
2861,OH,2024,4,1.0,0.0,2861,OH,2.01,-9.52,35,100.99999999999997,1.0099999999999998
2866,OH,2020,1,906391.56,946726.111,2866,OH,910049.0,789959.0,8992979,0.4035165552512364,3657.439999999944
2866,OH,2020,2,574167.97,586948.505,2866,OH,567360.01,492247.0,6049908,-1.1857087743853012,-6807.959999999963
2866,OH,2020,3,2020645.44,2086002.3360000001,2866,OH,1967631.01,1746100.0,20481408,-2.623638415258044,-53014.429999999935
2866,OH,2020,4,1973683.4300000002,2030384.495,2866,OH,1979780.01,1769172.0,19846274,0.3088935088237449,6096.579999999842
2866,OH,2021,1,1545874.43,1576534.9130000002,2866,OH,1531491.0,1363359.0,15183462,-0.9304397382392783,-14383.429999999935
2866,OH,2021,2,1482076.24,1576029.9470000002,2866,OH,1487263.0,1312818.01,15258552,0.34996580202918637,5186.760000000009
2866,OH,2021,3,1392118.5,1551984.108,2866,OH,1397763.0,1218276.01,13976107,0.4054611730251412,5644.5
2866,OH,2021,4,883806.3400000001,942098.424,2866,OH,889598.0,761600.0,9289560,0.6553087184235311,5791.659999999916
2866,OH,2022,1,1567398.56,1659969.558,2866,OH,1571276.0,1409301.0,15624402,0.24738060241678056,3877.439999999944
2866,OH,2022,2,1382471.7,1489296.092,2866,OH,1379531.01,1231931.0,13488875,-0.21271249169150763,-2940.689999999944
2866,OH,2022,3,1466866.46,1628393.114,2866,OH,1471792.0,1288849.02,14111358,0.3357865309702451,4925.540000000037
2866,OH,2022,4,1506183.98,1830269.205,2866,OH,1511653.0,1326564.0,15019028,0.3631043798513923,5469.020000000019
2866,OH,2023,1,965736.23,1058658.763,2866,OH,968902.0,820170.0,9524710,0.32780897119289176,3165.7700000000186
2866,OH,2023,2,107340.4,121445.72,2866,OH,108142.0,77593.0,1088018,0.7467831310485203,801.6000000000058
2866,OH,2023,3,0.0,0.0,2866,OH,0.0,-1536.0,0,,0.0
2869,OH,2020,1,41.9,66.727,2869,OH,20129.989999999998,19159.73,236474,47942.93556085919,20088.089999999997
2869,OH,2020,2,2492.38,2475.596,2869,OH,17044.31,16222.77,200217,583.8567955127228,14551.93
2869,OH,2020,3,24486.84,17179.359,2869,OH,19842.1,18885.72,233082,-18.96831114182149,-4644.740000000002
2869,OH,2020,4,44102.71,31429.612,2869,OH,17029.620000000003,16208.789999999999,200045,-61.386454483182554,-27073.089999999997
2869,OH,2021,1,21965.84,18415.244,2869,OH,23851.67,23738.28,282283,8.585285151853961,1885.829999999998
2869,OH,2021,2,65048.32,47866.156,2869,OH,66436.16,66120.36,786280,2.133552411499642,1387.8400000000038
2869,OH,2021,3,138859.34,98609.139,2869,OH,136688.75999999998,136039.01,1617745,-1.5631501633235592,-2170.5800000000163
2869,OH,2021,4,93135.23999999999,66926.494,2869,OH,92789.43,92348.36,1098181,-0.37129876940242784,-345.8099999999977
2869,OH,2022,1,44549.21,31546.517,2869,OH,43324.14,43104.48,498184,-2.749925307317458,-1225.0699999999997
2869,OH,2022,2,126877.55,90560.029,2869,OH,128401.20000000001,127750.20999999999,1476492,1.20088226798201,1523.6500000000087
2869,OH,2022,3,287293.49,204189.538,2869,OH,286283.14,284831.7,3291981,-0.35167869623498144,-1010.3499999999767
2869,OH,2022,4,161090.89,114566.376,2869,OH,160335.53,159522.63,1843704,-0.46890299010702285,-755.3600000000151
2869,OH,2023,1,171896.07,119867.813,2869,OH,279400.20999999996,277996.68,3080222,62.54019652688974,107504.13999999996
2869,OH,2023,2,366844.64,260383.448,2869,OH,244842.08,243612.15000000002,2699241,-33.25728297406772,-122002.56000000003
2869,OH,2023,3,316445.71,225938.429,2869,OH,302833.58,301312.35000000003,3338563,-4.301568822026377,-13612.130000000005
2869,OH,2023,4,256510.88,183213.62099999998,2869,OH,265220.13,263887.82999999996,2923896,3.3952750854076834,8709.25
2869,OH,2024,1,365290.04000000004,258305.14299999998,2869,OH,356470.18,354672.82,4519613,-2.4144813803300096,-8819.860000000044
2869,OH,2024,2,483229.36,347741.83400000003,2869,OH,479546.23,477128.32,6080058,-0.762190856946276,-3683.1300000000047
2869,OH,2024,3,483178.42,354494.447,2869,OH,490476.72000000003,488003.68000000005,6218647,1.5104772270251736,7298.300000000047
2869,OH,2024,4,383990.03,276974.102,2869,OH,384096.86,382160.2,4869876,0.027821034832586168,106.82999999995809
2876,OH,2020,1,1312936.31,1292844.258,2876,OH,1315275.0,1156063.0,13007984,0.17812669069986678,2338.689999999944
2876,OH,2020,2,920304.17,939954.733,2876,OH,922128.0,799760.02,8798889,0.19817687015369692,1823.829999999958
2876,OH,2020,3,1560411.65,1603678.08,2876,OH,1564049.0,1384091.01,15215580,0.23310195101402206,3637.350000000093
2876,OH,2020,4,1474498.19,1451513.793,2876,OH,1478218.0,1311846.0,14118995,0.252276335449422,3719.810000000056
2876,OH,2021,1,1657949.42,1610161.739,2876,OH,1660962.0,1480062.01,15650144,0.18170518133177274,3012.5800000000745
2876,OH,2021,2,1313049.21,1338518.474,2876,OH,1316074.0,1169479.0,12525835,0.2303637957331422,3024.7900000000373
2876,OH,2021,3,1881941.32,1937716.447,2876,OH,1886488.0,1684116.01,18165445,0.2415952055295717,4546.679999999935
2876,OH,2021,4,804477.49,819202.194,2876,OH,807148.01,700624.0,7886949,0.3319570818569477,2670.5200000000186
2876,OH,2022,1,1452346.26,1425901.119,2876,OH,1454802.01,1296055.01,12761352,0.1690884651708333,2455.75
2876,OH,2022,2,1344420.83,1387238.4610000001,2876,OH,1346595.01,1195670.02,12452099,0.16171870827082727,2174.179999999935
2876,OH,2022,3,1697463.1,1845536.869,2876,OH,1702411.02,1508999.99,16064447,0.2914891051239891,4947.9199999999255
2876,OH,2022,4,1390664.3599999999,1420326.382,2876,OH,1386721.0,1228720.99,12786634,-0.2835594348588807,-3943.3599999998696
2876,OH,2023,1,1129859.41,1163042.687,2876,OH,1131580.02,991200.01,10567074,0.15228531840081788,1720.6100000001024
2876,OH,2023,2,1138625.03,1171382.8059999999,2876,OH,1129008.0,991172.0,10661462,-0.8446178282239262,-9617.030000000028
2876,OH,2023,3,1476146.52,1526315.219,2876,OH,1479575.0,1302354.99,13862696,0.23225878688519225,3428.4799999999814
2876,OH,2023,4,1467769.53,1475816.328,2876,OH,1463341.0,1277095.01,13624389,-0.30171834947411863,-4428.530000000028
2876,OH,2024,1,1691209.04,1677237.074,2876,OH,1694282.0,1506925.0,15116768,0.18170196157418617,3072.9599999999627
2876,OH,2024,2,740293.42,765259.112,2876,OH,726671.02,638188.01,6797694,-1.8401352263809159,-13622.400000000023
2876,OH,2024,3,1391702.4,1467517.164,2876,OH,1392854.01,1232590.0,13127811,0.08274829446296152,1151.6100000001024
2876,OH,2024,4,1603574.3599999999,1647455.2820000001,2876,OH,1582725.01,1405668.01,15137519,-1.3001798058182885,-20849.34999999986
2876,OH,2025,1,1834515.0899999999,1812681.577,2876,OH,1837977.99,1646773.0,17225280,0.18876377844349812,3462.9000000001397
2876,OH,2025,2,1229527.92,1219618.745,2876,OH,1232968.0,1095704.01,11603144,0.2797886850751689,3440.0800000000745
2876,OH,2025,3,1568389.8,1602420.949,2876,OH,1573028.02,1392180.0,15359921,0.29573132903567545,4638.219999999972
2876,OH,2025,4,1402293.53,1401264.972,2876,OH,1406161.01,1248272.0,13715936,0.27579675134063986,3867.4799999999814
2878,OH,2020,1,0.0,371456.686,2878,OH,275549.02,243189.86,3133911,,275549.02
2878,OH,2020,2,0.0,426346.5,2878,OH,321015.57,278297.15,3651017,,321015.57
2878,OH,2020,3,0.0,408031.732,2878,OH,296627.96,261279.11,3373649,,296627.96
2878,OH,2020,4,0.0,401407.3,2878,OH,311135.48,274632.89,3505646,,311135.48
2878,OH,2021,1,0.0,320438.492,2878,OH,239883.79,208558.0,2728277,,239883.79
2878,OH,2021,2,0.0,348749.742,2878,OH,263910.69,231808.01,3001544,,263910.69
2878,OH,2021,3,0.0,358712.473,2878,OH,287081.45,254028.0,3243242,,287081.45
2878,OH,2021,4,0.0,408661.426,2878,OH,316362.1,279816.01,3547299,,316362.1
2878,OH,2022,1,0.0,430818.2,2878,OH,326065.11,293783.72000000003,3645566,,326065.11
2878,OH,2022,2,0.0,257716.767,2878,OH,211683.63,185671.16999999998,2378391,,211683.63
2878,OH,2022,3,0.0,344261.649,2878,OH,280496.51,246855.38999999998,3095677,,280496.51
2878,OH,2022,4,0.0,252721.183,2878,OH,201816.75,176368.72999999998,2279393,,201816.75
2878,OH,2023,1,0.0,315641.215,2878,OH,256730.89,228314.37,2919886,,256730.89
2878,OH,2023,2,0.0,347861.986,2878,OH,282108.7,254536.21000000002,3157880,,282108.7
2878,OH,2023,3,0.0,428671.4,2878,OH,325329.9,291667.0,3700086,,325329.9
2878,OH,2023,4,0.0,246643.259,2878,OH,189485.53999999998,163829.41999999998,2135854,,189485.53999999998
2878,OH,2024,1,0.0,340991.297,2878,OH,284031.77,249446.11,3230388,,284031.77
2878,OH,2024,2,0.0,359691.096,2878,OH,302357.99,267298.78,3438817,,302357.99
2878,OH,2024,3,0.0,333300.098,2878,OH,273315.9,240099.58000000002,3108513,,273315.9
2878,OH,2024,4,0.0,360411.48,2878,OH,280045.36,246292.52,3185050,,280045.36
2880,OH,2020,1,35154.09,26728.785,2880,OH,67962.44,67311.95999999999,870230,93.32726291592247,32808.350000000006
2880,OH,2020,2,31010.34,23286.951,2880,OH,56996.78,56451.25,729826,83.7992746935377,25986.44
2880,OH,2020,3,145233.76,108617.85,2880,OH,66543.11,65906.23,852057,-54.182064831207285,-78690.65000000001
2880,OH,2020,4,36392.0,28326.675,2880,OH,56850.659999999996,56306.55,727954,56.21746537700593,20458.659999999996
2880,OH,2021,1,20411.78,16203.784,2880,OH,21074.12,20873.010000000002,275061,3.2448909404275383,662.3400000000001
2880,OH,2021,2,71976.02,55415.743,2880,OH,72074.64000000001,71386.81,940738,0.13701785678064707,98.6200000000099
2880,OH,2021,3,146168.44,111536.917,2880,OH,145065.94,143681.54,1893439,-0.7542667897392898,-1102.5
2880,OH,2021,4,127914.81,99473.617,2880,OH,129376.29999999999,128141.63,1688653,1.1425494827377618,1461.4899999999907
2880,OH,2022,1,87033.8,67685.243,2880,OH,88626.03,87793.11,1178990,1.8294386778469927,1592.229999999996
2880,OH,2022,2,36223.58,28288.122,2880,OH,37041.29,36693.18,492755,2.257396977328025,817.7099999999991
2880,OH,2022,3,103728.64,79827.24799999999,2880,OH,104527.43000000001,103545.06999999999,1390527,0.7700766152915994,798.7900000000081
2880,OH,2022,4,44272.97,34829.84,2880,OH,45606.25,45177.64,606699,3.011498889728877,1333.2799999999988
2880,OH,2023,1,27060.78,21244.744,2880,OH,26809.690000000002,26499.760000000002,367862,-0.9278742150078324,-251.0899999999965
2880,OH,2023,2,56911.369999999995,45683.161,2880,OH,57651.97,56985.509999999995,791055,1.3013216866858166,740.6000000000058
2880,OH,2023,3,85050.69,66491.716,2880,OH,83913.31,82943.26,1151395,-1.3372966168763647,-1137.3800000000047
2880,OH,2023,4,64568.630000000005,52131.954,2880,OH,65790.03,65029.49,902724,1.8916306571782522,1221.3999999999942
2880,OH,2024,1,139199.18,109437.603,2880,OH,139122.82,137637.62,2013081,-0.05485664498884694,-76.35999999998603
2880,OH,2024,2,82604.43000000001,66091.784,2880,OH,84019.90000000001,83122.94,1215752,1.7135521666331952,1415.4700000000012
2880,OH,2024,3,50837.01,40467.123999999996,2880,OH,51445.479999999996,50896.28,744407,1.1969035944482058,608.4699999999939
2880,OH,2024,4,52131.060000000005,44258.103,2880,OH,56263.81,55663.15,814127,7.927615513668804,4132.749999999993
2917,OH,2020,1,0.0,0.0,2917,OH,322.64,322.64,6326,,322.64
2917,OH,2020,2,0.0,0.0,2917,OH,270.59000000000003,270.59000000000003,5304,,270.59000000000003
2917,OH,2020,3,0.0,0.0,2917,OH,315.9,315.9,6192,,315.9
2917,OH,2020,4,0.0,0.0,2917,OH,269.89,269.89,5292,,269.89
2917,OH,2021,1,0.0,0.0,2917,OH,270.01,270.01,8575,,270.01
2917,OH,2021,2,0.0,0.0,2917,OH,230.58999999999997,230.58999999999997,7321,,230.58999999999997
54207,OH,2020,2,0.0,0.0,54207,OH,14185.0,11040.0,66300,,14185.0
54207,OH,2020,3,0.0,0.0,54207,OH,14411.02,9843.0,67356,,14411.02
55110,OH,2020,1,32355.03,23766.152000000002,55110,OH,87176.58,82666.73999999999,1196828,169.4374877723804,54821.55
55110,OH,2020,2,94325.52,68539.915,55110,OH,73109.53,69327.41,1003704,-22.492311730696002,-21215.990000000005
55110,OH,2020,3,135873.23,104442.379,55110,OH,85355.0,80939.39,1171820,-37.180414420117934,-50518.23000000001
55110,OH,2020,4,59614.29,44773.306,55110,OH,72921.89,69149.48,1001129,22.3228356825184,13307.599999999999
55110,OH,2021,1,27927.89,21418.066,55110,OH,28502.8,27539.120000000003,354559,2.058551505323173,574.9099999999999
55110,OH,2021,2,164499.53,122818.42,55110,OH,163468.75,157941.88,2033465,-0.6266157720936946,-1030.7799999999988
55110,OH,2021,3,180478.53,135286.537,55110,OH,180065.44,173977.41999999998,2239919,-0.22888595114332796,-413.0899999999965
55110,OH,2021,4,179571.8,130645.594,55110,OH,173867.01,167988.58000000002,2162813,-3.1768852347640215,-5704.789999999979
55110,OH,2022,1,119085.79000000001,87941.591,55110,OH,118203.03,114844.57,1509256,-0.7412807187154817,-882.7600000000093
55110,OH,2022,2,167609.33000000002,123197.79,55110,OH,165600.47,160895.32,2114444,-1.1985370981436503,-2008.8600000000151
55110,OH,2022,3,245701.08,180911.105,55110,OH,243173.19,236263.99,3104919,-1.02884773644462,-2527.889999999985
55110,OH,2022,4,139953.62,102054.081,55110,OH,137163.3,133266.13,1751348,-1.9937462139243036,-2790.320000000007
55110,OH,2023,1,143606.25,103279.076,55110,OH,140009.59,137184.89,1807054,-2.5045288767027922,-3596.6600000000035
55110,OH,2023,2,273079.0,199171.643,55110,OH,270001.37,264554.06,3484811,-1.1270108649877892,-3077.6300000000047
55110,OH,2023,3,361858.62,263843.569,55110,OH,357676.65,350460.49,4616405,-1.1556916897544052,-4181.969999999972
55110,OH,2023,4,179972.41999999998,132422.453,55110,OH,179518.39,175896.59,2316980,-0.2522775434146909,-454.02999999996973
55110,OH,2024,1,319330.73,233515.072,55110,OH,310125.41,304648.65,3988003,-2.8826915593121925,-9205.320000000007
55110,OH,2024,2,202160.58,150366.881,55110,OH,199686.12,196159.7,2567829,-1.2240071729117477,-2474.459999999992
55110,OH,2024,3,346966.82,259615.09,55110,OH,344800.89,338711.77,4433906,-0.6242470101319755,-2165.929999999993
55110,OH,2024,4,205939.92,157703.29,55110,OH,209441.57,205742.88,2693277,1.7003259979900904,3501.649999999994
55228,OH,2020,1,1545.7,957.7,55228,OH,26864.69,26856.199999999997,259743,1638.0274309374392,25318.989999999998
55228,OH,2020,2,6469.7,4093.7,55228,OH,22531.18,22524.08,217845,248.25695163608822,16061.48
55228,OH,2020,3,50841.43,32233.5,55228,OH,26304.53,26296.22,254326,-48.26162442716501,-24536.9
55228,OH,2020,4,37740.82,22100.1,55228,OH,22473.620000000003,22466.53,217286,-40.45275115908981,-15267.199999999997
55228,OH,2021,1,124139.55,71571.1,55228,OH,122719.23000000001,121531.33,1165334,-1.1441317452818158,-1420.3199999999924
55228,OH,2021,2,16822.8,10263.0,55228,OH,17609.73,17439.28,167222,4.677758755974038,786.9300000000003
55228,OH,2021,3,23974.31,14682.9,55228,OH,25183.68,24939.91,239142,5.044441320730394,1209.369999999999
55228,OH,2021,4,21457.88,12784.8,55228,OH,21885.35,21673.480000000003,207826,1.992135290159128,427.4699999999975
55228,OH,2022,1,26488.05,15559.6,55228,OH,25448.98,25196.75,246126,-3.922787823188192,-1039.0699999999997
55228,OH,2022,2,74629.0,45135.0,55228,OH,73847.29,73115.36,714217,-1.0474614426027502,-781.7100000000064
55228,OH,2022,3,70977.91,44672.4,55228,OH,73097.51000000001,72372.99,706969,2.98628122467963,2119.600000000006
55228,OH,2022,4,29245.43,18205.2,55228,OH,29695.22,29400.9,287199,1.5379838832939057,449.7900000000009
55228,OH,2023,1,5164.86,3289.7,55228,OH,5034.9,4919.5,55585,-2.5162347091692716,-129.96000000000004
55228,OH,2023,2,17975.26,11773.2,55228,OH,18019.57,17606.55,198922,0.24650547474696508,44.31000000000131
55228,OH,2023,3,24803.239999999998,16306.3,55228,OH,24956.670000000002,24384.64,275502,0.6185885392392444,153.43000000000393
55228,OH,2023,4,21881.29,14441.9,55228,OH,22056.860000000004,21551.300000000003,243491,0.8023749970865672,175.57000000000335
55228,OH,2024,1,20442.55,13104.5,55228,OH,20076.89,19756.7,203832,-1.7887200960741194,-365.65999999999985
55228,OH,2024,2,31316.98,20297.1,55228,OH,31493.57,30991.28,319743,0.5638794034418393,176.59000000000015
55228,OH,2024,3,35195.67,23046.0,55228,OH,35765.25,35194.85,363105,1.618324072250938,569.5800000000017
55228,OH,2024,4,19177.73,12498.5,55228,OH,19380.28,19071.18,196758,1.0561729672907028,202.54999999999927
55247,OH,2020,1,1733.73,1203.8,55247,OH,107336.23999999999,106048.20999999999,1340456,6091.058584670046,105602.51
55247,OH,2020,2,130777.81,91678.0,55247,OH,90133.47,89051.85,1125624,-31.078926921929646,-40644.34
55247,OH,2020,3,246083.91,173878.0,55247,OH,105189.19,103926.93000000001,1313643,-57.254746968219095,-140894.72
55247,OH,2020,4,19576.46,14393.1,55247,OH,89923.11,88844.04,1122987,359.343057937952,70346.65
55247,OH,2021,1,2956.1400000000003,2294.9,55247,OH,2887.4,2846.8500000000004,37389,-2.3253296528581267,-68.74000000000024
55247,OH,2021,2,151866.46,106589.6,55247,OH,150114.05,148006.05,1943509,-1.1539150909292306,-1752.4100000000035
55247,OH,2021,3,169626.54,119984.5,55247,OH,169174.27999999997,166798.65999999997,2190277,-0.2666210134334158,-452.2600000000384
55247,OH,2021,4,42471.1,30283.3,55247,OH,42075.26,41484.42999999999,544741,-0.932022010261087,-395.8399999999965
55247,OH,2022,1,5016.54,3516.4,55247,OH,5028.1900000000005,4956.71,59561,0.23223177728076616,11.650000000000546
55247,OH,2022,2,91770.9,61595.100000000006,55247,OH,88083.82,86831.48000000001,1043361,-4.017700600081275,-3687.079999999987
55247,OH,2022,3,195817.02000000002,138990.0,55247,OH,198775.33,195949.19999999998,2354520,1.5107522318539872,2958.3099999999686
55247,OH,2022,4,57252.55,45272.7,55247,OH,57818.65,56996.62,684863,0.9887769191066573,566.0999999999985
55247,OH,2023,1,6168.9800000000005,4480.2,55247,OH,143888.33000000002,142463.11,1793146,2232.4492865919487,137719.35
55247,OH,2023,2,261654.33000000002,2064.6,55247,OH,126252.15,125001.62,1573351,-51.74849581124838,-135402.18000000002
55247,OH,2023,3,194915.02,140677.00699999998,55247,OH,155978.17,154433.21,1943804,-19.976320962848312,-38936.84999999998
55247,OH,2023,4,103267.43000000001,73355.073,55247,OH,136728.36000000002,135374.06,1703910,32.40221045493241,33460.93000000001
55247,OH,2024,1,44575.35,32240.048,55247,OH,43958.96,43549.77,540297,-1.3828046218369556,-616.3899999999994
55247,OH,2024,2,198858.81,142854.443,55247,OH,197402.47999999998,195565.0,2426253,-0.7323437166299126,-1456.3300000000163
55247,OH,2024,3,184233.93,133389.795,55247,OH,184702.23,182982.96999999997,2270153,0.25418770581511096,468.30000000001746
55247,OH,2024,4,89054.58,64566.199,55247,OH,89177.32,88347.25,1096065,0.13782558965524877,122.74000000000524
55262,OH,2020,1,0.0,0.0,55262,OH,808.38,800.72,12516,,808.38
55262,OH,2020,2,585.42,475.4,55262,OH,677.94,671.51,10497,15.80403812647332,92.5200000000001
55262,OH,2020,3,1411.42,1198.5,55262,OH,791.49,783.99,12255,-43.92243272732426,-619.9300000000001
55262,OH,2020,4,0.0,0.0,55262,OH,676.2,669.78,10469,,676.2
55262,OH,2021,1,0.0,0.0,55262,OH,812.77,806.45,12913,,812.77
55262,OH,2021,2,360.82,448.8,55262,OH,694.13,688.72,11028,92.3756997949116,333.31
55262,OH,2021,3,1071.0,1302.5,55262,OH,697.03,691.6,11074,-34.91783380018674,-373.97
55262,OH,2021,4,0.0,0.0,55262,OH,752.08,746.24,11949,,752.08
55262,OH,2022,1,0.0,0.0,55262,OH,388.27,385.1,6702,,388.27
55262,OH,2022,2,444.92,438.8,55262,OH,326.26,323.59000000000003,5631,-26.669963139440807,-118.66000000000003
55262,OH,2022,3,360.5,492.4,55262,OH,393.89,390.65999999999997,6799,9.262135922330094,33.389999999999986
55262,OH,2022,4,0.0,0.0,55262,OH,361.61,358.65999999999997,6240,,361.61
55262,OH,2023,1,0.0,0.0,55262,OH,530.1700000000001,528.89,9332,,530.1700000000001
55262,OH,2023,2,115.58,271.3,55262,OH,464.26,463.15000000000003,8174,301.6784910884236,348.68
55262,OH,2023,3,888.11,1154.6,55262,OH,574.59,573.21,10117,-35.301933319070834,-313.52
55262,OH,2023,4,0.0,21.3,55262,OH,502.98,501.76,8856,,502.98
55262,OH,2024,1,0.0,0.0,55262,OH,827.6800000000001,820.98,14440,,827.6800000000001
55262,OH,2024,2,729.0,607.7,55262,OH,696.01,690.36,12141,-4.5253772290809335,-32.99000000000001
55262,OH,2024,3,1295.28,702.4,55262,OH,856.53,849.59,14943,-33.87298499166204,-438.75
55262,OH,2024,4,0.0,0.0,55262,OH,704.79,699.0699999999999,12296,,704.79
55263,OH,2020,1,0.0,0.0,55263,OH,877.0699999999999,869.4000000000001,14381,,877.0699999999999
55263,OH,2020,2,170.9,279.8,55263,OH,735.54,729.12,12060,330.3920421299005,564.64
55263,OH,2020,3,1659.89,1713.6,55263,OH,858.74,851.24,14080,-48.26524649223744,-801.1500000000001
55263,OH,2020,4,0.0,0.0,55263,OH,733.66,727.25,12030,,733.66
55263,OH,2021,1,0.0,0.0,55263,OH,764.9300000000001,757.51,13674,,764.9300000000001
55263,OH,2021,2,343.55,389.0,55263,OH,653.27,646.93,11678,90.15281618396158,309.71999999999997
55263,OH,2021,3,1422.65,1565.7,55263,OH,655.99,649.63,11727,-53.88957227708854,-766.6600000000001
55263,OH,2021,4,16.25,42.8,55263,OH,707.81,700.9300000000001,12654,4255.753846153846,691.56
55263,OH,2022,1,0.0,0.0,55263,OH,420.49,396.73,7366,,420.49
55263,OH,2022,2,356.71,426.3,55263,OH,353.33,333.36,6189,-0.9475484286955778,-3.3799999999999955
55263,OH,2022,3,604.0,359.9,55263,OH,426.57,402.45,7472,-29.37582781456954,-177.43
55263,OH,2022,4,0.0,0.0,55263,OH,391.62,369.47,6860,,391.62
55263,OH,2023,1,0.0,0.0,55263,OH,509.7,498.95,8983,,509.7
55263,OH,2023,2,77.65,238.9,55263,OH,446.34,436.93,7866,474.8100450740501,368.68999999999994
55263,OH,2023,3,607.53,1217.9,55263,OH,552.42,540.76,9736,-9.07115697990223,-55.110000000000014
55263,OH,2023,4,18.04,20.9,55263,OH,483.56000000000006,473.35,8521,2580.4878048780492,465.52000000000004
55263,OH,2024,1,0.0,0.0,55263,OH,767.04,760.0699999999999,14140,,767.04
55263,OH,2024,2,689.55,709.1,55263,OH,645.03,639.1600000000001,11893,-6.456384598651292,-44.51999999999998
55263,OH,2024,3,1207.69,614.7,55263,OH,793.78,786.56,14636,-34.27286803732746,-413.9100000000001
55263,OH,2024,4,0.0,0.0,55263,OH,653.1600000000001,647.22,12044,,653.1600000000001
55264,OH,2020,1,0.0,0.0,55264,OH,669.09,663.0699999999999,10480,,669.09
55264,OH,2020,2,366.49,444.2,55264,OH,561.13,556.0799999999999,8788,53.10922535403421,194.64
55264,OH,2020,3,737.08,748.6,55264,OH,655.11,649.21,10261,-11.120909534921585,-81.97000000000003
55264,OH,2020,4,0.0,0.0,55264,OH,559.6800000000001,554.64,8765,,559.6800000000001
55264,OH,2021,1,0.0,0.0,55264,OH,825.6899999999999,819.37,14099,,825.6899999999999
55264,OH,2021,2,503.72,464.5,55264,OH,705.1600000000001,699.77,12040,39.99047089652983,201.44000000000005
55264,OH,2021,3,1559.04,1553.2,55264,OH,708.11,702.6899999999999,12091,-54.58038279967159,-850.93
55264,OH,2021,4,0.0,0.0,55264,OH,764.05,758.19,13045,,764.05
55264,OH,2022,1,0.0,0.0,55264,OH,380.62,377.71000000000004,7153,,380.62
55264,OH,2022,2,337.04,399.0,55264,OH,319.81,317.36,6009,-5.112152860194641,-17.230000000000018
55264,OH,2022,3,447.0,581.1,55264,OH,386.11,383.16999999999996,7255,-13.621923937360176,-60.889999999999986
55264,OH,2022,4,0.0,0.0,55264,OH,354.46,351.77,6661,,354.46
55264,OH,2023,1,0.0,0.0,55264,OH,518.91,503.56,9799,,518.91
55264,OH,2023,2,88.47,272.6,55264,OH,454.40999999999997,440.96,8579,413.6317395727365,365.93999999999994
55264,OH,2023,3,992.05,1241.5,55264,OH,562.39,545.75,10617,-43.31031702031147,-429.65999999999997
55264,OH,2023,4,43.62,10.5,55264,OH,492.28999999999996,477.73,9294,1028.587803759743,448.66999999999996
55264,OH,2024,1,0.0,0.0,55264,OH,761.13,751.22,15194,,761.13
55264,OH,2024,2,683.51,702.3,55264,OH,640.06,631.71,12778,-6.356893095931302,-43.450000000000045
55264,OH,2024,3,1248.07,607.6,55264,OH,787.68,777.39,15725,-36.88815531180143,-460.39
55264,OH,2024,4,0.0,0.0,55264,OH,648.13,639.6800000000001,12940,,648.13
55348,OH,2020,1,153696.29,92089.484,55348,OH,247725.13999999998,245505.61,2619448,61.17834724572725,94028.84999999998
55348,OH,2020,2,208659.66,131667.218,55348,OH,207837.77,205975.63,2197680,-0.39389022295925047,-821.890000000014
55348,OH,2020,3,417200.56,265885.191,55348,OH,242619.29,240445.5,2565456,-41.8458858252731,-174581.27
55348,OH,2020,4,127895.76,82150.201,55348,OH,207319.78999999998,205462.28,2192199,62.10059661086497,79424.02999999998
55348,OH,2021,1,53891.14,34244.75,55348,OH,63276.42,62591.91,578359,17.41525601425392,9385.279999999999
55348,OH,2021,2,155843.4,100432.782,55348,OH,185406.68,183400.95,1694661,18.969863337170516,29563.28
55348,OH,2021,3,474843.31,300723.457,55348,OH,555197.63,549191.51,5074638,16.92228116260078,80354.32
55348,OH,2021,4,224994.32,142511.63799999998,55348,OH,263228.26,260380.65,2405971,16.993291208418064,38233.94
55348,OH,2022,1,350476.8,212839.443,55348,OH,266926.81999999995,264948.11,3552281,-23.838947399656707,-83549.98000000004
55348,OH,2022,2,140896.14,90064.55099999999,55348,OH,232162.22,230441.22,3089633,64.77542961787313,91266.07999999999
55348,OH,2022,3,406290.65,257646.718,55348,OH,267639.67,265655.69,3561771,-34.12605729420552,-138650.98000000004
55348,OH,2022,4,141400.51,90163.455,55348,OH,268359.3,266369.98,3571346,89.7866563564728,126958.78999999998
55348,OH,2023,1,46056.06,28884.255,55348,OH,45717.06,45353.88,522941,-0.7360594892398525,-339.0
55348,OH,2023,2,176331.35,111183.155,55348,OH,175985.37,174587.3,2013047,-0.1962101464090251,-345.9800000000105
55348,OH,2023,3,404002.25,255456.825,55348,OH,402826.06,399625.93,4607812,-0.29113451719637756,-1176.1900000000023
55348,OH,2023,4,205175.08000000002,128722.666,55348,OH,203744.5,202125.89,2330578,-0.6972484182777051,-1430.5800000000163
55348,OH,2024,1,107954.97,66866.708,55348,OH,117810.75,117103.95,1150678,9.129528728505967,9855.779999999999
55348,OH,2024,2,289777.9,184926.025,55348,OH,326627.16000000003,324667.57999999996,3190228,12.71638037269233,36849.26000000001
55348,OH,2024,3,359084.99,227875.309,55348,OH,402017.06,399605.17,3926571,11.95596340576642,42932.07000000001
55348,OH,2024,4,143029.84,83947.85800000001,55348,OH,148139.02,147250.28,1446899,3.5721077503827123,5109.179999999993
55350,OH,2020,1,1317812.0,497806.9,55350,OH,1302813.0,1286538.0,8735087,-1.1381744892291161,-14999.0
55350,OH,2020,2,1044982.21,394466.93299999996,55350,OH,1031270.0,1018264.0,6950671,-1.312195544458117,-13712.209999999963
55350,OH,2020,3,1214610.0,460846.30000000005,55350,OH,1200209.0,1185285.0,8139974,-1.185648068104165,-14401.0
55350,OH,2020,4,1149846.6,435310.485,55350,OH,1137219.0,1123023.0,7635973,-1.0981986640652843,-12627.600000000093
55350,OH,2021,1,1281213.0,480872.19999999995,55350,OH,1266793.0,1250563.0,8483515,-1.1254959167601326,-14420.0
55350,OH,2021,2,1058319.1400000001,401758.092,55350,OH,1044021.0,1030988.0,7035668,-1.3510234729384305,-14298.14000000013
55350,OH,2021,3,926587.8999999999,353506.47,55350,OH,916695.0,904754.0,6190392,-1.067669888631171,-9892.899999999907
55350,OH,2021,4,934145.51,352123.046,55350,OH,924588.0,911689.0,6268221,-1.0231286130144766,-9557.51000000001
55350,OH,2022,1,1238811.01,467157.963,55350,OH,1187130.0,1169992.0,8228626,-4.171823593979845,-51681.01000000001
55350,OH,2022,2,920444.8700000001,351339.324,55350,OH,911465.0,899061.0,6155154,-0.9756010699478515,-8979.870000000112
55350,OH,2022,3,1153415.8,443163.96900000004,55350,OH,1141974.0,1126711.0,7711020,-0.9919926534732788,-11441.800000000047
55350,OH,2022,4,1301202.52,494445.58400000003,55350,OH,1291732.0,1270973.0,8717614,-0.7278282860995395,-9470.520000000019
55350,OH,2023,1,1259871.37,472611.115,55350,OH,1247737.0,1230142.0,8350686,-0.9631435628226166,-12134.370000000112
55350,OH,2023,2,621556.3999999999,238459.42200000002,55350,OH,615181.0,606880.0,4172762,-1.025715445935382,-6375.399999999907
55350,OH,2023,3,1229967.38,472688.62100000004,55350,OH,1076064.0,1059733.0,7968071,-12.51280176227112,-153903.3799999999
55350,OH,2023,4,1132891.74,425832.391,55350,OH,1038317.0,1013616.0,7460249,-8.348082756786628,-94574.73999999999
55350,OH,2024,1,1284590.0,484490.7,55350,OH,1272090.0,1254272.0,8504521,-0.9730731206065749,-12500.0
55350,OH,2024,2,1077908.59,409086.79500000004,55350,OH,1067697.0,1052911.0,7198199,-0.9473521312229345,-10211.590000000084
55350,OH,2024,3,1248455.08,480061.62399999995,55350,OH,1235893.0,1219300.0,8397439,-1.0062100111763792,-12562.080000000075
55350,OH,2024,4,1078064.38,408809.25600000005,55350,OH,1068345.0,1053572.0,7205454,-0.901558402291326,-9719.379999999888
55350,OH,2025,1,1314823.13,499598.635,55350,OH,1302624.0,1284582.0,8820142,-0.9278152872166076,-12199.129999999888
55350,OH,2025,2,618993.77,235114.87900000002,55350,OH,612953.0,604519.0,4161311,-0.975901582983625,-6040.770000000019
55350,OH,2025,3,1240337.1099999999,476438.922,55350,OH,1229546.0,1212977.0,8383481,-0.8700142818430926,-10791.10999999987
55350,OH,2025,4,1055137.73,401992.954,55350,OH,1104574.0,1087102.0,7037197,4.685290706076828,49436.27000000002
55397,OH,2020,1,1356316.3199999998,573692.5719999999,55397,OH,1356808.0,1343765.0,9696946,0.036251130562239914,491.68000000016764
55397,OH,2020,2,1348498.7999999998,569767.787,55397,OH,1347187.0,1334719.0,9641945,-0.09727854411140847,-1311.7999999998137
55397,OH,2020,3,1343809.97,568429.301,55397,OH,1340996.0,1328128.0,9614772,-0.20940237554570104,-2813.969999999972
55397,OH,2020,4,1064672.6099999999,447577.321,55397,OH,947201.0,936649.0,6764098,-11.03358994085514,-117471.60999999987
55397,OH,2021,1,1297447.0,539969.2,55397,OH,1293300.0,1280464.0,9120162,-0.3196276996285783,-4147.0
55397,OH,2021,2,1138560.74,479468.426,55397,OH,1138157.0,1129186.0,8113076,-0.03546055874015037,-403.7399999999907
55397,OH,2021,3,1109015.88,468760.05,55397,OH,1108174.0,1094886.0,7934098,-0.07591234852289837,-841.8799999998882
55397,OH,2021,4,1330551.48,560236.825,55397,OH,1330104.0,1316748.0,9447802,-0.03363116773204306,-447.4799999999814
55397,OH,2022,1,1308899.5,547720.348,55397,OH,1305226.0,1293640.0,9239782,-0.2806556194726944,-3673.5
55397,OH,2022,2,1155418.76,489470.072,55397,OH,1153620.0,1126154.0,8253261,-0.15568035263682314,-1798.7600000000093
55397,OH,2022,3,1287123.22,548037.9820000001,55397,OH,1283780.0,1247337.0,9246296,-0.25974358538881553,-3343.219999999972
55397,OH,2022,4,1344102.8199999998,571403.06,55397,OH,1342621.0,1317522.0,9637544,-0.11024603013628323,-1481.8199999998324
55397,OH,2023,1,1375116.0,587098.1,55397,OH,1371028.0,1348459.0,9884414,-0.2972840109488945,-4088.0
55397,OH,2023,2,1271162.04,540708.171,55397,OH,1268635.0,1240878.0,9112817,-0.19879762929359007,-2527.0400000000373
55397,OH,2023,3,1373141.97,586034.225,55397,OH,1370892.0,1333450.0,9870472,-0.1638555989953444,-2249.969999999972
55397,OH,2023,4,1341054.22,570524.547,55397,OH,1344945.0,1318864.0,9624263,0.29012846326228536,3890.780000000028
55397,OH,2024,1,1267825.9500000002,538674.742,55397,OH,1264659.0,1241228.0,9093729,-0.24979375126374295,-3166.9500000001863
55397,OH,2024,2,1283643.44,552691.267,55397,OH,1282209.0,1250818.0,9319108,-0.11174754260419421,-1434.4399999999441
55397,OH,2024,3,1322678.2999999998,567894.049,55397,OH,1319182.0,1281579.22,9574355,-0.2643348726594981,-3496.2999999998137
55397,OH,2024,4,1426755.0,607792.4,55397,OH,1423510.0,1395582.0,10229774,-0.22743918892872286,-3245.0
55397,OH,2025,1,1290500.83,542278.996,55397,OH,1286699.0,1262126.0,9136365,-0.2946011278427519,-3801.8300000000745
55397,OH,2025,2,53837.479999999996,30189.646,55397,OH,53611.0,51377.0,543197,-0.420673478773516,-226.47999999999593
55397,OH,2025,3,862189.38,367250.603,55397,OH,860200.0,838324.0,6197111,-0.2307358506317956,-1989.3800000000047
55397,OH,2025,4,1386831.0,583024.348,55397,OH,1383556.0,1356995.0,9830955,-0.23614989858173058,-3275.0
55401,OH,2020,1,16809.16,10926.623,55401,OH,73100.56,73100.56,800558,334.88526493887855,56291.399999999994
55401,OH,2020,2,63338.75,42345.612,55401,OH,61304.85,61304.85,671377,-3.2111464151092366,-2033.9000000000015
55401,OH,2020,3,177269.87,118479.74100000001,55401,OH,71573.09,71573.09,783831,-59.62478564462196,-105696.78
55401,OH,2020,4,10037.619999999999,6650.314,55401,OH,61147.509999999995,61147.509999999995,669654,509.1833522289149,51109.89
55401,OH,2021,1,9737.800000000001,6535.269,55401,OH,9922.65,9922.65,106672,1.8982727104684687,184.84999999999854
55401,OH,2021,2,118452.1,78697.76299999999,55401,OH,119485.66999999998,119485.66999999998,1284509,0.8725636776384528,1033.5699999999779
55401,OH,2021,3,173050.37,115467.034,55401,OH,175311.19,175311.19,1884651,1.3064519885164112,2260.820000000007
55401,OH,2021,4,265930.74,172182.689,55401,OH,261421.49,261421.49,2810363,-1.695648272930012,-4509.25
55401,OH,2022,1,257747.38,163725.664,55401,OH,250170.19999999998,249592.08000000002,2721608,-2.939769940629473,-7577.180000000022
55401,OH,2022,2,245476.57,162184.062,55401,OH,247814.25,247241.58000000002,2695977,0.9523026983797244,2337.679999999993
55401,OH,2022,3,506859.78,335834.996,55401,OH,513138.81,511952.98000000004,5582449,1.2388100709036274,6279.02999999997
55401,OH,2022,4,402911.05,258388.134,55401,OH,394803.74,393891.38,4295079,-2.01218358245573,-8107.309999999998
55401,OH,2023,1,216447.82,143477.062,55401,OH,221359.83000000002,220915.22,2511353,2.269373745598366,4912.010000000009
55401,OH,2023,2,671067.39,473254.172,55401,OH,730153.39,728686.8500000001,8283675,8.804778906035056,59086.0
55401,OH,2023,3,589435.26,485269.863,55401,OH,748673.62,747169.88,8493790,27.01541132778517,159238.36
55401,OH,2023,4,456450.44,374370.255,55401,OH,577582.16,576422.0599999999,6552737,26.537759499147384,121131.72000000003
55401,OH,2024,1,268528.39,216220.169,55401,OH,332118.5,331415.14,3522926,23.68096349142077,63590.109999999986
55401,OH,2024,2,516170.89,429652.961,55401,OH,659972.83,658575.16,7000619,27.85936649778912,143801.93999999994
55401,OH,2024,3,513403.31,424727.694,55401,OH,652406.75,651025.09,6920362,27.074901406459574,139003.44
55401,OH,2024,4,424176.73,365902.038,55401,OH,562049.9099999999,560859.61,5961908,32.50371136577906,137873.17999999993
55503,OH,2020,1,1840499.0,741436.6,55503,OH,1833616.0,1796115.0,12395480,-0.3739746666529023,-6883.0
55503,OH,2020,2,1670281.92,677112.41,55503,OH,1664732.0,1629253.0,11404960,-0.3322744462204276,-5549.9199999999255
55503,OH,2020,3,1752019.0,712583.1,55503,OH,1745393.0,1707602.0,12001742,-0.3781922456320394,-6626.0
55503,OH,2020,4,1536424.73,626478.414,55503,OH,1532528.0,1500246.0,10534027,-0.2536232282592836,-3896.7299999999814
55503,OH,2021,1,1704217.56,691930.464,55503,OH,1697388.0,1663105.0,11633855,-0.4007446091565947,-6829.560000000056
55503,OH,2021,2,1721652.8800000001,703160.407,55503,OH,1718659.0,1682928.0,11813799,-0.1738956809923334,-2993.880000000121
55503,OH,2021,3,1097233.01,450162.56200000003,55503,OH,1092659.0,1065951.0,7537637,-0.4168676988673545,-4574.010000000009
55503,OH,2021,4,1821418.96,746462.175,55503,OH,1815551.0,1779466.0,12483080,-0.32216420982023614,-5867.959999999963
55503,OH,2022,1,1792896.04,732647.525,55503,OH,1785774.0,1750364.0,12260863,-0.3972366406699207,-7122.040000000037
55503,OH,2022,2,1703509.58,698543.322,55503,OH,1697268.0,1661832.0,11697421,-0.36639535657909683,-6241.5800000000745
55503,OH,2022,3,1776962.8599999999,730218.54,55503,OH,1771046.0,1734638.0,12215073,-0.3329760082886521,-5916.85999999987
55503,OH,2022,4,1516829.09,619351.129,55503,OH,1516804.0,1489248.0,10330831,-0.001654108571987093,-25.09000000008382
55503,OH,2023,1,1072669.27,437561.813,55503,OH,1068452.0,1041362.0,7316409,-0.39315659709353085,-4217.270000000019
55503,OH,2023,2,1236151.6099999999,502500.395,55503,OH,1226739.0,1197573.0,8549415,-0.761444625712203,-9412.60999999987
55503,OH,2023,3,1731944.75,705149.8470000001,55503,OH,1719622.0,1688672.0,11928719,-0.7114978696635674,-12322.75
55503,OH,2023,4,1530593.77,621220.986,55503,OH,1527898.0,1497845.0,10437362,-0.17612576588496232,-2695.7700000000186
55503,OH,2024,1,1814592.08,738175.587,55503,OH,1810375.0,1775095.0,12426250,-0.23239823685332486,-4217.0800000000745
55503,OH,2024,2,1620245.56,660219.027,55503,OH,1616054.0,1583341.0,11121021,-0.2586990579378632,-4191.560000000056
55503,OH,2024,3,1769694.8599999999,721897.853,55503,OH,1765447.0,1729271.0,12136004,-0.24003347108099019,-4247.85999999987
55503,OH,2024,4,1647177.07,671020.678,55503,OH,1644471.0,1612292.0,11306136,-0.16428531268954982,-2706.070000000065
55503,OH,2025,1,1485858.05,606111.162,55503,OH,1482842.0,1453562.0,10175599,-0.20298372378169277,-3016.0500000000466
55503,OH,2025,2,301742.29000000004,124630.291,55503,OH,300115.0,292219.0,2095506,-0.5392979552186858,-1627.2900000000373
55503,OH,2025,3,1730112.26,707119.681,55503,OH,1725764.0,1690207.0,11915138,-0.25132819994004374,-4348.260000000009
55503,OH,2025,4,1774617.83,717550.577,55503,OH,1771701.0,1737282.0,12069298,-0.1643638393963434,-2916.8300000000745
55701,OH,2020,1,812753.13,346357.548,55701,OH,805088.0,425020.0,6176967,-0.9431067955407326,-7665.130000000005
55701,OH,2020,2,1050486.8,444065.118,55701,OH,1076823.0,556910.0,7654796,2.5070472089701603,26336.199999999953
55701,OH,2020,3,1023422.1799999999,432612.225,55701,OH,1030996.0,539952.0,7496190,0.7400484519497189,7573.820000000065
55701,OH,2020,4,665925.19,267018.065,55701,OH,613172.0,377343.0,4592494,-7.921789232811564,-52753.189999999944
55701,OH,2021,1,1080372.17,434151.164,55701,OH,1034586.0,1014282.0,7460728,-4.237999762618832,-45786.169999999925
55701,OH,2021,2,752838.87,309851.447,55701,OH,745194.0,724837.0,5409899,-1.0154722749636977,-7644.869999999995
55701,OH,2021,3,886920.4299999999,366433.18799999997,55701,OH,876564.0,852368.0,6369131,-1.167684230703755,-10356.429999999935
55701,OH,2021,4,1080268.63,436022.244,55701,OH,1073551.0,1047827.0,7727323,-0.6218481045774594,-6717.629999999888
55701,OH,2022,1,1156868.21,455197.065,55701,OH,1110805.0,1088152.0,7969552,-3.981716292472067,-46063.20999999996
55701,OH,2022,2,846208.26,343487.64599999995,55701,OH,840035.0,818296.0,6054003,-0.7295201774560803,-6173.260000000009
55701,OH,2022,3,1128583.3199999998,463785.321,55701,OH,1139630.0,1109592.0,8222150,0.9788094334054281,11046.680000000168
55701,OH,2022,4,1013759.79,401166.296,55701,OH,977115.0,957756.0,7009390,-3.614740923981611,-36644.79000000004
55701,OH,2023,1,1044118.53,413936.827,55701,OH,1007971.0,988815.0,7248050,-3.462014030150392,-36147.53000000003
55701,OH,2023,2,957136.2,393619.75800000003,55701,OH,973733.0,949479.0,7033857,1.7340060902513192,16596.800000000047
55701,OH,2023,3,1206904.02,496042.481,55701,OH,1223603.0,1191426.0,8808133,1.383621209580525,16698.97999999998
55701,OH,2023,4,252860.43,103227.93400000001,55701,OH,249066.0,242426.0,1920743,-1.5006025260654636,-3794.429999999993
55701,OH,2024,1,1065557.4100000001,433181.314,55701,OH,1061191.0,1039100.0,7650835,-0.4097770762065414,-4366.410000000149
55701,OH,2024,2,1077098.76,443677.424,55701,OH,1103290.0,1075633.0,7907354,2.431647029284482,26191.23999999999
55701,OH,2024,3,1251121.0499999998,518639.48,55701,OH,1274108.0,1240807.0,9108821,1.8373082284883775,22986.950000000186
55701,OH,2024,4,487301.28,331087.10900000005,55701,OH,811369.0,795185.0,5814777,66.50253822440195,324067.72
55701,OH,2025,1,701352.45,465063.38300000003,55701,OH,1143669.0,1121252.0,8259363,63.0662301101251,442316.55000000005
55701,OH,2025,2,616512.56,430277.53599999996,55701,OH,1064309.0,1037473.0,7673529,72.63379029942227,447796.43999999994
55701,OH,2025,3,652320.12,478077.548,55701,OH,1165549.0,1134791.0,8334420,78.67745670637906,513228.88
55701,OH,2025,4,419736.31999999995,301942.435,55701,OH,752199.0,735269.0,5476495,79.20750818037384,332462.68000000005
55736,OH,2020,1,2774705.2199999997,1136861.307,55736,OH,2730064.0,2631370.0,18770927,-1.6088635174009491,-44641.21999999974
55736,OH,2020,2,2133289.98,870926.899,55736,OH,2126620.0,1971288.0,14513430,-0.31266166637130044,-6669.979999999981
55736,OH,2020,3,2704430.35,1110968.362,55736,OH,2696754.0,2448162.0,18356447,-0.2838435088557593,-7676.350000000093
55736,OH,2020,4,2590679.68,1068675.474,55736,OH,2584154.0,2436836.0,17478582,-0.25189065442471714,-6525.680000000168
55736,OH,2021,1,2602144.24,1066646.355,55736,OH,2593922.0,2501506.0,17521370,-0.31597940935050634,-8222.240000000224
55736,OH,2021,2,2139579.74,883299.669,55736,OH,2135064.0,2022951.0,14532393,-0.21105733596076315,-4515.7400000002235
55736,OH,2021,3,2535156.0,1047405.135,55736,OH,2529178.0,2362664.0,17426799,-0.23580402941673018,-5978.0
55736,OH,2021,4,2730934.7800000003,1118049.974,55736,OH,2723144.0,2622950.0,18755946,-0.28527887436404686,-7790.780000000261
55736,OH,2022,1,2678786.9,1092104.6060000001,55736,OH,2666937.0,2586181.0,18256443,-0.44236068199377515,-11849.899999999907
55736,OH,2022,2,2282732.75,942875.435,55736,OH,2277082.0,2186474.0,15593232,-0.24754321328241338,-5650.75
55736,OH,2022,3,2643038.46,1097085.99,55736,OH,2637041.0,2523145.0,18226064,-0.22691535105395186,-5997.459999999963
55736,OH,2022,4,2780246.4699999997,1155854.139,55736,OH,2774869.0,2683575.0,19128864,-0.1934170246424138,-5377.469999999739
55736,OH,2023,1,2542752.63,1059673.802,55736,OH,2535848.0,2458600.0,17531775,-0.27154155376883393,-6904.629999999888
55736,OH,2023,2,2771321.23,1159784.988,55736,OH,2760476.0,2663071.0,19483892,-0.39133788904002237,-10845.229999999981
55736,OH,2023,3,2819471.26,1182966.696,55736,OH,2810968.0,2694700.0,19670273,-0.3015905897192858,-8503.259999999776
55736,OH,2023,4,2812146.35,1174796.13,55736,OH,2804959.0,2716759.0,19569791,-0.25558235971609705,-7187.350000000093
55736,OH,2024,1,2863788.11,1199580.991,55736,OH,2854356.0,2791888.0,19943941,-0.32935781690915217,-9432.10999999987
55736,OH,2024,2,1689329.44,712442.909,55736,OH,1685738.0,1409959.0,11785879,-0.2125955965107637,-3591.439999999944
55736,OH,2024,3,2793745.88,1183124.837,55736,OH,2785127.0,2645675.0,19327627,-0.30850622677248973,-8618.879999999888
55736,OH,2024,4,2036257.8900000001,855823.7509999999,55736,OH,1543323.0,1479405.0,10627190,-24.207881153992734,-492934.89000000013
55736,OH,2025,1,2624676.59,1091719.841,55736,OH,2612518.0,2506846.0,17879471,-0.4632414540642454,-12158.589999999851
55736,OH,2025,2,2470962.2199999997,1041107.1799999999,55736,OH,2463007.0,2319324.0,17002239,-0.3219482651580055,-7955.219999999739
55736,OH,2025,3,2863277.71,1217486.904,55736,OH,2854019.0,2678362.0,19925762,-0.32336053075340576,-9258.709999999963
55736,OH,2025,4,2788022.13,1170794.635,55736,OH,2820661.0,2697241.0,19147847,1.1706818840781623,32638.87000000011
59326,OH,2020,1,950056.89,375924.133,59326,OH,951591.0,927948.0,6262744,0.16147559331946806,1534.109999999986
59326,OH,2020,2,828258.32,330814.286,59326,OH,830213.0,808204.0,5565335,0.23599883669143842,1954.6800000000512
59326,OH,2020,3,883704.0,351259.9,59326,OH,885235.0,861292.0,5898190,0.17324805591012377,1531.0
59326,OH,2020,4,807446.51,315969.254,59326,OH,809112.0,788695.0,5350389,0.20626629496485047,1665.4899999999907
59326,OH,2021,1,848891.37,330325.54,59326,OH,849793.0,829029.0,5612416,0.10621264767952637,901.6300000000047
59326,OH,2021,2,447645.51,174375.386,59326,OH,448828.0,437307.0,2940328,0.2641576813760493,1182.4899999999907
59326,OH,2021,3,461406.16,188575.331,59326,OH,447971.0,434682.0,3090337,-2.911786006498044,-13435.159999999974
59326,OH,2021,4,1010010.07,394876.119,59326,OH,1011126.0,984161.0,6782372,0.11048701722350662,1115.9300000000512
59326,OH,2022,1,1010904.0,392952.1,59326,OH,1011113.0,985350.0,6770425,0.02067456454816679,209.0
59326,OH,2022,2,775119.52,303946.733,59326,OH,776037.0,755907.0,5231529,0.11836626176050648,917.4799999999814
59326,OH,2022,3,988621.0,387964.0,59326,OH,989772.0,964934.0,6683025,0.11642479777386885,1151.0
59326,OH,2022,4,869268.46,340807.66,59326,OH,870817.0,850270.0,5842067,0.17814289500392516,1548.5400000000373
59326,OH,2023,1,887014.96,348177.183,59326,OH,887578.0,866398.0,6025413,0.06347581781484692,563.0400000000373
59326,OH,2023,2,843747.23,333072.478,59326,OH,844729.0,823499.0,5742460,0.11635830792594348,981.7700000000186
59326,OH,2023,3,968235.0,382169.7,59326,OH,969463.0,944853.0,6584731,0.1268287141034976,1228.0
59326,OH,2023,4,744863.8,292201.084,59326,OH,746280.0,728336.0,5064962,0.19012871883422894,1416.1999999999534
59326,OH,2024,1,967916.12,380092.804,59326,OH,968542.0,945635.0,6561190,0.06466262799714553,625.8800000000047
59326,OH,2024,2,852126.75,331564.32,59326,OH,853161.0,832167.0,5801047,0.1213727887312539,1034.25
59326,OH,2024,3,994106.0,383315.9,59326,OH,994110.0,969250.0,6765095,0.00040237157808121067,4.0
59326,OH,2024,4,885225.47,341443.312,59326,OH,886738.0,865453.0,5998094,0.17086381393884068,1512.530000000028
59326,OH,2025,1,945655.1,363683.715,59326,OH,946773.0,924592.0,6358938,0.11821434685859818,1117.9000000000233
59326,OH,2025,2,467907.6,179720.439,59326,OH,468077.0,456142.0,3192573,0.03620372911233399,169.40000000002328
59326,OH,2025,3,961800.78,371402.758,59326,OH,962876.0,938584.0,6532918,0.11179238178617115,1075.219999999972
59326,OH,2025,4,844389.46,325768.458,59326,OH,845863.0,825596.0,5726134,0.17450952076072068,1473.5400000000373
59764,OH,2020,1,1808256.0,706169.0,59764,OH,1807894.0,1778059.0,11971525,-0.02001928930416932,-362.0
59764,OH,2020,2,959793.82,375059.573,59764,OH,960033.0,942009.0,6315175,0.024919935408632993,239.18000000005122
59764,OH,2020,3,1710247.22,661462.351,59764,OH,1710703.0,1655297.0,11234886,0.02664994830396672,455.78000000002794
59764,OH,2020,4,1332068.27,519811.468,59764,OH,1332563.0,1288482.0,8895335,0.03713998832807431,494.7299999999814
59764,OH,2021,1,1765545.0299999998,690906.3489999999,59764,OH,1767254.0,1713538.0,11822481,0.09679560537746268,1708.970000000205
59764,OH,2021,2,1382787.65,540962.289,59764,OH,1382725.0,1336613.0,9225162,-0.004530702888466416,-62.64999999990687
59764,OH,2021,3,1497338.88,589084.999,59764,OH,1498172.0,1447281.0,10031480,0.05564004322121869,833.1200000001118
59764,OH,2021,4,1544639.54,604621.806,59764,OH,1545876.0,1495686.0,10324697,0.08004844936184675,1236.4599999999627
59764,OH,2022,1,1686569.9300000002,665382.0360000001,59764,OH,1686024.0,1638956.0,11383600,-0.03236924780226383,-545.9300000001676
59764,OH,2022,2,1083038.0499999998,427136.41799999995,59764,OH,1079723.0,1047196.0,7306779,-0.3060880455677263,-3315.0499999998137
59764,OH,2022,3,1748637.24,683955.703,59764,OH,1735502.0,1683732.0,11671148,-0.7511700940327676,-13135.23999999999
59764,OH,2022,4,1339752.44,525378.272,59764,OH,1324705.0,1290828.0,8995672,-1.123150781498106,-15047.439999999944
59764,OH,2023,1,1798773.5899999999,706701.817,59764,OH,1783422.0,1753366.0,12090082,-0.8534475981493509,-15351.589999999851
59764,OH,2023,2,1454147.16,567849.9820000001,59764,OH,1442011.0,1416540.0,9712415,-0.8345895335654966,-12136.159999999916
59764,OH,2023,3,1715358.99,668746.5,59764,OH,1699935.0,1670386.0,11423002,-0.8991698000195277,-15423.98999999999
59764,OH,2023,4,1706006.1,664149.554,59764,OH,1692653.0,1664808.0,11347797,-0.7827111520879141,-13353.100000000093
59764,OH,2024,1,1822279.21,713430.167,59764,OH,1808568.0,1778037.0,12199386,-0.7524209201728183,-13711.209999999963
59764,OH,2024,2,1473416.1400000001,572995.138,59764,OH,1457149.0,1432194.0,9815004,-1.1040424737033305,-16267.14000000013
59764,OH,2024,3,1749229.0,681194.9,59764,OH,1731713.0,1703335.0,11664319,-1.0013554543173022,-17516.0
59764,OH,2024,4,1469149.54,570909.571,59764,OH,1433276.0,1407524.0,9656709,-2.441789553975563,-35873.54000000004
59764,OH,2025,1,1460223.4700000002,571477.87,59764,OH,1448325.0,1421392.0,9996082,-0.8148389780367112,-11898.470000000205
59764,OH,2025,2,1390937.51,539004.5179999999,59764,OH,1375137.0,1352527.0,9220263,-1.1359611690966627,-15800.51000000001
59764,OH,2025,3,1751928.68,680199.883,59764,OH,1736059.0,1709610.0,11623189,-0.9058405277091495,-15869.679999999935
59764,OH,2025,4,1157923.42,451625.775,59764,OH,1142060.0,1126066.0,7712150,-1.3699886992526609,-15863.419999999925
59773,OH,2020,1,1445763.5899999999,610051.977,59773,OH,1444858.0,1408684.0,9826749,-0.06263748833236636,-905.589999999851
59773,OH,2020,2,1280300.34,545054.728,59773,OH,1280567.0,1246709.0,8755205,0.02082792542255485,266.6599999999162
59773,OH,2020,3,1430137.6,613460.151,59773,OH,1430240.0,1392414.0,9861260,0.007160150184143599,102.39999999990687
59773,OH,2020,4,1250444.0,534439.6669999999,59773,OH,1251306.0,1220884.0,8534715,0.06893551410538976,862.0
59773,OH,2021,1,1131133.52,486992.921,59773,OH,1130306.0,1103695.0,7749265,-0.07315847204316062,-827.5200000000186
59773,OH,2021,2,1318969.3599999999,560156.44,59773,OH,1319184.0,1285156.0,9051462,0.01627331206542436,214.64000000013039
59773,OH,2021,3,1325783.21,568806.6529999999,59773,OH,1326451.0,1290750.0,9187702,0.05036947179320797,667.7900000000373
59773,OH,2021,4,1118968.48,477605.071,59773,OH,1120797.0,1092136.0,7718991,0.16341121601566638,1828.5200000000186
59773,OH,2022,1,1453702.92,616660.078,59773,OH,1453249.0,1419512.0,10000287,-0.031225086897392042,-453.9199999999255
59773,OH,2022,2,1215253.71,520083.387,59773,OH,1214564.0,1183361.0,8501188,-0.05675440398367208,-689.7099999999627
59773,OH,2022,3,1434139.37,614849.488,59773,OH,1434120.0,1397148.0,9989547,-0.0013506358172226843,-19.37000000011176
59773,OH,2022,4,1362253.96,576306.348,59773,OH,1362468.0,1330502.0,9216853,0.015712195103476687,214.04000000003725
59773,OH,2023,1,1493514.24,633951.6399999999,59773,OH,1492685.0,1458029.0,10269656,-0.05552273810258351,-829.2399999999907
59773,OH,2023,2,1236025.81,529518.928,59773,OH,1235448.0,1205370.0,8518591,-0.046747405703450144,-577.8100000000559
59773,OH,2023,3,1527409.08,655792.071,59773,OH,1527086.0,1488958.0,10625016,-0.021152159184497876,-323.0800000000745
59773,OH,2023,4,1393564.24,594790.012,59773,OH,1393977.0,1360998.0,9904162,0.029619014908132926,412.7600000000093
59773,OH,2024,1,1039305.3600000001,447025.483,59773,OH,1038560.0,1014914.0,7436290,-0.07171713229691247,-745.3600000001024
59773,OH,2024,2,1507011.47,644301.111,59773,OH,1506642.0,1469348.0,10458133,-0.024516734434673684,-369.46999999997206
59773,OH,2024,3,1517108.0,655093.8,59773,OH,1516726.0,1478759.0,10512424,-0.025179486233017027,-382.0
59773,OH,2024,4,1416814.82,603899.757,59773,OH,1413177.0,1388460.0,9801188,-0.2567604424126552,-3637.820000000065
59773,OH,2025,1,1067680.5699999998,459447.582,59773,OH,1062568.0,1047943.0,7373646,-0.4788482757534712,-5112.569999999832
59773,OH,2025,2,1421320.6400000001,613835.9720000001,59773,OH,1420659.0,1386217.0,9817191,-0.04655107238857309,-661.6400000001304
59773,OH,2025,3,1513625.0,652826.6000000001,59773,OH,1513385.0,1475538.0,10625573,-0.015855974894706415,-240.0
59773,OH,2025,4,1392222.26,591755.692,59773,OH,1392618.0,1360359.0,9796491,0.028425059085033642,395.7399999999907
6019,OH,2020,1,1401019.45,1308637.384,6019,OH,1400935.02,1286109.01,12753194,-0.006026326044219787,-84.42999999993481
6019,OH,2020,2,886372.0,811217.938,6019,OH,884805.0,803982.0,7881266,-0.17678807543559588,-1567.0
6019,OH,2020,3,1951910.46,1767104.57,6019,OH,1951928.02,1791570.01,16774426,0.0008996314308421647,17.56000000005588
6019,OH,2020,4,1836330.76,1704385.775,6019,OH,1835006.0,1691228.0,15743087,-0.07214168759009458,-1324.7600000000093
6019,OH,2021,1,234788.0,216684.416,6019,OH,234710.01,217419.0,2195286,-0.03321720019762112,-77.98999999999069
6019,OH,2021,2,881984.0,830626.492,6019,OH,879995.0,798790.0,7808888,-0.22551429504390103,-1989.0
6019,OH,2021,3,1862199.81,1868516.64,6019,OH,1862130.01,1698623.0,17428048,-0.0037482551348797834,-69.80000000004657
6019,OH,2021,4,2036776.0,2005487.039,6019,OH,2034273.01,1860411.0,18857281,-0.12288980231503076,-2502.9899999999907
6019,OH,2022,1,1773970.0,1801882.628,6019,OH,1771091.01,1605484.01,16060781,-0.16229079409460084,-2878.9899999999907
6019,OH,2022,2,1573341.0,1554295.095,6019,OH,1573491.0,1441509.0,14276387,0.009533851847755827,150.0
6019,OH,2022,3,0.0,0.0,6019,OH,0.0,0.0,0,,0.0
60356,OH,2021,3,703014.23,270245.162,60356,OH,612062.0,593893.0,3651025,-12.937466429377963,-90952.22999999998
60356,OH,2021,4,1650140.74,593408.952,60356,OH,1644178.0,1604809.0,9671597,-0.36134735998336664,-5962.739999999991
60356,OH,2022,1,2326533.26,875816.1529999999,60356,OH,2313079.0,2262204.0,13639601,-0.5782964822088886,-13454.259999999776
60356,OH,2022,2,1831318.29,679726.666,60356,OH,1806134.0,1764923.0,10537781,-1.3752000478300273,-25184.290000000037
60356,OH,2022,3,2440988.0999999996,931008.3770000001,60356,OH,2440937.0,2384343.0,14337730,-0.0020934145479704503,-51.09999999962747
60356,OH,2022,4,2207863.88,834208.0319999999,60356,OH,2128113.0,2079034.0,12611573,-3.612128479587242,-79750.87999999989
60356,OH,2023,1,2263059.33,852517.814,60356,OH,2178485.0,2128637.0,12874991,-3.73716803969077,-84574.33000000007
60356,OH,2023,2,1858090.28,700477.856,60356,OH,1805672.0,1765836.0,10391494,-2.8210835912666217,-52418.28000000003
60356,OH,2023,3,2409715.5300000003,915611.6359999999,60356,OH,2335788.0,2278322.0,13769005,-3.067894491263882,-73927.53000000026
60356,OH,2023,4,2128112.04,802815.7579999999,60356,OH,2131980.0,2080503.0,12897454,0.1817554681002586,3867.9599999999627
60356,OH,2024,1,2317574.7800000003,876433.4029999999,60356,OH,2314703.0,2271530.0,14436831,-0.1239131537322071,-2871.7800000002608
60356,OH,2024,2,1946127.54,730239.948,60356,OH,1946541.0,1908140.0,12060151,0.021245267409347835,413.45999999996275
60356,OH,2024,3,2340948.0,891641.276,60356,OH,2340923.0,2296144.0,14359144,-0.0010679434143774232,-25.0
60356,OH,2024,4,2162508.87,810084.885,60356,OH,2163104.0,2121644.0,13429394,0.027520349546584204,595.1299999998882
60356,OH,2025,1,2092343.3,786761.474,60356,OH,2091880.0,2053183.0,12947941,-0.022142637874006936,-463.30000000004657
60356,OH,2025,2,1733098.62,653456.912,60356,OH,1732612.0,1698211.0,10782285,-0.028078032858863608,-486.62000000011176
60356,OH,2025,3,2218123.04,842852.696,60356,OH,2218685.0,2175431.0,13902798,0.025334933629288785,561.9599999999627
60356,OH,2025,4,1316475.76,497271.25,60356,OH,1317325.0,1291350.0,8133147,0.06450859376248527,849.2399999999907
60376,OH,2020,1,1801629.75,708008.412,60376,OH,1796847.0,1765005.0,11732796,-0.2654679742050219,-4782.75
60376,OH,2020,2,1442970.5,564680.165,60376,OH,1439105.0,1408075.0,9293500,-0.26788489438973284,-3865.5
60376,OH,2020,3,1580926.8599999999,615818.5349999999,60376,OH,1576880.0,1545517.0,10208990,-0.2559802165673793,-4046.8599999998696
60376,OH,2020,4,1483644.06,580597.5700000001,60376,OH,1481313.0,1451097.0,9582897,-0.15711719966041288,-2331.060000000056
60376,OH,2021,1,1856856.88,722428.7150000001,60376,OH,1852948.0,1819595.0,11856358,-0.21051056988301053,-3908.8799999998882
60376,OH,2021,2,1573039.1099999999,616514.5090000001,60376,OH,1569870.0,1538028.0,10042356,-0.20146415812890184,-3169.1099999998696
60376,OH,2021,3,1737299.17,680889.463,60376,OH,1735284.0,1701004.0,11220738,-0.11599441447956978,-2015.1699999999255
60376,OH,2021,4,931701.3200000001,370380.983,60376,OH,929846.0,907815.0,6125139,-0.19913248593444785,-1855.3200000000652
60376,OH,2022,1,1616861.1600000001,639411.6869999999,60376,OH,1612829.0,1566177.0,10511663,-0.2493819568280154,-4032.160000000149
60376,OH,2022,2,1757782.22,691952.108,60376,OH,1754667.0,1722469.0,11324378,-0.17722445730506775,-3115.219999999972
60376,OH,2022,3,1766423.6099999999,698852.663,60376,OH,1752659.0,1696284.0,11407787,-0.7792360746355667,-13764.60999999987
60376,OH,2022,4,1414392.25,569940.41,60376,OH,1410547.0,1381393.0,9274780,-0.2718658844461287,-3845.25
60376,OH,2023,1,1734169.6,690358.6699999999,60376,OH,1731179.0,1699530.0,11332017,-0.17245141421001112,-2990.600000000093
60376,OH,2023,2,1039245.87,410501.832,60376,OH,1036817.0,1013871.0,6757077,-0.23371466465389903,-2428.8699999999953
60376,OH,2023,3,1846100.45,719254.601,60376,OH,1843030.0,1808118.0,11905899,-0.16632085215081083,-3070.4499999999534
60376,OH,2023,4,1723112.22,677469.6410000001,60376,OH,1718789.0,1685949.0,11124574,-0.2508960211540936,-4323.219999999972
60376,OH,2024,1,1849706.86,731532.303,60376,OH,1846306.0,1813716.0,11983987,-0.18385940353814237,-3400.8600000001024
60376,OH,2024,2,1325831.8599999999,524908.11,60376,OH,1323332.0,1295983.0,8592466,-0.18855030380699025,-2499.8599999998696
60376,OH,2024,3,1747702.3399999999,684882.52,60376,OH,1744967.0,1712290.0,11285081,-0.15651063326949893,-2735.339999999851
60376,OH,2024,4,1667235.02,656199.8999999999,60376,OH,1661515.0,1631077.0,10736404,-0.3430842041693689,-5720.020000000019
60376,OH,2025,1,1861420.67,737810.244,60376,OH,1842594.0,1803004.58,12061447,-1.0114140400084803,-18826.669999999925
60376,OH,2025,2,1330458.76,521327.003,60376,OH,1328466.0,1301070.0,8597805,-0.1497799150121729,-1992.7600000000093
60376,OH,2025,3,1833507.78,717464.0730000001,60376,OH,1830443.0,1796651.0,11752175,-0.16715391303112048,-3064.780000000028
60376,OH,2025,4,1661868.6099999999,652804.9580000001,60376,OH,1659488.0,1629160.0,10741851,-0.14324899006305136,-2380.6099999998696
61322,OH,2021,4,612702.69,224998.357,61322,OH,707784.0,695881.0,4392667,15.518343815334001,95081.31000000006
61322,OH,2022,1,497215.66,184498.863,61322,OH,503444.0,494777.0,3167580,1.252643571202087,6228.340000000026
61322,OH,2022,2,1004593.58,369006.834,61322,OH,1003879.0,985412.0,6289457,-0.07113125289930264,-714.5799999999581
61322,OH,2022,3,1093750.19,399805.643,61322,OH,1086057.0,1066620.0,6827268,-0.7033772492418899,-7693.189999999944
61322,OH,2022,4,46220.6,17700.326,61322,OH,46094.0,45349.0,341713,-0.2739038437406666,-126.59999999999854
61322,OH,2023,1,994420.78,372201.193,61322,OH,987714.0,970961.0,6262894,-0.6744408539009037,-6706.780000000028
61322,OH,2023,2,1055266.59,385945.945,61322,OH,1048668.0,1029958.0,6586373,-0.6253007593086107,-6598.590000000084
61322,OH,2023,3,1080587.82,397029.737,61322,OH,1073843.0,1054325.0,6766377,-0.6241806427172264,-6744.820000000065
61322,OH,2023,4,816635.57,300318.527,61322,OH,812058.0,797606.0,5149118,-0.5605401195051973,-4577.569999999949
61322,OH,2024,1,1063039.05,391683.245,61322,OH,1056370.0,1037668.0,6699560,-0.6273570100740934,-6669.050000000047
61322,OH,2024,2,745006.3,273142.839,61322,OH,735823.0,722262.0,4674256,-1.2326472943920133,-9183.300000000047
61322,OH,2024,3,1086000.0,398214.3,61322,OH,1079413.0,1060087.0,6806461,-0.6065377532228361,-6587.0
61322,OH,2024,4,954779.43,351053.167,61322,OH,949389.0,932277.0,6005174,-0.5645733276847041,-5390.430000000051
61322,OH,2025,1,1062331.49,394632.472,61322,OH,1055468.0,1037473.0,6712285,-0.646077995861724,-6863.489999999991
61322,OH,2025,2,896929.69,331436.395,61322,OH,891750.0,875294.0,5623674,-0.5774911966622428,-5179.689999999944
61322,OH,2025,3,1053610.23,390917.787,61322,OH,1047472.0,1028712.0,6595133,-0.5825902051083902,-6138.229999999981
61322,OH,2025,4,888343.73,331448.828,61322,OH,882018.0,867209.0,5598975,-0.7120813471605165,-6325.729999999981
62949,OH,2023,1,727381.84,301526.58,62949,OH,698366.0,687603.0,4576575,-3.9890795183998504,-29015.839999999967
62949,OH,2023,2,2503428.07,1007747.633,62949,OH,2234551.0,2205971.0,14372989,-10.740355324049707,-268877.06999999983
62949,OH,2023,3,2993187.99,1215476.864,62949,OH,2983171.0,2939794.0,19061673,-0.3346595681081903,-10016.990000000224
62949,OH,2023,4,2382722.69,987097.335,62949,OH,2348265.0,2321604.0,14896817,-1.446147726070462,-34457.689999999944
62949,OH,2024,1,3350769.94,1232314.287,62949,OH,3296407.0,3259647.0,21081880,-1.62240144723275,-54362.939999999944
62949,OH,2024,2,2630547.9299999997,979973.646,62949,OH,2621640.0,2582932.0,17017040,-0.3386340122682997,-8907.929999999702
62949,OH,2024,3,3449701.0700000003,1321071.8599999999,62949,OH,3437643.0,3386247.0,22517039,-0.349539561698901,-12058.070000000298
62949,OH,2024,4,2424672.59,892080.7509999999,62949,OH,2416681.0,2386370.0,15537929,-0.3295946031212343,-7991.589999999851
62949,OH,2025,1,3176928.0599999996,1177786.2689999999,62949,OH,3165130.0,3127644.0,20486281,-0.37136692355569395,-11798.05999999959
62949,OH,2025,2,2378369.84,889650.4890000001,62949,OH,2370042.0,2337376.0,15317770,-0.35014907521699196,-8327.839999999851
62949,OH,2025,3,3689997.92,1390117.902,62949,OH,3679720.0,3561968.0,24003101,-0.27853457435011036,-10277.919999999925
62949,OH,2025,4,2320939.84,868620.611,62949,OH,2312521.0,2282063.0,15294678,-0.36273408965222687,-8418.839999999851
7158,OH,2020,1,1691.5,1350.9479999999999,7158,OH,1705.01,-1028.01,17198,0.7986993792491865,13.509999999999991
7158,OH,2020,2,9382.55,7935.323,7158,OH,9417.0,7626.0,125237,0.367170971644177,34.45000000000073
7158,OH,2020,3,34661.49,32100.154000000002,7158,OH,34772.0,33050.0,666500,0.3188264555274515,110.51000000000204
7158,OH,2020,4,17805.63,18702.278,7158,OH,17702.010000000002,15299.0,284347,-0.5819507650108363,-103.61999999999898
7158,OH,2021,1,5333.29,6070.438,7158,OH,5253.01,2216.0,113396,-1.505262230255616,-80.27999999999975
7158,OH,2021,2,27406.31,25323.76,7158,OH,21542.0,20409.0,275366,-21.39766353077084,-5864.310000000001
7158,OH,2021,3,23354.62,24094.928,7158,OH,23337.0,21628.0,304560,-0.07544545790083068,-17.61999999999898
7158,OH,2021,4,10517.57,11993.086,7158,OH,10484.01,8267.0,169429,-0.31908511186518834,-33.55999999999949
7158,OH,2022,1,7544.52,7304.715,7158,OH,7509.0,4550.0,307000,-0.47080529974074475,-35.52000000000044
7158,OH,2022,2,21644.65,19850.86,7158,OH,21459.0,19670.0,292784,-0.8577177270133796,-185.65000000000146
7158,OH,2022,3,29099.739999999998,30082.155,7158,OH,28910.0,27185.0,482295,-0.6520333171361599,-189.73999999999796
7158,OH,2022,4,52837.7,59297.426,7158,OH,52614.0,49859.0,845675,-0.42337194843832543,-223.6999999999971
7158,OH,2023,1,13884.119999999999,13542.271,7158,OH,13834.0,11349.01,214141,-0.3609879488221003,-50.11999999999898
7158,OH,2023,2,74236.57,74060.598,7158,OH,46921.0,45533.0,925372,-36.79530183035127,-27315.570000000007
7158,OH,2023,3,50949.75,44640.206,7158,OH,50435.0,48618.0,683001,-1.0103091771794759,-514.75
7158,OH,2023,4,64454.22,68550.406,7158,OH,63495.0,61323.0,1103020,-1.4882190801471202,-959.2200000000012
7158,OH,2024,1,42061.3,40158.275,7158,OH,41015.0,38174.0,630634,-2.487559823400615,-1046.300000000003
7158,OH,2024,2,110598.09,98250.052,7158,OH,109019.0,107179.0,1466191,-1.427773300605821,-1579.0899999999965
7158,OH,2024,3,123012.67,101305.878,7158,OH,122079.01000000001,120121.0,1463215,-0.7589949880772354,-933.6599999999889
7158,OH,2024,4,108225.7,113084.2,7158,OH,108061.0,105612.0,1660917,-0.15218196786899701,-164.6999999999971
7158,OH,2025,1,40142.270000000004,53806.141,7158,OH,39981.0,36547.0,926569,-0.4017460895958402,-161.27000000000407
7158,OH,2025,2,101424.66,110596.232,7158,OH,59257.0,57831.0,1245217,-41.575352581906614,-42167.66
7158,OH,2025,3,162771.78,147088.776,7158,OH,161423.0,159003.0,2030614,-0.828632579922637,-1348.7799999999988
7158,OH,2025,4,70565.12,77490.59,7158,OH,70322.01000000001,67740.0,1512648,-0.3445186517077928,-243.10999999998603
7782,OH,2020,1,0.0,0.0,7782,OH,779.09,755.29,9283,,779.09
7782,OH,2020,2,405.1,390.5,7782,OH,653.38,633.41,7784,61.28857072327819,248.27999999999997
7782,OH,2020,3,2301.65,1703.8,7782,OH,762.8199999999999,739.51,9088,-66.85768904916038,-1538.8300000000002
7782,OH,2020,4,0.0,0.0,7782,OH,651.7,631.79,7764,,651.7
7782,OH,2021,1,0.0,0.0,7782,OH,0.0,0.0,0,,0.0
7782,OH,2021,2,528.98,485.5,7782,OH,641.1800000000001,620.8,8248,21.21063178191993,112.20000000000005
7782,OH,2021,3,1806.18,1349.6,7782,OH,1780.8200000000002,1724.21,22906,-1.4040682545482674,-25.3599999999999
7782,OH,2021,4,0.0,0.0,7782,OH,0.0,0.0,0,,0.0
7782,OH,2022,1,0.0,0.0,7782,OH,0.0,0.0,0,,0.0
7782,OH,2022,2,483.27,360.7,7782,OH,530.91,508.28000000000003,6450,9.857843441554408,47.639999999999986
7782,OH,2022,3,669.53,414.2,7782,OH,609.0699999999999,583.12,7398,-9.030215225606028,-60.460000000000036
7782,OH,2022,4,167.88,118.1,7782,OH,174.03,166.61,2115,3.6633309506790597,6.150000000000006
7782,OH,2023,1,0.0,0.0,7782,OH,401.97,385.1,5135,,401.97
7782,OH,2023,2,94.75,323.7,7782,OH,352.0,337.23,4497,271.50395778364117,257.25
7782,OH,2023,3,1165.04,1053.0,7782,OH,435.66,417.35,5565,-62.60557577422233,-729.3799999999999
7782,OH,2023,4,0.0,0.0,7782,OH,381.35,365.34000000000003,4871,,381.35
7782,OH,2024,1,0.0,0.0,7782,OH,696.49,667.51,9031,,696.49
7782,OH,2024,2,851.23,645.6,7782,OH,585.69,561.32,7598,-31.194859203740467,-265.53999999999996
7782,OH,2024,3,1621.68,828.7,7782,OH,720.76,690.77,9348,-55.554733362932275,-900.9200000000001
7782,OH,2024,4,57.6,45.7,7782,OH,593.08,568.4,7691,929.6527777777777,535.48
7783,OH,2020,1,0.0,0.0,7783,OH,610.8,589.1800000000001,7546,,610.8
7783,OH,2020,2,509.24,297.9,7783,OH,512.24,494.11,6327,0.5891131882805749,3.0
7783,OH,2020,3,1795.37,1318.4,7783,OH,598.04,576.87,7386,-66.68987451054657,-1197.33
7783,OH,2020,4,0.0,0.0,7783,OH,510.92999999999995,492.84,6310,,510.92999999999995
7783,OH,2021,1,0.0,0.0,7783,OH,0.0,0.0,0,,0.0
7783,OH,2021,2,449.95,514.2,7783,OH,661.01,640.41,8041,46.90743415935104,211.06
7783,OH,2021,3,1721.2,1216.9,7783,OH,1565.96,1517.15,19050,-9.019288868231467,-155.24
7783,OH,2021,4,51.8,39.7,7783,OH,51.04,49.45,621,-1.4671814671814634,-0.759999999999998
7783,OH,2022,1,0.0,0.0,7783,OH,0.0,0.0,0,,0.0
7783,OH,2022,2,436.12,329.5,7783,OH,519.8100000000001,498.54,5865,19.189672567183354,83.69000000000005
7783,OH,2022,3,393.27,295.0,7783,OH,465.07,446.03999999999996,5248,18.257177003076773,71.80000000000001
7783,OH,2022,4,156.08,10.8,7783,OH,17.12,16.42,194,-89.03126601742696,-138.96
7783,OH,2023,1,0.0,0.0,7783,OH,399.17,389.7,4563,,399.17
7783,OH,2023,2,106.97,636.9,7783,OH,349.53999999999996,341.25,3994,226.76451341497614,242.56999999999996
7783,OH,2023,3,1309.73,771.2,7783,OH,432.61,422.35,4944,-66.96952807067106,-877.12
7783,OH,2023,4,0.0,0.0,7783,OH,378.68999999999994,369.71,4329,,378.68999999999994
7783,OH,2024,1,0.0,0.0,7783,OH,0.0,0.0,0,,0.0
7783,OH,2024,2,880.65,758.1,7783,OH,896.22,877.36,13523,1.7680122636688869,15.57000000000005
7783,OH,2024,3,1517.5,1291.4,7783,OH,1526.77,1494.6399999999999,23036,0.6108731466227335,9.269999999999982
7783,OH,2024,4,0.0,0.0,7783,OH,0.0,0.0,0,,0.0
7872,OH,2020,1,2265.3900000000003,1347.0,7872,OH,48027.09,47457.9,513314,2020.036285142955,45761.7
7872,OH,2020,2,14139.669999999998,8859.3,7872,OH,40531.96,40051.59,433207,186.65421470232334,26392.29
7872,OH,2020,3,104591.97,63864.8,7872,OH,47231.5,46671.74,504813,-54.84213558650822,-57360.47
7872,OH,2020,4,55637.72,35350.3,7872,OH,40473.46,39993.78,432580,-27.25535841511838,-15164.260000000002
7872,OH,2021,1,8694.130000000001,6588.2,7872,OH,9346.400000000001,9224.46,100760,7.502418298323126,652.2700000000004
7872,OH,2021,2,82845.2,51857.399999999994,7872,OH,83066.65,81983.01000000001,895454,0.2673057702799886,221.4499999999971
7872,OH,2021,3,143262.47999999998,88851.1,7872,OH,142320.53999999998,140463.89,1534220,-0.6574924572016361,-941.9400000000023
7872,OH,2021,4,49272.39,30226.1,7872,OH,48352.42,47721.64,521243,-1.8671105663841374,-919.9700000000012
7872,OH,2022,1,88593.58,56454.1,7872,OH,89667.68,88572.13,966732,1.2123903334756212,1074.0999999999913
7872,OH,2022,2,213173.96000000002,133165.9,7872,OH,211786.39999999997,209198.82,2283332,-0.6509050167290863,-1387.5600000000559
7872,OH,2022,3,167492.24,104984.7,7872,OH,167043.76,165002.83,1800949,-0.2677616586893706,-448.4799999999814
7872,OH,2022,4,88377.49,55553.4,7872,OH,88062.15,86986.22,949428,-0.3568103144816752,-315.34000000001106
7872,OH,2023,1,23691.04,15400.6,7872,OH,23221.03,22930.22,265493,-1.9839145938717846,-470.01000000000204
7872,OH,2023,2,40461.31,26875.0,7872,OH,40877.35,40365.42,467357,1.028241547295431,416.0400000000009
7872,OH,2023,3,66095.01000000001,42184.0,7872,OH,64169.47,63365.82,733664,-2.913291033619645,-1925.5400000000081
7872,OH,2023,4,57984.619999999995,38883.1,7872,OH,59056.16,58316.549999999996,675205,1.847972790026059,1071.5400000000081
7872,OH,2024,1,45546.94,29373.300000000003,7872,OH,45677.42,45127.76,513245,0.2864736906584634,130.47999999999593
7872,OH,2024,2,121343.65,79497.4,7872,OH,124412.30000000002,122915.12999999999,1397928,2.528892117552112,3068.6500000000233
7872,OH,2024,3,87205.9,53644.2,7872,OH,83952.98,82942.72,943310,-3.730160459326718,-3252.9199999999983
7872,OH,2024,4,60041.38,38503.4,7872,OH,59989.31,59267.41,674053,-0.08672352301029676,-52.06999999999971
8102,OH,2020,1,3481847.9699999997,3748966.364,8102,OH,3481791.0,3170128.02,31162618,-0.0016362001009406287,-56.96999999973923
8102,OH,2020,2,2355853.38,2656956.635,8102,OH,2354893.0,2138377.0,21731404,-0.040765694849816514,-960.3799999998882
8102,OH,2020,3,3838343.6100000003,3893012.0300000003,8102,OH,3823571.0,3488972.0,35352440,-0.3848693994334794,-14772.610000000335
8102,OH,2020,4,4668245.08,4775397.052,8102,OH,4668641.0,4297688.01,42225098,0.008481131414804072,395.9199999999255
8102,OH,2021,1,4957898.529999999,4990645.994000001,8102,OH,4815450.0,4436738.0,44693659,-2.873163481221939,-142448.52999999933
8102,OH,2021,2,2393321.21,2383123.054,8102,OH,2342543.0,2159001.01,22598746,-2.1216629756103638,-50778.20999999996
8102,OH,2021,3,5100988.73,4863727.899,8102,OH,5103526.0,4709662.0,46993401,0.049740748986119646,2537.269999999553
8102,OH,2021,4,2712608.38,2484726.3,8102,OH,2719876.01,2501326.01,24978623,0.2679203549463299,7267.629999999888
8102,OH,2022,1,4209568.08,3763154.501,8102,OH,4207690.0,3866615.0,40471267,-0.04461455342468471,-1878.0800000000745
8102,OH,2022,2,1525258.46,1307185.334,8102,OH,1523007.01,1412833.0,14185415,-0.1476110481629424,-2251.4499999999534
8102,OH,2022,3,4826403.88,4840430.987,8102,OH,4827486.01,4479469.0,48980495,0.022421041149997756,1082.1299999998882
8102,OH,2022,4,2420858.76,2426841.475,8102,OH,2421009.0100000002,2243384.0,23603594,0.006206475259236754,150.25000000046566
8102,OH,2023,1,3008472.41,3007565.91,8102,OH,3005586.0,2760125.0,29501842,-0.09594271133768346,-2886.410000000149
8102,OH,2023,2,2882389.99,2705103.7539999997,8102,OH,2881117.0,2647486.01,26180007,-0.044164391509013794,-1272.9900000002235
8102,OH,2023,3,4566194.26,4752189.7129999995,8102,OH,4564273.0,4200029.0,39365201,-0.04207573945835096,-1921.2599999997765
8102,OH,2023,4,4221575.35,4236833.765,8102,OH,4239723.0,3922560.0,35750225,0.429878623391156,18147.650000000373
8102,OH,2024,1,1883771.54,1941778.5929999999,8102,OH,1883276.0000000002,1737699.01,16727791,-0.026305737690452868,-495.5399999998044
8102,OH,2024,2,3809167.09,4663759.825999999,8102,OH,3809702.0100000002,3498116.0,33796784,0.014042964967451487,534.9200000003912
8102,OH,2024,3,3091985.8200000003,3360148.8940000003,8102,OH,3092544.0100000002,2832600.0,28924672,0.018052799478878077,558.1899999999441
8102,OH,2024,4,2447781.7199999997,2192706.775,8102,OH,2448217.0,2257498.0,21690525,0.01778263136960843,435.28000000026077
8102,OH,2025,1,3963774.8100000005,3774220.671,8102,OH,3960877.0,3661256.0,35980625,-0.07310733174573358,-2897.8100000005215
8102,OH,2025,2,3883085.58,3784614.666,8102,OH,3882493.01,3580928.0,34592873,-0.015260286897933833,-592.570000000298
8102,OH,2025,3,4159257.91,3745955.272,8102,OH,4122848.0,3804162.02,36815138,-0.8753943801479755,-36409.91000000015
8102,OH,2025,4,2005789.42,1944742.193,8102,OH,1992473.0,1836202.0,20976332,-0.663899204334218,-13316.419999999925
10113,PA,2020,1,0.0,247027.155,10113,PA,174319.0,155964.01,2160100,,174319.0
10113,PA,2020,2,0.0,229158.29700000002,10113,PA,164422.0,148459.0,2077807,,164422.0
10113,PA,2020,3,0.0,256578.8,10113,PA,184876.0,167638.0,2322361,,184876.0
10113,PA,2020,4,0.0,256206.1,10113,PA,179055.0,162218.0,2262725,,179055.0
10113,PA,2021,1,0.0,243566.762,10113,PA,166128.01,150012.0,2099366,,166128.01
10113,PA,2021,2,0.0,201822.878,10113,PA,146241.0,132172.0,1848051,,146241.0
10113,PA,2021,3,0.0,246645.148,10113,PA,180657.0,163703.01,2282969,,180657.0
10113,PA,2021,4,0.0,210455.543,10113,PA,153233.0,137589.0,1936412,,153233.0
10113,PA,2022,1,0.0,214710.001,10113,PA,170329.01,154689.01,2152453,,170329.01
10113,PA,2022,2,0.0,248770.266,10113,PA,181901.01,165731.0,2298689,,181901.01
10113,PA,2022,3,0.0,220287.38199999998,10113,PA,164173.0,147957.0,2074660,,164173.0
10113,PA,2022,4,0.0,254671.8,10113,PA,185652.01,169165.0,2346092,,185652.01
10113,PA,2023,1,0.0,261256.40000000002,10113,PA,183855.0,167739.01,2323381,,183855.0
10113,PA,2023,2,0.0,222095.648,10113,PA,155956.01,141742.0,1970822,,155956.01
10113,PA,2023,3,0.0,231667.102,10113,PA,164865.01,149396.01,2060079,,164865.01
10113,PA,2023,4,0.0,245432.655,10113,PA,181521.0,165178.0,2289913,,181521.0
10113,PA,2024,1,0.0,243855.27899999998,10113,PA,176993.0,160640.0,2192824,,176993.0
10113,PA,2024,2,0.0,222582.779,10113,PA,169939.0,152074.0,2101128,,169939.0
10113,PA,2024,3,0.0,222382.5,10113,PA,167087.0,149934.01,2067322,,167087.0
10113,PA,2024,4,0.0,233795.301,10113,PA,169693.0,154226.0,2108067,,169693.0
10143,PA,2020,1,250599.63,0.0,10143,PA,250870.0,218639.01,2445311,0.10788922553476847,270.36999999999534
10143,PA,2020,2,112196.9,0.0,10143,PA,112543.0,97835.0,1124882,0.30847554611580696,346.1000000000058
10143,PA,2020,3,0.0,0.0,10143,PA,0.0,0.0,0,,0.0
10143,PA,2020,4,195041.4,238324.927,10143,PA,200553.0,170738.01,2062501,2.825861586309371,5511.600000000006
10143,PA,2021,1,205899.95,235738.491,10143,PA,205932.0,176423.0,2144849,0.01556581242491237,32.04999999998836
10143,PA,2021,2,176265.2,218229.807,10143,PA,176386.0,149999.01,1770087,0.06853309672016278,120.79999999998836
10143,PA,2021,3,210089.19,251257.788,10143,PA,213733.0,179725.0,2048264,1.7344109899228979,3643.8099999999977
10143,PA,2021,4,161595.76,201016.182,10143,PA,161127.0,137479.0,1630962,-0.29008186848467393,-468.7600000000093
10143,PA,2022,1,203080.61,258105.154,10143,PA,203164.0,174035.0,2075839,0.04106251207341458,83.39000000001397
10143,PA,2022,2,175315.02,215603.484,10143,PA,175363.0,149731.0,1750911,0.027367877549801772,47.98000000001048
10143,PA,2022,3,215974.89,263372.698,10143,PA,215891.0,184198.0,2137509,-0.038842478401083555,-83.89000000001397
10143,PA,2022,4,219639.45,279413.224,10143,PA,222185.0,190278.0,2148509,1.1589675716270407,2545.5499999999884
10143,PA,2023,1,190008.55,230415.581,10143,PA,189945.0,161554.0,1843918,-0.03344586335719543,-63.54999999998836
10143,PA,2023,2,183514.58,215087.019,10143,PA,183659.0,156472.0,1728143,0.07869674442216679,144.4200000000128
10143,PA,2023,3,216933.07,258190.672,10143,PA,216472.0,185328.0,2107861,-0.21254020883031202,-461.070000000007
10143,PA,2023,4,232814.2,282854.41,10143,PA,232349.01,198973.0,2298692,-0.1998116953347357,-465.1900000000023
10143,PA,2024,1,220457.48,275900.619,10143,PA,220299.01,187816.0,2176448,-0.07188234211876193,-158.47000000000116
10143,PA,2024,2,192152.18,241669.613,10143,PA,192130.0,163070.0,1896747,-0.011542934355463995,-22.179999999993015
10143,PA,2024,3,226050.93,284103.891,10143,PA,225961.0,192744.01,2207428,-0.03978307012494619,-89.92999999999302
10143,PA,2024,4,205462.86,253717.627,10143,PA,205550.0,174675.0,2004194,0.04241155798182405,87.14000000001397
10343,PA,2020,1,39274.7,85723.469,10343,PA,47172.01,39427.0,670580,20.107881155043845,7897.310000000005
10343,PA,2020,2,0.0,0.0,10343,PA,0.0,0.0,0,,0.0
10343,PA,2020,3,2219.12,5436.989,10343,PA,2714.0,2303.01,35722,22.30073182162299,494.8800000000001
10343,PA,2020,4,0.0,0.0,10343,PA,0.0,0.0,0,,0.0
10343,PA,2021,1,0.0,0.0,10343,PA,0.0,0.0,0,,0.0
10343,PA,2021,2,0.0,0.0,10343,PA,0.0,0.0,0,,0.0
10343,PA,2021,3,641.84,1581.746,10343,PA,754.0,641.0,11186,17.474760064813655,112.15999999999997
10343,PA,2021,4,1327.35,767.587,10343,PA,1788.0,1431.0,26524,34.704486382642116,460.6500000000001
10343,PA,2022,1,14717.89,51059.632,10343,PA,18637.0,14898.0,276476,26.62820553761443,3919.1100000000006
10343,PA,2022,2,27944.8,93249.64,10343,PA,33270.0,28153.0,482069,19.056139245942003,5325.200000000001
10343,PA,2022,3,36720.7,107002.349,10343,PA,42947.0,37032.0,637110,16.955831452014813,6226.300000000003
10343,PA,2022,4,25499.74,118595.435,10343,PA,31199.0,25931.010000000002,462830,22.35026710076259,5699.259999999998
10343,PA,2023,1,48664.44,133421.419,10343,PA,58809.0,48705.009999999995,848030,20.84594007451847,10144.559999999998
10343,PA,2023,2,17701.86,50640.002,10343,PA,22036.0,17974.0,326899,24.484093761898464,4334.139999999999
10343,PA,2023,3,8120.16,22646.205,10343,PA,10606.02,8317.0,157337,30.613436188449494,2485.8600000000006
10343,PA,2023,4,28005.06,79674.947,10343,PA,35163.0,28722.0,521636,25.55945247037499,7157.939999999999
10343,PA,2024,1,14769.8,60240.238,10343,PA,20660.010000000002,15170.0,306357,39.880093163076026,5890.210000000003
10343,PA,2024,2,20466.59,134447.04,10343,PA,25570.0,20923.0,379326,24.935321418956455,5103.41
10343,PA,2024,3,9305.91,60705.456,10343,PA,11483.0,9484.0,170348,23.394702936091154,2177.09
10343,PA,2024,4,0.0,0.0,10343,PA,0.0,0.0,0,,0.0
10603,PA,2020,1,75687.12,130021.244,10603,PA,75687.0,63230.0,962178,-0.0001585474516606569,-0.11999999999534339
10603,PA,2020,2,60878.21,95510.619,10603,PA,60765.0,52454.01,749498,-0.18596144663254574,-113.20999999999913
10603,PA,2020,3,116253.0,167060.0,10603,PA,116257.0,100802.0,1430395,0.0034407714209525775,4.0
10603,PA,2020,4,85394.39,125298.083,10603,PA,85392.0,73668.0,1069303,-0.0027987787019725977,-2.389999999999418
10603,PA,2021,1,104358.8,153249.824,10603,PA,104359.0,89855.0,1282191,0.0001916465118390491,0.19999999999708962
10603,PA,2021,2,78580.47,113432.413,10603,PA,78576.0,67878.0,1012708,-0.005688436325210532,-4.470000000001164
10603,PA,2021,3,77027.77,103395.983,10603,PA,77028.0,66639.0,977352,0.00029859361110405434,0.22999999999592546
10603,PA,2021,4,9041.0,11966.699,10603,PA,9043.0,7427.0,111106,0.022121446742616967,2.0
10603,PA,2022,1,116842.73,154257.499,10603,PA,116880.0,101011.0,1445327,0.03189757719629118,37.270000000004075
10603,PA,2022,2,112935.4,147252.18,10603,PA,112922.0,97973.0,1447591,-0.011865190188368024,-13.39999999999418
10603,PA,2022,3,106390.28,139564.628,10603,PA,106390.0,91435.0,1404344,-0.0002631819372961852,-0.27999999999883585
10603,PA,2022,4,87994.96,114043.602,10603,PA,87944.0,75768.0,1085448,-0.0579124077106307,-50.9600000000064
10603,PA,2023,1,113049.0,149040.6,10603,PA,113049.01,97507.01000000001,1452607,8.845721762033553e-06,0.00999999999476131
10603,PA,2023,2,78713.73,104337.009,10603,PA,78714.01000000001,67621.0,1015110,0.00035571938976006824,0.28000000001338776
10603,PA,2023,3,113333.24,148180.016,10603,PA,113336.01000000001,98165.0,1489655,0.0024441196598668446,2.7700000000040745
10603,PA,2023,4,25419.0,33082.1,10603,PA,25419.0,21826.0,326236,0.0,0.0
10603,PA,2024,1,111875.1,141971.06,10603,PA,111875.0,96829.01,1473053,-8.938539496797837e-05,-0.10000000000582077
10603,PA,2024,2,107254.74,142696.698,10603,PA,107258.01000000001,93150.0,1431847,0.0030488163040664445,3.2700000000040745
10603,PA,2024,3,115952.0,156892.2,10603,PA,115952.0,100832.0,1545801,0.0,0.0
10603,PA,2024,4,77964.36,105025.306,10603,PA,77964.0,67016.0,1022049,-0.00046174944551662073,-0.3600000000005821
10870,PA,2020,1,1778.5,1131.051,10870,PA,2322.83,2315.95,29706,30.60612876019117,544.3299999999999
10870,PA,2020,2,8123.08,5204.9,10870,PA,2019.3999999999999,2013.3999999999999,25826,-75.13997153788956,-6103.68
10870,PA,2020,3,554.85,257.274,10870,PA,2902.3599999999997,2893.77,37125,423.08912318644667,2347.5099999999998
10870,PA,2020,4,196.14,143.665,10870,PA,2212.4300000000003,2205.88,28293,1027.9851126746205,2016.2900000000004
10870,PA,2021,1,28500.48,17990.01,10870,PA,27708.43,27570.23,330247,-2.7790760015269895,-792.0499999999993
10870,PA,2021,2,9936.36,4060.4390000000003,10870,PA,10287.11,10235.8,122607,3.529964695321023,350.75
10870,PA,2021,3,1571.92,870.226,10870,PA,1633.45,1625.31,19469,3.91432133950837,61.52999999999997
10870,PA,2021,4,51.8,48.598,10870,PA,68.01,67.67999999999999,811,31.29343629343631,16.210000000000008
10870,PA,2022,1,631.0100000000001,466.72400000000005,10870,PA,718.58,689.82,8274,13.87775154118,87.56999999999994
10870,PA,2022,2,2409.1,1140.265,10870,PA,2494.35,2394.52,28725,3.5386658918268235,85.25
10870,PA,2022,3,1485.94,1088.069,10870,PA,1511.55,1451.06,17408,1.7234881623753247,25.6099999999999
10870,PA,2022,4,14193.74,10883.076,10870,PA,14141.52,13575.58,162827,-0.3679086695965922,-52.219999999999345
10870,PA,2023,1,9065.12,6589.155,10870,PA,8954.64,8865.199999999999,105100,-1.2187373140124054,-110.48000000000138
10870,PA,2023,2,1321.5700000000002,1054.701,10870,PA,1442.2,1427.8000000000002,16926,9.12777983761737,120.62999999999988
10870,PA,2023,3,797.52,592.137,10870,PA,809.73,801.63,9504,1.5309960878724092,12.210000000000036
10870,PA,2023,4,935.48,756.319,10870,PA,1007.44,997.3799999999999,11823,7.692307692307695,71.96000000000004
10870,PA,2024,1,1821.19,1611.55,10870,PA,1408.51,1394.47,17496,-22.659909180261263,-412.68000000000006
10870,PA,2024,2,1708.9499999999998,1213.807,10870,PA,1365.68,1352.07,16964,-20.0866028848123,-343.26999999999975
10870,PA,2024,3,2425.87,1793.396,10870,PA,1576.63,1560.91,19584,-35.00764674116914,-849.2399999999998
10870,PA,2024,4,325.65999999999997,293.155,10870,PA,1267.18,1254.55,15739,289.11134311859,941.5200000000001
3096,PA,2020,1,0.0,23.041,3096,PA,5.15,-1772.74,135,,5.15
3096,PA,2020,2,8823.76,8379.805,3096,PA,17157.53,15298.41,141672,94.44692512035684,8333.769999999999
3096,PA,2020,3,76999.9,63661.763000000006,3096,PA,103100.01,97297.97,1044326,33.89629077440361,26100.11
3096,PA,2020,4,8710.83,7840.267,3096,PA,12033.310000000001,9792.35,130873,38.14194514185217,3322.4800000000014
3096,PA,2021,1,2560.31,2298.008,3096,PA,3572.7599999999998,1559.81,38907,39.54403958895602,1012.4499999999998
3096,PA,2021,2,4238.42,3822.427,3096,PA,6074.51,4529.91,64466,43.320152320912044,1836.0900000000001
3096,PA,2021,3,10574.13,8777.509,3096,PA,14431.710000000001,12698.2,147384,36.481299170711935,3857.5800000000017
3096,PA,2021,4,4655.75,4138.667,3096,PA,6569.0199999999995,4675.0599999999995,69602,41.09477527788218,1913.2699999999995
3096,PA,2022,1,0.0,0.0,3096,PA,155.71,-1798.53,2387,,155.71
3096,PA,2022,2,15363.470000000001,13048.187,3096,PA,20757.13,18445.2,237000,35.10704287507965,5393.66
3096,PA,2022,3,20611.77,17546.415,3096,PA,27231.72,25112.27,313425,32.11732907945315,6619.950000000001
3096,PA,2022,4,8650.89,6906.4,3096,PA,11602.44,9329.08,120325,34.11845486418162,2951.550000000001
3096,PA,2023,1,0.15,6.855,3096,PA,14.7,-1679.71,261,9700.0,14.549999999999999
3096,PA,2023,2,4004.8900000000003,3881.304,3096,PA,5949.02,4735.34,65477,48.54390507604454,1944.13
3096,PA,2023,3,13242.39,12127.635,3096,PA,18466.79,16788.14,204148,39.45209286239117,5224.4000000000015
3096,PA,2023,4,65033.39,55968.876000000004,3096,PA,89853.48999999999,85404.23,938031,38.16516407955973,24820.09999999999
3096,PA,2024,1,10560.06,7875.012,3096,PA,13391.09,11317.44,132202,26.80884388914458,2831.0300000000007
3096,PA,2024,2,17082.13,14978.175,3096,PA,22044.440000000002,20038.97,251843,29.04971452623298,4962.310000000001
3096,PA,2024,3,25286.72,16959.575,3096,PA,26240.68,24011.98,285583,3.772573113476161,953.9599999999991
3096,PA,2024,4,0.0,0.0,3096,PA,29.81,-1252.42,482,,29.81
3111,PA,2020,1,175.26,0.0,3111,PA,1120.65,949.1399999999999,16818,539.4214310167752,945.3900000000001
3111,PA,2020,2,574.63,0.0,3111,PA,985.81,834.94,14798,71.55560969667437,411.17999999999995
3111,PA,2020,3,2806.41,0.0,3111,PA,1092.37,925.1899999999999,16400,-61.07589411383226,-1714.04
3111,PA,2020,4,240.56,0.0,3111,PA,937.17,793.74,14070,289.5784835384103,696.6099999999999
3111,PA,2021,1,201.88,0.0,3111,PA,1258.22,1099.39,18506,523.2514364969289,1056.3400000000001
3111,PA,2021,2,402.0,0.0,3111,PA,918.82,802.83,13506,128.5621890547264,516.82
3111,PA,2021,3,1122.0,0.0,3111,PA,971.37,848.75,14283,-13.425133689839571,-150.63
3111,PA,2021,4,2525.0,0.0,3111,PA,1097.6,959.04,16135,-56.530693069306935,-1427.4
3111,PA,2022,1,1072.0,0.0,3111,PA,1144.0900000000001,1076.29,16796,6.724813432835834,72.09000000000015
3111,PA,2022,2,1013.0,0.0,3111,PA,1103.94,1038.53,16209,8.977295162882532,90.94000000000005
3111,PA,2022,3,2538.0,3150.4,3111,PA,2447.45,2302.41,35933,-3.567769897557139,-90.55000000000018
3111,PA,2022,4,2438.15,3295.8,3111,PA,2559.5,2407.8,37579,4.977134302647495,121.34999999999991
3111,PA,2023,1,1947.0,2220.8,3111,PA,1778.67,1587.07,25972,-8.645608628659472,-168.32999999999993
3111,PA,2023,2,662.34,958.5,3111,PA,767.65,684.97,11212,15.89968898148986,105.30999999999995
3111,PA,2023,3,400.0,559.0,3111,PA,447.48,399.27,6537,11.870000000000005,47.48000000000002
3111,PA,2023,4,326.08,434.9,3111,PA,348.2,310.69,5087,6.78361138370952,22.120000000000005
3111,PA,2024,1,2165.0,2755.9,3111,PA,984.31,897.84,13913,-54.53533487297921,-1180.69
3111,PA,2024,2,397.13,593.2,3111,PA,1031.7,941.06,14579,159.78898597436608,634.57
3111,PA,2024,3,307.0,437.59999999999997,3111,PA,934.62,852.51,13209,204.43648208469054,627.62
3111,PA,2024,4,1065.0,1377.9,3111,PA,1044.36,952.61,14760,-1.938028169014094,-20.6400000000001
3113,PA,2020,1,337.8,314.773,3113,PA,638.36,307.53,8538,88.9757252812315,300.56
3113,PA,2020,2,231.7,218.206,3113,PA,561.55,270.53,7513,142.36081139404402,329.84999999999997
3113,PA,2020,3,839.8,801.633,3113,PA,622.25,299.77,8323,-25.904977375565608,-217.54999999999995
3113,PA,2020,4,88.32,113.311,3113,PA,533.85,257.18,7143,504.4497282608696,445.53000000000003
3113,PA,2021,1,486.86,446.261,3113,PA,959.52,600.37,12224,97.0833504498213,472.65999999999997
3113,PA,2021,2,789.4,736.075,3113,PA,700.6800000000001,438.40999999999997,8936,-11.238915632125654,-88.71999999999991
3113,PA,2021,3,1607.98,1612.395,3113,PA,740.78,463.5,9444,-53.931019042525406,-867.2
3113,PA,2021,4,0.0,9.822,3113,PA,837.03,523.72,10669,,837.03
3113,PA,2022,1,0.0,11.838,3113,PA,2333.5299999999997,1958.94,27300,,2333.5299999999997
3113,PA,2022,2,811.48,773.426,3113,PA,1845.3400000000001,1549.12,21588,127.40424902647017,1033.8600000000001
3113,PA,2022,3,2447.39,2336.286,3113,PA,1149.68,965.12,13450,-53.024242151843396,-1297.7099999999998
3113,PA,2022,4,3903.44,3499.835,3113,PA,2539.4700000000003,2131.83,29709,-34.942768429897725,-1363.9699999999998
3113,PA,2023,1,0.0,11.595,3113,PA,162.82,-142.01999999999998,2257,,162.82
3113,PA,2023,2,0.0,13.76,3113,PA,266.06,-232.07,3683,,266.06
3113,PA,2023,3,707.9,710.952,3113,PA,285.53999999999996,-249.06,3951,-59.66379432123181,-422.36
3113,PA,2023,4,0.0,9.03,3113,PA,193.59,-168.85,2680,,193.59
3113,PA,2024,1,0.0,0.0,3113,PA,252.05,-135.26999999999998,3295,,252.05
3113,PA,2024,2,0.0,4.125,3113,PA,264.19,-141.78,3462,,264.19
3113,PA,2024,3,258.24,329.63,3113,PA,239.33,-128.44,3139,-7.322645600991325,-18.909999999999997
3113,PA,2024,4,327.37,310.225,3113,PA,267.44,-143.52,3508,-18.306503344839175,-59.93000000000001
3116,PA,2020,1,0.0,0.0,3116,PA,691.47,593.39,9686,,691.47
3116,PA,2020,2,984.13,0.0,3116,PA,608.27,521.98,8522,-38.1921087661183,-375.86
3116,PA,2020,3,511.61,0.0,3116,PA,674.01,578.4100000000001,9449,31.74292918433963,162.39999999999998
3116,PA,2020,4,625.16,0.0,3116,PA,578.26,496.24,8104,-7.5020794676562765,-46.89999999999998
3116,PA,2021,1,77.31,0.0,3116,PA,954.19,846.3199999999999,14364,1134.2387789419222,876.8800000000001
3116,PA,2021,2,805.0,0.0,3116,PA,696.78,618.02,10488,-13.443478260869568,-108.22000000000003
3116,PA,2021,3,1938.0,0.0,3116,PA,736.65,653.39,11080,-61.989164086687296,-1201.35
3116,PA,2021,4,359.0,0.0,3116,PA,832.3800000000001,738.28,12523,131.86072423398332,473.3800000000001
3116,PA,2022,1,1039.0,0.0,3116,PA,1040.8,960.29,14996,0.1732435033686193,1.7999999999999545
3116,PA,2022,2,436.0,0.0,3116,PA,503.5,464.55,7257,15.481651376146788,67.5
3116,PA,2022,3,2135.0,2587.7,3116,PA,2099.83,1937.3999999999999,30256,-1.64730679156909,-35.17000000000007
3116,PA,2022,4,986.25,1246.2,3116,PA,1009.87,931.76,14554,2.394930291508239,23.620000000000005
3116,PA,2023,1,0.0,0.0,3116,PA,72.44,33.71,1173,,72.44
3116,PA,2023,2,30.0,53.300000000000004,3116,PA,118.38,55.09,1909,294.59999999999997,88.38
3116,PA,2023,3,383.0,527.9,3116,PA,127.05,59.12,2048,-66.82767624020887,-255.95
3116,PA,2023,4,0.0,4.0,3116,PA,86.13,40.09,1391,,86.13
3116,PA,2024,1,0.0,0.0,3116,PA,224.20999999999998,64.06,3565,,224.20999999999998
3116,PA,2024,2,146.54,214.1,3116,PA,235.01,67.14,3727,60.37259451344343,88.47
3116,PA,2024,3,757.0,1047.9,3116,PA,212.9,60.83,3376,-71.87582562747689,-544.1
3116,PA,2024,4,4.0,34.4,3116,PA,237.9,67.97,3778,5847.5,233.9
3118,PA,2020,1,1907528.69,1816884.256,3118,PA,1905704.01,1750256.01,16985797,-0.09565675261219451,-1824.6799999999348
3118,PA,2020,2,1528317.19,1469089.088,3118,PA,1527535.02,1387889.0,14594721,-0.05117851223016902,-782.1699999999255
3118,PA,2020,3,2009696.08,1943697.197,3118,PA,2008391.02,1849824.02,18308365,-0.06493817711979892,-1305.0600000000559
3118,PA,2020,4,2736173.6,2620785.592,3118,PA,2734221.01,2542055.01,24615695,-0.07136206562333314,-1952.5900000003166
3118,PA,2021,1,3136449.37,3010005.88,3118,PA,3132397.0,2917230.02,29198473,-0.12920246820372272,-4052.3700000001118
3118,PA,2021,2,2017541.05,1937966.874,3118,PA,2014543.0,1863210.02,19034261,-0.14859920694055007,-2998.0500000000466
3118,PA,2021,3,1937466.0899999999,1889278.0389999999,3118,PA,1936506.0,1785482.0099999998,18451043,-0.04955389954720968,-960.089999999851
3118,PA,2021,4,782437.25,767544.394,3118,PA,781303.0,697242.02,7565361,-0.14496370156201024,-1134.25
3118,PA,2022,1,2664650.3,2546810.7520000003,3118,PA,2660717.02,2471970.0,24926034,-0.147609613163866,-3933.279999999795
3118,PA,2022,2,1157603.2000000002,1115620.1400000001,3118,PA,1157239.0,1059055.02,10932134,-0.031461557811881154,-364.20000000018626
3118,PA,2022,3,1667835.8599999999,1625588.8,3118,PA,1665436.0,1543963.0,15903898,-0.14389065840087345,-2399.8599999998696
3118,PA,2022,4,706045.79,675833.253,3118,PA,707884.0,640110.0,6671655,0.26035280233027985,1838.2099999999627
3118,PA,2023,1,664213.56,640495.972,3118,PA,666044.0,601324.01,6287781,0.27558004085311716,1830.4399999999441
3118,PA,2023,2,573500.04,568472.749,3118,PA,576688.01,521951.0,5566541,0.5558796473667155,3187.969999999972
3118,PA,2023,3,1484238.4500000002,1458810.955,3118,PA,1487647.0,1369445.0,14280119,0.22964975742272498,3408.5499999998137
3118,PA,2023,4,414365.71,401827.171,3118,PA,415273.01,366615.0,4007304,0.21896116838432128,907.2999999999884
3118,PA,2024,1,875099.47,843707.02,3118,PA,875794.0,803935.01,8248157,0.07936583483475632,694.5300000000279
3118,PA,2024,2,578828.4199999999,559235.586,3118,PA,579222.0,525140.0,5532974,0.06799597020479307,393.5800000000745
3118,PA,2024,3,1158359.21,1142337.043,3118,PA,1159832.0,1065923.0,11216269,0.12714449777630182,1472.7900000000373
3118,PA,2024,4,1291630.04,1281776.086,3118,PA,1295484.0,1191740.0,12546519,0.29837955766342833,3853.9599999999627
3118,PA,2025,1,1314375.3599999999,1269924.637,3118,PA,1317147.01,1219356.0,12444628,0.210872029737391,2771.6500000001397
3118,PA,2025,2,328903.64,326914.418,3118,PA,328701.0,295044.0,3236055,-0.06161075018811406,-202.64000000001397
3118,PA,2025,3,1640393.6600000001,1627434.597,3118,PA,1643518.01,1519316.0,15506901,0.19046342815052456,3124.3499999998603
3118,PA,2025,4,965162.5700000001,947630.282,3118,PA,963214.0,876574.0,9364514,-0.201890340608636,-1948.5700000000652
3122,PA,2020,1,1555784.29,1583723.042,3122,PA,1561212.0,1388679.0,15143705,0.34887291476634996,5427.709999999963
3122,PA,2020,2,1180760.46,1222688.126,3122,PA,1182994.0,1045164.0,11695400,0.18916114450512997,2233.5400000000373
3122,PA,2020,3,502508.45,499321.94299999997,3122,PA,501761.0,422517.02,5077209,-0.14874376739336656,-747.4500000000116
3122,PA,2020,4,173730.05,182465.883,3122,PA,173910.0,122675.01,1827565,0.10358023842162692,179.95000000001164
3122,PA,2021,1,1813156.4500000002,1751814.384,3122,PA,1816572.0,1636674.0,17453802,0.18837591207310397,3415.5499999998137
3122,PA,2021,2,1086907.3800000001,1065070.713,3122,PA,1098615.01,972128.0,10824504,1.0771506584121167,11707.629999999888
3122,PA,2021,3,1774728.45,1755363.5720000002,3122,PA,1810315.0,1609679.01,17102725,2.0051828210676423,35586.55000000005
3122,PA,2021,4,277509.80000000005,286898.541,3122,PA,289405.0,218155.0,2759471,4.286407182737313,11895.199999999953
3122,PA,2022,1,1078871.0899999999,1074933.928,3122,PA,1086104.0,954364.0,10403501,0.6704146646472982,7232.910000000149
3122,PA,2022,2,717931.8400000001,722471.987,3122,PA,729321.0,631533.0,6960294,1.5863845793494706,11389.159999999916
3122,PA,2022,3,1183276.81,1251482.135,3122,PA,1191782.0,1053889.0,11591109,0.7187827842244237,8505.189999999944
3122,PA,2022,4,770374.1200000001,784528.611,3122,PA,774980.0,669468.01,7858037,0.5978757438009324,4605.879999999888
3122,PA,2023,1,1099978.13,1148968.213,3122,PA,1101577.0,969549.0,10906262,0.14535470809770662,1598.8700000001118
3122,PA,2023,2,102693.79,110382.253,3122,PA,103046.0,55407.01,951959,0.3429710793612802,352.2100000000064
3122,PA,2023,3,0.0,0.0,3122,PA,0.0,-9058.0,0,,0.0
3130,PA,2020,1,0.0,583292.62,3130,PA,577223.01,475489.0,5535805,,577223.01
3130,PA,2020,2,0.0,375040.207,3130,PA,353679.0,281232.01,3560031,,353679.0
3130,PA,2020,3,0.0,947104.872,3130,PA,914444.01,780584.0,8653290,,914444.01
3130,PA,2020,4,0.0,805180.128,3130,PA,797709.0,676560.01,7546826,,797709.0
3130,PA,2021,1,0.0,887297.465,3130,PA,921121.0,786602.0,8498955,,921121.0
3130,PA,2021,2,0.0,530772.379,3130,PA,534219.0,442521.0,5018193,,534219.0
3130,PA,2021,3,0.0,887693.4639999999,3130,PA,904747.01,767847.01,8557816,,904747.01
3130,PA,2021,4,0.0,959377.3,3130,PA,1007906.01,861761.0,9306355,,1007906.01
3130,PA,2022,1,0.0,719742.3049999999,3130,PA,760604.01,638517.0,7206495,,760604.01
3130,PA,2022,2,0.0,748723.544,3130,PA,747922.0,629597.0,7113186,,747922.0
3130,PA,2022,3,0.0,872566.8319999999,3130,PA,861022.0,725038.01,8136212,,861022.0
3130,PA,2022,4,0.0,812605.349,3130,PA,815168.0,682925.0,7883222,,815168.0
3130,PA,2023,1,0.0,433747.974,3130,PA,437755.0,351762.01,4240150,,437755.0
3130,PA,2023,2,0.0,480156.962,3130,PA,446160.0,360251.0,4571361,,446160.0
3130,PA,2023,3,0.0,851269.382,3130,PA,833131.0,706429.0,8119038,,833131.0
3130,PA,2023,4,0.0,722112.506,3130,PA,734160.0,613311.0,7279608,,734160.0
3130,PA,2024,1,0.0,912890.375,3130,PA,959396.0,814978.01,9511749,,959396.0
3130,PA,2024,2,0.0,867451.5179999999,3130,PA,890465.0,753022.01,8749470,,890465.0
3130,PA,2024,3,0.0,455135.074,3130,PA,457544.01,379745.01,4505325,,457544.01
3130,PA,2024,4,0.0,193202.34,3130,PA,181098.0,143507.0,1846222,,181098.0
3130,PA,2025,1,0.0,834775.209,3130,PA,872469.0,752394.0,8547712,,872469.0
3130,PA,2025,2,0.0,1009399.5,3130,PA,1033434.0,894712.01,9918645,,1033434.0
3130,PA,2025,3,0.0,1008697.8,3130,PA,1012954.0,873936.0,9532367,,1012954.0
3130,PA,2025,4,0.0,661711.958,3130,PA,686217.0,577166.0,6378155,,686217.0
3131,PA,2020,1,113577.79,69341.361,3131,PA,113637.0,99810.0,1042814,0.05213167116564463,59.2100000000064
3131,PA,2020,2,127375.68,79267.482,3131,PA,128059.0,112087.0,1296695,0.5364603352853599,683.320000000007
3131,PA,2020,3,747513.6200000001,455377.26100000006,3131,PA,750306.0,692117.0,7409692,0.37355573534565,2792.3799999998882
3131,PA,2020,4,489387.86,296778.107,3131,PA,489329.0,449497.0,4857213,-0.012027270149281193,-58.85999999998603
3131,PA,2021,1,97991.84,62108.881,3131,PA,97930.0,84156.0,1022629,-0.0631072954645984,-61.83999999999651
3131,PA,2021,2,163841.08,101963.12299999999,3131,PA,163464.0,143956.0,1649657,-0.2301498500864296,-377.0799999999872
3131,PA,2021,3,196411.88999999998,123149.82,3131,PA,196965.0,170297.0,2016328,0.2816071878336974,553.1100000000151
3131,PA,2021,4,266027.89,164210.031,3131,PA,264225.0,236564.0,2688541,-0.6777071381500691,-1802.890000000014
3131,PA,2022,1,399209.06,240336.71399999998,3131,PA,396234.0,363446.0,4006507,-0.7452385975408469,-2975.0599999999977
3131,PA,2022,2,163079.41,100187.072,3131,PA,161810.0,142491.0,1638294,-0.7783999218540241,-1269.4100000000035
3131,PA,2022,3,310918.04000000004,189681.093,3131,PA,309062.0,275489.0,3110665,-0.5969547473025486,-1856.0400000000373
3131,PA,2022,4,298928.43,186310.489,3131,PA,298024.0,266709.0,3035892,-0.3025573713413585,-904.429999999993
3131,PA,2023,1,208029.48,131098.831,3131,PA,206436.0,183716.0,2121741,-0.7659875898358302,-1593.4800000000105
3131,PA,2023,2,343197.45999999996,213219.913,3131,PA,341585.0,308474.0,3455190,-0.4698344795442143,-1612.4599999999627
3131,PA,2023,3,645437.36,389350.48899999994,3131,PA,641454.0,584198.0,6506912,-0.6171567137049497,-3983.359999999986
3131,PA,2023,4,524446.44,319400.627,3131,PA,522159.0,474434.0,5301226,-0.43616274714343456,-2287.439999999944
3131,PA,2024,1,302813.47,191487.539,3131,PA,303821.0,270348.0,3166670,0.3327229795953357,1007.5300000000279
3131,PA,2024,2,460973.39,283487.332,3131,PA,457758.0,414650.0,4736799,-0.6975218244159417,-3215.390000000014
3131,PA,2024,3,705353.52,430129.708,3131,PA,690642.0,635871.0,7213233,-2.085694560650951,-14711.520000000019
3131,PA,2024,4,193020.88,118613.04,3131,PA,189860.0,171655.0,1980644,-1.637584493449623,-3160.8800000000047
3131,PA,2025,1,79201.69,48226.352,3131,PA,75948.0,68742.0,811513,-4.10810678408504,-3253.6900000000023
3131,PA,2025,2,360679.19999999995,216023.028,3131,PA,358070.0,326937.0,3481400,-0.723412938700084,-2609.1999999999534
3131,PA,2025,3,517964.99,322317.478,3131,PA,515023.0,465121.0,5336261,-0.5679901261280209,-2941.9899999999907
3131,PA,2025,4,219176.1,139247.948,3131,PA,218374.0,193571.0,2320780,-0.3659614346637274,-802.1000000000058
3132,PA,2020,1,0.0,0.0,3132,PA,370.2,157.59,6985,,370.2
3132,PA,2020,2,111.17,0.0,3132,PA,322.01,137.09,6078,189.65548259422505,210.83999999999997
3132,PA,2020,3,1130.84,0.0,3132,PA,458.10999999999996,195.01999999999998,8646,-59.48940610519614,-672.73
3132,PA,2020,4,576.38,0.0,3132,PA,350.72,149.3,6615,-39.15125438079045,-225.65999999999997
3132,PA,2021,1,323.53,0.0,3132,PA,318.28,284.58,5192,-1.6227243223194143,-5.25
3132,PA,2021,2,1524.95,0.0,3132,PA,1609.9199999999998,1439.47,26264,5.571985966752995,84.9699999999998
3132,PA,2021,3,3382.41,0.0,3132,PA,3633.05,3248.37,59270,7.410101081773066,250.64000000000033
3132,PA,2021,4,2471.52,0.0,3132,PA,2409.75,2154.59,39314,-2.4992717032433474,-61.76999999999998
3132,PA,2022,1,1650.22,0.0,3132,PA,1630.7,1527.96,23516,-1.1828725866854106,-19.519999999999982
3132,PA,2022,2,1231.24,0.0,3132,PA,1332.04,1248.12,19210,8.186868522790029,100.79999999999995
3132,PA,2022,3,4665.37,4294.289,3132,PA,5010.72,4695.02,72260,7.402413956449336,345.35000000000036
3132,PA,2022,4,4142.52,3313.715,3132,PA,3866.54,3622.9300000000003,55758,-6.662128366308441,-275.9800000000005
3132,PA,2023,1,2126.04,1798.725,3132,PA,5361.24,5171.8,76742,152.17023198058362,3235.2
3132,PA,2023,2,3557.93,3074.415,3132,PA,4761.9,4593.63,68176,33.83905810400991,1203.9699999999998
3132,PA,2023,3,1048.91,995.673,3132,PA,5943.5599999999995,5733.53,85087,466.6415612397631,4894.65
3132,PA,2023,4,12878.23,10715.99,3132,PA,4478.3099999999995,4320.06,64119,-65.22573366060398,-8399.92
3132,PA,2024,1,5602.86,4710.625,3132,PA,5601.75,5284.52,79260,-0.019811310652054,-1.1099999999996726
3132,PA,2024,2,8141.44,6969.926,3132,PA,8289.12,7819.700000000001,117284,1.8139297225061073,147.6800000000012
3132,PA,2024,3,1310.91,1240.742,3132,PA,1475.1399999999999,1391.6,20872,12.527938607532155,164.2299999999998
3132,PA,2024,4,513.57,457.369,3132,PA,543.99,513.1800000000001,7697,5.923243180092286,30.41999999999996
3136,PA,2020,1,1805434.7,1772565.46,3136,PA,1808652.0,1648618.0,16126485,0.17820085101942743,3217.3000000000466
3136,PA,2020,2,1453863.0,1531480.983,3136,PA,1466330.0,1313469.0,14460406,0.8575085823079617,12467.0
3136,PA,2020,3,2381253.0,2418590.546,3136,PA,2386396.0,2198549.0,22852067,0.21597873052548386,5143.0
3136,PA,2020,4,2290906.0,2214937.5640000002,3136,PA,2295181.0,2130744.74,22258070,0.18660739462902448,4275.0
3136,PA,2021,1,2821572.9299999997,2669882.088,3136,PA,2826377.0,2612880.0,26338809,0.1702621239706995,4804.070000000298
3136,PA,2021,2,2036780.5,1994855.148,3136,PA,2037805.0,1879473.01,19446422,0.05029997095906996,1024.5
3136,PA,2021,3,2150951.14,2163390.653,3136,PA,2155791.0,1980921.0,21086603,0.2250102250114277,4839.85999999987
3136,PA,2021,4,1066267.1400000001,1112245.396,3136,PA,1052266.0,942415.0,10841316,-1.3130987043265845,-14001.14000000013
3136,PA,2022,1,2478606.0,2400873.62,3136,PA,2480514.0,2283429.0,23455727,0.07697875337992403,1908.0
3136,PA,2022,2,1336744.35,1309079.141,3136,PA,1338935.0,1223663.0,12759291,0.16387950321240607,2190.649999999907
3136,PA,2022,3,1191994.0,1172967.9,3136,PA,1195843.0,1096323.0,11434056,0.3229043099210231,3849.0
3136,PA,2022,4,548905.36,535354.642,3136,PA,548842.0,473984.0,5218920,-0.011542973455385103,-63.35999999998603
3136,PA,2023,1,690485.37,667704.858,3136,PA,689905.0,610706.0,6508778,-0.08405246877279896,-580.3699999999953
3136,PA,2023,2,512467.0,509355.681,3136,PA,513023.0,459190.0,4964796,0.10849479088409594,556.0
3136,PA,2023,3,1786759.29,1779182.0359999998,3136,PA,1786979.0,1647336.0,17376568,0.012296564021220941,219.70999999996275
3136,PA,2023,4,83854.0,83577.197,3136,PA,84076.0,46273.0,814905,0.26474586781787396,222.0
3136,PA,2024,1,1226872.52,1180204.956,3136,PA,1227313.0,1116410.0,11503962,0.0359026706376944,440.4799999999814
3136,PA,2024,2,492090.07,463118.305,3136,PA,491587.0,336137.0,4466213,-0.1022312846101542,-503.070000000007
3136,PA,2024,3,1135308.1199999999,1109434.202,3136,PA,1138041.0,1036345.0,10801521,0.24071703107347822,2732.880000000121
3136,PA,2024,4,621964.33,570550.229,3136,PA,621434.0,553576.0,5560142,-0.0852669477042129,-530.3299999999581
3136,PA,2025,1,1578571.09,1498609.579,3136,PA,1580663.0,1446488.0,14606869,0.1325192139430297,2091.909999999916
3136,PA,2025,2,620624.12,613387.424,3136,PA,620782.0,555239.0,5980863,0.025438908175209926,157.88000000000466
3136,PA,2025,3,1740497.85,1741935.945,3136,PA,1743175.0,1609874.0,16653026,0.1538151856952829,2677.149999999907
3136,PA,2025,4,1089370.17,1083085.12,3136,PA,1091577.0,986712.0,9892273,0.20257852296433587,2206.8300000000745
3138,PA,2020,1,137764.47,86832.248,3138,PA,137912.32,129134.32,1536036,0.10732084985338079,147.85000000000582
3138,PA,2020,2,144854.97,91472.935,3138,PA,145178.88,135176.88,1583216,0.2236098630236874,323.9100000000035
3138,PA,2020,3,229172.06,145989.631,3138,PA,230251.81,215211.81,2545508,0.4711525480025794,1079.75
3138,PA,2020,4,79012.01999999999,52374.144,3138,PA,79196.0,73123.0,913216,0.23285064728127505,183.98000000001048
3138,PA,2021,1,28087.239999999998,20220.869,3138,PA,28359.3,24072.3,354239,0.9686248987084574,272.0600000000013
3138,PA,2021,2,93186.54,62256.598,3138,PA,93456.91,85722.91,1089977,0.29013846849556807,270.3700000000099
3138,PA,2021,3,93016.09,61909.357,3138,PA,93320.58,86027.58,1083077,0.3273519667403836,304.49000000000524
3138,PA,2021,4,109334.43,73040.418,3138,PA,109616.22,101806.22,1280485,0.25773217091817113,281.79000000000815
3138,PA,2022,1,79117.88,53760.699,3138,PA,79371.02,72794.02,932433,0.3199529613280834,253.13999999999942
3138,PA,2022,2,90652.31,60357.37,3138,PA,90860.67,83018.67,1072010,0.22984521850573977,208.36000000000058
3138,PA,2022,3,247288.35,158091.778,3138,PA,248295.89,231397.89,2765139,0.4074352875903811,1007.5400000000081
3138,PA,2022,4,116304.03,76254.742,3138,PA,116666.43,106945.43,1336606,0.31159711318687255,362.3999999999942
3138,PA,2023,1,69481.52,47747.902,3138,PA,69789.0,62684.0,835294,0.442534935908132,307.4799999999959
3138,PA,2023,2,240343.01,150947.61,3138,PA,240890.0,226828.0,2647143,0.2275872304337,546.9899999999907
3138,PA,2023,3,419861.0,261875.416,3138,PA,421474.0,399150.0,4593993,0.38417476260000333,1613.0
3138,PA,2023,4,221984.90000000002,140817.131,3138,PA,222482.0,209483.0,2472472,0.22393415047599033,497.0999999999767
3138,PA,2024,1,101290.39,67111.867,3138,PA,101500.0,93435.0,1185250,0.20693967117709844,209.61000000000058
3138,PA,2024,2,118423.41,75841.131,3138,PA,118665.0,110528.0,1309282,0.2040052722683771,241.5899999999965
3138,PA,2024,3,253251.9,157302.233,3138,PA,253376.0,240198.0,2761267,0.04900259386010759,124.10000000000582
3138,PA,2024,4,265561.0,163179.851,3138,PA,266053.0,251733.0,2833583,0.1852681681421594,492.0
3140,PA,2020,1,183584.13,165885.847,3140,PA,184690.01,146221.02000000002,1735722,0.6023832234300452,1105.8800000000047
3140,PA,2020,2,340874.77,199703.69900000002,3140,PA,342255.0,299984.0,3610261,0.4049082306678143,1380.2299999999814
3140,PA,2020,3,1209849.6800000002,672370.8759999999,3140,PA,1214965.0099999998,1112700.0,12170396,0.4228070713710159,5115.329999999609
3140,PA,2020,4,324876.61,304822.816,3140,PA,326130.02,281265.0,3703893,0.38581109301775607,1253.4100000000326
3140,PA,2021,1,899200.9099999999,855805.911,3140,PA,901922.99,812606.0,8735098,0.30272211357082307,2722.0800000000745
3140,PA,2021,2,488104.77,469823.476,3140,PA,489259.01,438887.01,5014774,0.23647382097904732,1154.2399999999907
3140,PA,2021,3,1174861.33,995946.0530000001,3140,PA,1180687.01,1053696.0,12047591,0.4958610732383144,5825.679999999935
3140,PA,2021,4,249752.75,179811.613,3140,PA,251398.0,213347.0,2690213,0.6587515052386811,1645.25
3140,PA,2022,1,1239084.97,1212609.977,3140,PA,1243943.99,1125618.98,12131905,0.3921458267708645,4859.020000000019
3140,PA,2022,2,451973.66000000003,307180.942,3140,PA,453589.99,394436.0,4918188,0.3576159725767997,1616.329999999958
3140,PA,2022,3,1210407.37,694257.8359999999,3140,PA,1216560.01,1093281.0,12636772,0.508311511685516,6152.639999999898
3140,PA,2022,4,1155106.3399999999,799154.3400000001,3140,PA,1160885.01,1059452.01,11452065,0.5002716892714968,5778.670000000158
3140,PA,2023,1,189841.99,140081.46000000002,3140,PA,190946.0,158808.0,1928655,0.5815415230318695,1104.0100000000093
3140,PA,2023,2,786983.34,487140.50999999995,3140,PA,791282.01,706266.0,8085403,0.5462212198799586,4298.670000000042
3140,PA,2023,3,1128242.31,673395.743,3140,PA,1135081.0,1017022.0,11650265,0.6061366374391636,6838.689999999944
3140,PA,2023,4,874797.73,534187.0970000001,3140,PA,877988.0,802797.0,8848709,0.36468658875006665,3190.2700000000186
3140,PA,2024,1,394051.41000000003,315296.003,3140,PA,396422.0,360157.0,4058113,0.6015940914917592,2370.5899999999674
3140,PA,2024,2,1271832.42,768033.052,3140,PA,1276351.01,1179587.0,13061937,0.35528186960355074,4518.590000000084
3140,PA,2024,3,1415894.04,845928.287,3140,PA,1423441.0,1317050.0,14479958,0.5330172870845591,7546.959999999963
3140,PA,2024,4,588772.74,423813.84,3140,PA,590595.0,543495.01,6064139,0.3095014215501909,1822.2600000000093
3140,PA,2025,1,1490153.27,1287841.65,3140,PA,1496664.01,1381132.0,15262966,0.43691747225438027,6510.739999999991
3140,PA,2025,2,873442.41,583096.699,3140,PA,878375.0,819275.0,8985585,0.5647298486456557,4932.589999999967
3140,PA,2025,3,1480416.65,868979.1880000001,3140,PA,1487540.0,1382688.0,15084563,0.48117197276861845,7123.350000000093
3140,PA,2025,4,648737.95,528787.458,3140,PA,649218.02,608383.0,6628419,0.07400060378771817,480.0700000000652
3148,PA,2020,1,0.0,0.0,3148,PA,26.0,-5449.0,2566,,26.0
3148,PA,2020,2,61706.56,43406.713,3148,PA,61571.0,52338.0,731418,-0.21968490870338206,-135.55999999999767
3148,PA,2020,3,362597.37,240504.94799999997,3148,PA,362303.01,326978.0,4032652,-0.0811809528568798,-294.35999999998603
3148,PA,2020,4,2194.02,2270.074,3148,PA,2418.0,282.0,43079,10.208658079689338,223.98000000000002
3148,PA,2021,1,6.550000000000001,106.332,3148,PA,658.0,658.0,12050,9945.801526717556,651.45
3148,PA,2021,2,149146.96000000002,104155.911,3148,PA,155333.0,134451.0,1865275,4.147613870239111,6186.039999999979
3148,PA,2021,3,174093.11,117471.086,3148,PA,176631.0,153622.0,2026549,1.4577773927986089,2537.890000000014
3148,PA,2021,4,80121.22,51249.91,3148,PA,81513.0,67033.0,914823,1.7370928700286874,1391.7799999999988
3148,PA,2022,1,3.9,84.115,3148,PA,1662.0,1662.0,36523,42515.38461538461,1658.1
3148,PA,2022,2,35556.76,26918.321,3148,PA,32726.0,23814.0,472799,-7.961242812899719,-2830.760000000002
3148,PA,2022,3,191735.16999999998,129191.74799999999,3148,PA,191360.01,161910.01,2167392,-0.19566571954429354,-375.1599999999744
3148,PA,2022,4,37970.35,31264.166999999998,3148,PA,37660.009999999995,28462.0,459914,-0.817321936721689,-310.3400000000038
3148,PA,2023,1,2719.13,2161.944,3148,PA,2696.0,598.0,41300,-0.8506397266772868,-23.13000000000011
3148,PA,2023,2,82297.0,58824.011999999995,3148,PA,80465.0,66132.01,984687,-2.2260835753429653,-1832.0
3148,PA,2023,3,379416.44999999995,258570.28999999998,3148,PA,377836.02,339813.01,4360178,-0.41654229804741866,-1580.4299999999348
3148,PA,2023,4,149849.14,103589.72,3148,PA,149926.0,136252.0,1719748,0.05129158565740586,76.85999999998603
3148,PA,2024,1,31680.059999999998,31558.987999999998,3148,PA,31696.0,28911.999999999996,392983,0.050315561271040296,15.940000000002328
3148,PA,2024,2,481153.97,316352.72900000005,3148,PA,481426.99999999994,453327.0,5298957,0.056744829518910495,273.02999999996973
3148,PA,2024,3,1302526.0499999998,837433.407,3148,PA,1313744.0,1245345.01,14002175,0.8612457309395224,11217.950000000186
3148,PA,2024,4,877775.56,560803.73,3148,PA,889200.01,849813.0,9274811,1.3015229086578752,11424.449999999953
3148,PA,2025,1,102974.19,87781.022,3148,PA,103541.0,95576.01000000001,1250716,0.5504389012431151,566.8099999999977
3148,PA,2025,2,644645.4,421597.52800000005,3148,PA,644748.0,614917.01,7094345,0.01591572669253154,102.59999999997672
3148,PA,2025,3,916450.3899999999,578283.4979999999,3148,PA,919533.0,873222.0,9733983,0.3363640884041855,3082.6100000001024
3148,PA,2025,4,700214.3500000001,439332.431,3148,PA,701885.0,665875.0,7398223,0.23859122567252536,1670.6499999999069
3149,PA,2020,1,0.0,0.0,3149,PA,6.0,-15789.0,1276,,6.0
3149,PA,2020,2,50953.229999999996,51354.835999999996,3149,PA,51086.0,43137.0,496047,0.26057229345422084,132.77000000000407
3149,PA,2020,3,105801.17,104549.319,3149,PA,106017.0,93178.0,1019193,0.20399585373205398,215.83000000000175
3149,PA,2020,4,49075.64,46636.54,3149,PA,49175.0,38451.01,512280,0.20246297348338319,99.36000000000058
3149,PA,2021,1,269946.99,225862.926,3149,PA,270271.0,244878.0,2596139,0.12002726905753211,324.0100000000093
3149,PA,2021,2,172082.23,142290.89,3149,PA,171000.0,156435.0,1676184,-0.6289028216335937,-1082.2300000000105
3149,PA,2021,3,875333.5700000001,790714.6799999999,3149,PA,878171.02,809438.0,8522344,0.3241564241618145,2837.4499999999534
3149,PA,2021,4,54290.08,53107.746,3149,PA,54541.0,49584.0,553184,0.46218388331717,250.91999999999825
3149,PA,2022,1,1126626.8800000001,1007004.896,3149,PA,1129253.0,1028719.0,11099568,0.23309580541872732,2626.119999999879
3149,PA,2022,2,11280.16,15034.105,3149,PA,10918.01,6919.0,165216,-3.2105041063247297,-362.14999999999964
3149,PA,2022,3,143955.55,148099.811,3149,PA,144599.0,130385.0,1426350,0.44697825127270996,643.4500000000116
3149,PA,2022,4,181701.81,171088.224,3149,PA,182003.0,159997.01,1805308,0.16576059423954134,301.1900000000023
3149,PA,2023,1,94726.96,87017.122,3149,PA,94796.0,74210.01,984848,0.07288315807874927,69.0399999999936
3149,PA,2023,2,10652.02,8486.438,3149,PA,10687.0,3409.0,204079,0.32838841834693855,34.97999999999956
3149,PA,2023,3,426218.15,364374.50800000003,3149,PA,427117.02,381472.0,4163318,0.21089435069810972,898.8699999999953
3149,PA,2023,4,108716.44,68948.776,3149,PA,109111.0,103194.0,1055615,0.3629257911682885,394.5599999999977
3149,PA,2024,1,572848.0900000001,530364.591,3149,PA,574563.01,534372.01,5312499,0.2993673244157845,1714.9199999999255
3149,PA,2024,2,491446.33999999997,286997.311,3149,PA,491725.0,468238.0,4866588,0.05670201959384469,278.6600000000326
3149,PA,2024,3,1234441.96,738930.524,3149,PA,1236950.0,1181418.0,11917892,0.2031719660598735,2508.0400000000373
3149,PA,2024,4,817721.47,454863.114,3149,PA,818540.0,777450.0,7870788,0.10009887596567912,818.5300000000279
3149,PA,2025,1,933921.78,486773.678,3149,PA,934845.01,888530.01,9050466,0.09885517393115956,923.2299999999814
3149,PA,2025,2,1306648.05,730072.2790000001,3149,PA,1308419.0,1248272.0,12671508,0.13553381876626636,1770.9499999999534
3149,PA,2025,3,1468840.06,813002.602,3149,PA,1471550.0,1407648.0,14345547,0.18449524041439502,2709.939999999944
3149,PA,2025,4,1229118.89,665929.9480000001,3149,PA,1233063.0,1172703.0,11871346,0.32088921845470153,3944.1100000001024
3161,PA,2020,1,0.0,0.0,3161,PA,46.6,45.79,779,,46.6
3161,PA,2020,2,0.0,0.0,3161,PA,41.0,40.28,686,,41.0
3161,PA,2020,3,13084.400000000001,11164.587,3161,PA,12845.429999999998,12235.64,216512,-1.8263733912139875,-238.97000000000298
3161,PA,2020,4,0.0,1.612,3161,PA,38.980000000000004,38.3,651,,38.980000000000004
3161,PA,2021,1,0.0,0.0,3161,PA,48.01,47.42,4640,,48.01
3161,PA,2021,2,0.0,0.0,3161,PA,35.06,34.62,3393,,35.06
3161,PA,2021,3,15532.619999999999,12818.29,3161,PA,14965.060000000001,14254.6,258903,-3.653987543633963,-567.5599999999977
3161,PA,2021,4,2295.66,2124.735,3161,PA,2241.8799999999997,2136.3599999999997,27145,-2.3426814075255136,-53.7800000000002
3161,PA,2022,1,0.0,11.094,3161,PA,714.47,707.35,14245,,714.47
3161,PA,2022,2,507.26,1047.907,3161,PA,969.0,944.37,31580,91.02629815084967,461.74
3161,PA,2022,3,15230.39,12007.863,3161,PA,15242.0,14529.5,225439,0.07622917075662923,11.610000000000582
3161,PA,2022,4,4064.27,5568.838,3161,PA,4207.53,4036.79,90219,3.524864243763327,143.25999999999976
3161,PA,2023,1,4942.12,6128.43,3161,PA,4250.990000000001,4048.82,84907,-13.984484391313835,-691.1299999999992
3161,PA,2023,2,444.0,723.042,3161,PA,359.85,343.56,28036,-18.952702702702698,-84.14999999999998
3161,PA,2023,3,24151.75,19642.862,3161,PA,22551.53,21478.23,369051,-6.625689649818341,-1600.2200000000012
3161,PA,2023,4,1114.22,1837.5990000000002,3161,PA,870.63,830.42,41776,-21.86193031896753,-243.59000000000003
3161,PA,2024,1,11006.75,11306.542,3161,PA,10041.480000000001,9565.990000000002,149667,-8.769800349785346,-965.2699999999986
3161,PA,2024,2,13712.14,12398.853,3161,PA,12500.01,11906.49,266858,-8.839830981889035,-1212.1299999999992
3161,PA,2024,3,42635.43,34212.91,3161,PA,41051.83,39098.37,612616,-3.714281760498249,-1583.5999999999985
3161,PA,2024,4,201.67000000000002,646.772,3161,PA,205.68,198.16,14614,1.9883968860018797,4.009999999999991
3168,PA,2020,1,0.0,0.0,3168,PA,71.53999999999999,70.72,1485,,71.53999999999999
3168,PA,2020,2,50.31,0.0,3168,PA,62.92,62.209999999999994,1311,25.06459948320413,12.61
3168,PA,2020,3,159.8,0.0,3168,PA,69.72,68.93,1451,-56.370463078848566,-90.08000000000001
3168,PA,2020,4,0.0,0.0,3168,PA,59.82,59.14,1235,,59.82
3168,PA,2021,1,0.0,0.0,3168,PA,6.15,6.08,87,,6.15
3168,PA,2021,2,0.0,0.0,3168,PA,6.15,6.08,87,,6.15
3168,PA,2021,3,677.74,0.0,3168,PA,666.0799999999999,658.32,9163,-1.7204237613244138,-11.660000000000082
3168,PA,2021,4,0.0,0.0,3168,PA,7.61,7.53,104,,7.61
3168,PA,2022,1,0.0,0.0,3168,PA,4.83,4.69,58,,4.83
3168,PA,2022,2,517.29,0.0,3168,PA,567.94,551.4200000000001,7063,9.791412940516944,50.65000000000009
3168,PA,2022,3,1601.02,1763.1,3168,PA,1751.65,1700.69,21782,9.408377159560786,150.6300000000001
3168,PA,2022,4,4531.83,5030.9,3168,PA,5000.59,4855.19,62171,10.343724279154342,468.7600000000002
3168,PA,2023,1,0.0,7.6,3168,PA,7.4,7.18,91,,7.4
3168,PA,2023,2,675.75,699.7,3168,PA,680.08,660.19,8454,0.6407695153533172,4.330000000000041
3168,PA,2023,3,150.75,172.5,3168,PA,167.51999999999998,162.62,2087,11.124378109452724,16.769999999999982
3168,PA,2023,4,0.0,0.0,3168,PA,0.0,0.0,0,,0.0
3168,PA,2024,1,10.57,26.9,3168,PA,25.16,24.47,327,138.0321665089877,14.59
3168,PA,2024,2,12.02,21.9,3168,PA,20.4,19.84,269,69.71713810316139,8.379999999999999
3168,PA,2024,3,204.3,225.6,3168,PA,210.44,204.68,2750,3.005384238864408,6.139999999999986
3168,PA,2024,4,0.0,0.0,3168,PA,0.0,0.0,0,,0.0
3176,PA,2020,1,8013.23,3776.933,3176,PA,7831.0,6679.0,63549,-2.2741141836687526,-182.22999999999956
3176,PA,2020,2,27213.559999999998,12743.006000000001,3176,PA,26603.0,25655.0,214415,-2.2435873880521244,-610.5599999999977
3176,PA,2020,3,170100.14,79978.984,3176,PA,166577.0,162547.0,1345792,-2.0712152265130492,-3523.140000000014
3176,PA,2020,4,57663.259999999995,26862.832,3176,PA,56401.0,55610.0,452359,-2.189019490053103,-1262.2599999999948
3176,PA,2021,1,37596.86,17567.870000000003,3176,PA,31183.0,29722.0,295422,-17.05956295286362,-6413.860000000001
3176,PA,2021,2,27861.83,13143.254,3176,PA,27354.0,26242.0,221143,-1.822672810795277,-507.83000000000175
3176,PA,2021,3,121066.01999999999,56773.009999999995,3176,PA,118491.0,115265.0,955276,-2.126955193538195,-2575.0199999999895
3176,PA,2021,4,137043.52,63882.886,3176,PA,134283.0,132116.0,1074884,-2.0143382189832764,-2760.5199999999895
3176,PA,2022,1,146539.69,67989.413,3176,PA,143626.0,141747.0,1229076,-1.9883282133325124,-2913.6900000000023
3176,PA,2022,2,158711.15000000002,73921.188,3176,PA,155593.0,152838.0,1351281,-1.9646697790294019,-3118.1500000000233
3176,PA,2022,3,180568.19,84173.73999999999,3176,PA,176844.0,172915.0,1533005,-2.062483984582225,-3724.1900000000023
3176,PA,2022,4,191067.9,87965.687,3176,PA,187289.0,184905.0,1551587,-1.977778580284807,-3778.899999999994
3176,PA,2023,1,73743.93,33921.964,3176,PA,72166.0,70482.0,575357,-2.1397422133591104,-1577.929999999993
3176,PA,2023,2,174227.5,80445.048,3176,PA,170953.0,168165.0,1380698,-1.8794392389261168,-3274.5
3176,PA,2023,3,157610.75,73454.917,3176,PA,154407.0,150707.0,1308624,-2.0326976427686563,-3203.75
3176,PA,2023,4,220064.68,101038.43400000001,3176,PA,216224.0,213669.0,1738804,-1.7452505327070174,-3840.679999999993
3176,PA,2024,1,170534.57,78964.62,3176,PA,167152.0,164784.0,1356693,-1.9835098537498919,-3382.570000000007
3176,PA,2024,2,203795.31,94819.008,3176,PA,200150.0,196932.0,1670810,-1.7887114281481735,-3645.3099999999977
3176,PA,2024,3,210219.88,98450.512,3176,PA,206469.0,201952.0,1746767,-1.7842651227847741,-3750.8800000000047
3176,PA,2024,4,70297.34,32928.1,3176,PA,69011.0,67207.0,576860,-1.8298558665235363,-1286.3399999999965
50279,PA,2020,1,2374.0,1563.775,50279,PA,53402.0,46685.0,643324,2149.4524010109517,51028.0
50279,PA,2020,2,6876.0,4185.625,50279,PA,55514.0,49367.01,660917,707.3589296102385,48638.0
50279,PA,2020,3,22481.75,13520.35,50279,PA,72773.01,65629.0,823443,223.69815517030477,50291.259999999995
50279,PA,2020,4,0.0,0.0,50279,PA,21221.0,16077.0,255468,,21221.0
50279,PA,2021,1,0.0,0.0,50279,PA,41490.0,34421.0,484404,,41490.0
50279,PA,2021,2,20842.25,12405.45,50279,PA,58455.01,52658.0,652227,180.46400940397513,37612.76
50279,PA,2021,3,20182.5,11985.875,50279,PA,57380.0,51046.0,648552,184.30571039266692,37197.5
50279,PA,2021,4,15940.5,9483.725,50279,PA,34066.009999999995,29943.010000000002,376910,113.70728647156609,18125.509999999995
50279,PA,2022,1,6948.5,4124.95,50279,PA,32860.0,28473.0,407184,372.90782183205005,25911.5
50279,PA,2022,2,16006.25,9476.975,50279,PA,43828.01,39581.0,505830,173.8181023037876,27821.760000000002
50279,PA,2022,3,26256.0,15586.1,50279,PA,55204.01,51301.0,658676,110.25293266301037,28948.010000000002
50279,PA,2022,4,13241.5,7977.425,50279,PA,38330.0,34084.0,466562,189.46871577993429,25088.5
50279,PA,2023,1,10930.75,6532.95,50279,PA,34395.01,29855.0,438348,214.66285479038496,23464.260000000002
50279,PA,2023,2,24837.5,14759.65,50279,PA,25009.0,24723.010000000002,253176,0.6904881731253145,171.5
50279,PA,2023,3,21212.5,12597.95,50279,PA,25849.0,24896.0,274090,21.857395403653506,4636.5
50279,PA,2023,4,30571.75,18163.375,50279,PA,33869.0,32568.01,352623,10.78528379958622,3297.25
50279,PA,2024,1,11540.25,6892.775,50279,PA,23314.0,21315.01,272622,102.0233530469444,11773.75
50279,PA,2024,2,30254.75,18212.8,50279,PA,38035.0,34992.0,404476,25.71579669308125,7780.25
50279,PA,2024,3,20929.75,11175.325,50279,PA,28253.0,25124.0,297032,34.98966781734135,7323.25
50279,PA,2024,4,17038.25,9544.825,50279,PA,20501.0,19085.010000000002,209212,20.323390019514914,3462.75
50279,PA,2025,1,13427.5,7601.45,50279,PA,15994.0,14685.0,165679,19.113759076522065,2566.5
50279,PA,2025,2,18140.5,10387.1,50279,PA,19245.0,18684.0,193462,6.088586312394917,1104.5
50279,PA,2025,3,20443.25,11633.0,50279,PA,20271.0,20041.0,197572,-0.8425764005234001,-172.25
50279,PA,2025,4,15278.25,8833.4,50279,PA,12630.0,12067.0,126661,-17.333464238378085,-2648.25
50397,PA,2020,1,0.0,0.0,50397,PA,114920.01,110357.68000000001,622392,,114920.01
50397,PA,2020,2,0.0,0.0,50397,PA,92987.01,89295.44,503608,,92987.01
50397,PA,2020,3,0.0,0.0,50397,PA,108802.99,104483.52,589261,,108802.99
50397,PA,2020,4,0.0,0.0,50397,PA,111363.0,106941.91,603126,,111363.0
50397,PA,2021,1,0.0,0.0,50397,PA,113089.01,108599.37,612477,,113089.01
50397,PA,2021,2,0.0,0.0,50397,PA,105051.01,100880.48999999999,568943,,105051.01
50397,PA,2021,3,0.0,0.0,50397,PA,119960.0,115197.59,649689,,119960.0
50397,PA,2021,4,0.0,0.0,50397,PA,122823.02,117946.93000000001,665194,,122823.02
50397,PA,2022,1,0.0,0.0,50397,PA,122867.02,117989.2,665431,,122867.02
50397,PA,2022,2,0.0,0.0,50397,PA,110983.0,106576.96,601070,,110983.0
50397,PA,2022,3,0.0,106829.55,50397,PA,122504.01,117640.61,663466,,122504.01
50397,PA,2022,4,0.0,148193.425,50397,PA,115056.02,110488.3,623127,,115056.02
50397,PA,2023,1,0.0,163859.875,50397,PA,111493.01,107066.72,603830,,111493.01
50397,PA,2023,2,0.0,110755.325,50397,PA,98285.02,94383.1,532299,,98285.02
50397,PA,2023,3,0.0,114714.5,50397,PA,110391.0,106008.49,597865,,110391.0
50397,PA,2023,4,0.0,95109.85,50397,PA,107360.01,103097.81,581447,,107360.01
50397,PA,2024,1,0.0,107313.625,50397,PA,111041.0,106632.69,601384,,111041.0
50397,PA,2024,2,0.0,87507.375,50397,PA,83872.01,80542.28,454241,,83872.01
50397,PA,2024,3,0.0,92734.275,50397,PA,103319.99,99218.2,559569,,103319.99
50397,PA,2024,4,0.0,118596.3,50397,PA,113104.0,108613.78,612558,,113104.0
50397,PA,2025,1,0.0,134056.075,50397,PA,118153.0,113462.34,639901,,118153.0
50397,PA,2025,2,0.0,91549.05,50397,PA,97141.01,93284.54,526105,,97141.01
50397,PA,2025,3,0.0,44481.2,50397,PA,100174.01000000001,96197.09,542530,,100174.01000000001
50397,PA,2025,4,0.0,90376.1,50397,PA,96659.01,92821.65,523494,,96659.01
50410,PA,2020,3,0.0,0.0,50410,PA,34801.0,32371.0,136484,,34801.0
50463,PA,2020,2,145419.38,0.0,50463,PA,199934.94,194853.99000000002,1196803,37.48851081609617,54515.56
50463,PA,2020,3,230312.08000000002,0.0,50463,PA,294962.48,287466.58999999997,1765636,28.07078117656701,64650.399999999965
50463,PA,2021,2,151310.11,0.0,50463,PA,200095.05,194875.51,1197763,32.241692243829576,48784.94
50463,PA,2021,3,223827.97,0.0,50463,PA,241603.47999999998,235301.17,1446230,7.941594609467254,17775.50999999998
50463,PA,2022,2,150482.31,0.0,50463,PA,187293.18,182782.31,1121130,24.461925125950017,36810.869999999995
50463,PA,2022,3,218474.47,0.0,50463,PA,245591.16,239676.21,1470100,12.411834664251618,27116.690000000002
50463,PA,2023,2,154021.01,0.0,50463,PA,201331.89,196363.62,1205166,30.717159951100182,47310.880000000005
50463,PA,2023,3,199008.81,0.0,50463,PA,251398.94999999998,245195.16999999998,1504865,26.32553805030038,52390.139999999985
50463,PA,2024,2,64556.37,0.0,50463,PA,148949.95,148909.0,891611,130.7285090534056,84393.58000000002
50463,PA,2024,3,119701.39,0.0,50463,PA,171957.33000000002,171910.06,1029331,43.655249116154806,52255.94000000002
50611,PA,2020,1,61878.64,129972.578,50611,PA,61903.0,54828.0,893123,0.03936738105427104,24.360000000000582
50611,PA,2020,2,58012.64,119049.82,50611,PA,58034.0,51312.0,821248,0.0368195620816439,21.360000000000582
50611,PA,2020,3,50852.04,101779.896,50611,PA,50917.0,45513.0,732812,0.12774315445358558,64.95999999999913
50611,PA,2020,4,43846.18,89542.471,50611,PA,43870.009999999995,39156.01,609535,0.05434909038824926,23.82999999999447
50611,PA,2021,1,38170.87,78507.598,50611,PA,38240.0,33394.0,567789,0.18110669209268057,69.12999999999738
50611,PA,2021,2,37643.33,76045.881,50611,PA,37716.0,33175.01,509802,0.193048808381188,72.66999999999825
50611,PA,2021,3,55587.0,112655.3,50611,PA,55587.01,49656.009999999995,729332,1.798981776681107e-05,0.010000000002037268
50611,PA,2021,4,34543.99,72295.318,50611,PA,34629.01,30448.0,472113,0.24612096054915508,85.02000000000407
50611,PA,2022,1,53783.11,115152.777,50611,PA,53806.009999999995,47492.0,722459,0.04257842285430162,22.89999999999418
50611,PA,2022,2,59888.58,128243.674,50611,PA,59919.0,52559.0,808909,0.05079432506163655,30.419999999998254
50611,PA,2022,3,50097.11,104786.76,50611,PA,50140.0,44012.0,716007,0.0856137210310124,42.88999999999942
50611,PA,2022,4,33762.55,75522.563,50611,PA,33824.0,29245.019999999997,549990,0.18200639465916255,61.44999999999709
50611,PA,2023,1,50486.33,109676.51,50611,PA,50517.0,43621.0,792064,0.06074911763243289,30.669999999998254
50611,PA,2023,2,38382.44,80313.003,50611,PA,38420.0,33508.01,545120,0.09785724930462386,37.55999999999767
50611,PA,2023,3,53913.05,116873.164,50611,PA,53943.0,47605.0,768680,0.055552412634783395,29.94999999999709
50611,PA,2023,4,37020.03,79391.083,50611,PA,37072.0,31573.0,522713,0.1403834626822322,51.970000000001164
50611,PA,2024,1,38199.56,81512.861,50611,PA,38222.0,33615.0,540276,0.05874413213137097,22.44000000000233
50611,PA,2024,2,52815.41,109933.107,50611,PA,52833.0,46295.0,742365,0.03330467376850148,17.589999999996508
50611,PA,2024,3,41882.72,88146.955,50611,PA,41912.01,37002.009999999995,585818,0.06993337586479788,29.290000000000873
50611,PA,2024,4,34192.6,72139.738,50611,PA,34213.0,30043.010000000002,476642,0.059662032135612546,20.400000000001455
50729,PA,2020,2,0.0,0.0,50729,PA,24604.0,24604.0,107626,,24604.0
50729,PA,2020,3,0.0,0.0,50729,PA,16852.0,16852.0,73717,,16852.0
50729,PA,2021,2,0.0,0.0,50729,PA,24604.01,24604.01,107627,,24604.01
50729,PA,2021,3,0.0,0.0,50729,PA,16852.0,16852.0,73716,,16852.0
50729,PA,2022,2,0.0,0.0,50729,PA,28537.0,28537.0,124831,,28537.0
50729,PA,2022,3,0.0,0.0,50729,PA,37921.01,37921.01,165881,,37921.01
50729,PA,2023,2,0.0,0.0,50729,PA,24247.0,24247.0,106065,,24247.0
50729,PA,2023,3,0.0,0.0,50729,PA,38236.0,38236.0,167259,,38236.0
50729,PA,2024,2,0.0,0.0,50729,PA,31851.0,31851.0,139328,,31851.0
50729,PA,2024,3,0.0,0.0,50729,PA,24317.0,24317.0,106371,,24317.0
50732,PA,2020,1,0.0,0.0,50732,PA,119059.0,117696.0,520806,,119059.0
50732,PA,2020,2,0.0,0.0,50732,PA,112893.0,112157.01,493835,,112893.0
50732,PA,2020,3,0.0,0.0,50732,PA,110688.0,109684.0,484189,,110688.0
50732,PA,2020,4,0.0,0.0,50732,PA,127499.0,126623.0,557727,,127499.0
50732,PA,2021,1,0.0,0.0,50732,PA,126129.01,125231.01000000001,551733,,126129.01
50732,PA,2021,2,0.0,0.0,50732,PA,89464.01,88095.0,391348,,89464.01
50732,PA,2021,3,0.0,0.0,50732,PA,125321.0,124284.01000000001,548198,,125321.0
50732,PA,2021,4,0.0,0.0,50732,PA,113622.0,112883.0,497024,,113622.0
50732,PA,2022,1,0.0,0.0,50732,PA,129791.01,128099.01000000001,567753,,129791.01
50732,PA,2022,2,0.0,0.0,50732,PA,117898.0,116078.0,515729,,117898.0
50732,PA,2022,3,0.0,0.0,50732,PA,97983.01,97129.01,428613,,97983.01
50732,PA,2022,4,0.0,0.0,50732,PA,75049.0,74898.0,328292,,75049.0
50732,PA,2023,1,0.0,0.0,50732,PA,106138.0,104920.01,464286,,106138.0
50732,PA,2023,2,0.0,0.0,50732,PA,131056.01,130186.0,573287,,131056.01
50732,PA,2023,3,0.0,0.0,50732,PA,118410.01000000001,117513.0,517967,,118410.01000000001
50732,PA,2023,4,0.0,0.0,50732,PA,121960.01,121081.0,533496,,121960.01
50732,PA,2024,1,0.0,0.0,50732,PA,126909.0,126034.0,555146,,126909.0
50732,PA,2024,2,0.0,0.0,50732,PA,93277.01,92145.0,408027,,93277.01
50732,PA,2024,3,0.0,0.0,50732,PA,89045.01,88466.0,389515,,89045.01
50732,PA,2024,4,0.0,0.0,50732,PA,125104.0,124071.0,547249,,125104.0
50776,PA,2020,1,0.0,0.0,50776,PA,66126.0,57714.0,789395,,66126.0
50776,PA,2020,2,0.0,0.0,50776,PA,0.0,0.0,0,,0.0
50776,PA,2020,3,0.0,0.0,50776,PA,2427.0,2069.0,29403,,2427.0
50776,PA,2020,4,0.0,0.0,50776,PA,368.0,360.0,5924,,368.0
50776,PA,2021,1,0.0,0.0,50776,PA,27253.0,23774.0,334226,,27253.0
50776,PA,2021,2,0.0,0.0,50776,PA,4327.0,3661.0,57127,,4327.0
50776,PA,2021,3,0.0,0.0,50776,PA,24802.0,21444.010000000002,317508,,24802.0
50776,PA,2021,4,0.0,0.0,50776,PA,90402.0,78348.0,1090409,,90402.0
50776,PA,2022,1,0.0,0.0,50776,PA,158981.0,137721.0,1697895,,158981.0
50776,PA,2022,2,0.0,0.0,50776,PA,140724.0,125835.0,1634070,,140724.0
50776,PA,2022,3,0.0,0.0,50776,PA,133540.0,116873.0,1406528,,133540.0
50776,PA,2022,4,0.0,0.0,50776,PA,146327.0,127974.01000000001,1671141,,146327.0
50776,PA,2023,1,0.0,0.0,50776,PA,160503.0,140852.01,1953892,,160503.0
50776,PA,2023,2,0.0,0.0,50776,PA,134768.0,118092.0,1713307,,134768.0
50776,PA,2023,3,0.0,0.0,50776,PA,143784.01,125740.0,1749466,,143784.01
50776,PA,2023,4,0.0,0.0,50776,PA,105901.01000000001,91806.0,1306608,,105901.01000000001
50776,PA,2024,1,0.0,0.0,50776,PA,149633.0,130384.01,1765001,,149633.0
50776,PA,2024,2,0.0,0.0,50776,PA,110344.0,94896.0,1326914,,110344.0
50776,PA,2024,3,0.0,0.0,50776,PA,118879.0,102774.0,1325694,,118879.0
50776,PA,2024,4,0.0,0.0,50776,PA,137295.01,118635.0,1517976,,137295.01
50879,PA,2020,1,0.0,97675.364,50879,PA,59602.009999999995,50671.0,917544,,59602.009999999995
50879,PA,2020,2,0.0,0.0,50879,PA,0.0,0.0,0,,0.0
50879,PA,2020,3,0.0,0.0,50879,PA,0.0,0.0,0,,0.0
50879,PA,2020,4,0.0,0.0,50879,PA,0.0,0.0,0,,0.0
50888,PA,2020,1,0.0,0.0,50888,PA,0.0,0.0,0,,0.0
50888,PA,2020,2,0.0,0.0,50888,PA,0.0,0.0,0,,0.0
50888,PA,2020,3,5344.0,6978.135,50888,PA,5341.0,4708.0,52413,-0.0561377245508982,-3.0
50888,PA,2020,4,5388.0,6909.695,50888,PA,5387.0,4739.0,55187,-0.01855976243504083,-1.0
50888,PA,2021,1,29432.0,37106.969,50888,PA,0.0,0.0,0,-100.0,-29432.0
50888,PA,2021,2,6311.0,8057.173,50888,PA,6208.0,5499.0,72808,-1.632070987165267,-103.0
50888,PA,2021,3,12836.88,16306.631,50888,PA,7817.99,7031.009999999999,89188,-39.09742865867719,-5018.889999999999
50888,PA,2021,4,56331.0,71041.398,50888,PA,56304.01,49524.99,583250,-0.047913227175086476,-26.989999999997963
50888,PA,2022,1,180300.0,223460.8,50888,PA,180558.01,159510.0,1774983,0.14310038824182436,258.0100000000093
50888,PA,2022,2,95630.0,117721.5,50888,PA,95589.0,83704.99,1046480,-0.04287357523789606,-41.0
50888,PA,2022,3,139565.0,176445.5,50888,PA,139377.01,121982.0,1536076,-0.1346970945437543,-187.9899999999907
50888,PA,2022,4,74287.0,84093.6,50888,PA,74263.0,62703.0,780542,-0.03230713314577248,-24.0
50888,PA,2023,1,149627.0,170101.6,50888,PA,149625.0,130793.0,1554441,-0.001336657154123253,-2.0
50888,PA,2023,2,79112.0,88732.4,50888,PA,79055.0,68372.01,840005,-0.07204975224997472,-57.0
50888,PA,2023,3,186216.0,215388.5,50888,PA,186360.01,163691.01,1933894,0.07733492288525654,144.0100000000093
50888,PA,2023,4,166255.0,189514.5,50888,PA,166260.0,146052.0,1711929,0.0030074283480196083,5.0
50888,PA,2024,1,183243.0,209192.6,50888,PA,183194.0,161272.01,1880331,-0.026740448475521574,-49.0
50888,PA,2024,2,103926.0,119468.9,50888,PA,103902.0,88783.01000000001,1074051,-0.02309335488713123,-24.0
50888,PA,2024,3,118572.0,142157.4,50888,PA,118824.02,103286.01000000001,1251945,0.21254596363391365,252.02000000000407
50888,PA,2024,4,162329.0,192691.4,50888,PA,161248.0,141215.0,1660673,-0.66593153410666,-1081.0
50888,PA,2025,1,151170.0,178559.3,50888,PA,150996.0,134311.01,1624270,-0.11510220281801946,-174.0
50888,PA,2025,2,200823.0,241089.3,50888,PA,200499.01,177848.00999999998,2255621,-0.161331122431191,-323.9899999999907
50888,PA,2025,3,166777.0,202591.8,50888,PA,166723.99,146442.03,1769119,-0.031784958357572876,-53.01000000000931
50888,PA,2025,4,134661.0,158645.2,50888,PA,128736.01,112587.02,1394846,-4.3999301950824705,-5924.990000000005
50974,PA,2020,1,0.0,0.0,50974,PA,0.0,0.0,0,,0.0
50974,PA,2020,2,0.0,0.0,50974,PA,0.0,0.0,0,,0.0
50974,PA,2020,3,0.0,11528.56,50974,PA,7498.009999999999,5577.0,150475,,7498.009999999999
50974,PA,2020,4,0.0,1144.312,50974,PA,542.01,316.0,12026,,542.01
50974,PA,2021,1,0.0,115877.847,50974,PA,78267.0,66901.01,881052,,78267.0
50974,PA,2021,2,0.0,122264.844,50974,PA,81197.0,70552.01000000001,1026169,,81197.0
50974,PA,2021,3,0.0,114028.53099999999,50974,PA,80907.0,72282.01000000001,1036113,,80907.0
50974,PA,2021,4,0.0,142752.201,50974,PA,101615.01000000001,95644.0,1177012,,101615.01000000001
50974,PA,2022,1,0.0,148187.402,50974,PA,110083.0,90297.01,1224131,,110083.0
50974,PA,2022,2,0.0,168865.964,50974,PA,130332.0,109050.01000000001,1444903,,130332.0
50974,PA,2022,3,0.0,167795.993,50974,PA,124612.0,104637.0,1425169,,124612.0
50974,PA,2022,4,0.0,128290.947,50974,PA,91240.0,72834.01999999999,975380,,91240.0
50974,PA,2023,1,0.0,151590.92200000002,50974,PA,113156.0,93869.0,1473540,,113156.0
50974,PA,2023,2,0.0,35297.594,50974,PA,21771.0,15255.0,316009,,21771.0
50974,PA,2023,3,0.0,130994.525,50974,PA,88792.0,73178.0,1146433,,88792.0
50974,PA,2023,4,0.0,175473.092,50974,PA,126898.0,105344.0,1467096,,126898.0
50974,PA,2024,1,0.0,114208.301,50974,PA,82410.0,65351.0,798509,,82410.0
50974,PA,2024,2,0.0,0.0,50974,PA,0.0,0.0,0,,0.0
50974,PA,2024,3,0.0,0.0,50974,PA,0.0,0.0,0,,0.0
50974,PA,2024,4,0.0,130.372,50974,PA,47.0,47.0,1153,,47.0
52149,PA,2020,1,74036.16,0.0,52149,PA,71239.58,69814.78,337596,-3.7773163816167687,-2796.5800000000017
52149,PA,2020,2,67193.07,0.0,52149,PA,61849.39,60612.420000000006,293097,-7.952724886658709,-5343.680000000008
52149,PA,2020,3,78147.40999999999,0.0,52149,PA,91241.3,89416.47,432382,16.75537295477869,13093.890000000014
52149,PA,2020,4,70915.08,0.0,52149,PA,68795.73999999999,67419.81,326016,-2.9885604021034893,-2119.340000000011
52149,PA,2021,1,80167.16,0.0,52149,PA,78724.2,77149.73,373065,-1.799939027402251,-1442.9600000000064
52149,PA,2021,2,67797.51999999999,0.0,52149,PA,69598.99,68207.01,329823,2.6571325912806487,1801.4700000000157
52149,PA,2021,3,80353.12,0.0,52149,PA,80169.79,78566.40000000001,379916,-0.22815542196743793,-183.33000000000175
52149,PA,2021,4,70967.70999999999,0.0,52149,PA,70752.01000000001,69336.95999999999,335288,-0.30394104586435516,-215.69999999998254
52149,PA,2022,1,78989.45,0.0,52149,PA,78035.76000000001,76475.04,369802,-1.2073637681994087,-953.6899999999878
52149,PA,2022,2,64369.270000000004,0.0,52149,PA,64967.58,63668.24,307876,0.9294963264302946,598.3099999999977
52149,PA,2022,3,83779.26000000001,0.0,52149,PA,84763.35,83068.1,401683,1.1746224542923827,984.0899999999965
52149,PA,2022,4,74343.0,0.0,52149,PA,73863.29,72386.02,350030,-0.6452658622869758,-479.7100000000064
52149,PA,2023,1,74195.01999999999,0.0,52149,PA,73358.87,71891.72,347640,-1.1269624295538896,-836.1499999999942
52149,PA,2023,2,69155.46,0.0,52149,PA,69029.09999999999,67648.53,327121,-0.18271876146874755,-126.36000000001513
52149,PA,2023,3,77569.34000000001,0.0,52149,PA,78020.33,76459.93,369729,0.5814023942964973,450.9899999999907
52149,PA,2023,4,69032.42,0.0,52149,PA,69481.67,68092.04000000001,329266,0.6507811836815225,449.25
52149,PA,2024,1,77658.92,0.0,52149,PA,74517.82,73027.44,353133,-4.044738196204623,-3141.0999999999913
52149,PA,2024,2,66248.14,0.0,52149,PA,66934.73999999999,65596.05,317195,1.0364064560906785,686.5999999999913
52149,PA,2024,3,75459.67,0.0,52149,PA,74020.73,72540.31999999999,350775,-1.9068994073257972,-1438.9400000000023
52149,PA,2024,4,60980.99,0.0,52149,PA,62103.73,60861.64,294304,1.8411311459522146,1122.7400000000052
54634,PA,2020,1,0.0,334839.563,54634,PA,197205.0,169636.0,2587937,,197205.0
54634,PA,2020,2,0.0,326289.824,54634,PA,196748.0,169333.0,2525021,,196748.0
54634,PA,2020,3,0.0,309459.783,54634,PA,193876.0,166971.01,2544249,,193876.0
54634,PA,2020,4,0.0,286131.051,54634,PA,173421.0,149254.01,2275816,,173421.0
54634,PA,2021,1,0.0,327750.362,54634,PA,200494.0,172869.0,2631099,,200494.0
54634,PA,2021,2,0.0,287272.498,54634,PA,182076.0,157772.0,2389397,,182076.0
54634,PA,2021,3,0.0,328312.295,54634,PA,202682.0,175733.0,2659811,,202682.0
54634,PA,2021,4,0.0,306484.912,54634,PA,176823.0,153318.01,2278437,,176823.0
54634,PA,2022,1,0.0,302633.921,54634,PA,173017.0,148886.01,2270516,,173017.0
54634,PA,2022,2,0.0,331686.349,54634,PA,197546.0,170494.0,2592412,,197546.0
54634,PA,2022,3,0.0,279904.595,54634,PA,166561.0,143295.0,2177044,,166561.0
54634,PA,2022,4,0.0,330659.688,54634,PA,195289.0,168643.01,2562792,,195289.0
54634,PA,2023,1,0.0,334398.888,54634,PA,193830.0,166644.0,2517800,,193830.0
54634,PA,2023,2,0.0,322410.482,54634,PA,194414.0,168086.0,2451128,,194414.0
54634,PA,2023,3,0.0,266831.386,54634,PA,167378.0,144297.0,2196515,,167378.0
54634,PA,2023,4,0.0,319673.666,54634,PA,195715.0,168067.01,2568383,,195715.0
54634,PA,2024,1,0.0,321716.982,54634,PA,192632.0,164678.0,2527925,,192632.0
54634,PA,2024,2,0.0,229878.215,54634,PA,140474.0,120646.0,1721369,,140474.0
54634,PA,2024,3,0.0,327602.1,54634,PA,208468.0,181467.0,2399448,,208468.0
54634,PA,2024,4,0.0,322127.727,54634,PA,199248.0,173010.0,2517129,,199248.0
54634,PA,2025,1,0.0,317401.541,54634,PA,196590.0,170548.0,2464302,,196590.0
54634,PA,2025,2,0.0,310904.486,54634,PA,197567.0,170242.0,2521503,,197567.0
54634,PA,2025,3,0.0,278882.533,54634,PA,181605.0,156356.0,2304394,,181605.0
54634,PA,2025,4,0.0,305166.269,54634,PA,192891.0,166802.0,2469727,,192891.0
54638,PA,2020,2,0.0,0.0,54638,PA,69008.02,56160.01,346258,,69008.02
54638,PA,2020,3,0.0,0.0,54638,PA,51303.0,40771.0,257421,,51303.0
54638,PA,2021,2,0.0,0.0,54638,PA,52175.01,42274.01,261795,,52175.01
54638,PA,2021,3,0.0,0.0,54638,PA,67492.0,53245.0,338652,,67492.0
54638,PA,2022,2,0.0,0.0,54638,PA,53776.0,43445.0,269829,,53776.0
54638,PA,2022,3,0.0,0.0,54638,PA,55750.0,44866.0,279734,,55750.0
54638,PA,2023,2,0.0,0.0,54638,PA,17234.0,13759.0,86474,,17234.0
54638,PA,2023,3,0.0,0.0,54638,PA,0.0,0.0,0,,0.0
54638,PA,2024,2,0.0,0.0,54638,PA,0.0,0.0,0,,0.0
54638,PA,2024,3,0.0,0.0,54638,PA,0.0,0.0,0,,0.0
54785,PA,2020,1,243376.14,179440.364,54785,PA,272770.83,264927.7,1368668,12.077884874006136,29394.690000000002
54785,PA,2020,2,201511.26,146048.418,54785,PA,250718.35,243474.14,1258017,24.419027502482983,49207.09
54785,PA,2020,3,220919.18,169168.196,54785,PA,372743.07,362229.79,1870294,68.72372511974743,151823.89
54785,PA,2020,4,199337.54,143784.948,54785,PA,274086.76,265918.39,1375271,37.498817332650944,74749.22
54785,PA,2021,1,240534.48,183269.015,54785,PA,236921.03,229946.1,1188786,-1.502258636682779,-3613.4500000000116
54785,PA,2021,2,118669.15,81390.084,54785,PA,230678.99,222943.04,1157466,94.38833934514574,112009.84
54785,PA,2021,3,179553.37,130087.902,54785,PA,278601.58999999997,270483.33,1334319,55.163665265653314,99048.21999999997
54785,PA,2021,4,205677.96,145689.848,54785,PA,245225.4,237813.53999999998,1230455,19.2278453170189,39547.44
54785,PA,2022,1,247866.08,180054.43,54785,PA,274441.99,266577.96,1377055,10.721882558517084,26575.910000000003
54785,PA,2022,2,202926.55,140302.045,54785,PA,260575.42,253518.37,1307476,28.40873705288935,57648.870000000024
54785,PA,2022,3,216598.14,182044.68099999998,54785,PA,359247.27,349852.45999999996,1789770,65.8588896469748,142649.13
54785,PA,2022,4,241592.58,196069.15300000002,54785,PA,294512.33,286466.22,1449857,21.904542763689197,52919.75000000003
54785,PA,2023,1,246653.0,208464.80000000002,54785,PA,300805.86,293162.74,1509338,21.955078592192265,54152.859999999986
54785,PA,2023,2,206462.93,173099.924,54785,PA,281570.69,274555.45999999996,1412823,36.37832709242284,75107.76000000001
54785,PA,2023,3,218624.5,195617.348,54785,PA,357664.67,348722.05,1794634,63.59770748475124,139040.16999999998
54785,PA,2023,4,223309.02,194314.446,54785,PA,263580.78,256770.77000000002,1322555,18.034094637108723,40271.76000000004
54785,PA,2024,1,242327.9,214929.918,54785,PA,291977.92,283714.58999999997,1465042,20.48877574559099,49650.01999999999
54785,PA,2024,2,196596.28,175288.811,54785,PA,299301.56,291134.82,1501790,52.241720952197056,102705.28
54785,PA,2024,3,218016.93,190107.36200000002,54785,PA,342221.43,332892.83,1717147,56.97011695376134,124204.5
54785,PA,2024,4,233544.09,201323.314,54785,PA,280944.11,273444.75,1409679,20.29596210291598,47400.01999999999
55193,PA,2020,1,1192098.8599999999,492017.877,55193,PA,1212321.0,1181975.0,8197480,1.6963475663419503,20222.14000000013
55193,PA,2020,2,530981.94,222083.068,55193,PA,542084.0,527288.0,3699074,2.0908545401751435,11102.060000000056
55193,PA,2020,3,1111947.99,461853.238,55193,PA,1133937.0,1103027.0,7689467,1.9775214486425763,21989.01000000001
55193,PA,2020,4,1189322.12,488474.631,55193,PA,1208700.0,1180550.0,8127198,1.6293214154631117,19377.87999999989
55193,PA,2021,1,1149858.0699999998,472695.302,55193,PA,1170050.0,1140158.0,7911304,1.756036725471707,20191.930000000168
55193,PA,2021,2,1017559.05,420938.00100000005,55193,PA,1037334.0,1009776.0,7026193,1.9433712471035418,19774.949999999953
55193,PA,2021,3,1123522.03,465864.539,55193,PA,1146355.0,1115006.0,7787664,2.032267226660431,22832.969999999972
55193,PA,2021,4,1168562.07,478609.206,55193,PA,1191016.0,1159950.0,8030782,1.9215008407726202,22453.929999999935
55193,PA,2022,1,1045774.5900000001,436775.30299999996,55193,PA,1066297.0,1037835.0,7354493,1.962412377986724,20522.409999999916
55193,PA,2022,2,940831.6799999999,392515.522,55193,PA,960033.0,933155.0,6612012,2.040887908876545,19201.320000000065
55193,PA,2022,3,1076969.56,454158.46400000004,55193,PA,1099765.0,1068720.0,7661500,2.1166280688564627,22795.439999999944
55193,PA,2022,4,1138387.0,475373.556,55193,PA,1160611.0,1130137.0,8015114,1.9522359267981804,22224.0
55193,PA,2023,1,1202481.6600000001,501569.827,55193,PA,1223878.0,1192946.0,8420963,1.7793485515612644,21396.33999999985
55193,PA,2023,2,793642.87,332245.073,55193,PA,810734.0,787546.0,5606007,2.153503880152039,17091.130000000005
55193,PA,2023,3,1104927.56,454722.07,55193,PA,1127929.0,1093822.0,7646421,2.0817147506031928,23001.439999999944
55193,PA,2023,4,1103243.3599999999,448172.375,55193,PA,1124970.0,1091768.0,7520029,1.9693424667427986,21726.64000000013
55193,PA,2024,1,1159011.56,471229.68299999996,55193,PA,1180952.0,1147176.0,7915401,1.8930302990247954,21940.439999999944
55193,PA,2024,2,415202.93,175655.655,55193,PA,424028.0,410302.0,2950041,2.1254835557157574,8825.070000000007
55193,PA,2024,3,1125173.81,469139.789,55193,PA,1148863.0,1113143.0,7899473,2.1053805011689652,23689.189999999944
55193,PA,2024,4,964812.41,408654.12100000004,55193,PA,987955.0,955082.0,6887784,2.398662139928317,23142.589999999967
55193,PA,2025,1,1016874.17,430330.21400000004,55193,PA,1037448.0,1006273.0,7241428,2.0232424627326266,20573.829999999958
55193,PA,2025,2,1035568.7,433031.998,55193,PA,1056376.0,1023871.0,7300209,2.0092631227653026,20807.300000000047
55193,PA,2025,3,1082134.3,455652.81299999997,55193,PA,1105904.0,1070180.0,7687804,2.1965573034696297,23769.699999999953
55193,PA,2025,4,1024987.85,437318.029,55193,PA,1047591.0,1014122.0,7352169,2.20521150567785,22603.150000000023
55196,PA,2020,1,11578.72,6870.47,55196,PA,40313.39,38407.08,418792,248.16793220666878,28734.67
55196,PA,2020,2,48391.0,28610.309,55196,PA,34999.54,33344.5,363589,-27.673451674898224,-13391.46
55196,PA,2020,3,63116.990000000005,37568.542,55196,PA,51634.56,49192.89,536399,-18.192296559135674,-11482.430000000008
55196,PA,2020,4,40346.31,23796.843999999997,55196,PA,38931.509999999995,37090.54,404436,-3.5066403842135823,-1414.800000000003
55196,PA,2021,1,20435.850000000002,12088.905999999999,55196,PA,20333.47,19569.45,204266,-0.5009823423053165,-102.38000000000102
55196,PA,2021,2,49205.61,29899.597999999998,55196,PA,50290.47,48400.86,505207,2.204748604884688,1084.8600000000006
55196,PA,2021,3,55512.5,33536.619,55196,PA,56409.05,54289.55,566674,1.6150416572844006,896.5500000000029
55196,PA,2021,4,15400.880000000001,9016.837,55196,PA,15167.01,14597.130000000001,152366,-1.5185495893741188,-233.8700000000008
55196,PA,2022,1,30660.89,17627.45,55196,PA,30304.46,28349.13,300211,-1.1624907170013665,-356.4300000000003
55196,PA,2022,2,39323.82,23350.917,55196,PA,40144.85,37554.59,397696,2.0878693880706374,821.0299999999988
55196,PA,2022,3,54869.93,32694.985,55196,PA,56210.350000000006,52583.5,556848,2.442904519834462,1340.4200000000055
55196,PA,2022,4,37464.55,22073.684999999998,55196,PA,37948.34,35499.8,375936,1.2913274015035374,483.7899999999936
55196,PA,2023,1,1648.87,993.489,55196,PA,1690.5900000000001,1617.7400000000002,16667,2.530217664218541,41.720000000000255
55196,PA,2023,2,28914.02,17036.540999999997,55196,PA,28987.93,27738.79,285784,0.2556199380093112,73.90999999999985
55196,PA,2023,3,79517.4,46858.998,55196,PA,79741.32,76305.1,786147,0.28159874442576444,223.9200000000128
55196,PA,2023,4,23801.54,13838.841,55196,PA,23549.149999999998,22534.37,232164,-1.0603935711722983,-252.39000000000306
55196,PA,2024,1,26914.21,15522.844000000001,55196,PA,26595.75,25563.54,272991,-1.183241120582767,-318.4599999999991
55196,PA,2024,2,40977.39,23939.551,55196,PA,41015.09,39423.270000000004,420997,0.09200195522456919,37.69999999999709
55196,PA,2024,3,49728.36,29006.625,55196,PA,49697.01,47768.23,510113,-0.06304249727921561,-31.349999999998545
55196,PA,2024,4,18551.52,11026.244999999999,55196,PA,18891.14,18157.96,193907,1.830685571856101,339.619999999999
55231,PA,2020,1,325695.15,217810.527,55231,PA,517236.0,503562.0,3615857,58.80985639485266,191540.84999999998
55231,PA,2020,2,727413.74,489961.564,55231,PA,1169177.0,1136449.0,8137044,60.73067302797992,441763.26
55231,PA,2020,3,732294.8,508981.024,55231,PA,1195564.0,1162079.0,8438251,63.26266416202873,463269.19999999995
55231,PA,2020,4,625314.78,412577.67500000005,55231,PA,980184.0,955577.0,6811381,56.75049292773793,354869.22
55231,PA,2021,1,713265.69,457858.191,55231,PA,1084900.0,1059957.0,7516633,52.10320855332324,371634.31000000006
55231,PA,2021,2,641336.77,420473.114,55231,PA,996830.0,972078.0,6918164,55.43004028912921,355493.23
55231,PA,2021,3,714419.46,479376.893,55231,PA,1131704.0,1092218.0,7934251,58.40889888413735,417284.54000000004
55231,PA,2021,4,700323.28,452825.088,55231,PA,1077896.0,1052003.0,7480550,53.91406094625327,377572.72
55231,PA,2022,1,671571.25,436873.207,55231,PA,1027371.0,1003193.0,7106561,52.980193836469326,355799.75
55231,PA,2022,2,494687.0,330836.081,55231,PA,772134.0,750764.0,5455501,56.085363067960145,277447.0
55231,PA,2022,3,630381.42,426498.109,55231,PA,992553.0,965817.0,7064944,57.452768833193076,362171.57999999996
55231,PA,2022,4,675100.96,367286.863,55231,PA,862091.0,836487.0,6099951,27.698085335266008,186990.04000000004
55231,PA,2023,1,1093485.31,465809.288,55231,PA,1097142.0,1072194.0,7732877,0.3344068700840567,3656.689999999944
55231,PA,2023,2,960899.94,411321.27300000004,55231,PA,964749.0,942992.0,6857564,0.4005682423083569,3849.060000000056
55231,PA,2023,3,1143870.37,494932.425,55231,PA,1148474.0,1121900.0,8253858,0.4024608138070652,4603.629999999888
55231,PA,2023,4,884934.08,380316.588,55231,PA,889334.0,858216.0,6399175,0.4972031363059316,4399.920000000042
55231,PA,2024,1,1018588.19,435379.076,55231,PA,1022036.0,997294.0,7162056,0.33848910029086987,3447.810000000056
55231,PA,2024,2,798797.4199999999,342056.549,55231,PA,800864.0,779442.0,5704002,0.25871140144644866,2066.5800000000745
55231,PA,2024,3,1069406.84,460721.74100000004,55231,PA,1075636.0,1045160.0,7653942,0.5824873908605182,6229.159999999916
55231,PA,2024,4,1101995.1600000001,465895.361,55231,PA,1110155.0,1078287.0,7725433,0.7404606023859351,8159.839999999851
55231,PA,2025,1,1032201.14,441483.603,55231,PA,1035016.0,1010079.0,7258282,0.2727046009656593,2814.859999999986
55231,PA,2025,2,1009686.45,432536.029,55231,PA,1005217.0,989003.0,7171404,-0.44265722294282084,-4469.449999999953
55231,PA,2025,3,962016.6599999999,421953.73199999996,55231,PA,965457.0,940726.0,6978986,0.3576175073724902,3440.340000000084
55231,PA,2025,4,1012330.28,436975.64,55231,PA,1016821.0,992135.0,7316315,0.443602259926471,4490.719999999972
55233,PA,2020,1,7531.43,6521.5,55233,PA,26497.440000000002,25235.63,386044,251.82481945659725,18966.010000000002
55233,PA,2020,2,29189.78,21768.5,55233,PA,23004.72,21909.25,335158,-21.189128523750426,-6185.059999999998
55233,PA,2020,3,46178.58,32318.7,55233,PA,33938.7,32322.53,494455,-26.50553568342726,-12239.880000000005
55233,PA,2020,4,39065.86,28210.9,55233,PA,25589.15,24370.600000000002,372811,-34.49741027075815,-13476.71
55233,PA,2021,1,15707.97,12362.800000000001,55233,PA,8594.060000000001,8184.85,206445,-45.28853823886854,-7113.909999999998
55233,PA,2021,2,10558.54,8097.5,55233,PA,5630.86,5362.76,135264,-46.670088856982126,-4927.680000000001
55233,PA,2021,3,20210.55,15051.0,55233,PA,10463.41,9965.21,251352,-48.22797994116934,-9747.14
55233,PA,2021,4,13690.23,10759.3,55233,PA,7486.660000000001,7130.18,179844,-45.313847904673615,-6203.569999999999
55233,PA,2022,1,56713.2,37110.7,55233,PA,19758.559999999998,19748.31,675339,-65.16056226769076,-36954.64
55233,PA,2022,2,4469.9800000000005,3305.6,55233,PA,1760.03,1759.12,60158,-60.62555089731946,-2709.9500000000007
55233,PA,2022,3,3239.33,2625.9,55233,PA,1399.53,1398.8000000000002,47836,-56.7956954061488,-1839.8
55233,PA,2022,4,27681.12,14855.1,55233,PA,7911.879999999999,7907.77,270425,-71.41777500332356,-19769.239999999998
55233,PA,2023,1,39402.74,26260.1,55233,PA,35355.979999999996,34662.9,409838,-10.270250241480674,-4046.760000000002
55233,PA,2023,2,2405.48,1698.2,55233,PA,31359.91,30745.16,363517,1203.6861665862948,28954.43
55233,PA,2023,3,8829.0,6076.9,55233,PA,39158.47,38390.85,453916,343.521010306943,30329.47
55233,PA,2023,4,83673.61,43911.4,55233,PA,29512.64,28934.11,342103,-64.7288553702894,-54160.97
55233,PA,2024,1,25354.25,18659.0,55233,PA,25188.3,24694.33,311510,-0.6545253754301577,-165.95000000000073
55233,PA,2024,2,16586.13,12441.1,55233,PA,16807.57,16477.95,207863,1.3350914288022504,221.4399999999987
55233,PA,2024,3,14502.04,10685.7,55233,PA,14430.16,14147.18,178461,-0.49565440448378995,-71.88000000000102
55233,PA,2024,4,28537.170000000002,21836.1,55233,PA,29493.96,28915.55,364759,3.352785157042542,956.7899999999972
55298,PA,2020,1,2124541.64,843399.792,55298,PA,2094483.0,2064380.0,14544115,-1.414829412333859,-30058.64000000013
55298,PA,2020,2,1857307.33,741039.428,55298,PA,1831885.0,1799999.0,12765716,-1.3687734705704346,-25422.330000000075
55298,PA,2020,3,2342606.29,935632.522,55298,PA,2310107.0,2262879.0,16152236,-1.387313358575505,-32499.290000000037
55298,PA,2020,4,1771517.53,707499.132,55298,PA,1753630.0,1720719.0,12221829,-1.0097292122195385,-17887.530000000028
55298,PA,2021,1,1747734.44,704937.0789999999,55298,PA,1744219.0,1705035.0,12172989,-0.20114268618520464,-3515.439999999944
55298,PA,2021,2,1831490.43,739850.008,55298,PA,1805952.0,1774488.0,12753419,-1.3944069584900824,-25538.429999999935
55298,PA,2021,3,2299512.23,902197.321,55298,PA,2267508.0,2219954.0,15602387,-1.3917834218259402,-32004.22999999998
55298,PA,2021,4,1814113.39,747354.9269999999,55298,PA,1790604.0,1761019.0,12903384,-1.2959162381795715,-23509.389999999898
55298,PA,2022,1,1792078.98,776858.46,55298,PA,1769998.0,1738252.0,12996032,-1.2321432395797633,-22080.97999999998
55298,PA,2022,2,1849879.54,748572.939,55298,PA,1831973.0,1791153.0,12586065,-0.9679841099275057,-17906.540000000037
55298,PA,2022,3,2376953.0300000003,955151.558,55298,PA,2350409.0,2296911.0,16495343,-1.1167250536709283,-26544.03000000026
55298,PA,2022,4,1923323.89,773128.95,55298,PA,1898685.0,1867111.0,13320647,-1.2810577629751119,-24638.889999999898
55298,PA,2023,1,2247604.84,896097.747,55298,PA,2217187.0,2182559.0,15422341,-1.3533446564388005,-30417.83999999985
55298,PA,2023,2,1980224.17,791992.73,55298,PA,1952767.0,1920069.0,13700078,-1.3865687741807498,-27457.169999999925
55298,PA,2023,3,2372780.45,953850.356,55298,PA,2339796.0,2294611.0,16496086,-1.390118078560542,-32984.450000000186
55298,PA,2023,4,1623975.74,650733.554,55298,PA,1601430.0,1577908.0,11221827,-1.388305221850173,-22545.73999999999
55298,PA,2024,1,2297358.37,920523.104,55298,PA,2273782.0,2231267.0,15738305,-1.026238235526141,-23576.37000000011
55298,PA,2024,2,1765329.32,711139.702,55298,PA,1762998.0,1712286.0,12475964,-0.1320614784781383,-2331.320000000065
55298,PA,2024,3,2305153.94,933985.306,55298,PA,2272578.0,2232218.0,16167719,-1.413178505553514,-32575.939999999944
55298,PA,2024,4,1558971.74,626747.778,55298,PA,1537898.0,1515327.0,10838662,-1.3517717774666005,-21073.73999999999
55298,PA,2025,1,2149520.52,870922.188,55298,PA,2119086.0,2087334.0,14983237,-1.4158748296108388,-30434.52000000002
55298,PA,2025,2,1956888.7,784210.284,55298,PA,1930553.0,1894300.0,13469986,-1.3457944746678723,-26335.699999999953
55298,PA,2025,3,2428725.21,973595.213,55298,PA,2397742.0,2347192.0,16461494,-1.2756984558166613,-30983.209999999963
55298,PA,2025,4,2271630.1,919367.078,55298,PA,2237898.0,2206091.0,15533964,-1.4849292585091247,-33732.10000000009
55337,PA,2020,1,1057555.0,672038.3,55337,PA,1578317.0,1540053.0,11182831,49.24207251632303,520762.0
55337,PA,2020,2,774163.71,510313.605,55337,PA,1175194.0,1152399.0,8249917,51.801742295566925,401030.29000000004
55337,PA,2020,3,960922.86,627449.4850000001,55337,PA,1463229.0,1435734.0,10152698,52.27330526822934,502306.14
55337,PA,2020,4,507592.13,326059.135,55337,PA,756784.0,741402.0,5271061,49.092934124096836,249191.87
55337,PA,2021,1,686887.36,446851.704,55337,PA,1023875.0,1002462.0,7214635,49.06010208136601,336987.64
55337,PA,2021,2,805232.14,522624.76099999994,55337,PA,1218503.0,1195955.0,8493125,51.32319482429004,413270.86
55337,PA,2021,3,831430.6699999999,545312.552,55337,PA,1269543.0,1244775.0,8885462,52.69378985021086,438112.3300000001
55337,PA,2021,4,651059.76,418191.816,55337,PA,970834.0,951433.0,6759645,49.11595826472212,319774.24
55337,PA,2022,1,897628.26,588072.1140000001,55337,PA,1354378.0,1328859.0,9548635,50.88406418933379,456749.74
55337,PA,2022,2,844100.6799999999,549033.967,55337,PA,1282163.0,1258245.0,8948442,51.89692774563339,438062.32000000007
55337,PA,2022,3,930938.86,610732.789,55337,PA,1421979.0,1394596.0,9957746,52.74676577578897,491040.14
55337,PA,2022,4,782853.87,506917.343,55337,PA,1176378.0,1154882.0,8266517,50.26789099222311,393524.13
55337,PA,2023,1,1037003.0,660036.6,55337,PA,1550056.0,1522372.0,10767039,49.47459168391991,513053.0
55337,PA,2023,2,855182.6499999999,554882.983,55337,PA,1299890.0,1275383.0,9066799,52.001446708489716,444707.3500000001
55337,PA,2023,3,896796.06,589797.206,55337,PA,1374996.0,1347437.0,9638815,53.323153538386414,478199.93999999994
55337,PA,2023,4,64163.5,41900.619999999995,55337,PA,98426.0,96655.0,685136,53.39873915855588,34262.5
55337,PA,2024,1,580323.62,366971.784,55337,PA,849906.0,830967.0,6008041,46.45380107051304,269582.38
55337,PA,2024,2,831363.47,539579.365,55337,PA,1259410.0,1234970.0,8983260,51.48729111227368,428046.53
55337,PA,2024,3,761558.31,496408.856,55337,PA,1152872.0,1128366.0,8148333,51.383286724295594,391313.68999999994
55337,PA,2024,4,831375.81,528905.109,55337,PA,1235452.0,1212976.0,8698411,48.60331334393767,404076.18999999994
55337,PA,2025,1,924278.0800000001,592799.9809999999,55337,PA,1378247.0,1350548.0,9613783,49.11605390446995,453968.9199999999
55337,PA,2025,2,718751.46,473885.62,55337,PA,1087049.0,1059347.0,7702943,51.2412927829044,368297.54000000004
55337,PA,2025,3,890825.88,583838.1680000001,55337,PA,1344632.0,1316930.0,9509639,50.94217963223071,453806.12
55337,PA,2025,4,802388.38,524643.299,55337,PA,1199928.0,1172226.0,8781801,49.54453851886539,397539.62
55347,PA,2020,1,170081.75,100962.90299999999,55347,PA,169517.01,168618.0,1727787,-0.33204032766595515,-564.7399999999907
55347,PA,2020,2,70598.18,43800.631,55347,PA,70241.0,69868.01000000001,751369,-0.5059337223707369,-357.179999999993
55347,PA,2020,3,536529.71,337237.706,55347,PA,534222.0,531390.0,5687986,-0.43011784007263326,-2307.7099999999627
55347,PA,2020,4,383983.83999999997,229237.625,55347,PA,382713.0,380684.0,3984131,-0.330961844644287,-1270.8399999999674
55347,PA,2021,1,99746.1,60178.239,55347,PA,99521.01,98993.0,1030459,-0.22566295825101035,-225.09000000001106
55347,PA,2021,2,215922.79,134890.207,55347,PA,214914.02000000002,213701.01,2278293,-0.46719014699652106,-1008.7699999999895
55347,PA,2021,3,463607.55000000005,288240.373,55347,PA,462182.0,459548.01,4925473,-0.30749067826873105,-1425.5500000000466
55347,PA,2021,4,320073.9,197929.514,55347,PA,319155.0,317335.0,3330121,-0.2870899501646411,-918.9000000000233
55347,PA,2022,1,427271.93,254389.244,55347,PA,425956.0,423698.01,4357046,-0.30798419170667096,-1315.929999999993
55347,PA,2022,2,154886.03,96551.07,55347,PA,154264.0,153400.0,1680952,-0.40160497366999387,-622.0299999999988
55347,PA,2022,3,411068.73,255425.213,55347,PA,409517.0,407183.01,4352724,-0.3774867526410927,-1551.7299999999814
55347,PA,2022,4,335910.93,206554.678,55347,PA,334528.0,332621.0,3495406,-0.4116954455754069,-1382.929999999993
55347,PA,2023,1,43694.49,26350.275999999998,55347,PA,43631.0,43400.0,439484,-0.14530436217472265,-63.48999999999796
55347,PA,2023,2,155795.39,96333.37,55347,PA,154775.01,153907.0,1648382,-0.6549487760838139,-1020.3800000000047
55347,PA,2023,3,527068.91,327310.851,55347,PA,525417.01,522421.0,5620981,-0.3134125289234046,-1651.9000000000233
55347,PA,2023,4,397728.20999999996,240707.267,55347,PA,396667.01,394405.0,4146811,-0.26681537123050775,-1061.1999999999534
55347,PA,2024,1,157047.85,93317.243,55347,PA,156479.0,156332.0,1615184,-0.3622144461067157,-568.8500000000058
55347,PA,2024,2,234179.58,144795.25400000002,55347,PA,233216.0,231938.0,2491242,-0.4114705475174169,-963.5799999999872
55347,PA,2024,3,407331.19,252501.18,55347,PA,405862.0,403549.0,4348156,-0.36068684060260703,-1469.1900000000023
55347,PA,2024,4,269624.56,163298.142,55347,PA,268578.0,261436.01,2820456,-0.38815455090589585,-1046.5599999999977
55347,PA,2025,1,339013.23,203188.66,55347,PA,337302.0,335514.0,3481361,-0.5047679112700061,-1711.2299999999814
55347,PA,2025,2,228212.08000000002,141106.054,55347,PA,227262.0,226004.0,2411979,-0.4163145088551036,-950.0800000000163
55347,PA,2025,3,395474.78,245628.70799999998,55347,PA,393969.0,391723.0,4231645,-0.38075247175054444,-1505.780000000028
55347,PA,2025,4,339154.58999999997,207599.211,55347,PA,334895.0,332985.01,3585631,-1.255943491727465,-4259.589999999967
55377,PA,2020,1,10546.71,6431.59,55377,PA,48454.86,46120.08,485643,359.43104532124244,37908.15
55377,PA,2020,2,38957.68,23607.961,55377,PA,42067.85,40040.83,421627,7.983457947187815,3110.1699999999983
55377,PA,2020,3,77700.60999999999,47074.125,55377,PA,62062.380000000005,59071.93,622023,-20.126264131002298,-15638.229999999981
55377,PA,2020,4,70199.29000000001,42540.077000000005,55377,PA,46793.91,44539.16,468994,-33.34133436392306,-23405.380000000005
55377,PA,2021,1,12967.01,7927.305,55377,PA,13361.04,12509.700000000003,131099,3.038711314327672,394.03000000000065
55377,PA,2021,2,36027.12,22218.602,55377,PA,37445.39,35059.479999999996,367412,3.9366732616984,1418.2699999999968
55377,PA,2021,3,77441.82,47090.521,55377,PA,79363.59,74306.78,778709,2.4815661615390616,1921.7699999999895
55377,PA,2021,4,46067.119999999995,27854.335,55377,PA,46940.99,43950.03999999999,460583,1.8969494945635907,873.8700000000026
55377,PA,2022,1,24419.52,14525.168,55377,PA,24362.18,22918.03,235567,-0.23481215027977678,-57.340000000000146
55377,PA,2022,2,29181.43,17876.833,55377,PA,29983.97,28206.57,289926,2.7501736549579676,802.5400000000009
55377,PA,2022,3,46059.74,27910.021999999997,55377,PA,46815.100000000006,44039.97,452674,1.6399571512996118,755.3600000000079
55377,PA,2022,4,40659.97,24481.133,55377,PA,41065.75,38631.44,397081,0.9979840122852989,405.77999999999884
55377,PA,2023,1,6232.04,3703.881,55377,PA,6318.72,5974.93,61783,1.3908768236404179,86.68000000000029
55377,PA,2023,2,24736.22,14579.779999999999,55377,PA,24870.66,23517.5,243181,0.543494519372801,134.4399999999987
55377,PA,2023,3,74394.65,43650.017,55377,PA,74452.77,70401.99,727987,0.07812389735015877,58.120000000009895
55377,PA,2023,4,27809.85,16274.226999999999,55377,PA,27758.86,26248.58,271422,-0.1833523014327584,-50.98999999999796
55377,PA,2024,1,15990.64,9388.223,55377,PA,15572.41,14580.779999999999,154491,-2.615467548515879,-418.22999999999956
55377,PA,2024,2,50633.84,30998.095999999998,55377,PA,51420.54,48146.130000000005,510132,1.5537040050685558,786.7000000000044
55377,PA,2024,3,55910.399999999994,33678.507,55377,PA,55865.159999999996,52307.71,554225,-0.08091517857142494,-45.23999999999796
55377,PA,2024,4,34392.1,20681.389000000003,55377,PA,34304.9,32120.399999999998,340331,-0.25354659936438045,-87.19999999999709
55516,PA,2020,1,1413879.0,583938.0,55516,PA,1411636.0,1385492.0,9772559,-0.15864158106881848,-2243.0
55516,PA,2020,2,1247499.5,517448.903,55516,PA,1251829.0,1224041.0,8686035,0.3470542473163316,4329.5
55516,PA,2020,3,1415094.0,591308.8910000001,55516,PA,1413349.0,1375336.0,9894147,-0.12331336292854043,-1745.0
55516,PA,2020,4,1011462.4,418088.76,55516,PA,1010483.0,990027.0,7007504,-0.09683009472225793,-979.4000000000233
55516,PA,2021,1,1307930.83,525706.456,55516,PA,1284829.0,1259931.0,8837372,-1.766288359453999,-23101.830000000075
55516,PA,2021,2,1273642.13,519880.948,55516,PA,1235263.0,1206452.0,8721403,-3.0133370352627935,-38379.12999999989
55516,PA,2021,3,1336254.13,542854.997,55516,PA,1334213.0,1296616.0,9121548,-0.15275013593408973,-2041.1299999998882
55516,PA,2021,4,1251637.88,513258.14,55516,PA,1249830.0,1224666.0,8611025,-0.14444113819884458,-1807.8799999998882
55516,PA,2022,1,1259839.46,512488.328,55516,PA,1257542.0,1233300.0,8611171,-0.18236133038728305,-2297.4599999999627
55516,PA,2022,2,1254637.37,509755.56799999997,55516,PA,1243103.0,1214318.0,8566822,-0.9193389481137574,-11534.370000000112
55516,PA,2022,3,1331302.74,547174.76,55516,PA,1323130.0,1286183.0,9195641,-0.6138904213477387,-8172.739999999991
55516,PA,2022,4,1234473.4100000001,508471.779,55516,PA,1233120.0,1208995.0,8495598,-0.10963460120215542,-1353.410000000149
55516,PA,2023,1,1390809.01,575504.381,55516,PA,1388029.0,1361837.0,9624149,-0.19988438239985298,-2780.0100000000093
55516,PA,2023,2,1437097.6600000001,597386.123,55516,PA,1434857.0,1402727.0,9990995,-0.15591563902484878,-2240.660000000149
55516,PA,2023,3,1449144.0,608714.3999999999,55516,PA,1445921.0,1413906.0,10176896,-0.22240715898489039,-3223.0
55516,PA,2023,4,1299515.49,543474.5589999999,55516,PA,1299500.0,1280986.0,9102146,-0.0011919827134950647,-15.489999999990687
55516,PA,2024,1,1379179.93,580613.566,55516,PA,1376602.0,1352935.0,9715914,-0.1869175981990932,-2577.929999999935
55516,PA,2024,2,1413255.5299999998,591414.8130000001,55516,PA,1410580.0,1380768.0,9889620,-0.1893167897244878,-2675.529999999795
55516,PA,2024,3,1434848.0,599339.3999999999,55516,PA,1432440.0,1393575.0,10020082,-0.16782265438569102,-2408.0
55516,PA,2024,4,1319541.98,547508.775,55516,PA,1318087.0,1291417.0,9177609,-0.11026401751916838,-1454.9799999999814
55516,PA,2025,1,906625.25,372844.636,55516,PA,905864.0,888710.0,6250897,-0.08396523260299667,-761.25
55516,PA,2025,2,986382.08,414048.63300000003,55516,PA,969158.0,943953.0,6839527,-1.746187440874834,-17224.079999999958
55516,PA,2025,3,1427852.1,602460.405,55516,PA,1425474.0,1387076.0,10075948,-0.16655086335623226,-2378.100000000093
55516,PA,2025,4,1399097.31,585846.983,55516,PA,1394193.0,1366472.0,9826216,-0.3505338738732945,-4904.310000000056
55524,PA,2020,1,2552615.34,1107962.325,55524,PA,2524664.0,2472256.0,17820965,-1.0950079145101372,-27951.33999999985
55524,PA,2020,2,1907411.3,831649.1880000001,55524,PA,1892823.0,1846079.0,13376113,-0.764821934314851,-14588.300000000047
55524,PA,2020,3,2558617.15,1117713.079,55524,PA,2531888.0,2473383.0,17899687,-1.0446717282419493,-26729.149999999907
55524,PA,2020,4,1831401.8800000001,790584.705,55524,PA,1815433.0,1774070.0,12725384,-0.8719484332952699,-15968.880000000121
55524,PA,2021,1,1915420.5699999998,816067.35,55524,PA,1894447.01,1852123.0,13206616,-1.0949845860744738,-20973.559999999823
55524,PA,2021,2,1975586.97,857595.949,55524,PA,1959520.0,1915128.0,14023115,-0.8132757627977254,-16066.969999999972
55524,PA,2021,3,2138511.92,930080.0090000001,55524,PA,2119769.0,2061014.0,15125898,-0.8764468331792101,-18742.919999999925
55524,PA,2021,4,1881016.4500000002,812399.142,55524,PA,1862598.0,1820719.0,13219838,-0.9791753814805917,-18418.450000000186
55524,PA,2022,1,1674369.72,721720.402,55524,PA,1658847.01,1614851.0,11676601,-0.9270778021475425,-15522.709999999963
55524,PA,2022,2,1504977.87,651158.433,55524,PA,1492780.01,1458925.0,10611899,-0.8105009544093895,-12197.860000000102
55524,PA,2022,3,2346735.64,1022288.614,55524,PA,2322760.0,2272073.0,16650155,-1.0216591758925233,-23975.64000000013
55524,PA,2022,4,1838339.24,803205.914,55524,PA,1822877.0,1779401.0,12976218,-0.8410982947848076,-15462.23999999999
55524,PA,2023,1,2126681.73,928286.577,55524,PA,2110425.0,2063679.0,15117121,-0.7644176263271881,-16256.729999999981
55524,PA,2023,2,2327636.79,1013446.6329999999,55524,PA,2289380.0,2240500.0,16521741,-1.6435893333684608,-38256.79000000004
55524,PA,2023,3,2412821.92,1053888.469,55524,PA,2377335.0,2326475.0,17069838,-1.4707641581770745,-35486.919999999925
55524,PA,2023,4,2058390.1,902014.713,55524,PA,2044823.0,2000751.0,14753093,-0.6591121867521658,-13567.100000000093
55524,PA,2024,1,2600063.0300000003,1131736.708,55524,PA,2576030.0,2521208.0,18456727,-0.924324899923686,-24033.03000000026
55524,PA,2024,2,2010506.8900000001,870627.432,55524,PA,1989830.0,1947081.0,14164712,-1.0284416384168735,-20676.89000000013
55524,PA,2024,3,2620280.37,1146912.862,55524,PA,2600974.0,2541261.0,18750206,-0.7368055045193546,-19306.37000000011
55524,PA,2024,4,2212728.12,959671.267,55524,PA,2200918.01,2145717.01,15708344,-0.5337352516675359,-11810.110000000335
55524,PA,2025,1,2396933.45,1052967.759,55524,PA,2380451.01,2327656.0,17057564,-0.6876469599103975,-16482.44000000041
55524,PA,2025,2,2080454.48,905691.4839999999,55524,PA,2081875.0,2018074.0,14842779,0.06827931173961656,1420.5200000000186
55524,PA,2025,3,2529845.6,1105732.152,55524,PA,2503136.0,2450066.0,18057919,-1.0557798468017214,-26709.600000000093
55524,PA,2025,4,2045286.01,898684.461,55524,PA,2033241.0,1989796.0,14725946,-0.5889156793283894,-12045.01000000001
55654,PA,2020,1,6044.74,3629.654,55654,PA,57919.380000000005,55650.45,577345,858.1781846696468,51874.64000000001
55654,PA,2020,2,37097.11,22132.247,55654,PA,50284.82,48314.98,501241,35.549157333280135,13187.71
55654,PA,2020,3,90569.1,54213.254,55654,PA,74184.82,71278.72,739478,-18.09036415289541,-16384.28
55654,PA,2020,4,102919.47,61027.701,55654,PA,55933.990000000005,53742.85,557553,-45.65266416548783,-46985.479999999996
55654,PA,2021,1,12158.349999999999,7350.838,55654,PA,12350.13,11804.04,120450,1.5773521900586895,191.78000000000065
55654,PA,2021,2,35780.01,21762.017,55654,PA,36560.97,34944.31,356576,2.1826712737084173,780.9599999999991
55654,PA,2021,3,87627.19,52932.978,55654,PA,88929.64,84997.33,867323,1.4863537219440643,1302.449999999997
55654,PA,2021,4,58029.09,34281.957,55654,PA,57599.25,55052.32,561760,-0.7407319328977872,-429.8399999999965
55654,PA,2022,1,10793.36,6373.202,55654,PA,10860.15,10292.470000000001,106344,0.6188063772541549,66.78999999999905
55654,PA,2022,2,58989.53,34935.04,55654,PA,59529.34,56417.58,582914,0.9150945939050501,539.8099999999977
55654,PA,2022,3,81650.97,47870.047,55654,PA,81570.93,77306.99,798747,-0.09802700445568271,-80.04000000000815
55654,PA,2022,4,64816.53,38135.05,55654,PA,64978.59,61581.97,636272,0.2500288120946889,162.05999999999767
55654,PA,2023,1,43714.009999999995,25648.59,55654,PA,43818.54,41839.08,426408,0.23912242322314087,104.53000000000611
55654,PA,2023,2,69157.6,40602.018,55654,PA,69371.01,66237.23,675062,0.3085850289772764,213.40999999998894
55654,PA,2023,3,81013.13,47514.429000000004,55654,PA,81179.38,77512.18,789970,0.20521364870114264,166.25
55654,PA,2023,4,60096.26,35197.983,55654,PA,60135.07,57418.520000000004,585185,0.06457972592636825,38.80999999999767
55654,PA,2024,1,28199.46,16492.978,55654,PA,29625.94,27979.37,280615,5.058536581906177,1426.4799999999996
55654,PA,2024,2,60350.44,35308.91,55654,PA,63420.91,59896.04,600720,5.087734240214323,3070.470000000001
55654,PA,2024,3,64927.7,38095.575,55654,PA,68430.37,64627.09,648170,5.394723669558599,3502.6699999999983
55654,PA,2024,4,41719.5,24362.59,55654,PA,43762.79,41330.51,414519,4.89768573448867,2043.2900000000009
55667,PA,2020,1,0.0,0.0,55667,PA,0.0,0.0,0,,0.0
55667,PA,2020,2,262980.5,109359.318,55667,PA,269996.0,255075.0,1881297,2.667688288675396,7015.5
55667,PA,2020,3,1203342.88,492840.35400000005,55667,PA,1235983.0,1173566.0,8339571,2.712453826959122,32640.12000000011
55667,PA,2020,4,758055.8200000001,316697.539,55667,PA,825088.0,736545.0,5264215,8.842644331917395,67032.17999999993
55667,PA,2021,1,976515.67,409719.68799999997,55667,PA,1014885.0,948192.0,6870243,3.9292078129171197,38369.32999999996
55667,PA,2021,2,990428.0900000001,413874.42500000005,55667,PA,1017188.0,962667.0,6833363,2.7018528927223695,26759.909999999916
55667,PA,2021,3,1171417.1400000001,484883.852,55667,PA,1184980.0,1141421.0,8111364,1.1578164205451074,13562.85999999987
55667,PA,2021,4,1243462.33,502942.86199999996,55667,PA,1243061.0,1212478.0,8513834,-0.03227520370480982,-401.3300000000745
55667,PA,2022,1,1125462.4300000002,462185.684,55667,PA,1124717.0,1093805.0,7839590,-0.06623321935323666,-745.4300000001676
55667,PA,2022,2,914575.54,371979.238,55667,PA,913553.0,889897.0,6357118,-0.1118048707053807,-1022.5400000000373
55667,PA,2022,3,1229709.04,503065.24899999995,55667,PA,1225745.0,1196797.0,8598710,-0.32235592900903104,-3964.0400000000373
55667,PA,2022,4,1145017.25,463238.93299999996,55667,PA,1143587.0,1114961.0,7944071,-0.12491078191180088,-1430.25
55667,PA,2023,1,1260088.3599999999,507623.688,55667,PA,1258141.0,1225931.0,8742951,-0.15454154342000825,-1947.3599999998696
55667,PA,2023,2,843592.24,348495.272,55667,PA,841478.0,822689.0,5919631,-0.2506234528662794,-2114.2399999999907
55667,PA,2023,3,1200736.08,488556.847,55667,PA,1199325.0,1175139.0,8383616,-0.11751791451124499,-1411.0800000000745
55667,PA,2023,4,1193247.71,481830.878,55667,PA,1191855.0,1168505.0,8355654,-0.1167159164294531,-1392.7099999999627
55667,PA,2024,1,1189072.75,484474.05,55667,PA,1186402.0,1163271.0,8343381,-0.22460778787504804,-2670.75
55667,PA,2024,2,973867.18,400235.227,55667,PA,972036.0,952058.0,6895429,-0.1880318012154441,-1831.1800000000512
55667,PA,2024,3,993683.13,408451.38399999996,55667,PA,993172.0,971106.0,7122988,-0.051437926696008676,-511.13000000000466
55667,PA,2024,4,918800.6,377946.98600000003,55667,PA,918028.0,898075.0,6500354,-0.08408788588078597,-772.5999999999767
55667,PA,2025,1,1226117.0,495660.4,55667,PA,1224195.0,1199364.0,8603157,-0.15675502419426532,-1922.0
55667,PA,2025,2,1020015.43,413839.77599999995,55667,PA,1018542.0,997293.0,7178933,-0.14445173638207132,-1473.4300000000512
55667,PA,2025,3,1231021.82,500375.172,55667,PA,1228427.0,1203946.0,8708475,-0.21078586568027405,-2594.820000000065
55667,PA,2025,4,1108051.6400000001,444100.185,55667,PA,1109881.0,1084255.0,7817589,0.16509699854781762,1829.3599999998696
55690,PA,2020,1,1698639.3,783515.844,55690,PA,1659928.0,1633271.0,13141943,-2.278959400032723,-38711.30000000005
55690,PA,2020,2,1004393.64,472214.75,55690,PA,987038.0,968480.0,7948278,-1.7279719134820501,-17355.640000000014
55690,PA,2020,3,1890673.58,876358.943,55690,PA,1849966.0,1816631.0,14697542,-2.1530728746947463,-40707.580000000075
55690,PA,2020,4,1228268.36,561885.844,55690,PA,1206191.0,1183767.0,9422272,-1.7974378172535603,-22077.360000000102
55690,PA,2021,1,400588.28,186837.649,55690,PA,452246.01,417902.01,3094824,12.895467136482369,51657.72999999998
55690,PA,2021,2,1589909.83,730114.162,55690,PA,1543391.0,1519500.0,12340727,-2.9258785072106934,-46518.830000000075
55690,PA,2021,3,1324357.34,614966.916,55690,PA,1295330.0,1270184.0,10449405,-2.191805725182909,-29027.340000000084
55690,PA,2021,4,295187.82999999996,140057.55800000002,55690,PA,299316.0,289494.0,2341456,1.3984892263343116,4128.170000000042
55690,PA,2022,1,638124.76,298203.243,55690,PA,662966.0,623595.0,4990420,3.8928500439318467,24841.23999999999
55690,PA,2022,2,1385934.3,640612.439,55690,PA,1374646.0,1347349.0,10789797,-0.8144902684059443,-11288.300000000047
55690,PA,2022,3,1457265.09,673467.825,55690,PA,1439782.0,1408777.0,11352424,-1.1997192631575413,-17483.090000000084
55690,PA,2022,4,1011898.72,474254.79099999997,55690,PA,1002294.0,982079.01,7867845,-0.9491779967860788,-9604.719999999972
55690,PA,2023,1,1282324.3399999999,594474.25,55690,PA,1266482.0,1245273.0,9926384,-1.2354393896944866,-15842.339999999851
55690,PA,2023,2,1429195.28,699747.397,55690,PA,1406677.0,1383507.0,11684215,-1.5755915454744596,-22518.280000000028
55690,PA,2023,3,1880007.48,867004.5260000001,55690,PA,1841214.0,1807149.0,14721026,-2.063474768728047,-38793.47999999998
55690,PA,2023,4,1626017.0699999998,743702.598,55690,PA,1582496.01,1555525.01,12446326,-2.676543856947321,-43521.05999999982
55690,PA,2024,1,1283935.81,594037.252,55690,PA,1264540.0,1240490.0,10105899,-1.5106526236697189,-19395.810000000056
55690,PA,2024,2,1658039.0699999998,760726.309,55690,PA,1628124.0,1598351.0,12780054,-1.8042439735753535,-29915.069999999832
55690,PA,2024,3,1821948.9100000001,841869.174,55690,PA,1773736.0,1746525.0,14151237,-2.646227330271305,-48212.91000000015
55690,PA,2024,4,1413324.88,648854.976,55690,PA,1373823.0,1352776.0,10905268,-2.794961056653859,-39501.87999999989
55690,PA,2025,1,1368935.85,639681.133,55690,PA,1354186.0,1328262.0,10669235,-1.077468312339113,-14749.850000000093
55690,PA,2025,2,1757483.72,820666.89,55690,PA,1724984.0,1694430.0,13755203,-1.8492188365761917,-32499.719999999972
55690,PA,2025,3,1620043.18,758993.272,55690,PA,1586669.0,1554053.0,12763770,-2.0600796578767695,-33374.179999999935
55690,PA,2025,4,1314217.84,607230.551,55690,PA,1264325.01,1244406.01,10197727,-3.7963896457226656,-49892.830000000075
55710,PA,2020,1,798861.8899999999,457248.972,55710,PA,1181968.0,1167233.0,8072311,47.95648844883565,383106.1100000001
55710,PA,2020,2,712995.29,388126.31,55710,PA,1068639.0,1052055.0,7313684,49.880232729167105,355643.70999999996
55710,PA,2020,3,769720.3,423833.019,55710,PA,1166805.0,1144411.0,7934574,51.58818079762219,397084.69999999995
55710,PA,2020,4,671283.13,364371.499,55710,PA,997570.0,976953.0,6721809,48.60644568857257,326286.87
55710,PA,2021,1,798814.64,433659.83400000003,55710,PA,1187452.0,1156709.0,8022498,48.651757308804456,388637.36
55710,PA,2021,2,691313.42,408736.31,55710,PA,1041512.0,1024584.0,7223522,50.65699144101672,350198.57999999996
55710,PA,2021,3,727970.44,437774.515,55710,PA,1110111.0,1091222.0,7722125,52.4939666506239,382140.56000000006
55710,PA,2021,4,203771.57,118025.688,55710,PA,302957.0,297188.0,2150489,48.67481268363393,99185.43
55710,PA,2022,1,819553.23,469302.065,55710,PA,1212490.0,1192430.0,8391386,47.94524084787025,392936.77
55710,PA,2022,2,639804.63,367401.588,55710,PA,970196.0,951265.0,6641764,51.63941530088646,330391.37
55710,PA,2022,3,760342.0,426685.8,55710,PA,1158745.0,1137862.0,7945265,52.3978683276736,398403.0
55710,PA,2022,4,768147.0800000001,415869.523,55710,PA,1143198.0,1123604.0,7680690,48.8254046347478,375050.9199999999
55710,PA,2023,1,841111.0,456517.5,55710,PA,1248696.0,1226979.0,8397457,48.45793242509015,407585.0
55710,PA,2023,2,676859.11,375648.57700000005,55710,PA,1013697.0,998067.0,6851885,49.76484544915116,336837.89
55710,PA,2023,3,803636.05,447605.57999999996,55710,PA,1217317.0,1196988.0,8169660,51.47615640189361,413680.94999999995
55710,PA,2023,4,728062.95,399464.345,55710,PA,1084461.0,1058363.0,7296443,48.951543269713156,356398.05000000005
55710,PA,2024,1,834129.0,453765.5,55710,PA,1228317.0,1190538.0,8284575,47.25743859762699,394188.0
55710,PA,2024,2,637614.3999999999,353248.963,55710,PA,958612.0,941280.0,6473527,50.343530509975956,320997.6000000001
55710,PA,2024,3,688207.94,384614.702,55710,PA,1034166.0,1008838.0,7138497,50.26940840002515,345958.06000000006
55710,PA,2024,4,624717.42,342711.762,55710,PA,971216.0,908937.0,6515306,55.464850011706076,346498.57999999996
55710,PA,2025,1,793873.91,436985.976,55710,PA,1189166.0,1157260.0,7939025,49.79280525795337,395292.08999999997
55710,PA,2025,2,682145.88,398366.901,55710,PA,1059004.0,1016813.0,7065703,55.24597172675146,376858.12
55710,PA,2025,3,795936.8200000001,473014.956,55710,PA,1207234.0,1190307.0,8497110,51.67460150920018,411297.17999999993
55710,PA,2025,4,714426.88,413982.442,55710,PA,1066809.0,1043668.0,7549828,49.323748848867496,352382.12
55801,PA,2020,1,1424951.5899999999,578528.872,55801,PA,1415995.0,1382244.0,10065363,-0.6285539847707986,-8956.589999999851
55801,PA,2020,2,1015100.45,408468.213,55801,PA,995004.0,969289.0,7062670,-1.9797498858364169,-20096.449999999953
55801,PA,2020,3,1674554.69,671781.399,55801,PA,1636409.0,1601686.0,11632141,-2.2779602378946455,-38145.689999999944
55801,PA,2020,4,1301421.78,522446.44200000004,55801,PA,1278448.0,1236311.0,9087634,-1.765283196658967,-22973.780000000028
55801,PA,2021,1,1033766.45,420364.79000000004,55801,PA,1005149.0,976768.0,7144934,-2.7682703380439513,-28617.449999999953
55801,PA,2021,2,1438053.08,580801.147,55801,PA,1420399.0,1383583.0,10096669,-1.2276375778841262,-17654.080000000075
55801,PA,2021,3,1629627.1400000001,658534.014,55801,PA,1594493.0,1559696.0,11334187,-2.155961884630869,-35134.14000000013
55801,PA,2021,4,1374533.09,557085.524,55801,PA,1356292.0,1327948.0,9640976,-1.3270753634603358,-18241.090000000084
55801,PA,2022,1,1060498.75,433661.37799999997,55801,PA,1054826.0,1026446.0,7498055,-0.5349134074886934,-5672.75
55801,PA,2022,2,1367348.43,553626.648,55801,PA,1348422.0,1316294.0,9585033,-1.3841702366967237,-18926.429999999935
55801,PA,2022,3,1709950.88,699739.0,55801,PA,1696268.0,1659492.0,12057639,-0.8001914066677687,-13682.879999999888
55801,PA,2022,4,1482587.29,606833.021,55801,PA,1476565.0,1442429.0,10495916,-0.406201377862887,-6022.290000000037
55801,PA,2023,1,1738825.8199999998,705746.004,55801,PA,1717952.0,1682504.0,12211776,-1.2004549138797487,-20873.819999999832
55801,PA,2023,2,980592.52,401845.98,55801,PA,980469.0,956505.0,6969501,-0.012596465655277344,-123.52000000001863
55801,PA,2023,3,1731322.98,708721.583,55801,PA,1731652.0,1696234.0,12309159,0.019003964240110683,329.0200000000186
55801,PA,2023,4,1605485.0,645242.147,55801,PA,1606001.0,1572003.0,11415990,0.03213982067724084,516.0
55801,PA,2024,1,1814552.05,729907.985,55801,PA,1814028.0,1776845.0,12894716,-0.028880406048426472,-524.0500000000466
55801,PA,2024,2,1445826.33,583406.52,55801,PA,1445640.0,1414686.0,10224811,-0.01288743994585259,-186.3300000000745
55801,PA,2024,3,1827490.38,740302.416,55801,PA,1835512.0,1798418.0,13047432,0.4389418454832092,8021.620000000112
55801,PA,2024,4,1643466.99,661780.027,55801,PA,1643603.0,1609137.0,11683278,0.008275797495635085,136.0100000000093
55801,PA,2025,1,1701879.37,689932.436,55801,PA,1695346.0,1658967.0,12051084,-0.3838914857990265,-6533.370000000112
55801,PA,2025,2,1101811.22,447219.115,55801,PA,1109116.0,1082937.0,7883965,0.6629792715307462,7304.780000000028
55801,PA,2025,3,1781573.68,723466.327,55801,PA,1762712.0,1726044.0,12529944,-1.0587089499436215,-18861.679999999935
55801,PA,2025,4,1163278.06,471189.636,55801,PA,1171235.0,1149540.0,8325529,0.684010149731522,7956.939999999944
55976,PA,2020,1,1173664.01,748886.587,55976,PA,1817966.0,1791666.0,12607801,54.89663008410729,644301.99
55976,PA,2020,2,1102175.4100000001,710715.801,55976,PA,1705497.0,1685026.0,11967781,54.73916261659292,603321.5899999999
55976,PA,2020,3,1118238.88,733491.808,55976,PA,1772366.0,1737120.0,12328208,58.4961882205348,654127.1200000001
55976,PA,2020,4,885625.89,576061.575,55976,PA,1382229.0,1356844.0,9692449,56.07368930915061,496603.11
55976,PA,2021,1,994697.59,613888.074,55976,PA,1474811.0,1450267.0,10253658,48.2672738756711,480113.41000000003
55976,PA,2021,2,602496.54,389747.832,55976,PA,936623.0,917256.0,6605682,55.45699233393107,334126.45999999996
55976,PA,2021,3,1046755.94,683593.331,55976,PA,1644796.0,1618187.0,11479513,57.1327123302496,598040.06
55976,PA,2021,4,1114210.8399999999,717677.608,55976,PA,1746451.0,1721817.0,12048621,56.74331439819776,632240.1600000001
55976,PA,2022,1,1096274.99,693757.9029999999,55976,PA,1688078.0,1657794.0,11633816,53.98308046779394,591803.01
55976,PA,2022,2,722457.72,467035.552,55976,PA,1130652.0,1108502.0,7862907,56.500784571863946,408194.28
55976,PA,2022,3,1094638.8699999999,716601.041,55976,PA,1735720.0,1698028.0,12081093,58.565536778353234,641081.1300000001
55976,PA,2022,4,949400.38,610826.904,55976,PA,1481918.0,1449800.0,10265156,56.08988907293254,532517.62
55976,PA,2023,1,996238.74,640630.483,55976,PA,1547187.0,1519021.0,10738235,55.302834338684725,550948.26
55976,PA,2023,2,1017790.77,680109.262,55976,PA,1638408.0,1605157.0,11478893,60.97689704928253,620617.23
55976,PA,2023,3,1079816.33,736406.468,55976,PA,1753164.0,1714765.0,12361990,62.35761131710241,673347.6699999999
55976,PA,2023,4,137227.66999999998,93461.826,55976,PA,223778.0,218608.0,1508816,63.07061105096372,86550.33000000002
55976,PA,2024,1,394424.34,259627.317,55976,PA,622793.0,609168.0,4360950,57.89923106672371,228368.65999999997
55976,PA,2024,2,1056940.04,715966.7609999999,55976,PA,1701970.0,1671500.0,11936351,61.02805604753132,645029.96
55976,PA,2024,3,1066572.0,716271.477,55976,PA,1725591.0,1688527.0,12091029,61.788514980704534,659019.0
55976,PA,2024,4,981244.14,623971.227,55976,PA,1524984.0,1495943.0,10616111,55.41331028993457,543739.86
55976,PA,2025,1,903006.9,549934.084,55976,PA,1350536.0,1329866.0,9328923,49.559876009806786,447529.1
55976,PA,2025,2,1023313.8,653369.189,55976,PA,1604540.0,1579886.0,11218292,56.79843269972514,581226.2
55976,PA,2025,3,1091392.2,724739.506,55976,PA,1765173.0,1728895.0,12329420,61.735900256571384,673780.8
55976,PA,2025,4,952181.24,607020.755,55976,PA,1476175.0,1447936.0,10135461,55.030884666452785,523993.76
56397,PA,2020,1,551.27,279.178,56397,PA,9531.35,9317.98,86433,1628.9803544542601,8980.08
56397,PA,2020,2,2765.17,1515.651,56397,PA,8274.99,8089.74,75041,199.25791181012377,5509.82
56397,PA,2020,3,25030.02,12560.394,56397,PA,12208.02,11934.73,110707,-51.22648723412926,-12822.0
56397,PA,2020,4,11502.7,6333.306,56397,PA,9204.63,8998.57,83471,-19.978526780668897,-2298.0700000000015
56397,PA,2021,1,8078.65,4450.636,56397,PA,7973.4400000000005,7715.67,77277,-1.3023215512492696,-105.20999999999913
56397,PA,2021,2,5848.04,3238.812,56397,PA,5800.7,5613.17,56219,-0.8095019869905155,-47.340000000000146
56397,PA,2021,3,17449.74,9738.451,56397,PA,17446.5,16882.48,169085,-0.018567611895659194,-3.2400000000016007
56397,PA,2021,4,4879.73,2687.59,56397,PA,4815.360000000001,4659.6900000000005,46669,-1.319130361720812,-64.36999999999898
56397,PA,2022,1,14334.51,7884.176,56397,PA,13858.77,13627.66,137183,-3.3188438251464456,-475.7399999999998
56397,PA,2022,2,12203.86,6783.443,56397,PA,11923.33,11724.5,118024,-2.298698936238212,-280.53000000000065
56397,PA,2022,3,27363.61,15266.374,56397,PA,26836.07,26388.54,265641,-1.9278889006238606,-527.5400000000009
56397,PA,2022,4,916.86,495.5,56397,PA,870.83,856.31,8620,-5.020395698361797,-46.02999999999997
56397,PA,2023,1,4847.56,2646.454,56397,PA,4666.54,4595.09,46038,-3.7342498081509135,-181.02000000000044
56397,PA,2023,2,14713.61,8186.421,56397,PA,14437.08,14216.039999999999,142427,-1.8794164042678898,-276.53000000000065
56397,PA,2023,3,13547.64,7490.686,56397,PA,13206.93,13004.71,130290,-2.514902964649187,-340.7099999999991
56397,PA,2023,4,18989.67,10640.718,56397,PA,18763.46,18476.170000000002,185108,-1.1912265984611587,-226.20999999999913
56397,PA,2024,1,14295.82,7998.283,56397,PA,14075.01,13652.36,138614,-1.5445773659713085,-220.8099999999995
56397,PA,2024,2,6594.22,3716.947,56397,PA,6541.4,6344.98,64423,-0.8010045160762095,-52.82000000000062
56397,PA,2024,3,4477.56,2506.097,56397,PA,4410.83,4278.389999999999,43440,-1.490320621052548,-66.73000000000047
56397,PA,2024,4,2050.96,1144.953,56397,PA,2014.77,1954.27,19842,-1.7645395327066375,-36.190000000000055
58420,PA,2020,1,1264939.0,501599.025,58420,PA,1265347.0,1247665.0,8411485,0.03225451978316741,408.0
58420,PA,2020,2,1260871.25,507515.9,58420,PA,1264171.0,1241890.0,8409236,0.2617039606541905,3299.75
58420,PA,2020,3,1609431.0,638073.3,58420,PA,1611971.0,1583556.0,10593228,0.15781975120399694,2540.0
58420,PA,2020,4,1023384.75,404370.1,58420,PA,1025487.0,1008142.0,6687502,0.20542127484311254,2102.25
58420,PA,2021,1,1767732.0,693850.7,58420,PA,1771485.0,1747012.0,11531420,0.21230593777789847,3753.0
58420,PA,2021,2,1247272.75,492183.225,58420,PA,1250571.0,1229370.0,8186773,0.26443694853431216,3298.25
58420,PA,2021,3,1607398.25,638025.875,58420,PA,1610823.0,1582493.0,10583143,0.21306169768444133,3424.75
58420,PA,2021,4,1540499.75,607489.925,58420,PA,1543004.0,1518827.0,10177531,0.16256088324584278,2504.25
58420,PA,2022,1,1540057.5,610211.675,58420,PA,1542414.0,1520185.0,10034488,0.15301376734310246,2356.5
58420,PA,2022,2,1400941.51,569558.362,58420,PA,1404450.0,1379729.0,9224960,0.25043800722272774,3508.4899999999907
58420,PA,2022,3,1585134.03,630590.808,58420,PA,1587065.0,1559297.0,10417714,0.12181745918356014,1930.969999999972
58420,PA,2022,4,1603221.29,633091.112,58420,PA,1608165.0,1583509.0,10377876,0.3083610497712367,4943.709999999963
58420,PA,2023,1,1752793.4,689108.0800000001,58420,PA,1757700.0,1733186.0,11556281,0.27993031009816066,4906.600000000093
58420,PA,2023,2,1481724.19,588393.1059999999,58420,PA,1485504.0,1460462.0,9747699,0.255095383169796,3779.810000000056
58420,PA,2023,3,1537815.06,616305.517,58420,PA,1540347.0,1512114.0,10190124,0.16464528576017093,2531.939999999944
58420,PA,2023,4,1525989.8199999998,600663.9550000001,58420,PA,1528233.0,1505372.0,9990257,0.14699835939928932,2243.1800000001676
58420,PA,2024,1,1522214.08,608784.204,58420,PA,1524689.0,1502473.0,10164641,0.16258685506311474,2474.9199999999255
58420,PA,2024,2,1540908.53,612887.646,58420,PA,1543604.0,1517834.0,10215574,0.17492732031277497,2695.469999999972
58420,PA,2024,3,1495071.38,599172.1059999999,58420,PA,1497655.0,1471113.0,9881584,0.17280914039034792,2583.6200000001118
58420,PA,2024,4,1402309.58,561342.55,58420,PA,1404412.0,1382824.0,9369580,0.1499255250042523,2102.4199999999255
58420,PA,2025,1,1490616.52,597154.913,58420,PA,1493860.0,1472344.0,9946163,0.21759318754900028,3243.4799999999814
58420,PA,2025,2,1092481.32,436556.218,58420,PA,1098421.0,1075291.0,7313864,0.5436870993821601,5939.679999999935
58420,PA,2025,3,1302691.88,526022.981,58420,PA,1304200.0,1279879.0,8800852,0.11576950951748559,1508.1200000001118
58420,PA,2025,4,1388703.18,555081.046,58420,PA,1391465.0,1369644.0,9283048,0.1988776320077315,2761.820000000065
58426,PA,2020,1,1551543.51,600046.075,58426,PA,1550801.0,1529639.0,10138402,-0.047856215131215324,-742.5100000000093
58426,PA,2020,2,1533229.87,595875.4110000001,58426,PA,1533516.0,1508152.0,10150723,0.018661911406662606,286.12999999988824
58426,PA,2020,3,1709800.3,665960.7930000001,58426,PA,1712300.0,1683768.0,11291512,0.14619836012427612,2499.6999999999534
58426,PA,2020,4,1498248.5899999999,582387.094,58426,PA,1494032.0,1472539.0,9866157,-0.2814346049209265,-4216.589999999851
58426,PA,2021,1,1753520.8199999998,681362.881,58426,PA,1748196.0,1715080.31,11402734,-0.3036644868579224,-5324.819999999832
58426,PA,2021,2,900949.19,349317.727,58426,PA,899697.0,883228.0,5979943,-0.13898564024458962,-1252.1899999999441
58426,PA,2021,3,1653514.9100000001,636891.8729999999,58426,PA,1655164.0,1627034.0,10888171,0.09973239370426062,1649.089999999851
58426,PA,2021,4,1652817.13,635877.872,58426,PA,1653294.0,1629906.0,10814715,0.028851951697772625,476.87000000011176
58426,PA,2022,1,1753678.0,676941.8,58426,PA,1755540.0,1733309.0,11412692,0.10617684660467884,1862.0
58426,PA,2022,2,1420397.1099999999,553030.2320000001,58426,PA,1423412.0,1399589.0,9410506,0.2122568385118814,3014.8900000001304
58426,PA,2022,3,1595412.19,619849.327,58426,PA,1594719.0,1566915.0,10444015,-0.04344895973246539,-693.1899999999441
58426,PA,2022,4,1706186.1400000001,657585.73,58426,PA,1710210.0,1687198.0,11194052,0.23583944949874397,4023.8599999998696
58426,PA,2023,1,1787232.6800000002,687166.992,58426,PA,1789757.0,1767003.0,11569286,0.14124182196577964,2524.3199999998324
58426,PA,2023,2,1401932.78,545905.238,58426,PA,1405510.0,1381276.0,9322452,0.2551634465669582,3577.219999999972
58426,PA,2023,3,1715816.0,661768.5,58426,PA,1718327.0,1689530.0,11347350,0.14634436326505873,2511.0
58426,PA,2023,4,1580151.68,607979.3659999999,58426,PA,1583482.0,1561603.0,10340511,0.21075951392211062,3330.320000000065
58426,PA,2024,1,1814157.0,698556.8,58426,PA,1816641.0,1793751.0,11760612,0.13692309981991638,2484.0
58426,PA,2024,2,1509322.72,581337.406,58426,PA,1511389.0,1486693.0,9913529,0.13690113934016895,2066.280000000028
58426,PA,2024,3,1657534.44,640743.878,58426,PA,1615033.0,1588468.0,10834513,-2.5641361635900575,-42501.439999999944
58426,PA,2024,4,1479708.53,585926.575,58426,PA,1482763.0,1462101.0,9723576,0.20642376103623405,3054.469999999972
58426,PA,2025,1,1761503.25,697948.385,58426,PA,1762438.0,1740255.0,11628558,0.05306547121045618,934.75
58426,PA,2025,2,1625832.55,646865.009,58426,PA,1626763.0,1600506.0,10664318,0.057229140848481186,930.4499999999534
58426,PA,2025,3,1698130.72,675762.0989999999,58426,PA,1698702.0,1660601.0,11266460,0.033641697501357724,571.2800000000279
58426,PA,2025,4,1113623.69,444144.498,58426,PA,1116053.0,1100697.0,7205973,0.2181446050236284,2429.310000000056
58933,PA,2021,4,18316.0,16401.575,58933,PA,205521.0,199355.37,2056406,1022.0845162699279,187205.0
58933,PA,2022,1,309240.25,202676.75,58933,PA,340297.0,330421.85,3429481,10.042919704016537,31056.75
58933,PA,2022,2,262661.75,176960.375,58933,PA,320277.0,311639.0,2987893,21.935150435874277,57615.25
58933,PA,2022,3,259797.0,234909.5,58933,PA,394389.0,380849.0,3978828,51.80660284760794,134592.0
58933,PA,2022,4,359095.0,244151.875,58933,PA,401138.0,384955.0,4152370,11.708043832412036,42043.0
58933,PA,2023,1,394407.0,257375.8,58933,PA,417358.0,401237.0,4335901,5.819115786484519,22951.0
58933,PA,2023,2,319650.0,212876.875,58933,PA,379657.0,363904.0,3590404,18.772720162677928,60007.0
58933,PA,2023,3,253818.25,244401.975,58933,PA,418035.0,399576.0,4176274,64.69855890977107,164216.75
58933,PA,2023,4,256221.25,228159.8,58933,PA,377368.0,365906.0,3835205,47.28208530713202,121146.75
58933,PA,2024,1,270140.75,219711.7,58933,PA,444870.0,424710.0,3706005,64.68081916556461,174729.25
58933,PA,2024,2,197275.75,177205.975,58933,PA,391937.0,372170.0,2986263,98.6746977264058,194661.25
58933,PA,2024,3,227108.0,211637.8,58933,PA,401032.0,375405.0,3564428,76.58206668193105,173924.0
58933,PA,2024,4,326396.5,220898.875,58933,PA,462352.0,438083.0,3729843,41.65347974013201,135955.5
58933,PA,2025,1,339314.25,226327.55,58933,PA,440284.0,411732.0,3809129,29.757002542628257,100969.75
58933,PA,2025,2,346225.0,231881.95,58933,PA,363714.0,341626.0,3854555,5.051339446891472,17489.0
58933,PA,2025,3,331737.0,228711.25,58933,PA,429202.0,406998.0,3831049,29.380201786354853,97465.0
58933,PA,2025,4,345706.0,231497.075,58933,PA,425169.0,403427.0,3908022,22.98571618658629,79463.0
59906,PA,2020,1,1174080.53,476452.229,59906,PA,1172671.0,1157892.0,7749576,-0.12005394553302301,-1409.530000000028
59906,PA,2020,2,998343.85,397950.865,59906,PA,994819.0,981165.0,6483382,-0.3530697364440094,-3524.8499999999767
59906,PA,2020,3,2023256.28,793366.925,59906,PA,2021090.0,1992470.0,12945014,-0.10706898683146694,-2166.280000000028
59906,PA,2020,4,1694408.62,660280.9469999999,59906,PA,1693006.0,1568942.0,10797030,-0.08277932391539129,-1402.6200000001118
59906,PA,2021,1,2095239.8,816443.963,59906,PA,2095769.0,2068615.0,13312385,0.025257252177051687,529.1999999999534
59906,PA,2021,2,1592518.43,618482.503,59906,PA,1585450.0,1568762.0,10135199,-0.4438523201266773,-7068.429999999935
59906,PA,2021,3,2000871.9300000002,779496.218,59906,PA,1992231.0,1972929.0,12729135,-0.4318582249289772,-8640.930000000168
59906,PA,2021,4,1660889.2000000002,645217.706,59906,PA,1656987.0,1642552.0,10625792,-0.23494643712537755,-3902.2000000001863
59906,PA,2022,1,1912879.34,749224.7050000001,59906,PA,1909607.0,1892335.0,12273853,-0.17106881399012253,-3272.340000000084
59906,PA,2022,2,1386473.46,537656.376,59906,PA,1384259.0,1368333.0,8864600,-0.1597188885245566,-2214.4599999999627
59906,PA,2022,3,1123709.0,439038.0,59906,PA,1122017.0,1105938.0,7256837,-0.15057279064241721,-1692.0
59906,PA,2022,4,87550.5,38411.356,59906,PA,88185.0,86625.0,639559,0.724724587523772,634.5
59906,PA,2023,1,1571663.0499999998,613960.557,59906,PA,1570853.0,1554361.0,10035932,-0.05154094575168729,-810.0499999998137
59906,PA,2023,2,1673911.11,653223.088,59906,PA,1673238.0,1651884.0,10685064,-0.04021181268102716,-673.1100000001024
59906,PA,2023,3,2020493.6099999999,789067.647,59906,PA,2021063.0,1995516.0,12870468,0.028180737478310083,569.3900000001304
59906,PA,2023,4,1859635.38,726650.752,59906,PA,1859655.0,1840754.0,11888228,0.0010550455326415525,19.62000000011176
59906,PA,2024,1,2016301.3,793357.5020000001,59906,PA,2013468.0,1996349.0,12940924,-0.140519673324619,-2833.3000000000466
59906,PA,2024,2,1885645.2599999998,742037.94,59906,PA,1881880.0,1862897.0,12122267,-0.19968018799038462,-3765.2599999997765
59906,PA,2024,3,2274752.9,892365.01,59906,PA,2271728.0,2247355.0,14609387,-0.13297708071940065,-3024.899999999907
59906,PA,2024,4,1826107.9500000002,716606.048,59906,PA,1827716.0,1808648.0,11741681,0.08805886858987791,1608.0499999998137
59906,PA,2025,1,2135764.62,841657.271,59906,PA,2128824.0,2109824.0,13735557,-0.3249712039897033,-6940.620000000112
59906,PA,2025,2,1742328.98,682349.616,59906,PA,1741912.0,1720021.0,11139103,-0.023932334523872834,-416.9799999999814
59906,PA,2025,3,1881824.63,739200.607,59906,PA,1882077.0,1859286.0,12120875,0.01341092023012324,252.37000000011176
59906,PA,2025,4,1375697.23,542032.3,59906,PA,1375339.0,1355844.0,8923782,-0.026039886698033216,-358.2299999999814
60357,PA,2020,1,2443292.23,955634.899,60357,PA,2460711.0,2389041.0,16047250,0.7129220887343475,17418.77000000002
60357,PA,2020,2,1829945.18,720747.3019999999,60357,PA,1839119.0,1785554.0,11923419,0.5013166569284915,9173.820000000065
60357,PA,2020,3,2673054.26,1039118.343,60357,PA,2687119.0,2608856.0,17354280,0.5261673962428367,14064.740000000224
60357,PA,2020,4,2491317.86,962813.1410000001,60357,PA,2516104.0,2442891.0,15937001,0.9949007470287284,24786.14000000013
60357,PA,2021,1,3127099.56,1195196.037,60357,PA,3160826.0,3069031.0,19794415,1.0785214654310509,33726.439999999944
60357,PA,2021,2,2073262.3,795448.7069999999,60357,PA,2087227.0,2026436.0,13133485,0.673561661734743,13964.699999999953
60357,PA,2021,3,2860955.29,1091763.1570000001,60357,PA,2877798.0,2793979.0,18189600,0.5887093048560001,16842.709999999963
60357,PA,2021,4,2715937.46,1037075.357,60357,PA,2745852.0,2665876.0,17260588,1.1014443609463687,29914.540000000037
60357,PA,2022,1,2903517.17,1121620.613,60357,PA,2933749.0,2848297.0,18568823,1.041214094146379,30231.830000000075
60357,PA,2022,2,1731787.46,692977.459,60357,PA,1743711.0,1692924.0,12062940,0.688510586628225,11923.540000000037
60357,PA,2022,3,2784565.0,1069504.8429999999,60357,PA,2802487.0,2717949.0,17846528,0.6436193804059162,17922.0
60357,PA,2022,4,1927286.17,748348.8420000001,60357,PA,1933029.0,1889274.0,12522711,0.2979749499266149,5742.8300000000745
60357,PA,2023,1,3078029.69,1175741.2650000001,60357,PA,3075125.0,3020196.0,19252081,-0.09436848544498426,-2904.689999999944
60357,PA,2023,2,2079028.7999999998,802061.311,60357,PA,2077966.0,2034150.0,12953458,-0.051120022964559884,-1062.7999999998137
60357,PA,2023,3,3038130.17,1156640.016,60357,PA,3037684.0,2969499.0,18460352,-0.014685677539613964,-446.1699999999255
60357,PA,2023,4,2489312.37,949627.1610000001,60357,PA,2487830.0,2444653.0,15213266,-0.05954937668188712,-1482.3700000001118
60357,PA,2024,1,2702215.26,1040776.6769999999,60357,PA,2700185.0,2650296.0,16663452,-0.07513317055280698,-2030.2599999997765
60357,PA,2024,2,2478709.19,951497.0260000001,60357,PA,2474012.0,2419522.0,15191662,-0.18950145579602842,-4697.189999999944
60357,PA,2024,3,2868676.91,1104740.178,60357,PA,2870980.0,2805741.0,17679633,0.08028404983396512,2303.089999999851
60357,PA,2024,4,1753425.96,680026.3729999999,60357,PA,1755555.0,1732254.0,10829396,0.12142172230642902,2129.0400000000373
60357,PA,2025,1,2741650.37,1059665.652,60357,PA,2740926.0,2687608.0,16999384,-0.02642094732159855,-724.3700000001118
60357,PA,2025,2,2732821.19,1046804.737,60357,PA,2730992.0,2670047.0,16670730,-0.06693412678053569,-1829.1899999999441
60357,PA,2025,3,2018764.34,791139.208,60357,PA,2021238.0,1968766.0,12606118,0.12253337108183296,2473.659999999916
60357,PA,2025,4,1756917.9,714147.257,60357,PA,1755362.0,1716747.0,10822209,-0.08855849211849381,-1555.8999999999069
60368,PA,2020,1,1408582.8,574995.029,60368,PA,1411083.0,1384952.0,9444706,0.17749755285950908,2500.1999999999534
60368,PA,2020,2,1451841.12,586009.2490000001,60368,PA,1453551.0,1426435.0,9651976,0.11777321749916328,1709.8799999998882
60368,PA,2020,3,2169384.19,879319.912,60368,PA,2170896.0,2134664.0,14445338,0.06968844001762804,1511.8100000000559
60368,PA,2020,4,1330148.34,538524.897,60368,PA,1332005.0,1307783.0,8860441,0.13958292802139016,1856.6599999999162
60368,PA,2021,1,1746072.83,708681.548,60368,PA,1746231.0,1715057.0,11648668,0.009058614124356169,158.1699999999255
60368,PA,2021,2,2044777.77,829773.54,60368,PA,2046271.0,2011426.0,13637454,0.07302651769341083,1493.2299999999814
60368,PA,2021,3,2051097.83,835152.863,60368,PA,2052258.0,2016643.0,13745854,0.05656336733581964,1160.1699999999255
60368,PA,2021,4,1826004.9500000002,739331.961,60368,PA,1828295.0,1797411.0,12150908,0.12541313209473026,2290.0499999998137
60368,PA,2022,1,2135761.6,866494.008,60368,PA,2136510.0,2100642.0,14254959,0.03504136416723228,748.3999999999069
60368,PA,2022,2,1548140.78,630202.976,60368,PA,1549942.0,1521678.0,10346664,0.11634730014669416,1801.219999999972
60368,PA,2022,3,2088088.8599999999,852037.7069999999,60368,PA,2088065.0,2052054.0,14035389,-0.0011426716772900947,-23.859999999869615
60368,PA,2022,4,2109836.66,859241.031,60368,PA,2111223.0,2076277.0,14121647,0.06570840417569818,1386.339999999851
60368,PA,2023,1,1968460.72,799647.539,60368,PA,1970601.0,1938338.0,13103554,0.10872861105402337,2140.280000000028
60368,PA,2023,2,1578311.17,646268.201,60368,PA,1579977.0,1550229.0,10680245,0.10554509349383079,1665.8300000000745
60368,PA,2023,3,2182934.1,888976.985,60368,PA,2182206.0,2145916.0,14305346,-0.033354190582303565,-728.1000000000931
60368,PA,2023,4,2135000.68,864693.477,60368,PA,2136858.0,2102233.0,14227058,0.08699388329936421,1857.3199999998324
60368,PA,2024,1,2271224.06,915093.625,60368,PA,2273686.0,2237428.0,15049995,0.10839705528656403,2461.939999999944
60368,PA,2024,2,1987098.49,804438.907,60368,PA,1988762.0,1955500.0,13227689,0.08371552836316681,1663.5100000000093
60368,PA,2024,3,2044967.4,835535.507,60368,PA,2056406.0,2021657.0,13685460,0.5593536601121414,11438.600000000093
60368,PA,2024,4,1377381.28,565233.283,60368,PA,1382184.0,1358803.0,9378636,0.3486848608832532,4802.719999999972
60368,PA,2025,1,2165195.14,882429.4439999999,60368,PA,2164803.0,2126639.0,14475303,-0.018111069656295754,-392.1400000001304
60368,PA,2025,2,1937023.62,787870.473,60368,PA,1941962.0,1909078.0,13046369,0.2549468137099891,4938.379999999888
60368,PA,2025,3,2178627.19,887719.917,60368,PA,2178779.0,2143450.0,14621444,0.006968149516212358,151.81000000005588
60368,PA,2025,4,2068089.6600000001,848333.808,60368,PA,2086213.0,2049360.0,13974125,0.8763324120096345,18123.33999999985
60464,PA,2020,1,1958996.59,789842.553,60464,PA,1950975.0,1915100.0,12692553,-0.4094744238426716,-8021.590000000084
60464,PA,2020,2,1330056.3900000001,549577.779,60464,PA,1327300.0,1299194.0,8723943,-0.20723858181683036,-2756.3900000001304
60464,PA,2020,3,1942731.67,797633.953,60464,PA,1936715.0,1901447.0,12960311,-0.30970154514441645,-6016.6699999999255
60464,PA,2020,4,1182552.7,481987.25100000005,60464,PA,1178360.0,1154596.0,7686508,-0.354546566931009,-4192.699999999953
60464,PA,2021,1,1978217.0,795223.1,60464,PA,1969664.0,1934178.0,12926401,-0.4323590384674684,-8553.0
60464,PA,2021,2,1629388.53,662168.202,60464,PA,1621771.0,1591749.0,10504098,-0.4675085076240243,-7617.530000000028
60464,PA,2021,3,1958837.0,794926.6,60464,PA,1952163.0,1917231.0,12466353,-0.34071237167768426,-6674.0
60464,PA,2021,4,1709487.51,687044.301,60464,PA,1703160.0,1672604.0,10827417,-0.37014075639546556,-6327.510000000009
60464,PA,2022,1,2057211.3900000001,802171.148,60464,PA,2048310.0,2011172.0,13045977,-0.43269204337820283,-8901.39000000013
60464,PA,2022,2,1198879.73,473631.33900000004,60464,PA,1193593.0,1171863.0,7660793,-0.4409725068919116,-5286.729999999981
60464,PA,2022,3,2032394.0,803557.8,60464,PA,2022891.0,1987506.0,12992380,-0.46757666082462357,-9503.0
60464,PA,2022,4,1869086.96,732598.086,60464,PA,1860536.0,1828078.0,12118385,-0.4574939627207052,-8550.959999999963
60464,PA,2023,1,2046201.01,794858.174,60464,PA,2036237.0,1999959.0,13384506,-0.48695167050083754,-9964.01000000001
60464,PA,2023,2,1342101.73,527510.654,60464,PA,1336093.0,1310157.0,8695690,-0.44771047273741177,-6008.729999999981
60464,PA,2023,3,2009844.0,788261.3999999999,60464,PA,2001205.0,1966146.0,12799349,-0.42983435530319763,-8639.0
60464,PA,2023,4,1417594.17,549980.1089999999,60464,PA,1410023.0,1384239.0,9042113,-0.5340858590015171,-7571.1699999999255
60464,PA,2024,1,1967903.0,761506.7,60464,PA,1956468.0,1920252.0,12611660,-0.5810753883702601,-11435.0
60464,PA,2024,2,1559431.0,614857.5449999999,60464,PA,1550937.0,1522371.0,10018181,-0.5446858501594493,-8494.0
60464,PA,2024,3,1962182.0,775706.8999999999,60464,PA,1951879.0,1916153.0,12753795,-0.5250787133915202,-10303.0
60464,PA,2024,4,1749508.46,682771.13,60464,PA,1742787.0,1709743.0,10964333,-0.3841913402350717,-6721.459999999963
60464,PA,2025,1,1989538.0,765628.0,60464,PA,1981178.0,1942226.0,12726516,-0.4201980560310987,-8360.0
60464,PA,2025,2,1591228.02,627220.292,60464,PA,1583784.0,1554860.0,10068264,-0.4678160456224255,-7444.020000000019
60464,PA,2025,3,1615324.1,636400.8200000001,60464,PA,1610259.0,1581567.0,10200015,-0.3135655562868215,-5065.100000000093
60464,PA,2025,4,1248403.4500000002,490698.676,60464,PA,1243469.0,1219644.0,7923757,-0.3952608429590759,-4934.450000000186
60589,PA,2020,1,1911480.8199999998,713723.758,60589,PA,2064371.0,2022767.02,13038434,7.998520225800654,152890.18000000017
60589,PA,2020,2,1360128.9100000001,508545.77599999995,60589,PA,1360080.0,1331806.0,8584740,-0.0035959826778587485,-48.91000000014901
60589,PA,2020,3,2199399.0,826158.533,60589,PA,2198933.0,2161552.0,13971551,-0.021187606250616647,-466.0
60589,PA,2020,4,1912791.98,721291.727,60589,PA,1913517.0,1880622.0,12271955,0.037903755744522656,725.0200000000186
60589,PA,2021,1,1743499.02,661129.676,60589,PA,1742913.0,1711628.0,11072362,-0.033611719494973887,-586.0200000000186
60589,PA,2021,2,1830484.47,685601.5449999999,60589,PA,1829874.0,1796646.0,11596637,-0.03335018734138575,-610.4699999999721
60589,PA,2021,3,2228508.1100000003,836954.282,60589,PA,2228382.0,2188115.0,14164754,-0.005658942834196608,-126.11000000033528
60589,PA,2021,4,2242440.02,834912.7320000001,60589,PA,2243178.0,2202812.0,14180821,0.03290968736813667,737.9799999999814
60589,PA,2022,1,2145203.79,804357.121,60589,PA,2143899.0,2107325.0,13690799,-0.060823591962796096,-1304.7900000000373
60589,PA,2022,2,1759339.3399999999,660775.221,60589,PA,1759223.0,1730168.0,11253979,-0.006612709518554334,-116.33999999985099
60589,PA,2022,3,1961126.33,726554.475,60589,PA,1961135.0,1930924.0,12640786,0.00044209288648556843,8.669999999925494
60589,PA,2022,4,1869241.4100000001,690107.199,60589,PA,1870084.0,1838641.0,11977689,0.04507657467313711,842.589999999851
60589,PA,2023,1,2203512.0,812082.2,60589,PA,2202188.0,2166210.0,14085384,-0.060085899237217674,-1324.0
60589,PA,2023,2,2013450.77,741864.3470000001,60589,PA,2013150.0,1978521.0,12941094,-0.014938035957045955,-300.7700000000186
60589,PA,2023,3,2095140.25,772185.575,60589,PA,2095401.0,2060252.0,13397465,0.012445467552828503,260.75
60589,PA,2023,4,1030081.99,389767.383,60589,PA,1030341.0,1008119.0,6793078,0.025144600382733542,259.0100000000093
60589,PA,2024,1,2177107.0,823717.3999999999,60589,PA,2175935.0,2139444.0,14008324,-0.0538329076154732,-1172.0
60589,PA,2024,2,1751931.3900000001,661349.1410000001,60589,PA,1751844.0,1722566.0,11268257,-0.004988209041686865,-87.39000000013039
60589,PA,2024,3,1944263.37,731176.144,60589,PA,1945368.0,1915290.0,12415560,0.056814833681708886,1104.6299999998882
60589,PA,2024,4,1864809.46,699941.618,60589,PA,1864593.0,1832855.0,11995423,-0.011607620223031405,-216.45999999996275
60589,PA,2025,1,2165651.0,814846.9,60589,PA,2164295.0,2127303.0,13861224,-0.0626139668857078,-1356.0
60589,PA,2025,2,1962927.13,737473.044,60589,PA,1962810.0,1930027.0,12566625,-0.0059671089267530905,-117.12999999988824
60589,PA,2025,3,2196616.21,837004.693,60589,PA,2196394.0,2160830.0,14081474,-0.010116013848407443,-222.20999999996275
60589,PA,2025,4,1319362.07,510096.73400000005,60589,PA,1320459.0,1294746.0,8525926,0.08314093795344099,1096.9299999999348
6094,PA,2020,1,0.0,0.0,6094,PA,0.0,0.0,0,,0.0
61028,PA,2020,2,974826.48,386781.64599999995,61028,PA,781424.0,757981.28,5436726,-19.83968264793135,-193402.47999999998
61028,PA,2020,3,1667863.35,643574.283,61028,PA,1668229.0,1618182.13,10718046,0.021923258880885345,365.64999999990687
61028,PA,2020,4,1618351.38,628039.644,61028,PA,1611144.0,1562809.68,10347732,-0.4453532211280278,-7207.379999999888
61028,PA,2021,1,1735312.9,675821.7220000001,61028,PA,1734402.0,1682369.94,11177520,-0.05249197421398221,-910.8999999999069
61028,PA,2021,2,1550098.83,608840.0449999999,61028,PA,1551348.0,1504807.56,10119676,0.08058647460561759,1249.1699999999255
61028,PA,2021,3,1601772.54,623055.943,61028,PA,1601277.0,1553238.69,10361145,-0.03093697685690362,-495.54000000003725
61028,PA,2021,4,1662153.73,663384.5190000001,61028,PA,1662935.0,1631944.0,11223286,0.04700347422136571,781.2700000000186
61028,PA,2022,1,1252081.44,501882.95699999994,61028,PA,1255279.0,1225277.43,8590991,0.2553795542245284,3197.560000000056
61028,PA,2022,2,1590996.45,632214.633,61028,PA,1574489.0,1542516.0,10550001,-1.0375541692754848,-16507.449999999953
61028,PA,2022,3,1852387.9,732970.931,61028,PA,1852502.0,1818453.0,12375817,0.0061596170003104175,114.10000000009313
61028,PA,2022,4,1629369.67,648288.767,61028,PA,1630288.0,1599205.0,10785796,0.056361058936372284,918.3300000000745
61028,PA,2023,1,1889742.82,741738.967,61028,PA,1888862.0,1855917.0,12233136,-0.04661057529511159,-880.8200000000652
61028,PA,2023,2,1691935.23,677966.782,61028,PA,1692009.0,1660190.0,11198400,0.004360095983107971,73.77000000001863
61028,PA,2023,3,1925200.6099999999,772548.6000000001,61028,PA,1925430.0,1889747.0,12767276,0.011915121925923885,229.39000000013039
61028,PA,2023,4,1182993.75,471936.06299999997,61028,PA,1183885.0,1161173.0,7786283,0.07533852144189265,891.25
61028,PA,2024,1,1123033.48,446264.817,61028,PA,1122358.0,1101844.0,7349499,-0.06014780610102393,-675.4799999999814
61028,PA,2024,2,1744735.55,697212.558,61028,PA,1744677.0,1720760.0,11492884,-0.0033558094233849117,-58.550000000046566
61028,PA,2024,3,1728039.1600000001,681416.9639999999,61028,PA,1728991.0,1697691.0,11213282,0.055082085061072976,951.839999999851
61028,PA,2024,4,995122.45,396860.247,61028,PA,995299.0,975165.0,6532063,0.01774153522514205,176.55000000004657
61028,PA,2025,1,1756502.62,698073.0430000001,61028,PA,1755528.0,1721922.0,11478693,-0.0554863960294071,-974.6200000001118
61028,PA,2025,2,1702064.27,670836.47,61028,PA,1702237.0,1669774.0,11068663,0.010148265435357583,172.72999999998137
61028,PA,2025,3,1963318.0,768567.1000000001,61028,PA,1963311.0,1928944.0,12678365,-0.0003565392870640416,-7.0
61028,PA,2025,4,1373016.13,543733.287,61028,PA,1374014.0,1347940.0,8949381,0.07267722339140413,997.8700000001118
61035,PA,2020,1,1019154.98,395400.94,61035,PA,1020758.0,1000533.0,6317853,0.15728912986325383,1603.0200000000186
61035,PA,2020,2,1024928.42,394621.075,61035,PA,1027000.0,1006887.0,6347178,0.20211948069504773,2071.579999999958
61035,PA,2020,3,930226.41,364724.404,61035,PA,932486.0,911911.0,5824854,0.24290753043659202,2259.5899999999674
61035,PA,2020,4,724622.35,284046.765,61035,PA,726105.0,711922.0,4578854,0.2046100289343854,1482.6500000000233
61035,PA,2021,1,846886.67,332524.939,61035,PA,848560.0,831128.0,5354838,0.19758605953733552,1673.329999999958
61035,PA,2021,2,812166.72,316819.625,61035,PA,813911.0,797861.0,5079242,0.21476871152760704,1744.280000000028
61035,PA,2021,3,1033026.64,403530.285,61035,PA,1035060.0,1014469.0,6469629,0.19683519487938722,2033.359999999986
61035,PA,2021,4,835699.37,325096.85,61035,PA,838492.0,821625.0,5149319,0.33416681886454036,2792.6300000000047
61035,PA,2022,1,654824.36,254141.378,61035,PA,655635.0,642375.0,4136934,0.12379502802858677,810.640000000014
61035,PA,2022,2,839008.75,311108.736,61035,PA,840731.0,823389.0,5294154,0.20527199507752453,1722.25
61035,PA,2022,3,925708.98,340695.44,61035,PA,928062.0,908419.0,5680394,0.2541857161199861,2353.0200000000186
61035,PA,2022,4,658689.68,246104.475,61035,PA,660352.0,646336.0,4200597,0.2523677006750658,1662.3199999999488
61035,PA,2023,1,873989.02,323450.79,61035,PA,875331.0,856709.0,5563880,0.15354655142006032,1341.9799999999814
61035,PA,2023,2,495429.89,182726.095,61035,PA,496475.0,485980.0,3121247,0.21095013060273496,1045.109999999986
61035,PA,2023,3,1013203.62,375785.42,61035,PA,1015329.0,984277.0,6326546,0.20976829909075972,2125.3800000000047
61035,PA,2023,4,928545.73,344910.449,61035,PA,931423.0,912708.0,5854289,0.3098684218816039,2877.2700000000186
61035,PA,2024,1,928693.63,342734.038,61035,PA,930116.0,909601.0,5833240,0.15315815184389658,1422.3699999999953
61035,PA,2024,2,884350.0,325656.263,61035,PA,886162.0,867831.0,5611426,0.20489625148414087,1812.0
61035,PA,2024,3,1062151.87,389328.549,61035,PA,1064357.0,1042729.0,6674109,0.20760967073379893,2205.1299999998882
61035,PA,2024,4,906867.52,333953.255,61035,PA,909327.0,890587.0,5728907,0.27120609634359616,2459.4799999999814
61035,PA,2025,1,972499.42,359564.632,61035,PA,974061.0,954802.0,6149124,0.16057387468672812,1561.579999999958
61035,PA,2025,2,938060.16,342359.795,61035,PA,939879.0,921582.0,5880370,0.1938937477101647,1818.8399999999674
61035,PA,2025,3,937366.02,344221.737,61035,PA,939683.0,921352.0,5867357,0.2471798583012409,2316.9799999999814
61035,PA,2025,4,594937.21,235238.848,61035,PA,596583.0,579803.0,3975257,0.2766325542152654,1645.7900000000373
62565,PA,2021,3,618939.35,246494.023,62565,PA,730171.0,713289.0,4695424,17.971332732359,111231.65000000002
62565,PA,2021,4,1204460.32,483891.133,62565,PA,1204857.0,1178609.0,7745104,0.03293425224667715,396.6799999999348
62565,PA,2022,1,1126549.02,432292.716,62565,PA,1125523.0,1100227.0,7231983,-0.09107637411109006,-1026.0200000000186
62565,PA,2022,2,1015863.09,388972.034,62565,PA,1015388.0,992915.0,6531886,-0.046767128826382245,-475.0899999999674
62565,PA,2022,3,1014637.71,391973.606,62565,PA,1014458.0,991777.0,6554945,-0.01771174067638022,-179.70999999996275
62565,PA,2022,4,1081037.05,418988.951,62565,PA,1081535.0,1057590.0,7006270,0.046062251057903465,497.94999999995343
62565,PA,2023,1,1120985.76,435842.574,62565,PA,1120183.0,1095464.0,7277402,-0.0716119712350324,-802.7600000000093
62565,PA,2023,2,1047707.35,408869.614,62565,PA,1046978.0,1024249.0,6895383,-0.06961390506614053,-729.3499999999767
62565,PA,2023,3,1361007.38,544373.671,62565,PA,1360836.0,1330531.0,8964819,-0.012592143328413711,-171.37999999988824
62565,PA,2023,4,506193.42,195657.144,62565,PA,506743.0,495318.0,3307773,0.10857114657871615,549.5800000000163
62565,PA,2024,1,1366581.0,526268.3,62565,PA,1365759.0,1334605.0,8851617,-0.06015011184847441,-822.0
62565,PA,2024,2,1247455.0,484174.531,62565,PA,1247315.0,1218644.0,8139785,-0.011222849722034061,-140.0
62565,PA,2024,3,1381157.0,537531.9,62565,PA,1381008.0,1348711.0,9024497,-0.010788056680015378,-149.0
62565,PA,2024,4,1215663.1,467679.433,62565,PA,1214987.0,1189345.0,7873214,-0.055615737616786516,-676.1000000000931
62565,PA,2025,1,1200727.94,466788.413,62565,PA,1198176.0,1174288.0,7798536,-0.2125327407639023,-2551.939999999944
62565,PA,2025,2,1250752.38,487622.383,62565,PA,1249288.0,1222963.0,8169929,-0.11707992912233262,-1464.3799999998882
62565,PA,2025,3,1375648.0,538969.8,62565,PA,1375501.0,1345002.0,9025071,-0.010685873130335668,-147.0
62565,PA,2025,4,528853.87,205104.812,62565,PA,529418.0,516583.0,3485433,0.10667029816762137,564.1300000000047
7701,PA,2020,1,0.0,0.0,7701,PA,53073.0,49693.0,761680,,53073.0
7701,PA,2020,2,0.0,0.0,7701,PA,28249.0,26904.0,364100,,28249.0
8012,PA,2020,1,30.68,0.0,8012,PA,279.08,276.37,4897,809.6479791395044,248.39999999999998
8012,PA,2020,2,573.57,0.0,8012,PA,245.5,243.12,4311,-57.197900866502785,-328.07000000000005
8012,PA,2020,3,376.67,0.0,8012,PA,272.04,269.4,4774,-27.77763028645764,-104.63
8012,PA,2020,4,10.71,0.0,8012,PA,233.38,231.13,4095,2079.084967320261,222.67
8012,PA,2021,1,812.42,0.0,8012,PA,775.1,767.4300000000001,10726,-4.593683070333071,-37.319999999999936
8012,PA,2021,2,1736.64,0.0,8012,PA,1735.4099999999999,1718.21,24007,-0.07082642343837788,-1.2300000000002456
8012,PA,2021,3,2349.57,0.0,8012,PA,2379.52,2355.94,32913,1.2747013283281543,29.949999999999818
8012,PA,2021,4,58.88,0.0,8012,PA,53.97,53.43,750,-8.338994565217398,-4.910000000000004
8012,PA,2022,1,115.23,0.0,8012,PA,182.67000000000002,177.33999999999997,2333,58.52642541004948,67.44000000000001
8012,PA,2022,2,1540.1,0.0,8012,PA,1673.98,1625.19,21369,8.692942016752166,133.8800000000001
8012,PA,2022,3,4954.03,5454.8,8012,PA,5101.96,4953.26,65146,2.986053778438974,147.9300000000003
8012,PA,2022,4,14565.52,15888.9,8012,PA,14862.39,14429.220000000001,189769,2.0381695950436303,296.869999999999
8012,PA,2023,1,0.0,46.8,8012,PA,37.63,36.53,545,,37.63
8012,PA,2023,2,8.63,24.2,8012,PA,19.44,18.88,281,125.26071842410195,10.81
8012,PA,2023,3,633.67,755.7,8012,PA,606.64,588.9,8782,-4.265627219215045,-27.029999999999973
8012,PA,2023,4,17.61,25.299999999999997,8012,PA,20.29,19.7,293,15.218625780806358,2.6799999999999997
8012,PA,2024,1,16.9,55.9,8012,PA,49.76,48.3,685,194.4378698224852,32.86
8012,PA,2024,2,17.240000000000002,56.2,8012,PA,50.13,48.66,685,190.77726218097445,32.89
8012,PA,2024,3,1893.8,2122.3,8012,PA,1891.97,1836.62,25960,-0.09663111204984304,-1.8299999999999272
8012,PA,2024,4,57.81,66.4,8012,PA,59.14,57.42,812,2.3006400276768693,1.3299999999999983
8226,PA,2020,1,37919.02,41937.434,8226,PA,37934.0,24128.0,431183,0.03950524037805619,14.980000000003201
8226,PA,2020,2,69643.08,77305.006,8226,PA,69514.0,54163.0,767388,-0.1853450479214902,-129.08000000000175
8226,PA,2020,3,323091.64,335824.262,8226,PA,323332.0,284952.0,3376632,0.07439375404451382,240.35999999998603
8226,PA,2020,4,214052.56,210408.526,8226,PA,214055.0,187621.0,2144190,0.001139906946220278,2.4400000000023283
8226,PA,2021,1,331141.33,329128.06,8226,PA,331185.0,295314.0,3391484,0.013187722595661405,43.6699999999837
8226,PA,2021,2,489052.26,500040.472,8226,PA,488470.01,440682.01,5056592,-0.11905680591272597,-582.25
8226,PA,2021,3,537838.58,553383.15,8226,PA,538256.01,487364.01,5639807,0.07761250596787818,417.4300000000512
8226,PA,2021,4,181660.17,177829.211,8226,PA,181681.00999999998,156032.0,1969034,0.011471969887492346,20.839999999967404
8226,PA,2022,1,525218.04,523379.815,8226,PA,525745.01,458187.0,5696653,0.10033356813105125,526.9699999999721
3236,RI,2020,1,59807.75,45532.325,3236,RI,86554.0,85378.0,707720,44.720374867805596,26746.25
3236,RI,2020,2,243798.75,179567.25,3236,RI,357311.0,352439.0,2789758,46.55981624187983,113512.25
3236,RI,2020,3,524047.0,379755.075,3236,RI,761016.0,749403.0,5939807,45.219035697179834,236969.0
3236,RI,2020,4,275126.0,199799.775,3236,RI,396997.0,391604.0,3117064,44.29643145322507,121871.0
3236,RI,2021,1,68343.25,50269.925,3236,RI,98503.0,97114.0,796509,44.12981530729077,30159.75
3236,RI,2021,2,206429.75,147318.05,3236,RI,300144.0,296052.0,2379011,45.397647383674105,93714.25
3236,RI,2021,3,408385.75,294181.4,3236,RI,596102.0,586849.0,4678066,45.965426070816626,187716.25
3236,RI,2021,4,292938.5,214236.425,3236,RI,423472.0,417089.01,3289811,44.56003563887984,130533.5
3236,RI,2022,1,62616.0,48447.05,3236,RI,89757.01000000001,87551.0,710702,43.34516736936248,27141.01000000001
3236,RI,2022,2,150846.25,111485.975,3236,RI,220889.0,218230.0,1740326,46.4332059961716,70042.75
3236,RI,2022,3,359962.25,261649.425,3236,RI,527968.0,521543.0,4174690,46.67315808810507,168005.75
3236,RI,2022,4,115631.75,88644.775,3236,RI,166701.0,163817.0,1316176,44.16542169430109,51069.25
3236,RI,2023,1,77481.5,61044.325,3236,RI,110554.0,107928.0,869660,42.6843827236179,33072.5
3236,RI,2023,2,378619.75,279729.275,3236,RI,554364.0,541644.0,4241525,46.41708468720927,175744.25
3236,RI,2023,3,492750.5,365412.375,3236,RI,732672.0,709648.0,5643664,48.69026008091316,239921.5
3236,RI,2023,4,255042.5,189702.65,3236,RI,374593.01,365199.01,2869795,46.87474048442907,119550.51000000001
3236,RI,2024,1,7322.5,6580.075,3236,RI,10396.0,10063.0,84022,41.97336975076818,3073.5
3236,RI,2024,2,201287.5,153211.325,3236,RI,299934.0,291211.0,2315607,49.00776252872136,98646.5
3236,RI,2024,3,440418.0,329093.075,3236,RI,652957.0,632712.0,5013771,48.258472632817,212539.0
3236,RI,2024,4,293272.25,215065.175,3236,RI,423757.0,411030.0,3295040,44.4927025997175,130484.75
3236,RI,2025,1,94318.75,74962.70000000001,3236,RI,134253.0,130239.0,1068743,42.339672652574386,39934.25
3236,RI,2025,2,329339.0,243081.34999999998,3236,RI,475987.0,469247.0,3677282,44.527978769596075,146648.0
3236,RI,2025,3,527598.75,388417.625,3236,RI,766966.0,756172.0,5971660,45.36918444177512,239367.25
3236,RI,2025,4,422767.5,312234.15,3236,RI,605928.02,596405.01,4691092,43.32417226962811,183160.52000000002
51030,RI,2020,1,73375.12,51586.54,51030,RI,115987.02,110767.01,866793,58.07404471706488,42611.90000000001
51030,RI,2020,2,106875.13,75977.13,51030,RI,170983.0,164437.0,1274851,59.9838989669533,64107.869999999995
51030,RI,2020,3,128552.38,92577.526,51030,RI,207064.0,199252.0,1553351,61.073641732654025,78511.62
51030,RI,2020,4,120202.66,87621.17300000001,51030,RI,196370.01,188777.01,1470417,63.36577742955106,76167.35
51030,RI,2021,1,49349.21000000001,36758.625,51030,RI,74425.01000000001,71462.02,654360,50.81297147411276,25075.800000000003
51030,RI,2021,2,222766.85,158261.084,51030,RI,343242.0,329873.0,2701330,54.081273762231675,120475.15
51030,RI,2021,3,223237.4,161356.774,51030,RI,349298.0,335902.0,2793642,56.46930129091273,126060.6
51030,RI,2021,4,207301.91,148784.55,51030,RI,321655.02,309218.01,2575704,55.162593533267504,114353.11000000002
51030,RI,2022,1,76006.07,60852.596000000005,51030,RI,113297.02,108736.02,1151434,49.06312087968763,37290.95
51030,RI,2022,2,129146.66,93799.0,51030,RI,197632.0,189883.0,1619884,53.029122084922676,68485.34
51030,RI,2022,3,136795.47,101051.525,51030,RI,213255.0,205049.0,1746763,55.89332015161028,76459.53
51030,RI,2022,4,178032.25,129170.144,51030,RI,272042.01,261360.0,2258444,52.804904729339775,94009.76000000001
51030,RI,2023,1,148757.06,106964.048,51030,RI,222963.0,214038.0,1947385,49.88397861587208,74205.94
51030,RI,2023,2,277119.39,199937.369,51030,RI,432380.0,415753.0,3588576,56.02661365557999,155260.61
51030,RI,2023,3,311140.43000000005,229365.628,51030,RI,499949.0,481280.0,4119246,60.68275022953459,188808.56999999995
51030,RI,2023,4,142002.33,105896.603,51030,RI,219776.0,211256.01,1904564,54.76929146162603,77773.67000000001
51030,RI,2024,1,121200.32,85765.84700000001,51030,RI,180632.0,173361.0,1539536,49.03591013621085,59431.67999999999
51030,RI,2024,2,212842.77,154540.71899999998,51030,RI,323742.0,310971.0,2773575,52.103827628253484,110899.23000000001
51030,RI,2024,3,253762.69,187342.299,51030,RI,398421.0,383196.0,3363971,57.0053501560848,144658.31
51030,RI,2024,4,210948.34,155540.854,51030,RI,327853.0,315199.0,2796922,55.41862050206227,116904.66
54056,RI,2020,1,0.0,0.0,54056,RI,0.0,0.0,0,,0.0
54056,RI,2020,2,0.0,0.0,54056,RI,0.0,0.0,0,,0.0
54056,RI,2020,3,4437.14,2490.746,54056,RI,4772.0,4580.0,42316,7.546753088701273,334.8599999999997
54056,RI,2020,4,1002.23,557.234,54056,RI,1146.0,1050.0,8655,14.345010626303342,143.76999999999998
54056,RI,2021,1,3348.77,2424.713,54056,RI,3454.0,3348.0,29995,3.142347787396567,105.23000000000002
54324,RI,2020,1,63513.64,46289.509999999995,54324,RI,100500.0,96382.0,777832,58.233727432406646,36986.36
54324,RI,2020,2,98100.58,72220.428,54324,RI,157366.0,151401.0,1211807,60.41291498990118,59265.42
54324,RI,2020,3,127522.36,95844.204,54324,RI,208922.0,201196.0,1608182,63.83166058093656,81399.64
54324,RI,2020,4,118329.42,87237.24299999999,54324,RI,191431.0,184113.01,1465427,61.77802612401886,73101.58
54324,RI,2021,1,29258.54,21720.019,54324,RI,43730.0,42047.0,368758,49.46063610829521,14471.46
54324,RI,2021,2,194141.27000000002,138029.40600000002,54324,RI,294231.0,282582.0,2386581,51.55510211713356,100089.72999999998
54324,RI,2021,3,181783.13,130991.03100000002,54324,RI,278866.0,267957.0,2266864,53.40587435148685,97082.87
54324,RI,2021,4,200346.46,142104.38400000002,54324,RI,295733.01,287398.01,2403853,47.61079881321588,95386.55000000002
54324,RI,2022,1,78196.3,55570.603,54324,RI,117058.0,112367.0,961479,49.697619964115944,38861.7
54324,RI,2022,2,127021.45999999999,92516.861,54324,RI,191904.0,184282.0,1598653,51.079982862738326,64882.54000000001
54324,RI,2022,3,112325.81,84695.201,54324,RI,173545.0,166941.0,1434867,54.501445393538674,61219.19
54324,RI,2022,4,167887.43,121846.427,54324,RI,254529.0,244456.0,2109250,51.60694281876851,86641.57
54324,RI,2023,1,114941.95999999999,83659.53899999999,54324,RI,171014.0,164117.01,1520821,48.782916177869254,56072.04000000001
54324,RI,2023,2,283257.53,207419.491,54324,RI,440755.0,423759.0,3722755,55.60221823582234,157497.46999999997
54324,RI,2023,3,201482.94,155620.65399999998,54324,RI,323277.0,311189.0,2795377,60.448820133357195,121794.06
54324,RI,2023,4,131350.95,92357.636,54324,RI,190913.01,183032.0,1658178,45.34573979099503,59562.06
54324,RI,2024,1,120981.81,85919.678,54324,RI,179329.0,172069.0,1542130,48.228068335231555,58347.19
54324,RI,2024,2,137044.36,100795.677,54324,RI,211037.0,202815.0,1808564,53.99174398712944,73992.64000000001
54324,RI,2024,3,215584.35,160068.56699999998,54324,RI,327686.0,314676.0,2872796,51.99897395149509,112101.65
54324,RI,2024,4,137100.87,101454.637,54324,RI,215498.0,207270.0,1824494,57.1820806097,78397.13
55048,RI,2020,1,197532.89,84489.565,55048,RI,196198.0,193097.0,1428767,-0.6757811319421357,-1334.890000000014
55048,RI,2020,2,467010.1,191276.042,55048,RI,464709.0,456687.0,3201158,-0.4927302428791105,-2301.0999999999767
55048,RI,2020,3,554963.77,228270.908,55048,RI,548023.0,534215.0,3819696,-1.2506708320797262,-6940.770000000019
55048,RI,2020,4,413957.52,170796.754,55048,RI,412316.0,405738.0,2860626,-0.3965431042296365,-1641.5200000000186
55048,RI,2021,1,210069.2,88784.621,55048,RI,209475.0,206797.0,1524368,-0.2828591721204306,-594.2000000000116
55048,RI,2021,2,415894.53,172235.978,55048,RI,412587.0,407226.0,2959855,-0.79528095741005,-3307.530000000028
55048,RI,2021,3,523486.99,216532.705,55048,RI,515403.0,508614.0,3512094,-1.5442580530988919,-8083.989999999991
55048,RI,2021,4,395693.67,163681.368,55048,RI,393415.0,388320.0,2624341,-0.5758671853406155,-2278.6699999999837
55048,RI,2022,1,141160.77,59372.084,55048,RI,139287.0,138169.0,1030101,-1.327401373625257,-1873.7699999999895
55048,RI,2022,2,222024.21,88948.508,55048,RI,217747.0,216614.0,1594678,-1.9264610827801132,-4277.209999999992
55048,RI,2022,3,453736.6,186827.411,55048,RI,441486.0,440341.0,3209861,-2.6999364829727153,-12250.599999999977
55048,RI,2022,4,272100.28,111335.64,55048,RI,268114.0,266948.0,1917195,-1.465004005141056,-3986.280000000028
55048,RI,2023,1,212401.12,89033.439,55048,RI,209025.0,207489.0,1529095,-1.5895019762607634,-3376.1199999999953
55048,RI,2023,2,523833.74,212936.437,55048,RI,513460.0,512365.0,3692209,-1.9803497193594273,-10373.73999999999
55048,RI,2023,3,560981.25,229544.223,55048,RI,545285.0,544304.0,3945244,-2.7979990418574596,-15696.25
55048,RI,2023,4,397457.78,162861.695,55048,RI,390189.0,389041.0,2800040,-1.8288181451624943,-7268.780000000028
55048,RI,2024,1,264615.06,109248.445,55048,RI,260836.0,257066.0,1881038,-1.4281348914910579,-3779.0599999999977
55048,RI,2024,2,475817.08,195486.665,55048,RI,465699.0,460743.0,3307985,-2.126464228648542,-10118.080000000016
55048,RI,2024,3,553780.06,227607.49,55048,RI,539086.0,533291.0,3910976,-2.6534108143944466,-14694.060000000056
55048,RI,2024,4,423829.19,171797.88,55048,RI,416453.0,412014.0,2953449,-1.7403685668747833,-7376.190000000002
55107,RI,2020,1,1066450.58,430883.375,55107,RI,1068995.0,1040869.0,7461889,0.23858770839619453,2544.4199999999255
55107,RI,2020,2,938236.0900000001,375002.14599999995,55107,RI,942272.0,916312.0,6543447,0.43015932162659787,4035.909999999916
55107,RI,2020,3,936842.8999999999,378305.655,55107,RI,939437.0,914539.0,6632003,0.27689807971006597,2594.100000000093
55107,RI,2020,4,759796.69,304198.70900000003,55107,RI,763070.0,742869.0,5334253,0.43081393260611023,3273.310000000056
55107,RI,2021,1,945408.47,380097.376,55107,RI,948815.0,924104.0,6619285,0.3603236175787623,3406.530000000028
55107,RI,2021,2,588833.88,240504.098,55107,RI,591367.0,574891.0,4162195,0.4301926376926537,2533.1199999999953
55107,RI,2021,3,1113929.85,451505.615,55107,RI,1117705.0,1088729.0,7810847,0.33890374694599545,3775.149999999907
55107,RI,2021,4,1045465.59,421338.70900000003,55107,RI,1050078.0,1023904.0,7252126,0.44118238267411874,4612.410000000033
55107,RI,2022,1,923706.4299999999,374942.274,55107,RI,927334.0,903756.0,6478309,0.392718929108252,3627.570000000065
55107,RI,2022,2,737938.6,301037.346,55107,RI,740459.0,721030.0,5224693,0.34154603106546033,2520.4000000000233
55107,RI,2022,3,923043.94,377158.605,55107,RI,927177.0,902614.0,6502299,0.4477641660265985,4133.060000000056
55107,RI,2022,4,784914.95,319497.995,55107,RI,788052.0,767473.0,5515129,0.3996675053774994,3137.0500000000466
55107,RI,2023,1,991947.97,403257.44200000004,55107,RI,995203.0,969595.0,6976842,0.328145235278825,3255.030000000028
55107,RI,2023,2,756192.39,306699.46499999997,55107,RI,759831.0,741052.0,5300985,0.48117516760516277,3638.609999999986
55107,RI,2023,3,948929.87,389820.97699999996,55107,RI,952989.0,927492.0,6738465,0.42775869200955857,4059.1300000000047
55107,RI,2023,4,983753.9199999999,399862.671,55107,RI,988323.0,962207.0,6879338,0.464453549521823,4569.0800000000745
55107,RI,2024,1,832795.81,343187.645,55107,RI,836918.0,813229.0,5914515,0.4949820772993495,4122.189999999944
55107,RI,2024,2,879886.49,358921.734,55107,RI,883819.0,859553.0,6210501,0.4469337857432053,3932.5100000000093
55107,RI,2024,3,1052245.3599999999,431919.869,55107,RI,1057205.0,1028461.0,7457828,0.47133873795367753,4959.64000000013
55107,RI,2024,4,847557.68,346176.58900000004,55107,RI,852559.0,828464.0,5944175,0.5900860930196453,5001.319999999949
55107,RI,2025,1,701609.49,283493.526,55107,RI,705629.0,685744.0,4994771,0.5728984652131786,4019.5100000000093
55107,RI,2025,2,790074.64,314813.186,55107,RI,794151.0,771771.0,5595502,0.5159461895903893,4076.359999999986
55107,RI,2025,3,1083486.99,432356.191,55107,RI,1089314.0,1059077.0,7648147,0.5378015660344947,5827.010000000009
55107,RI,2025,4,997154.6,396283.358,55107,RI,1002909.0,975870.0,6999779,0.5770820292059048,5754.400000000023
10017,VA,2020,2,0.0,0.0,10017,VA,152180.03,146092.0,583412,,152180.03
10017,VA,2020,3,0.0,0.0,10017,VA,137311.02,131817.01,526411,,137311.02
10017,VA,2021,2,0.0,0.0,10017,VA,141444.03,135787.02,542256,,141444.03
10017,VA,2021,3,0.0,0.0,10017,VA,150518.99,144500.03,577047,,150518.99
10017,VA,2022,2,0.0,0.0,10017,VA,131095.03,125850.0,502579,,131095.03
10017,VA,2022,3,0.0,0.0,10017,VA,124628.98,119642.02,477790,,124628.98
10017,VA,2023,2,0.0,0.0,10017,VA,117784.02,113071.0,451549,,117784.02
10017,VA,2023,3,0.0,0.0,10017,VA,135134.97999999998,129730.01,518069,,135134.97999999998
10017,VA,2024,2,0.0,0.0,10017,VA,143582.02000000002,137840.01,550450,,143582.02000000002
10017,VA,2024,3,0.0,0.0,10017,VA,104954.01999999999,100759.01,402365,,104954.01999999999
10017,VA,2025,2,0.0,0.0,10017,VA,140204.01,134597.01,537501,,140204.01
10017,VA,2025,3,0.0,0.0,10017,VA,142543.01,136838.99,546467,,142543.01
10633,VA,2020,1,155569.25,108518.42499999999,10633,VA,200931.0,197092.01,1757888,29.158558005518444,45361.75
10633,VA,2020,2,473421.25,319886.475,10633,VA,623786.0,601098.0,5457328,31.761301378001093,150364.75
10633,VA,2020,3,457445.25,313081.30000000005,10633,VA,606456.0,589766.0,5305713,32.57455400400376,149010.75
10633,VA,2020,4,415493.75,281694.65,10633,VA,546276.01,533374.0,4779213,31.476348320522273,130782.26000000001
10633,VA,2021,1,8084.25,6564.325000000001,10633,VA,9948.0,9744.0,87033,23.054086649967527,1863.75
10633,VA,2021,2,217166.5,151400.525,10633,VA,288743.0,283222.0,2526132,32.95927318439999,71576.5
10633,VA,2021,3,229385.75,161038.75,10633,VA,305867.0,300081.0,2675945,33.341761639508995,76481.25
10633,VA,2021,4,283529.25,193639.55000000002,10633,VA,373985.0,366533.0,3271890,31.903498492659928,90455.75
10633,VA,2022,1,6252.25,4411.175,10633,VA,7752.0,7627.01,67820,23.987364548762447,1499.75
10633,VA,2022,2,191732.0,133055.425,10633,VA,253595.0,247535.0,2218631,32.26534955041412,61863.0
10633,VA,2022,3,207246.25,144275.15,10633,VA,273744.0,267290.0,2394910,32.08634655633094,66497.75
10633,VA,2022,4,125829.75,90628.475,10633,VA,163123.00999999998,155279.01,1419612,29.637871806945483,37293.25999999998
10633,VA,2023,1,10546.25,7301.325,10633,VA,13428.0,13143.0,117096,27.324878511319188,2881.75
10633,VA,2023,2,207021.0,144332.65,10633,VA,273649.0,267982.0,2394077,32.1841745523401,66628.0
10633,VA,2023,3,298854.0,209820.725,10633,VA,397569.0,389298.0,3478219,33.03117910417796,98715.0
10633,VA,2023,4,186972.84,127760.974,10633,VA,246338.0,241697.0,2155141,31.750686356371332,59365.16
10633,VA,2024,1,66307.36,46940.045,10633,VA,86239.0,81903.01000000001,754480,30.059468511489523,19931.64
10633,VA,2024,2,529692.44,360952.944,10633,VA,709213.0,695247.0,6204703,33.891471058186156,179520.56000000006
10633,VA,2024,3,522218.06,361432.007,10633,VA,701567.0,683425.0,6137812,34.343687769051876,179348.94
10633,VA,2024,4,440020.69,303744.642,10633,VA,584297.0,570760.0,5111852,32.788528648505135,144276.31
10633,VA,2025,1,140217.54,101434.37400000001,10633,VA,132078.0,128438.01000000001,1155513,-5.804937099880663,-8139.540000000008
10633,VA,2025,2,406420.20999999996,283795.292,10633,VA,541887.0,534214.0,4710404,33.33170611766577,135466.79000000004
10633,VA,2025,3,485066.43000000005,336725.472,10633,VA,643615.0,628795.0,5630808,32.6859498399013,158548.56999999995
10633,VA,2025,4,371264.94,250752.297,10633,VA,490822.01,481815.0,4294062,32.20262866728003,119557.07
10771,VA,2020,1,0.0,2191.1220000000003,10771,VA,1426.75,1329.0,17922,,1426.75
10771,VA,2020,2,0.0,0.0,10771,VA,0.0,0.0,0,,0.0
10771,VA,2020,3,0.0,79.97,10771,VA,0.0,0.0,0,,0.0
10771,VA,2020,4,0.0,131205.885,10771,VA,80148.93,74658.0,1366326,,80148.93
10771,VA,2021,1,0.0,91977.033,10771,VA,57123.47000000001,53210.0,955342,,57123.47000000001
10771,VA,2021,2,0.0,156955.178,10771,VA,104188.88999999998,97051.01000000001,1665314,,104188.88999999998
10771,VA,2021,3,0.0,163629.843,10771,VA,72119.86,67179.01,1624774,,72119.86
10771,VA,2021,4,0.0,101426.10500000001,10771,VA,63401.57,59058.01,1082552,,63401.57
10771,VA,2022,1,0.0,167657.003,10771,VA,105807.78,98559.0,1618289,,105807.78
10771,VA,2022,2,0.0,145125.672,10771,VA,93833.44,87405.0,1452014,,93833.44
10771,VA,2022,3,0.0,150313.999,10771,VA,101992.4,95005.0,1595117,,101992.4
10771,VA,2022,4,0.0,122115.402,10771,VA,80169.32,74677.0,1209302,,80169.32
10771,VA,2023,1,0.0,162453.301,10771,VA,105195.86,97989.0,1565222,,105195.86
10771,VA,2023,2,0.0,124985.774,10771,VA,82744.76000000001,77076.0,1388411,,82744.76000000001
10771,VA,2023,3,0.0,166766.2,10771,VA,110124.53,102580.0,1690983,,110124.53
10771,VA,2023,4,0.0,115161.626,10771,VA,72304.51999999999,67351.0,1162551,,72304.51999999999
10771,VA,2024,1,0.0,175175.464,10771,VA,111850.78999999998,104188.0,1556317,,111850.78999999998
10771,VA,2024,2,0.0,118552.178,10771,VA,74352.84,69259.0,1047626,,74352.84
10771,VA,2024,3,0.0,168818.564,10771,VA,100636.51000000001,93742.0,1440416,,100636.51000000001
10771,VA,2024,4,0.0,76799.189,10771,VA,47231.810000000005,43996.0,719426,,47231.810000000005
10773,VA,2020,1,0.0,121872.386,10773,VA,84632.07,78834.0,1307645,,84632.07
10773,VA,2020,2,0.0,123218.516,10773,VA,88180.14000000001,82139.01000000001,1253735,,88180.14000000001
10773,VA,2020,3,0.0,143176.059,10773,VA,99560.81,92740.0,1436673,,99560.81
10773,VA,2020,4,0.0,72613.078,10773,VA,47440.08,44190.0,726191,,47440.08
10773,VA,2021,1,0.0,104252.35399999999,10773,VA,69106.41,64372.0,1121352,,69106.41
10773,VA,2021,2,0.0,160289.648,10773,VA,111189.48000000001,103572.0,1593672,,111189.48000000001
10773,VA,2021,3,0.0,122862.989,10773,VA,84675.01000000001,78874.01000000001,1296375,,84675.01000000001
10773,VA,2021,4,0.0,117994.33600000001,10773,VA,81579.97,75991.02,1276700,,81579.97
10773,VA,2022,1,0.0,116555.662,10773,VA,75940.62,70738.0,1228367,,75940.62
10773,VA,2022,2,0.0,166207.811,10773,VA,108724.62,101276.0,1645665,,108724.62
10773,VA,2022,3,0.0,127121.41500000001,10773,VA,83551.0,77827.0,1210650,,83551.0
10773,VA,2022,4,0.0,143367.244,10773,VA,90459.27,84262.01,1446726,,90459.27
10773,VA,2023,1,0.0,81159.967,10773,VA,50405.21,46952.0,762599,,50405.21
10773,VA,2023,2,0.0,148310.546,10773,VA,100738.5,93837.0,1556700,,100738.5
10773,VA,2023,3,0.0,145856.22100000002,10773,VA,100770.7,93867.01999999999,1546924,,100770.7
10773,VA,2023,4,0.0,81438.656,10773,VA,52082.09,48514.01,835922,,52082.09
10773,VA,2024,1,0.0,116957.716,10773,VA,74960.47,69825.0,1174598,,74960.47
10773,VA,2024,2,0.0,141046.562,10773,VA,98661.19,91902.0,1525782,,98661.19
10773,VA,2024,3,0.0,106245.388,10773,VA,72030.75,67096.0,1042350,,72030.75
10773,VA,2024,4,0.0,65605.867,10773,VA,42794.83,39863.01,706803,,42794.83
10774,VA,2020,1,0.0,148294.09399999998,10774,VA,94982.13,88475.0,1431625,,94982.13
10774,VA,2020,2,0.0,69688.33799999999,10774,VA,44609.130000000005,41553.0,734814,,44609.130000000005
10774,VA,2020,3,0.0,166818.26799999998,10774,VA,102844.81,95799.0,1644320,,102844.81
10774,VA,2020,4,0.0,81322.177,10774,VA,49782.56,46372.0,819554,,49782.56
10774,VA,2021,1,0.0,147535.64,10774,VA,89242.95,83129.0,1465039,,89242.95
10774,VA,2021,2,0.0,127921.68100000001,10774,VA,79998.62999999999,74518.0,1305926,,79998.62999999999
10774,VA,2021,3,0.0,167464.869,10774,VA,103838.9,96725.0,1677073,,103838.9
10774,VA,2021,4,0.0,107067.76999999999,10774,VA,69143.98999999999,64407.0,1118633,,69143.98999999999
10774,VA,2022,1,0.0,160637.579,10774,VA,102460.48,95441.01,1599782,,102460.48
10774,VA,2022,2,0.0,121296.262,10774,VA,76686.75,71433.0,1201252,,76686.75
10774,VA,2022,3,0.0,167875.64,10774,VA,106154.54000000001,98882.0,1759363,,106154.54000000001
10774,VA,2022,4,0.0,117406.668,10774,VA,74561.11,69453.0,1138884,,74561.11
10774,VA,2023,1,0.0,153452.79200000002,10774,VA,94475.41,88003.01000000001,1379084,,94475.41
10774,VA,2023,2,0.0,157271.574,10774,VA,99268.81,92468.01000000001,1535242,,99268.81
10774,VA,2023,3,0.0,108956.28700000001,10774,VA,67069.89,62475.0,1067091,,67069.89
10774,VA,2023,4,0.0,160873.11,10774,VA,104196.39,97058.01,1614842,,104196.39
10774,VA,2024,1,0.0,131262.782,10774,VA,80182.20999999999,74689.01,1149451,,80182.20999999999
10774,VA,2024,2,0.0,171569.96000000002,10774,VA,111233.5,103613.0,1707634,,111233.5
10774,VA,2024,3,0.0,106109.656,10774,VA,67219.11,62614.0,1021160,,67219.11
10774,VA,2024,4,0.0,140098.58299999998,10774,VA,83249.34,77546.0,1356267,,83249.34
3775,VA,2020,1,14.860000000000001,231.01,3775,VA,0.0,0.0,0,-100.0,-14.860000000000001
3775,VA,2020,2,72919.27,48497.788,3775,VA,72725.0,68603.0,801485,-0.26641791669061426,-194.27000000000407
3775,VA,2020,3,205836.36,129387.842,3775,VA,205388.0,194089.0,2144621,-0.21782351767199248,-448.35999999998603
3775,VA,2020,4,8936.75,5923.1140000000005,3775,VA,8893.0,8330.0,97849,-0.4895515707611827,-43.75
3775,VA,2021,1,19.57,296.073,3775,VA,0.0,0.0,0,-100.0,-19.57
3775,VA,2021,2,59376.44,41740.984,3775,VA,59150.0,54965.0,674009,-0.38136338251333746,-226.44000000000233
3775,VA,2021,3,47346.56,32596.31,3775,VA,47349.0,44055.0,524813,0.005153489503783017,2.4400000000023283
3775,VA,2021,4,36902.41,25683.495,3775,VA,36506.0,34116.0,423828,-1.0742116842775402,-396.4100000000035
3775,VA,2022,1,3163.94,2498.7,3775,VA,3151.0,2948.0,48110,-0.4089837354690688,-12.940000000000055
3775,VA,2022,2,38973.95,23908.778,3775,VA,38915.0,36851.0,416196,-0.15125487665478377,-58.94999999999709
3775,VA,2022,3,29170.72,19534.658,3775,VA,29113.0,27225.0,333929,-0.19786964462996168,-57.720000000001164
3775,VA,2022,4,20142.800000000003,15205.382000000001,3775,VA,20088.0,18700.0,256489,-0.27205750938301976,-54.80000000000291
3775,VA,2023,1,4.68,73.008,3775,VA,0.0,0.0,0,-100.0,-4.68
3775,VA,2023,2,51865.11,36576.015,3775,VA,51749.0,48351.0,598438,-0.22386918681942558,-116.11000000000058
3775,VA,2023,3,38958.26,28602.568999999996,3775,VA,38772.0,35588.0,463195,-0.47810143471500527,-186.26000000000204
3775,VA,2023,4,2002.15,1533.3,3775,VA,1986.0,1821.0,31115,-0.8066328696651146,-16.15000000000009
3775,VA,2024,1,19752.8,15151.447,3775,VA,19750.0,18297.0,252768,-0.014175205540476653,-2.7999999999992724
3775,VA,2024,2,82334.09,58433.848,3775,VA,82084.0,75751.0,960613,-0.30375024488640917,-250.0899999999965
3775,VA,2024,3,90428.01000000001,62757.285,3775,VA,90177.0,84066.0,1019939,-0.27757992241564233,-251.0100000000093
3775,VA,2024,4,12340.380000000001,8191.456,3775,VA,12317.0,11598.0,153988,-0.18945931972922242,-23.38000000000102
3775,VA,2025,1,74332.05,50525.3,3775,VA,74202.0,69457.0,903894,-0.17495817752907786,-130.0500000000029
3775,VA,2025,2,79452.4,53371.429000000004,3775,VA,79180.0,73360.0,928440,-0.3428467862518869,-272.3999999999942
3775,VA,2025,3,96585.31,65449.701,3775,VA,96220.0,89259.0,1119615,-0.3782252187211468,-365.3099999999977
3775,VA,2025,4,48726.990000000005,35206.863,3775,VA,48523.0,45118.0,597249,-0.4186386230711259,-203.99000000000524
3785,VA,2020,1,0.0,0.0,3785,VA,63.91,63.78,1145,,63.91
3785,VA,2020,2,0.0,0.0,3785,VA,84.75999999999999,84.58,1521,,84.75999999999999
3785,VA,2020,3,459.0,0.0,3785,VA,181.51,181.12,3252,-60.45533769063181,-277.49
3785,VA,2020,4,0.0,0.0,3785,VA,146.84,146.54,2627,,146.84
3785,VA,2021,1,0.0,0.0,3785,VA,114.38,114.0,2129,,114.38
3785,VA,2021,2,8.0,77.0,3785,VA,53.54,53.36,995,569.25,45.54
3785,VA,2021,3,253.0,693.0,3785,VA,67.21,66.99000000000001,1250,-73.43478260869566,-185.79000000000002
3785,VA,2021,4,30.0,77.0,3785,VA,56.86,56.68,1059,89.53333333333333,26.86
3785,VA,2022,1,85.0,231.0,3785,VA,505.75,505.15999999999997,8245,495.0,420.75
3785,VA,2022,2,1.0,38.5,3785,VA,209.38,209.15,3407,20838.0,208.38
3785,VA,2022,3,333.0,731.5,3785,VA,443.09999999999997,442.59999999999997,7221,33.063063063063055,110.09999999999997
3785,VA,2022,4,1337.0,2387.0,3785,VA,592.77,592.09,9657,-55.66417352281226,-744.23
3785,VA,2023,1,66.0,154.0,3785,VA,683.12,681.96,11755,935.030303030303,617.12
3785,VA,2023,2,16.0,77.0,3785,VA,546.69,545.76,9406,3316.8125000000005,530.69
3785,VA,2023,3,608.0,1386.0,3785,VA,509.61,508.74,8771,-16.18256578947368,-98.38999999999999
3785,VA,2023,4,1670.0,2810.5,3785,VA,602.5899999999999,601.55,10376,-63.91676646706588,-1067.41
3785,VA,2024,1,0.0,0.0,3785,VA,577.9300000000001,568.28,9308,,577.9300000000001
3785,VA,2024,2,222.0,577.5,3785,VA,268.68,264.19,4325,21.027027027027028,46.68000000000001
3785,VA,2024,3,479.0,1039.5,3785,VA,1019.9300000000001,1002.89,16433,112.92901878914405,540.9300000000001
3785,VA,2024,4,1382.0,2464.0,3785,VA,230.48000000000002,226.63,3713,-83.32272069464544,-1151.52
3797,VA,2020,1,894009.81,234157.32799999998,3797,VA,890333.0,868125.0,6675152,-0.4112717734048193,-3676.810000000056
3797,VA,2020,2,525649.1799999999,107261.583,3797,VA,522947.0,508067.0,4089931,-0.5140652935100051,-2702.179999999935
3797,VA,2020,3,1280873.9100000001,972213.165,3797,VA,1279041.0,1211365.0,11950559,-0.1430983944391645,-1832.910000000149
3797,VA,2020,4,944763.11,707135.927,3797,VA,936760.77,898717.0,8185449,-0.8470207944507875,-8002.339999999967
3797,VA,2021,1,1011629.63,604652.7579999999,3797,VA,999978.0,973296.0,8113428,-1.151768360126028,-11651.630000000005
3797,VA,2021,2,454057.67,276397.18,3797,VA,447695.38,437428.0,3639914,-1.4012074721697751,-6362.289999999979
3797,VA,2021,3,1276580.1099999999,907764.5800000001,3797,VA,1257367.0,1219421.01,10874749,-1.5050453825416308,-19213.10999999987
3797,VA,2021,4,463650.87,261371.711,3797,VA,419575.01,407705.0,3305251,-9.506260605097104,-44075.859999999986
3797,VA,2022,1,1182627.83,729108.954,3797,VA,1198296.66,1129731.0,9835261,1.324916394027345,15668.829999999842
3797,VA,2022,2,597399.4,446435.203,3797,VA,596732.01,571331.0,5291257,-0.11171588053151943,-667.390000000014
3797,VA,2022,3,980510.6399999999,722198.338,3797,VA,991211.58,935600.01,8377709,1.0913639856065267,10700.94000000006
3797,VA,2022,4,684355.48,490672.819,3797,VA,691122.21,655488.0,5584640,0.988774138259254,6766.729999999981
3797,VA,2023,1,917111.05,592535.14,3797,VA,948213.13,883252.0,7285520,3.3913101363242717,31102.079999999958
3797,VA,2023,2,449713.93,313951.788,3797,VA,463152.1,431422.0,3792223,2.988159606263472,13438.169999999984
3797,VA,2023,3,613492.1699999999,275130.79500000004,3797,VA,633247.5,596229.0,4645061,3.220143787654222,19755.330000000075
3797,VA,2023,4,532858.0,237439.988,3797,VA,556388.63,518271.0,3978578,4.415928821562218,23530.630000000005
3797,VA,2024,1,684463.97,301779.658,3797,VA,713009.5700000001,664162.0,5067468,4.17050440215284,28545.600000000093
3797,VA,2024,2,593190.88,266541.746,3797,VA,611434.4,575946.0,4482401,3.075488955595544,18243.52000000002
3797,VA,2024,3,528291.46,235503.506,3797,VA,551219.5,513456.0,3976740,4.340036085383633,22928.040000000037
3797,VA,2024,4,286400.97,129738.323,3797,VA,298694.24,278231.0,2162464,4.292328339530421,12293.270000000019
3797,VA,2025,1,642688.87,287793.076,3797,VA,671916.3200000001,625884.0,4710981,4.5476826135171855,29227.45000000007
3797,VA,2025,2,661032.8,294620.07999999996,3797,VA,674210.4299999999,641424.0,5083934,1.9934910945417363,13177.629999999888
3797,VA,2025,3,581239.8999999999,258927.413,3797,VA,605909.25,564399.0,4426385,4.244262997086073,24669.350000000093
3797,VA,2025,4,245053.8,113286.61499999999,3797,VA,255929.47,238396.0,1817405,4.438074414679558,10875.670000000013
3804,VA,2020,1,929200.23,381326.45,3804,VA,927054.75,903394.0,6439142,-0.23089533673490173,-2145.4799999999814
3804,VA,2020,2,1050944.5,432071.99899999995,3804,VA,721437.02,692798.0,5186779,-31.35346157670552,-329507.48
3804,VA,2020,3,1087629.85,462531.343,3804,VA,1087010.06,1055329.0,7634235,-0.05698537972270963,-619.7900000000373
3804,VA,2020,4,793677.44,328207.519,3804,VA,804842.25,772893.0,5492349,1.4067188302593125,11164.810000000056
3804,VA,2021,1,438566.57,182728.557,3804,VA,445136.94,427465.0,3079730,1.4981465641578644,6570.369999999995
3804,VA,2021,2,251395.72999999998,170894.83500000002,3804,VA,408493.70999999996,392340.0,2899652,62.49031357851623,157097.97999999998
3804,VA,2021,3,481126.32,337470.378,3804,VA,797863.1699999999,766188.0,5617088,65.83236809825742,316736.8499999999
3804,VA,2021,4,483276.70999999996,314170.051,3804,VA,761157.98,730940.0,5135419,57.49941270705969,277881.27
3804,VA,2022,1,189549.11,127017.298,3804,VA,300576.82,288645.0,2279273,58.57464063007208,111027.71000000002
3804,VA,2022,2,624370.76,265772.49600000004,3804,VA,629916.59,604935.0,4579485,0.8882270527851045,5545.829999999958
3804,VA,2022,3,703305.84,297608.167,3804,VA,710524.12,682355.0,5117729,1.0263358541143393,7218.280000000028
3804,VA,2022,4,196755.35,87060.68299999999,3804,VA,197957.5,190104.0,1473773,0.6109871980609392,1202.1499999999942
3804,VA,2023,1,430361.35,181289.219,3804,VA,433317.02,416115.0,3121676,0.6867879748030445,2955.670000000042
3804,VA,2023,2,480855.94,202541.676,3804,VA,484303.91000000003,465087.0,3474106,0.7170484365858162,3447.9700000000303
3804,VA,2023,3,753712.63,315678.07,3804,VA,754618.01,729497.0,5420830,0.12012270512171258,905.3800000000047
3804,VA,2023,4,267321.33999999997,113881.02900000001,3804,VA,269418.14,258723.0,1983339,0.7843743413825648,2096.8000000000466
3804,VA,2024,1,722351.23,301107.578,3804,VA,730188.3200000001,701206.0,5222150,1.0849417394914775,7837.090000000084
3804,VA,2024,2,297980.3,125555.1,3804,VA,301466.92000000004,289529.0,2170570,1.1700840626041566,3486.6200000000536
3804,VA,2024,3,1062883.72,440657.19299999997,3804,VA,1073158.38,1030554.0,7510263,0.9666777095804907,10274.659999999916
3804,VA,2024,4,165608.03,70753.679,3804,VA,167398.62,160763.0,1214022,1.081221725782256,1790.5899999999965
3804,VA,2025,1,991972.45,410395.324,3804,VA,1005493.52,965654.0,7082359,1.3630489435467754,13521.070000000065
3804,VA,2025,2,341346.11,144761.561,3804,VA,344272.23,330613.0,2467345,0.857229631238509,2926.1199999999953
3804,VA,2025,3,1177568.1600000001,488934.439,3804,VA,1188813.92,1141618.0,8421729,0.954998647381887,11245.759999999776
3804,VA,2025,4,375809.13,153252.73700000002,3804,VA,380666.78,365558.0,2619595,1.2925843499331757,4857.650000000023
3809,VA,2020,1,0.0,2637.878,3809,VA,0.0,0.0,34923,,0.0
3809,VA,2020,2,0.0,2494.815,3809,VA,0.0,0.0,47486,,0.0
3809,VA,2020,3,51866.75,45075.4,3809,VA,51656.0,46995.0,580971,-0.406329681346913,-210.75
3809,VA,2020,4,13833.0,12187.616,3809,VA,14205.0,12994.0,130959,2.689221427022338,372.0
3809,VA,2021,1,0.0,1946.795,3809,VA,0.0,0.0,30301,,0.0
3809,VA,2021,2,0.0,905.886,3809,VA,0.0,0.0,955,,0.0
3809,VA,2021,3,54660.42,44744.418,3809,VA,54794.0,49228.0,649676,0.24438158360291004,133.58000000000175
3809,VA,2021,4,0.0,841.568,3809,VA,0.0,0.0,17020,,0.0
3809,VA,2022,1,0.0,2630.537,3809,VA,0.0,0.0,26842,,0.0
3809,VA,2022,2,16632.84,13645.496,3809,VA,16683.0,14966.999999999998,195378,0.30157207067464037,50.159999999999854
3809,VA,2022,3,17251.67,15462.529,3809,VA,17369.0,15551.99,171345,0.680108070696934,117.33000000000175
3809,VA,2022,4,0.0,2556.047,3809,VA,0.0,0.0,1062,,0.0
3809,VA,2023,1,0.0,572.78,3809,VA,0.0,0.0,16594,,0.0
3809,VA,2023,2,0.0,1051.809,3809,VA,0.0,0.0,20812,,0.0
50479,VA,2020,2,0.0,0.0,50479,VA,16021.0,14661.009999999998,67596,,16021.0
50479,VA,2020,3,0.0,0.0,50479,VA,15179.01,13897.01,64308,,15179.01
50479,VA,2021,2,0.0,0.0,50479,VA,15696.99,14370.01,66515,,15696.99
50479,VA,2021,3,0.0,0.0,50479,VA,14718.0,13472.0,62340,,14718.0
50479,VA,2022,2,0.0,0.0,50479,VA,14225.01,13023.0,59862,,14225.01
50479,VA,2022,3,0.0,0.0,50479,VA,14761.0,13513.01,62116,,14761.0
50479,VA,2023,2,0.0,0.0,50479,VA,12317.99,11277.0,51820,,12317.99
50479,VA,2023,3,0.0,0.0,50479,VA,14982.01,13714.0,63052,,14982.01
50479,VA,2024,2,0.0,0.0,50479,VA,14821.0,13563.02,62406,,14821.0
50479,VA,2024,3,0.0,0.0,50479,VA,15111.01,13831.01,63617,,15111.01
50479,VA,2025,2,0.0,0.0,50479,VA,14354.0,13134.0,60464,,14354.0
50479,VA,2025,3,0.0,0.0,50479,VA,3225.01,2956.0,13535,,3225.01
50900,VA,2020,1,0.0,0.0,50900,VA,269247.01,230588.01,3062235,,269247.01
50900,VA,2020,2,0.0,0.0,50900,VA,233955.01,194019.04,2660848,,233955.01
50900,VA,2020,3,0.0,0.0,50900,VA,243103.02000000002,206943.99,2764892,,243103.02000000002
50900,VA,2020,4,0.0,0.0,50900,VA,233101.01,201739.0,2651135,,233101.01
50900,VA,2021,1,0.0,0.0,50900,VA,262759.0,230328.01,2988448,,262759.0
50900,VA,2021,2,0.0,0.0,50900,VA,258224.01,236372.01,2936870,,258224.01
50900,VA,2021,3,0.0,0.0,50900,VA,235203.99,205050.01,2675051,,235203.99
50900,VA,2021,4,0.0,0.0,50900,VA,236275.0,204109.0,2687235,,236275.0
50900,VA,2022,1,0.0,0.0,50900,VA,222825.00999999998,192459.99,2534262,,222825.00999999998
50900,VA,2022,2,0.0,0.0,50900,VA,235518.0,204886.00999999998,2678625,,235518.0
50900,VA,2022,3,0.0,0.0,50900,VA,240980.01,208786.02,2740747,,240980.01
50900,VA,2022,4,0.0,0.0,50900,VA,214001.01,183877.0,2433904,,214001.01
50900,VA,2023,1,0.0,0.0,50900,VA,223535.02,195550.01,2542339,,223535.02
50900,VA,2023,2,0.0,0.0,50900,VA,202492.03,171545.0,2303007,,202492.03
50900,VA,2023,3,0.0,0.0,50900,VA,185595.02,156303.01,2110833,,185595.02
50900,VA,2023,4,0.0,0.0,50900,VA,166969.02,139664.02,1898995,,166969.02
50900,VA,2024,1,0.0,0.0,50900,VA,225449.00999999998,194290.0,2564106,,225449.00999999998
50900,VA,2024,2,0.0,0.0,50900,VA,186930.02,161784.01,2126018,,186930.02
50900,VA,2024,3,0.0,0.0,50900,VA,216253.03,187512.01,2459518,,216253.03
50900,VA,2024,4,0.0,0.0,50900,VA,225847.03,197636.03,2568635,,225847.03
50900,VA,2025,1,0.0,0.0,50900,VA,219118.99,192598.99,2492113,,219118.99
50900,VA,2025,2,0.0,0.0,50900,VA,186942.99,159182.01,2126166,,186942.99
50900,VA,2025,3,0.0,0.0,50900,VA,209744.02,177559.0,2385488,,209744.02
50900,VA,2025,4,0.0,0.0,50900,VA,222520.01,195778.01,2530795,,222520.01
52019,VA,2020,1,1278078.44,645217.6159999999,52019,VA,1285599.01,1247569.29,10906088,0.588427890231844,7520.570000000065
52019,VA,2020,2,1156990.13,614420.643,52019,VA,1160939.01,1141376.27,10371187,0.34130628236215993,3948.880000000121
52019,VA,2020,3,1865994.28,1049473.584,52019,VA,1860436.02,1860436.02,17594699,-0.29787122391393445,-5558.260000000009
52019,VA,2020,4,1462924.75,788508.777,52019,VA,1461409.0,1461409.0,13250577,-0.10361093419193297,-1515.75
52019,VA,2021,1,1249240.49,644290.102,52019,VA,1246796.02,1246796.02,10722853,-0.19567649460353084,-2444.469999999972
52019,VA,2021,2,959074.22,528653.871,52019,VA,957979.0,957979.0,8859362,-0.11419554161303305,-1095.219999999972
52019,VA,2021,3,1158519.0,660577.534,52019,VA,1162314.01,1162314.01,11063008,0.3275742564429249,3795.0100000000093
52019,VA,2021,4,1214185.35,682240.817,52019,VA,1215972.0,1215972.0,11423873,0.1471480445716057,1786.6499999999069
52019,VA,2022,1,1184226.25,604941.182,52019,VA,1183247.01,1183247.01,10044013,-0.08269027983461696,-979.2399999999907
52019,VA,2022,2,753610.29,429783.84,52019,VA,755121.0,755121.0,7199762,0.2004630271171009,1510.7099999999627
52019,VA,2022,3,1348068.41,753377.212,52019,VA,1351304.01,1351304.01,12610824,0.2400174928808022,3235.600000000093
52019,VA,2022,4,1294345.02,705613.763,52019,VA,1293744.02,1293744.02,11690091,-0.04643275098319612,-601.0
52019,VA,2023,1,1355325.83,694152.527,52019,VA,1351331.01,1351331.01,11536067,-0.2947497872153787,-3994.820000000065
52019,VA,2023,2,1041872.4,577816.189,52019,VA,1041055.0,1041055.0,9651828,-0.07845490484247623,-817.4000000000233
52019,VA,2023,3,1585564.13,865615.486,52019,VA,1584932.03,1584932.03,14426681,-0.03986593717908214,-632.0999999998603
52019,VA,2023,4,1322595.81,704783.2760000001,52019,VA,1320439.01,1320439.01,11740902,-0.16307325213740445,-2156.8000000000466
52019,VA,2024,1,1521342.5,788081.851,52019,VA,1519114.01,1519114.01,13145837,-0.14648180800838673,-2228.4899999999907
52019,VA,2024,2,1293072.5999999999,705444.725,52019,VA,1292550.01,1292550.01,11795837,-0.0404145907971332,-522.589999999851
52019,VA,2024,3,1621939.27,895581.059,52019,VA,1620280.01,1620280.01,14981551,-0.10230099429061912,-1659.2600000000093
52019,VA,2024,4,1213843.58,656079.052,52019,VA,1223184.0,1223184.0,10953669,0.7694912387310995,9340.419999999925
52019,VA,2025,1,1402836.9,726944.3589999999,52019,VA,1401545.0,1401545.0,11956539,-0.09209196022715876,-1291.8999999999069
52019,VA,2025,2,1294435.82,704393.125,52019,VA,1293371.03,1293371.03,11786203,-0.08225900299947178,-1064.7900000000373
52019,VA,2025,3,1674512.51,930080.5090000001,52019,VA,1673425.01,1673425.01,15541268,-0.06494427443841551,-1087.5
52019,VA,2025,4,1132592.19,616415.035,52019,VA,1132651.0,1132651.0,10289402,0.005192513291130489,58.81000000005588
52087,VA,2020,1,500.41999999999996,391.0,52087,VA,23659.05,23185.86,290649,4627.838615562928,23158.63
52087,VA,2020,2,6126.139999999999,4565.8,52087,VA,21108.11,20685.94,259315,244.55807408906756,14981.970000000001
52087,VA,2020,3,68188.11,50319.1,52087,VA,24874.53,24377.03,305585,-63.520722307745444,-43313.58
52087,VA,2020,4,10717.0,7779.0,52087,VA,18087.92,17726.16,222212,68.77782961649713,7370.919999999998
52087,VA,2021,1,12598.21,12554.8,52087,VA,12645.8,12392.9,144826,0.37775207747767464,47.590000000000146
52087,VA,2021,2,10114.53,7466.9,52087,VA,10323.36,10116.89,118228,2.0646535231988032,208.82999999999993
52087,VA,2021,3,10874.78,8951.4,52087,VA,11503.71,11273.65,131741,5.783381364956334,628.9299999999985
52087,VA,2021,4,9940.66,7473.7,52087,VA,10333.24,10126.59,118340,3.949234759060263,392.5799999999999
52087,VA,2022,1,10202.24,9646.9,52087,VA,10440.3,10231.49,128842,2.3334091336804414,238.0599999999995
52087,VA,2022,2,12633.32,9707.8,52087,VA,12793.68,12537.810000000001,157878,1.2693417090677714,160.36000000000058
52087,VA,2022,3,12125.04,10899.2,52087,VA,13444.44,13175.55,165912,10.881613586429403,1319.3999999999996
52087,VA,2022,4,25916.59,22934.0,52087,VA,25870.57,25353.16,319258,-0.1775696571192446,-46.02000000000044
52087,VA,2023,1,1667.07,1692.8999999999999,52087,VA,1772.52,1737.07,20847,6.325469236444784,105.45000000000005
52087,VA,2023,2,29323.56,20351.600000000002,52087,VA,29250.69,28665.69,344036,-0.24850325131055923,-72.87000000000262
52087,VA,2023,3,54162.86,37532.7,52087,VA,53773.66,52698.19,632463,-0.7185735760630017,-389.1999999999971
52087,VA,2023,4,25017.079999999998,18513.8,52087,VA,26607.2,26075.06,312944,6.356137486868982,1590.1200000000026
52087,VA,2024,1,7979.719999999999,7792.5,52087,VA,7677.97,7524.42,91379,-3.7814610036442273,-301.7499999999991
52087,VA,2024,2,11318.06,9570.0,52087,VA,11660.93,11427.73,138782,3.029406099631923,342.8700000000008
52087,VA,2024,3,8005.66,6644.400000000001,52087,VA,8194.73,8030.82,97533,2.3617040943532412,189.0699999999997
52087,VA,2024,4,2497.5,2317.4,52087,VA,2526.58,2476.05,30067,1.1643643643643615,29.079999999999927
52089,VA,2020,2,0.0,0.0,52089,VA,48615.0,48615.0,204784,,48615.0
52089,VA,2020,3,0.0,0.0,52089,VA,41930.0,41930.0,176624,,41930.0
52089,VA,2021,2,0.0,0.0,52089,VA,43925.0,43925.0,185026,,43925.0
52089,VA,2021,3,0.0,0.0,52089,VA,40971.0,40971.0,172584,,40971.0
52089,VA,2022,2,0.0,0.0,52089,VA,42806.0,42806.0,180313,,42806.0
52089,VA,2022,3,0.0,0.0,52089,VA,35420.0,35420.0,149201,,35420.0
52089,VA,2023,2,0.0,0.0,52089,VA,39952.0,39952.0,168292,,39952.0
52089,VA,2023,3,0.0,0.0,52089,VA,36833.0,36833.0,155154,,36833.0
52089,VA,2024,2,0.0,0.0,52089,VA,41891.0,41891.0,176459,,41891.0
52089,VA,2024,3,0.0,0.0,52089,VA,40150.0,40150.0,169125,,40150.0
52089,VA,2025,2,0.0,0.0,52089,VA,37007.0,37007.0,155886,,37007.0
52089,VA,2025,3,0.0,0.0,52089,VA,35318.0,35318.0,148772,,35318.0
54081,VA,2020,1,0.0,93992.437,54081,VA,28156.0,15815.0,174670,,28156.0
54081,VA,2020,2,0.0,81435.364,54081,VA,22779.0,11022.0,141313,,22779.0
54081,VA,2020,3,0.0,81236.82,54081,VA,20215.0,8617.0,125407,,20215.0
54081,VA,2020,4,0.0,81293.623,54081,VA,21196.0,10467.0,131492,,21196.0
54081,VA,2021,1,0.0,92535.244,54081,VA,29371.0,17928.0,182208,,29371.0
54081,VA,2021,2,0.0,85880.988,54081,VA,21827.0,11005.0,135407,,21827.0
54081,VA,2021,3,0.0,88678.652,54081,VA,23215.0,11507.0,144017,,23215.0
54081,VA,2021,4,0.0,89322.326,54081,VA,24343.0,12086.0,151015,,24343.0
54081,VA,2022,1,0.0,96330.657,54081,VA,28243.0,18632.0,175209,,28243.0
54081,VA,2022,2,0.0,88558.93,54081,VA,27930.0,16573.0,173268,,27930.0
54081,VA,2022,3,0.0,93087.185,54081,VA,27916.0,16491.0,173181,,27916.0
54081,VA,2022,4,0.0,92952.075,54081,VA,27635.0,16511.0,171438,,27635.0
54081,VA,2023,1,0.0,94266.306,54081,VA,27455.0,16852.0,170321,,27455.0
54081,VA,2023,2,0.0,91183.795,54081,VA,22451.0,14022.0,139278,,22451.0
54081,VA,2023,3,0.0,87677.112,54081,VA,24749.0,13489.0,153533,,24749.0
54081,VA,2023,4,0.0,80752.973,54081,VA,22684.0,12572.0,140723,,22684.0
54081,VA,2024,1,0.0,90895.522,54081,VA,27797.0,17723.0,172442,,27797.0
54081,VA,2024,2,0.0,79985.663,54081,VA,23709.0,13602.0,147082,,23709.0
54081,VA,2024,3,0.0,82380.148,54081,VA,22742.0,11795.0,141082,,22742.0
54081,VA,2024,4,0.0,84748.39600000001,54081,VA,24470.0,14301.0,151803,,24470.0
54081,VA,2025,1,0.0,93562.07699999999,54081,VA,32044.0,19365.0,198790,,32044.0
54081,VA,2025,2,0.0,87106.724,54081,VA,25150.0,14519.0,156021,,25150.0
54081,VA,2025,3,0.0,86881.859,54081,VA,24776.0,13746.0,153702,,24776.0
54081,VA,2025,4,0.0,90453.23300000001,54081,VA,26686.0,18838.22,165550,,26686.0
54304,VA,2020,1,13119.25,14400.622,54304,VA,13137.0,8465.99,132269,0.13529736837090536,17.75
54304,VA,2020,2,5463.0,6331.071,54304,VA,5507.0,1893.0,59420,0.8054182683507229,44.0
54304,VA,2020,3,21310.85,24421.969,54304,VA,21445.01,16114.01,223927,0.6295384745329251,134.15999999999985
54304,VA,2020,4,59568.44,63462.122,54304,VA,59671.0,50954.01,577271,0.17217170703143755,102.55999999999767
54304,VA,2021,1,101207.02,104810.073,54304,VA,101268.01,90415.0,967631,0.060262618146439524,60.98999999999069
54844,VA,2020,1,432765.92,217798.644,54844,VA,441446.4,428203.0,3567671,2.005814136196316,8680.48000000004
54844,VA,2020,2,330992.24,161818.06900000002,54844,VA,336069.08999999997,325987.0,2732764,1.5338275000042227,5076.849999999977
54844,VA,2020,3,345832.77,175415.96600000001,54844,VA,350911.35,340384.0,2869113,1.4685074523157415,5078.579999999958
54844,VA,2020,4,79641.62,39336.747,54844,VA,81362.89,78922.0,648476,2.1612694468043268,1721.270000000004
54844,VA,2021,1,214910.27000000002,107062.24,54844,VA,219429.89,212847.0,1743189,2.1030265328874207,4519.619999999995
54844,VA,2021,2,374774.89,182607.351,54844,VA,381129.9,369696.0,3046104,1.6956872430807755,6355.010000000009
54844,VA,2021,3,257261.27,128432.337,54844,VA,261395.87000000002,253554.01,2121856,1.607159911789301,4134.600000000035
54844,VA,2021,4,164338.6,80369.633,54844,VA,167342.27000000002,162322.0,1357244,1.8277324986339258,3003.670000000013
54844,VA,2022,1,21450.14,10813.052,54844,VA,21919.59,21262.0,180632,2.18856380424557,469.4500000000007
54844,VA,2022,2,319123.14,156015.62900000002,54844,VA,323610.31,313902.0,2677916,1.406093585065622,4487.169999999984
54844,VA,2022,3,366014.06,179771.609,54844,VA,370742.27,359620.0,3103574,1.2918110304287276,4728.210000000021
54844,VA,2022,4,331356.20999999996,164048.45500000002,54844,VA,336979.39,326870.0,2733434,1.6970196514500369,5623.180000000051
54844,VA,2023,1,220142.11,106426.223,54844,VA,224221.66,217495.01,1879373,1.8531438623896255,4079.5500000000175
54844,VA,2023,2,316821.28,157505.126,54844,VA,320869.07999999996,311243.0,2657631,1.2776288259424777,4047.79999999993
54844,VA,2023,3,364245.22,180663.71600000001,54844,VA,369496.9,358412.0,3037271,1.4417979184462741,5251.680000000051
54844,VA,2023,4,31307.44,15415.836000000001,54844,VA,31815.48,30861.0,263181,1.6227452643844433,508.0400000000009
54844,VA,2024,1,421973.4,207134.057,54844,VA,428860.83,415995.01,3985588,1.6321952995141382,6887.429999999993
54844,VA,2024,2,343214.81,168453.04599999997,54844,VA,347336.08999999997,336916.0,2877176,1.2007873436463798,4121.27999999997
54844,VA,2024,3,396516.02,198125.735,54844,VA,400881.45,388855.0,3330253,1.1009466906280339,4365.429999999993
54844,VA,2024,4,248413.51,120886.764,54844,VA,252685.56,245105.0,2156571,1.7197333591075576,4272.049999999988
55285,VA,2020,1,3471.9500000000003,2339.6,55285,VA,26244.440000000002,26244.440000000002,294756,655.8991344921442,22772.49
55285,VA,2020,2,17055.9,11933.6,55285,VA,23319.81,23319.81,261911,36.72576645031924,6263.91
55285,VA,2020,3,60261.4,41177.9,55285,VA,27201.550000000003,27201.550000000003,305506,-54.86074004254796,-33059.85
55285,VA,2020,4,18932.9,12815.0,55285,VA,19729.2,19729.2,221583,4.205906121090795,796.2999999999993
55285,VA,2021,1,4878.07,3204.8,55285,VA,4522.71,4522.71,50979,-7.284848310909842,-355.3599999999997
55285,VA,2021,2,17935.41,12430.9,55285,VA,17530.309999999998,17530.32,197596,-2.2586603818925926,-405.1000000000022
55285,VA,2021,3,29345.34,19978.3,55285,VA,28140.18,28140.18,317188,-4.106819004312098,-1205.1599999999999
55285,VA,2021,4,7713.25,5560.7,55285,VA,7823.81,7823.81,88188,1.433377629403953,110.5600000000004
55285,VA,2022,1,1010.6700000000001,826.5,55285,VA,1172.68,1172.68,13229,16.029960323349854,162.01
55285,VA,2022,2,14727.0,10101.0,55285,VA,14389.24,14389.24,162335,-2.2934745705167394,-337.7600000000002
55285,VA,2022,3,13136.61,8666.8,55285,VA,12334.31,12334.31,139152,-6.107359509036205,-802.3000000000011
55285,VA,2022,4,8286.26,5615.3,55285,VA,8019.780000000001,8019.780000000001,90477,-3.2159261234863443,-266.47999999999956
55285,VA,2023,1,4350.9400000000005,3145.3,55285,VA,4849.45,4849.45,53824,11.457524121224361,498.5099999999993
55285,VA,2023,2,10479.02,7214.863,55285,VA,11057.93,11057.93,122731,5.524466982599517,578.9099999999999
55285,VA,2023,3,25480.87,16213.438,55285,VA,24818.5,24818.5,275459,-2.599479531114907,-662.369999999999
55285,VA,2023,4,39847.14,23771.528000000002,55285,VA,36386.11,36386.11,403848,-8.685767661116955,-3461.029999999999
55285,VA,2024,1,51835.82,30745.023,55285,VA,49234.7,49234.7,522059,-5.0179972073365535,-2601.1200000000026
55285,VA,2024,2,43123.59,25960.746,55285,VA,41573.44,41573.44,440824,-3.5946682546606032,-1550.1499999999942
55285,VA,2024,3,54301.43,33593.47,55285,VA,53794.82,53794.82,570412,-0.932958855779674,-506.6100000000006
55285,VA,2024,4,34487.53,20740.265,55285,VA,33213.03,33213.03,352175,-3.6955386483172323,-1274.5
55381,VA,2020,1,124.0,541.125,55381,VA,106.0,96.0,3738,-14.516129032258066,-18.0
55381,VA,2020,2,209.96,567.331,55381,VA,214.0,196.0,6930,1.9241760335301925,4.039999999999992
55381,VA,2020,3,13049.94,10544.256,55381,VA,12984.0,12285.0,124197,-0.5052896794927831,-65.94000000000051
55381,VA,2020,4,11637.789999999999,9105.177,55381,VA,11585.0,11284.0,110242,-0.45360846002547783,-52.789999999999054
55381,VA,2021,1,17532.86,13458.68,55381,VA,17450.0,17094.0,164671,-0.47259830968821165,-82.86000000000058
55381,VA,2021,2,3246.51,2855.566,55381,VA,3234.0,3057.0,34221,-0.385336869438265,-12.510000000000218
55381,VA,2021,3,7531.03,6211.639,55381,VA,7495.0,7012.0,75095,-0.47842061444450157,-36.029999999999745
55381,VA,2021,4,11127.43,8863.572,55381,VA,11070.0,10641.0,106423,-0.516111986325686,-57.43000000000029
55381,VA,2022,1,10219.23,8175.404,55381,VA,10220.0,9994.0,97646,0.007534814266832595,0.7700000000004366
55381,VA,2022,2,2501.5299999999997,2408.9719999999998,55381,VA,2542.0,2440.0,29040,1.6178099003410016,40.470000000000255
55381,VA,2022,3,26254.27,21138.322,55381,VA,26115.0,24535.0,250162,-0.5304660918014497,-139.27000000000044
55381,VA,2022,4,19423.100000000002,15154.993,55381,VA,19388.0,18895.0,182492,-0.1807126565790331,-35.10000000000218
55381,VA,2023,1,1652.5500000000002,1379.046,55381,VA,1655.0,1597.0,16369,0.1482557259992023,2.449999999999818
55381,VA,2023,2,800.1700000000001,784.1610000000001,55381,VA,806.0,748.0,9623,0.7285951735256166,5.829999999999927
55381,VA,2023,3,11797.71,9469.898,55381,VA,11777.0,10960.0,111063,-0.1755425417305488,-20.709999999999127
55381,VA,2023,4,9991.13,8204.132,55381,VA,9930.0,9603.0,97929,-0.6118427044788648,-61.1299999999992
55381,VA,2024,1,743.72,843.55,55381,VA,770.0,721.0,10477,3.5335879094282756,26.279999999999973
55381,VA,2024,2,2654.5,2325.285,55381,VA,2657.0,2506.0,28646,0.09417969485778867,2.5
55381,VA,2024,3,18802.89,15509.604000000001,55381,VA,18800.0,17532.0,188208,-0.015369977700233411,-2.889999999999418
55381,VA,2024,4,2774.99,2484.599,55381,VA,2783.0,2617.0,30279,0.28864968882771536,8.010000000000218
55381,VA,2025,1,8097.19,6664.982,55381,VA,8083.0,7876.0,82116,-0.1752459803956632,-14.1899999999996
55381,VA,2025,2,6405.0,5353.681,55381,VA,6399.0,5959.0,65829,-0.09367681498829039,-6.0
55381,VA,2025,3,19279.22,15883.41,55381,VA,19257.0,17907.0,194493,-0.11525362540601312,-22.220000000001164
55381,VA,2025,4,12823.369999999999,10403.038,55381,VA,12812.0,12439.0,125798,-0.08866623984178093,-11.369999999998981
55439,VA,2020,1,1440868.78,600041.964,55439,VA,1474856.0,1441383.0,10102962,2.3588005009033486,33987.21999999997
55439,VA,2020,2,1534894.15,647191.811,55439,VA,1574564.0,1536222.0,11120558,2.584533272212947,39669.85000000009
55439,VA,2020,3,1435533.05,613439.747,55439,VA,1474202.0,1435313.0,10528488,2.693699737529551,38668.94999999995
55439,VA,2020,4,123763.57,64650.928,55439,VA,128492.0,120246.0,1102832,3.820534588651566,4728.429999999993
55439,VA,2021,1,373947.13,155392.60700000002,55439,VA,378282.0,368906.0,2700140,1.1592200212901742,4334.869999999995
55439,VA,2021,2,1303867.99,544692.038,55439,VA,1322178.0,1288846.0,9288744,1.4042840333859266,18310.01000000001
55439,VA,2021,3,1072842.53,453792.649,55439,VA,1089259.0,1058773.0,7742925,1.5301844903557256,16416.469999999972
55439,VA,2021,4,941868.38,392725.105,55439,VA,958737.0,932193.0,6594709,1.7909742335760328,16868.619999999995
55439,VA,2022,1,672423.44,288318.66099999996,55439,VA,680376.0,661707.0,4909634,1.1826714428634517,7952.560000000056
55439,VA,2022,2,913236.1699999999,383769.36100000003,55439,VA,925280.0,902377.0,6585902,1.3188078172593707,12043.830000000075
55439,VA,2022,3,1171629.75,494782.649,55439,VA,1187420.0,1157239.0,8417719,1.347716716821163,15790.25
55439,VA,2022,4,1014440.81,425878.059,55439,VA,1028799.0,1004056.01,7227260,1.4153797696683696,14358.189999999944
55439,VA,2023,1,413204.44,176695.088,55439,VA,418725.0,407841.02,2999709,1.336035982575598,5520.559999999998
55439,VA,2023,2,1511023.62,635644.175,55439,VA,1533143.0,1496496.0,10575270,1.463867255761355,22119.37999999989
55439,VA,2023,3,1233973.72,527484.871,55439,VA,1251604.0,1218833.0,8935744,1.4287403138536878,17630.280000000028
55439,VA,2023,4,819744.46,344368.694,55439,VA,832272.01,809842.0,5832635,1.5282262474820565,12527.550000000047
55439,VA,2024,1,1124467.29,476675.85699999996,55439,VA,1143226.01,1117381.01,8041014,1.6682317188612905,18758.719999999972
55439,VA,2024,2,1217342.1800000002,504290.547,55439,VA,1235581.0,1196732.0,8760124,1.4982492432817722,18238.819999999832
55439,VA,2024,3,1523426.7,628709.48,55439,VA,1546425.0,1507119.0,10897111,1.5096427022054981,22998.300000000047
55439,VA,2024,4,1330021.45,542588.883,55439,VA,1347632.0,1301358.0,9331128,1.3240801492336869,17610.550000000047
55439,VA,2025,1,935735.31,388805.79500000004,55439,VA,948550.0000000001,910753.01,6768376,1.3694780845664636,12814.69000000006
55439,VA,2025,2,1464274.83,599115.767,55439,VA,1483857.0,1445897.0,10462250,1.3373288674230592,19582.169999999925
55439,VA,2025,3,1275253.21,520369.75899999996,55439,VA,1293045.0,1262171.0,9018574,1.3951574370081405,17791.790000000037
55439,VA,2025,4,1533339.02,623681.1000000001,55439,VA,1555007.0,1517930.0,10787618,1.413123889588356,21667.97999999998
55738,VA,2020,1,130813.83,70866.625,55738,VA,124246.8,124246.8,1248131,-5.020134339006815,-6567.029999999999
55738,VA,2020,2,54669.39,30760.878,55738,VA,110400.95999999999,110400.95999999999,1109041,101.94291540476306,55731.56999999999
55738,VA,2020,3,126125.51,76424.77900000001,55738,VA,128777.98000000001,128777.98000000001,1293648,2.1030400590649867,2652.4700000000157
55738,VA,2020,4,144951.69,80879.169,55738,VA,93402.28,93402.28,938279,-35.56316590720674,-51549.41
55738,VA,2021,1,111943.29,62915.557,55738,VA,110654.23,110654.23,1134571,-1.1515294931924884,-1289.0599999999977
55738,VA,2021,2,85394.48000000001,49544.278000000006,55738,VA,87131.37,87131.37,893383,2.033960508922807,1736.8899999999849
55738,VA,2021,3,79324.86,46070.536,55738,VA,81020.28,81020.3,830725,2.1373123129369507,1695.4199999999983
55738,VA,2021,4,119423.82999999999,66919.706,55738,VA,117696.12,117696.12,1206772,-1.4467045647422228,-1727.7099999999919
55738,VA,2022,1,129418.67,71893.731,55738,VA,127229.29999999999,127229.29999999999,1300175,-1.6916956417493783,-2189.37000000001
55738,VA,2022,2,58858.81999999999,34197.228,55738,VA,60519.76,60519.76,618461,2.8219050262985395,1660.9400000000096
55738,VA,2022,3,63298.34,36352.996,55738,VA,64330.740000000005,64330.740000000005,657405,1.6310064371356479,1032.4000000000087
55738,VA,2022,4,78784.67,44941.028999999995,55738,VA,79531.20999999999,79531.20999999999,812741,0.947570130077328,746.5399999999936
55738,VA,2023,1,102610.63,59173.926999999996,55738,VA,101904.95999999999,101904.95999999999,1067376,-0.6877162726707874,-705.6700000000128
55738,VA,2023,2,83155.65,48447.10400000001,55738,VA,83431.04000000001,83431.04000000001,873876,0.3311741294788917,275.39000000001397
55738,VA,2023,3,0.0,0.0,55738,VA,0.0,0.0,0,,0.0
55738,VA,2023,4,0.0,0.0,55738,VA,0.0,0.0,0,,0.0
55738,VA,2024,1,0.0,0.0,55738,VA,0.0,0.0,0,,0.0
55738,VA,2024,2,0.0,0.0,55738,VA,0.0,0.0,0,,0.0
55738,VA,2024,3,0.0,0.0,55738,VA,0.0,0.0,0,,0.0
55738,VA,2024,4,0.0,0.0,55738,VA,0.0,0.0,0,,0.0
55939,VA,2020,1,2808848.76,1121495.4849999999,55939,VA,2848429.9,2762977.0,18865108,1.4091588185047077,39581.14000000013
55939,VA,2020,2,2036867.89,819952.398,55939,VA,2060416.49,1998604.0,13824339,1.1561181810372638,23548.600000000093
55939,VA,2020,3,2862201.0,1150070.1,55939,VA,2809119.59,2724846.0,19367863,-1.854566118871461,-53081.41000000015
55939,VA,2020,4,1638769.38,656292.765,55939,VA,1662926.81,1613039.0,11011456,1.4741201718084438,24157.430000000168
55939,VA,2021,1,2121691.87,847675.9709999999,55939,VA,2154977.32,2090328.0,14313286,1.5688163993388786,33285.44999999972
55939,VA,2021,2,1804112.6400000001,730645.599,55939,VA,1796842.7,1769138.0,12300927,-0.4029648614401469,-7269.940000000177
55939,VA,2021,3,1944261.98,780798.782,55939,VA,1958225.78,1899479.0,13171836,0.7182056813146162,13963.800000000047
55939,VA,2021,4,1372760.1,575505.385,55939,VA,1392113.41,1350350.0,9682581,1.4098100607673418,19353.309999999823
55939,VA,2022,1,2135397.75,855353.9280000001,55939,VA,2170643.29,2105524.0,14248331,1.650537470127054,35245.54000000004
55939,VA,2022,2,832628.63,356527.554,55939,VA,837567.01,812440.0,6106393,0.5931071575091051,4938.380000000005
55939,VA,2022,3,2819527.62,1123676.698,55939,VA,2839721.66,2754530.0,18949891,0.7162206838037656,20194.040000000037
55939,VA,2022,4,2014253.68,806470.17,55939,VA,2046939.1800000002,1985531.0,13498163,1.6227102040096673,32685.500000000233
55939,VA,2023,1,2384448.65,952234.751,55939,VA,2422359.79,2349689.0,15880042,1.5899331696658736,37911.14000000013
55939,VA,2023,2,1803225.41,724415.209,55939,VA,1824542.27,1769806.0,12201001,1.1821517089203009,21316.860000000102
55939,VA,2023,3,2694526.9,1075391.48,55939,VA,2691218.05,2633788.0,18183175,-0.12279892251215206,-3308.850000000093
55939,VA,2023,4,1740692.72,699922.237,55939,VA,1768496.9100000001,1715442.0,11796425,1.5973060426196406,27804.190000000177
55939,VA,2024,1,2829450.19,1128700.482,55939,VA,2873312.37,2787113.0,19117826,1.5502015251945527,43862.18000000017
55939,VA,2024,2,1996139.82,808538.982,55939,VA,2017387.6300000001,1956866.0,13632762,1.0644449746010305,21247.810000000056
55939,VA,2024,3,2933007.32,1186367.5320000001,55939,VA,2953971.13,2865352.0,19951369,0.7147547794050529,20963.810000000056
55939,VA,2024,4,1841655.15,744532.013,55939,VA,1866723.71,1810722.0,12493593,1.361197290383059,25068.560000000056
55939,VA,2025,1,2785346.19,1111783.288,55939,VA,2820728.87,2736107.0,18589684,1.2703153427402203,35382.68000000017
55939,VA,2025,2,1931537.5699999998,776970.104,55939,VA,1945716.5,1887345.0,13184691,0.7340747713232505,14178.930000000168
55939,VA,2025,3,2909921.93,1169242.512,55939,VA,2923064.94,2835373.0,19820270,0.4516619454460682,13143.009999999776
55939,VA,2025,4,1261502.52,507559.556,55939,VA,1276420.6199999999,1238128.0,8517206,1.1825660086671772,14918.09999999986
56807,VA,2020,1,1261367.92,514560.456,56807,VA,1225685.0,1225275.0,8866000,-2.8289065731115093,-35682.919999999925
56807,VA,2020,2,1102127.8599999999,452083.176,56807,VA,1083756.51,1070158.0,7768759,-1.6668982489926227,-18371.34999999986
56807,VA,2020,3,932788.96,384843.552,56807,VA,901545.0,901194.0,6421598,-3.349520774774174,-31243.959999999963
56807,VA,2020,4,1104764.0899999999,454118.846,56807,VA,1075043.0,1073774.01,7689744,-2.6902657561941443,-29721.08999999985
56807,VA,2021,1,946609.6399999999,398069.77,56807,VA,931521.03,918539.0,6530054,-1.5939632729706692,-15088.60999999987
56807,VA,2021,2,955803.62,418102.583,56807,VA,994824.12,976227.0,7308134,4.08248087614483,39020.5
56807,VA,2021,3,905050.91,373957.28599999996,56807,VA,875406.7,871915.0,6425827,-3.2754190590228873,-29644.21000000008
56807,VA,2021,4,349735.33,141574.288,56807,VA,340934.4,338808.0,2451755,-2.5164543713670544,-8800.929999999993
56807,VA,2022,1,373953.44999999995,153748.17200000002,56807,VA,372766.37,361771.0,2774381,-0.31744057983686425,-1187.079999999958
56807,VA,2022,2,388701.35000000003,160799.982,56807,VA,373543.01,370723.0,2789368,-3.899739478651161,-15158.340000000026
56807,VA,2022,3,912844.11,373225.127,56807,VA,900749.91,882970.0,6345224,-1.3248921549156902,-12094.199999999953
56807,VA,2022,4,801035.52,330313.248,56807,VA,816744.3300000001,792242.0,5595828,1.9610628502466476,15708.810000000056
56807,VA,2023,1,772644.28,310323.424,56807,VA,771367.01,748226.0,5300139,-0.16531151955205295,-1277.2700000000186
56807,VA,2023,2,570216.67,229876.843,56807,VA,565158.76,548204.0,3901037,-0.8870154567736562,-5057.910000000033
56807,VA,2023,3,932638.79,374975.042,56807,VA,923268.04,895570.0,6405898,-1.0047566217999575,-9370.75
56807,VA,2023,4,861194.0700000001,345716.766,56807,VA,856840.2,831135.0,5858811,-0.5055620041601205,-4353.870000000112
56807,VA,2024,1,1076069.12,436577.74600000004,56807,VA,1073140.21,1040946.01,7458047,-0.27218604693350446,-2928.910000000149
56807,VA,2024,2,657236.81,263980.866,56807,VA,654156.7,634532.0,4477985,-0.46864538825816865,-3080.1100000001024
56807,VA,2024,3,1203668.0,483075.0,56807,VA,1194354.64,1158524.0,8223815,-0.7737482428709663,-9313.360000000102
56807,VA,2024,4,605928.37,242675.65,56807,VA,606509.28,588314.0,4142243,0.09587106806040994,580.9100000000326
56807,VA,2025,1,1051350.73,428197.556,56807,VA,1059058.77,1027287.0,7262564,0.7331559088754366,7708.040000000037
56807,VA,2025,2,411404.49,165503.85,56807,VA,408508.2,396089.0,2818561,-0.7040005810340035,-2896.289999999979
56807,VA,2025,3,1199486.19,482948.86,56807,VA,1194925.78,1159078.0,8183325,-0.38019695749893684,-4560.409999999916
56807,VA,2025,4,810796.6,325812.43700000003,56807,VA,810176.29,785871.0,5523408,-0.0765062408993747,-620.3099999999395
56808,VA,2020,1,0.0,446419.094,56808,VA,371001.97000000003,345585.01,4454240,,371001.97000000003
56808,VA,2020,2,0.0,138640.66,56808,VA,115567.41,107650.01,1335118,,115567.41
56808,VA,2020,3,0.0,457638.591,56808,VA,393515.34,366556.01,4355435,,393515.34
56808,VA,2020,4,0.0,66953.545,56808,VA,53971.54,50274.0,680967,,53971.54
56808,VA,2021,1,0.0,372131.92,56808,VA,348360.85000000003,324495.0,3655310,,348360.85000000003
56808,VA,2021,2,0.0,40275.991,56808,VA,37535.52,34964.01,393761,,37535.52
56808,VA,2021,3,0.0,527699.718,56808,VA,498965.63,464782.01,5014684,,498965.63
56808,VA,2021,4,0.0,147276.174,56808,VA,138983.63,129462.0,1407630,,138983.63
56808,VA,2022,1,0.0,524053.01,56808,VA,529467.28,493194.01,4963779,,529467.28
56808,VA,2022,2,0.0,315930.06799999997,56808,VA,289039.84,269238.0,2856882,,289039.84
56808,VA,2022,3,0.0,492865.097,56808,VA,464928.82,433077.0,4510212,,464928.82
56808,VA,2022,4,0.0,189314.86099999998,56808,VA,180342.06,167987.0,1984718,,180342.06
56808,VA,2023,1,0.0,269077.975,56808,VA,237387.16999999998,221124.0,2761561,,237387.16999999998
56808,VA,2023,2,0.0,135702.906,56808,VA,105060.6,97863.01,1312399,,105060.6
56808,VA,2023,3,0.0,297365.533,56808,VA,251577.68,236660.0,2822869,,251577.68
56808,VA,2023,4,0.0,217287.74599999998,56808,VA,212241.45,197700.99000000002,2078787,,212241.45
56808,VA,2024,1,0.0,212728.474,56808,VA,199569.31,185897.01,2215571,,199569.31
56808,VA,2024,2,0.0,299445.009,56808,VA,248481.2,231458.0,2930608,,248481.2
56808,VA,2024,3,0.0,304051.66000000003,56808,VA,275968.31,257062.0,2960107,,275968.31
56808,VA,2024,4,0.0,436331.427,56808,VA,427910.73000000004,398595.0,4398743,,427910.73000000004
56808,VA,2025,1,0.0,507369.831,56808,VA,491042.88,457402.0,5238079,,491042.88
56808,VA,2025,2,0.0,223408.807,56808,VA,211956.96,197436.0,2262381,,211956.96
56808,VA,2025,3,0.0,595974.4650000001,56808,VA,577880.0,538290.01,6056391,,577880.0
56808,VA,2025,4,0.0,893975.533,56808,VA,899188.5,837586.0,8733449,,899188.5
58260,VA,2020,1,2810231.23,1138630.35,58260,VA,2850758.76,2765236.0,19177417,1.4421421827270704,40527.529999999795
58260,VA,2020,2,2401622.5,981844.9750000001,58260,VA,2427365.98,2354545.0,16406520,1.0719203371887123,25743.47999999998
58260,VA,2020,3,3007774.0,1221261.5,58260,VA,3022453.61,2931780.0,20485381,0.48805561854048435,14679.60999999987
58260,VA,2020,4,1943807.38,793644.655,58260,VA,1971209.28,1912073.0,13487117,1.409702436668398,27401.90000000014
58260,VA,2021,1,2435322.37,997716.1359999999,58260,VA,2471650.52,2397501.0,16465133,1.491718322285189,36328.14999999991
58260,VA,2021,2,1712355.56,708222.304,58260,VA,1726804.13,1675000.0,11931996,0.8437832852891739,14448.569999999832
58260,VA,2021,3,2631546.8200000003,1072752.375,58260,VA,2647135.05,2567721.0,17898531,0.5923599717674609,15588.229999999516
58260,VA,2021,4,2067697.56,843704.333,58260,VA,2033342.0,2031634.0,14889844,-1.6615369996374159,-34355.560000000056
58260,VA,2022,1,1849550.54,769499.681,58260,VA,1876669.07,1820369.0,13522191,1.4662227072746024,27118.530000000028
58260,VA,2022,2,1252228.44,517426.836,58260,VA,1242244.52,1225947.0,8732273,-0.7972922256900608,-9983.919999999925
58260,VA,2022,3,2849454.3,1165837.712,58260,VA,2861881.44,2776025.0,19352855,0.43612350617450263,12427.14000000013
58260,VA,2022,4,1427453.62,589079.286,58260,VA,1449149.48,1405675.0,9708364,1.5198994696584165,21695.85999999987
58260,VA,2023,1,2588241.4,1050755.393,58260,VA,2630064.95,2551163.0,17176830,1.6159060742943174,41823.55000000028
58260,VA,2023,2,385661.14,160894.795,58260,VA,387007.21,375397.0,2688985,0.34902920216436817,1346.070000000007
58260,VA,2023,3,2595930.09,1059326.074,58260,VA,2589979.73,2532261.0,17864342,-0.22921880766056646,-5950.35999999987
58260,VA,2023,4,891802.6699999999,375000.011,58260,VA,905991.76,878812.0,6300854,1.591057133749116,14189.090000000084
58260,VA,2024,1,2925277.25,1187097.2179999999,58260,VA,2969440.21,2880357.0,20087136,1.5097016872503268,44162.95999999996
58260,VA,2024,2,1503545.6,619085.409,58260,VA,1507895.95,1469561.0,10379599,0.28933941212024833,4350.34999999986
58260,VA,2024,3,2739670.35,1119522.798,58260,VA,2746565.98,2664169.0,18857710,0.2516956100211067,6895.629999999888
58260,VA,2024,4,2366901.38,955265.828,58260,VA,2401338.15,2329298.0,16057775,1.454930496512703,34436.77000000002
58260,VA,2025,1,2835864.0,1159664.8,58260,VA,2878783.5100000002,2792420.0,19412458,1.513454453387054,42919.51000000024
58260,VA,2025,2,2237135.9699999997,913919.318,58260,VA,2219319.3,2182332.0,15390362,-0.7964053253320998,-17816.669999999925
58260,VA,2025,3,3124090.0,1273644.4,58260,VA,3133978.35,3039959.0,21486665,0.3165193704406753,9888.350000000093
58260,VA,2025,4,1700905.6099999999,683065.838,58260,VA,1727390.72,1675569.0,11777816,1.5571181519002755,26485.110000000102
59004,VA,2020,1,1420552.44,557582.6089999999,59004,VA,1421002.0,1396314.0,9662367,0.03164684297047533,449.5600000000559
59004,VA,2020,2,946853.99,382322.73199999996,59004,VA,947444.0,924676.0,6571240,0.06231266977076469,590.0100000000093
59004,VA,2020,3,1434722.93,572250.495,59004,VA,1432312.0,1402413.0,9834546,-0.1680415047105949,-2410.929999999935
59004,VA,2020,4,1262249.2,500594.705,59004,VA,1246556.0,1228139.0,8629104,-1.2432727230090503,-15693.199999999953
59004,VA,2021,1,1342206.62,536438.786,59004,VA,1331158.0,1303267.0,9253432,-0.8231683434850077,-11048.620000000112
59004,VA,2021,2,1428977.63,570488.943,59004,VA,1417034.0,1387543.0,9732251,-0.83581644311674,-11943.629999999888
59004,VA,2021,3,1355116.58,548466.754,59004,VA,1324547.0,1293943.0,9394904,-2.2558634770744277,-30569.580000000075
59004,VA,2021,4,1102437.9500000002,443846.544,59004,VA,1100540.0,1076162.0,7621130,-0.17215934919513484,-1897.9500000001863
59004,VA,2022,1,918537.54,375440.32999999996,59004,VA,919936.0,896895.0,6464386,0.15224854065299961,1398.4599999999627
59004,VA,2022,2,630817.74,259374.908,59004,VA,630900.0,613960.78,4489487,0.013040216655924945,82.26000000000931
59004,VA,2022,3,1083040.26,434172.441,59004,VA,1083189.0,1056254.0,7638732,0.013733561483669193,148.7399999999907
59004,VA,2022,4,953459.1699999999,375198.53599999996,59004,VA,955326.0,933174.0,6537881,0.19579548435200164,1866.8300000000745
59004,VA,2023,1,1404785.7000000002,553984.407,59004,VA,1349491.0,1320930.0,9230121,-3.9361662067032843,-55294.700000000186
59004,VA,2023,2,499541.87,202653.852,59004,VA,500337.0,487672.0,3470141,0.15917184279267815,795.1300000000047
59004,VA,2023,3,1299034.3,521309.52999999997,59004,VA,1298233.0,1267217.0,9088214,-0.061684283471194444,-801.3000000000466
59004,VA,2023,4,1381477.57,543384.673,59004,VA,1383946.0,1354329.0,9463686,0.1786804254809533,2468.429999999935
59004,VA,2024,1,1524174.65,598454.941,59004,VA,1527332.0,1495817.0,10294277,0.20715145734775822,3157.350000000093
59004,VA,2024,2,584398.78,237934.852,59004,VA,594557.0,579713.0,3922943,1.7382342926862324,10158.219999999972
59004,VA,2024,3,1355981.72,546647.973,59004,VA,1388451.0,1356066.0,9018816,2.394521955649965,32469.280000000028
59004,VA,2024,4,1429255.09,561024.336,59004,VA,1431276.0,1401594.0,9737253,0.14139603309021037,2020.9099999999162
59004,VA,2025,1,1439389.2,567229.842,59004,VA,1439325.0,1409195.0,9833403,-0.0044602252121909375,-64.19999999995343
59004,VA,2025,2,635551.91,250242.495,59004,VA,637120.0,621418.0,4324410,0.24672886279265013,1568.0899999999674
59004,VA,2025,3,1243420.2,491578.078,59004,VA,1244556.0,1216392.0,8495364,0.09134482454121677,1135.8000000000466
59004,VA,2025,4,1515783.81,595722.5900000001,59004,VA,1528069.0,1495331.0,10319330,0.8104843130630842,12285.189999999944
59913,VA,2020,1,2878402.5100000002,1091662.1,59913,VA,2908250.51,2821003.0,18427926,1.0369640762993753,29847.999999999534
59913,VA,2020,2,2758220.54,1050314.361,59913,VA,2771553.61,2688407.0,17753146,0.4833939058404602,13333.069999999832
59913,VA,2020,3,2692837.57,1026799.77,59913,VA,2693221.6500000004,2612425.0,17184805,0.014263021441747792,384.08000000054017
59913,VA,2020,4,2607491.5700000003,1021046.228,59913,VA,2633020.62,2554030.0,17161594,0.9790654855309775,25529.049999999814
59913,VA,2021,1,3084319.2,1163122.541,59913,VA,3087216.9499999997,3027548.0,19565360,0.09395104112439251,2897.7499999995343
59913,VA,2021,2,2742893.38,1041450.3130000001,59913,VA,2754796.91,2672153.0,17635149,0.4339771311125575,11903.53000000026
59913,VA,2021,3,3359355.18,1269236.128,59913,VA,3358671.1399999997,3257911.0,21278725,-0.020362241065575652,-684.0400000005029
59913,VA,2021,4,2610755.71,986243.5800000001,59913,VA,2634613.4000000004,2555575.0,16631727,0.9138231473982072,23857.69000000041
59913,VA,2022,1,2916861.9,1103010.127,59913,VA,2951814.44,2863260.0,18555533,1.1982925897177386,34952.54000000004
59913,VA,2022,2,2621702.55,991719.524,59913,VA,2628255.67,2549408.0,16773118,0.24995665507515763,6553.120000000112
59913,VA,2022,3,2633575.7800000003,985307.5730000001,59913,VA,2631614.44,2552666.0,16773506,-0.07447440908650506,-1961.3400000003166
59913,VA,2022,4,3242135.0,1206107.7519999999,59913,VA,3278410.3200000003,3180058.0,20435077,1.1188713610013248,36275.3200000003
59913,VA,2023,1,1887754.25,704993.509,59913,VA,1910447.42,1853134.0,11975587,1.2021252236619213,22693.169999999925
59913,VA,2023,2,2415688.08,927201.085,59913,VA,2424760.82,2352018.0,15609574,0.375575806955994,9072.739999999758
59913,VA,2023,3,3468558.0,1307887.9,59913,VA,3434376.8899999997,3363965.0,21977572,-0.9854559156860095,-34181.110000000335
59913,VA,2023,4,2771700.34,1024585.4839999999,59913,VA,2800911.34,2716884.0,17314590,1.05390180815867,29211.0
59913,VA,2024,1,3442241.37,1288699.0860000001,59913,VA,3479217.5300000003,3374841.0,21707847,1.0741884727275866,36976.16000000015
59913,VA,2024,2,2522474.88,958799.49,59913,VA,2529588.66,2453701.0,16096151,0.2820158906795639,7113.780000000261
59913,VA,2024,3,3585449.0,1371442.2,59913,VA,3581188.66,3473753.0,23071596,-0.11882305396060161,-4260.339999999851
59913,VA,2024,4,2275294.29,868875.669,59913,VA,2298809.27,2229845.0,14659475,1.0334918038228795,23514.97999999998
59913,VA,2025,1,3321650.0,1261209.0,59913,VA,3359572.17,3258785.0,21094110,1.141666641578731,37922.169999999925
59913,VA,2025,2,2244620.53,854715.8430000001,59913,VA,2250120.63,2182617.0,14479583,0.24503473645053464,5500.100000000093
59913,VA,2025,3,3130203.73,1186975.179,59913,VA,3130355.67,3036445.0,20079774,0.004853997155001286,151.93999999994412
59913,VA,2025,4,2915920.1,1089414.97,59913,VA,2948149.48,2859705.0,18217730,1.1052902306891017,32229.37999999989
7032,VA,2020,1,2514.7,1881.0,7032,VA,40648.83,39835.84,522369,1516.4484829204282,38134.130000000005
7032,VA,2020,2,13286.05,10437.7,7032,VA,36239.659999999996,35514.880000000005,465715,172.76474196619762,22953.609999999997
7032,VA,2020,3,97756.27,76571.09999999999,7032,VA,42628.59,41775.990000000005,547812,-56.392986352691246,-55127.68000000001
7032,VA,2020,4,31142.660000000003,24125.4,7032,VA,30983.949999999997,30364.270000000004,398176,-0.5096224921057044,-158.7100000000064
7032,VA,2021,1,4533.84,5143.3,7032,VA,4912.530000000001,4814.29,63840,8.352522365147436,378.6900000000005
7032,VA,2021,2,7803.71,6425.5,7032,VA,8244.97,8080.0599999999995,107141,5.6544899797660255,441.2599999999993
7032,VA,2021,3,8186.73,6634.9,7032,VA,8588.54,8416.76,111604,4.908064636307798,401.8100000000013
7032,VA,2021,4,3652.5699999999997,3183.2,7032,VA,4093.75,4011.89,53199,12.078618616481007,441.1800000000003
7032,VA,2022,1,2855.8,3839.2000000000003,7032,VA,4430.16,4341.57,56492,55.12851039988793,1574.3599999999997
7032,VA,2022,2,8164.53,6959.3,7032,VA,8796.58,8620.65,112178,7.741413161565946,632.0500000000002
7032,VA,2022,3,4886.27,4389.5,7032,VA,5324.66,5218.16,67902,8.971874251729835,438.3899999999994
7032,VA,2022,4,14350.46,13605.1,7032,VA,14730.25,14435.64,187848,2.646535372385282,379.7900000000009
7032,VA,2023,1,3202.42,2968.1,7032,VA,3508.27,3438.11,45949,9.550589866413521,305.8499999999999
7032,VA,2023,2,36963.1,30143.2,7032,VA,38925.420000000006,38146.909999999996,509814,5.308862081373064,1962.320000000007
7032,VA,2023,3,37989.65,29205.3,7032,VA,38219.92,37455.53,500574,0.6061387772722223,230.2699999999968
7032,VA,2023,4,10130.52,8021.5,7032,VA,10461.710000000001,10252.470000000001,137025,3.269230009910651,331.1900000000005
7032,VA,2024,1,4664.92,4717.1,7032,VA,4703.509999999999,4609.45,61679,0.8272381948672053,38.589999999999236
7032,VA,2024,2,36833.89,30462.5,7032,VA,37943.590000000004,37184.740000000005,497544,3.0127146494709205,1109.7000000000044
7032,VA,2024,3,52719.94,41619.6,7032,VA,52886.71000000001,51828.99,693491,0.31633192298778046,166.77000000000407
7032,VA,2024,4,22093.86,18278.2,7032,VA,22242.71,21797.86,291669,0.673716589133807,148.84999999999854
7212,VA,2020,1,191.58,166.4,7212,VA,28876.07,28298.55,357122,14972.591084664367,28684.489999999998
7212,VA,2020,2,3817.95,3053.8,7212,VA,25860.940000000002,25343.72,319832,577.3514582432981,22042.99
7212,VA,2020,3,54999.66,43344.6,7212,VA,30764.750000000004,30149.45,380485,-44.063745121333476,-24234.91
7212,VA,2020,4,45664.3,34328.5,7212,VA,22423.760000000002,21975.28,277330,-50.89433102007476,-23240.54
7212,VA,2021,1,5730.08,6323.4,7212,VA,13762.46,13487.23,141667,140.17919470583305,8032.379999999999
7212,VA,2021,2,22910.39,18369.5,7212,VA,11971.25,11731.85,123238,-47.74750669892568,-10939.14
7212,VA,2021,3,10254.519999999999,8449.6,7212,VA,13990.49,13710.67,144021,36.432421995373765,3735.970000000001
7212,VA,2021,4,9828.060000000001,7823.4,7212,VA,11538.04,11307.29,118779,17.398957678321043,1709.9799999999996
7212,VA,2022,1,2383.67,2162.3,7212,VA,2522.83,2472.3599999999997,31283,5.838056442376665,139.15999999999985
7212,VA,2022,2,18974.58,15128.2,7212,VA,19863.579999999998,19466.329999999998,246329,4.68521569383879,888.9999999999964
7212,VA,2022,3,5989.02,5864.299999999999,7212,VA,6504.24,6374.16,80657,8.602743019726088,515.2199999999993
7212,VA,2022,4,26832.22,25534.7,7212,VA,27230.77,26686.15,337685,1.4853411309239386,398.5499999999993
7212,VA,2023,1,3367.97,3072.9,7212,VA,3798.1800000000003,3722.21,47673,12.773569835835847,430.2100000000005
7212,VA,2023,2,53988.66,42246.6,7212,VA,54731.92,53637.270000000004,686975,1.3766965136752696,743.2599999999948
7212,VA,2023,3,35072.71,27519.600000000002,7212,VA,35157.47,34454.31,441282,0.24166937770135824,84.76000000000204
7212,VA,2023,4,26361.67,21090.9,7212,VA,26796.13,26260.2,336334,1.6480746477746013,434.46000000000276
7212,VA,2024,1,10812.369999999999,10273.4,7212,VA,10843.5,10626.63,137699,0.2879109760394902,31.13000000000102
7212,VA,2024,2,43530.66,35205.3,7212,VA,45082.149999999994,44180.51,572489,3.5641315799025115,1551.4899999999907
7212,VA,2024,3,54557.02,43451.4,7212,VA,55949.719999999994,54830.719999999994,710497,2.552742066923738,1392.699999999997
7212,VA,2024,4,37063.850000000006,28097.3,7212,VA,35686.880000000005,34973.14,453181,-3.7151294320476715,-1376.9700000000012
7213,VA,2020,1,141680.5,146832.311,7213,VA,140793.88,129302.01,1351466,-0.6257883053772364,-886.6199999999953
7213,VA,2020,2,150535.32,160451.587,7213,VA,150232.0,137659.0,1526268,-0.2014942406871736,-303.320000000007
7213,VA,2020,3,775982.3,819647.738,7213,VA,774369.0,707269.01,7431828,-0.20790422668146508,-1613.3000000000466
7213,VA,2020,4,291980.39,305320.525,7213,VA,291191.0,266395.01,2892041,-0.27035719761865307,-789.390000000014
7213,VA,2021,1,404167.19,420349.01300000004,7213,VA,403646.0,371189.0,4196590,-0.12895405982855815,-521.1900000000023
7213,VA,2021,2,70863.7,76021.647,7213,VA,70290.0,63429.0,729537,-0.8095823390537004,-573.6999999999971
7213,VA,2021,3,424668.29000000004,472297.50899999996,7213,VA,423626.0,380771.0,4378600,-0.24543626744536004,-1042.2900000000373
7213,VA,2021,4,84046.0,84419.938,7213,VA,83656.0,77271.0,817937,-0.4640316017419033,-390.0
7213,VA,2022,1,307225.9,317765.756,7213,VA,306929.0,281452.00999999995,3117465,-0.09663898779367991,-296.9000000000233
7213,VA,2022,2,66020.86,72586.66100000001,7213,VA,65710.01,59525.0,681086,-0.47083603576203914,-310.8500000000058
7213,VA,2022,3,196887.6,215233.223,7213,VA,191575.06,174354.0,2012857,-2.6982603272120786,-5312.540000000008
7213,VA,2022,4,126196.62,128921.62,7213,VA,124425.25,115901.0,1227587,-1.4036588301651782,-1771.3699999999953
7213,VA,2023,1,78333.9,82297.551,7213,VA,76198.27,70978.0,769639,-2.7263164479235558,-2135.62999999999
7213,VA,2023,2,0.0,0.0,7213,VA,0.0,0.0,0,,0.0
7213,VA,2023,3,142354.47999999998,157390.826,7213,VA,134370.52,126618.0,1566457,-5.6085063146590075,-7983.959999999992
7213,VA,2023,4,57548.73,67291.901,7213,VA,54034.88,50333.0,626826,-6.10586888711533,-3513.850000000006
7213,VA,2024,1,391866.06,408940.18,7213,VA,379790.04,353771.0,4022533,-3.0816703033684565,-12076.020000000019
7213,VA,2024,2,173343.75,193048.47499999998,7213,VA,171531.65,159766.0,1851975,-1.0453794844059885,-1812.1000000000058
7213,VA,2024,3,226580.90999999997,265871.858,7213,VA,225326.93,209890.0,2411716,-0.5534358565335364,-1253.9799999999814
7213,VA,2024,4,197110.88999999998,214382.15899999999,7213,VA,198657.85,185048.0,2088817,0.7848171148737754,1546.960000000021
7213,VA,2025,1,485696.91,510704.43799999997,7213,VA,488939.77,455443.0,5113575,0.667671532026021,3242.8600000000442
7213,VA,2025,2,157862.56,182879.2,7213,VA,159100.26,147326.0,1674917,0.7840364428399057,1237.7000000000116
7213,VA,2025,3,535278.3999999999,602248.37,7213,VA,540306.88,503291.0,5617035,0.9394139572977536,5028.480000000098
7213,VA,2025,4,561295.99,612677.699,7213,VA,577101.67,537565.0,5756988,2.815926049997266,15805.680000000051
7836,VA,2020,1,12604.08,7561.744,7836,VA,159758.84,156060.64,1696230,1167.5168675539985,147154.76
7836,VA,2020,2,70400.56,43485.834,7836,VA,141978.38,138691.78,1507459,101.6722310163442,71577.82
7836,VA,2020,3,317445.19,197424.98,7836,VA,165678.96,161843.72,1759098,-47.808640603437716,-151766.23
7836,VA,2020,4,176131.25,107044.354,7836,VA,120178.82,117396.86,1275999,-31.76746318441503,-55952.42999999999
7836,VA,2021,1,102952.43000000001,63725.884999999995,7836,VA,103949.07999999999,101710.44,1097052,0.9680684564706045,996.6499999999796
7836,VA,2021,2,130990.67000000001,80000.324,7836,VA,133520.11,130644.66,1409148,1.931007758033433,2529.439999999973
7836,VA,2021,3,222463.97,137648.473,7836,VA,229803.61,224854.59000000003,2425306,3.2992488626360417,7339.639999999985
7836,VA,2021,4,216657.28,131900.29,7836,VA,220140.21,215399.32,2323313,1.6075757989761494,3482.929999999993
7836,VA,2022,1,30361.94,22176.925000000003,7836,VA,31334.870000000003,30228.71,353333,3.204439505512507,972.9300000000039
7836,VA,2022,2,121040.20000000001,77656.09700000001,7836,VA,123551.2,119189.74,1393144,2.0745173917425657,2510.9999999999854
7836,VA,2022,3,99153.09,64356.705,7836,VA,102392.19,98777.66,1154556,3.2667665727815502,3239.100000000006
7836,VA,2022,4,87617.62,59270.188,7836,VA,88746.75,85613.91,1000695,1.2887019756985008,1129.1300000000047
7836,VA,2023,1,20478.34,13114.298999999999,7836,VA,20750.91,19724.53,240185,1.3310160882180866,272.5699999999997
7836,VA,2023,2,49246.99,32042.127,7836,VA,50702.479999999996,48194.58,586859,2.9554902746340397,1455.489999999998
7836,VA,2023,3,57205.78,37405.169,7836,VA,59188.66,56261.020000000004,685085,3.466223168358171,1982.8800000000047
7836,VA,2023,4,93962.58,60808.039000000004,7836,VA,95951.93000000001,91205.89,1110616,2.117172602114593,1989.3500000000058
7836,VA,2024,1,24315.25,15072.956,7836,VA,23653.18,22801.83,257801,-2.722859111051705,-662.0699999999997
7836,VA,2024,2,98595.38,63977.967000000004,7836,VA,101389.76000000001,97740.42,1105052,2.83418959387347,2794.3800000000047
7836,VA,2024,3,204108.46000000002,130708.243,7836,VA,208149.93,200657.95,2268642,1.980060013191012,4041.469999999972
7836,VA,2024,4,71191.0,46233.365000000005,7836,VA,72189.13,69590.8,786797,1.4020452023429992,998.1300000000047
7837,VA,2020,1,6537.04,4093.578,7837,VA,99053.75,95924.61,1120562,1415.269143220785,92516.71
7837,VA,2020,2,41347.05,27719.653,7837,VA,88033.45,85252.45,995893,112.91349685164963,46686.399999999994
7837,VA,2020,3,198700.72,132217.314,7837,VA,102740.58,99495.01,1162271,-48.29380588052222,-95960.14
7837,VA,2020,4,114883.2,74024.139,7837,VA,74527.27,72172.94,843102,-35.12779066042728,-40355.92999999999
7837,VA,2021,1,70766.27,46401.076,7837,VA,69368.40000000001,67583.56,788379,-1.9753337289078472,-1397.8699999999953
7837,VA,2021,2,127878.69,85219.058,7837,VA,131188.59999999998,127813.12,1490976,2.58832022755314,3309.9099999999744
7837,VA,2021,3,130371.66,86276.337,7837,VA,132894.49000000002,129475.12,1510366,1.9351061419330062,2522.8300000000163
7837,VA,2021,4,158070.25,102801.909,7837,VA,158310.52000000002,154237.21000000002,1799225,0.15200203706897322,240.27000000001863
7837,VA,2022,1,14513.23,10569.097,7837,VA,14293.380000000001,13679.48,170095,-1.5148247495560847,-219.84999999999854
7837,VA,2022,2,81839.73,56048.12300000001,7837,VA,83398.58,79816.58,992475,1.9047594609610832,1558.8500000000058
7837,VA,2022,3,67593.8,46496.956,7837,VA,69202.36,66230.1,823541,2.3797448878447396,1608.5599999999977
7837,VA,2022,4,77565.92,55675.107,7837,VA,77434.70999999999,74108.87,921510,-0.1691593421440839,-131.2100000000064
7837,VA,2023,1,18590.56,12954.142,7837,VA,18552.41,17727.059999999998,229263,-0.20521167732441334,-38.150000000001455
7837,VA,2023,2,72096.76,51412.459,7837,VA,73604.4,70329.88,909558,2.0911341924380507,1507.6399999999994
7837,VA,2023,3,61758.7,43227.315,7837,VA,61905.02,59151.0,764980,0.23692208547135823,146.3199999999997
7837,VA,2023,4,93099.56,65638.504,7837,VA,93825.15999999999,89651.08,1159431,0.7793806973953382,725.5999999999913
7837,VA,2024,1,47922.3,33307.903,7837,VA,47497.5,46207.43,571124,-0.8864349165211246,-424.8000000000029
7837,VA,2024,2,114459.89,80534.592,7837,VA,116751.92,113580.79,1403846,2.0024744039156417,2292.029999999999
7837,VA,2024,3,224812.68,155539.29,7837,VA,225572.45,219445.64,2712326,0.33795691595332555,759.7700000000186
7837,VA,2024,4,145450.95,100741.47399999999,7837,VA,145539.15,141586.14,1749994,0.060638998920242555,88.19999999998254
7838,VA,2020,1,7256.900000000001,4336.01,7838,VA,193244.91999999998,189380.02000000002,1891252,2562.912814011492,185988.02
7838,VA,2020,2,117494.09,71024.861,7838,VA,171828.41,168391.82,1681656,46.24430045800602,54334.32000000001
7838,VA,2020,3,417308.9,251561.408,7838,VA,200780.06,196764.47,1965000,-51.88694513824173,-216528.84000000003
7838,VA,2020,4,155782.52,92791.532,7838,VA,145689.47999999998,142775.69,1425843,-6.478929728444506,-10093.040000000008
7838,VA,2021,1,18057.72,11873.4,7838,VA,18058.09,17696.95,183188,0.0020489851431907315,0.36999999999898137
7838,VA,2021,2,107839.56,66782.504,7838,VA,110675.49,108461.98000000001,1122738,2.6297677772424217,2835.9300000000076
7838,VA,2021,3,215058.52000000002,132931.956,7838,VA,222149.18,217706.2,2253572,3.2970839750966263,7090.659999999974
7838,VA,2021,4,156706.56,94583.027,7838,VA,157973.36000000002,154813.9,1602545,0.8083898976533065,1266.8000000000175
7838,VA,2022,1,39947.39,28770.78,7838,VA,41934.77,41096.090000000004,417688,4.9749933600167555,1987.3799999999974
7838,VA,2022,2,234471.74000000002,142631.754,7838,VA,236845.14,232108.24,2359071,1.012232860130604,2373.399999999994
7838,VA,2022,3,283392.94,173689.68099999998,7838,VA,290259.26,284454.08999999997,2891096,2.422897338232917,6866.320000000007
7838,VA,2022,4,148574.18,96599.35500000001,7838,VA,150618.98,147606.61,1500230,1.3762822046199532,2044.8000000000175
7838,VA,2023,1,47912.68,29124.666,7838,VA,49807.69,48811.53,524288,3.955132545288642,1895.010000000002
7838,VA,2023,2,41937.100000000006,25128.405,7838,VA,42263.18,41417.92,444877,0.7775454192111386,326.07999999999447
7838,VA,2023,3,125572.68,75043.648,7838,VA,130436.21999999999,127827.5,1373011,3.8730876811739576,4863.539999999994
7838,VA,2023,4,93368.54999999999,53222.171,7838,VA,92270.47,90425.06,971263,-1.1760705291021305,-1098.0799999999872
7838,VA,2024,1,41160.21,25331.992,7838,VA,41994.33,41154.450000000004,437453,2.026520272855757,834.1200000000026
7838,VA,2024,2,277776.0,160830.56699999998,7838,VA,281962.12,276322.88,2937181,1.5070128448822055,4186.119999999995
7838,VA,2024,3,395975.26,229403.5,7838,VA,401755.66,393720.55,4185053,1.459788169594223,5780.399999999965
7838,VA,2024,4,152262.15,90087.786,7838,VA,154293.02,151207.15,1607256,1.3337983208564936,2030.8699999999953
7839,VA,2020,1,95622.11,55485.528,7839,VA,97388.76,95441.0,921750,1.8475329607347026,1766.6499999999942
7839,VA,2020,2,308321.62,183392.954,7839,VA,313433.69,307165.0,3048932,1.6580316359261498,5112.070000000007
7839,VA,2020,3,532393.7100000001,312315.861,7839,VA,540340.83,529534.0,5159371,1.4927148557032872,7947.119999999879
7839,VA,2020,4,222383.95,131655.021,7839,VA,225846.94,221330.0,2149494,1.5572121998912198,3462.9899999999907
7839,VA,2021,1,25001.12,19586.272,7839,VA,25412.25,24904.0,269018,1.6444463288044737,411.130000000001
7839,VA,2021,2,111389.73999999999,67730.975,7839,VA,113470.42,111201.01000000001,1112880,1.8679278719925263,2080.6800000000076
7839,VA,2021,3,151067.49,94181.76800000001,7839,VA,153992.86,150913.0,1547888,1.936465615467627,2925.3699999999953
7839,VA,2021,4,188569.56999999998,113906.626,7839,VA,192294.9,188449.0,1985900,1.9755732592485715,3725.3300000000163
7839,VA,2022,1,38781.21,31603.843,7839,VA,39710.2,38916.0,421051,2.3954641951604865,928.989999999998
7839,VA,2022,2,215921.96000000002,131985.515,7839,VA,219755.11,215360.0,2180846,1.7752478719626132,3833.149999999965
7839,VA,2022,3,435674.35,263836.679,7839,VA,442925.52,434067.0,4370768,1.664355498550705,7251.170000000042
7839,VA,2022,4,187591.81,123270.364,7839,VA,190783.68,186968.0,1908720,1.7014975227329996,3191.8699999999953
7839,VA,2023,1,36242.74,22327.942,7839,VA,37009.18,36269.0,374449,2.1147407729106638,766.4400000000023
7839,VA,2023,2,367108.88,222589.935,7839,VA,373941.83999999997,366463.0,3976188,1.8612897623179157,6832.959999999963
7839,VA,2023,3,377505.04000000004,225838.348,7839,VA,383954.08999999997,376275.0,4097488,1.7083348079273137,6449.04999999993
7839,VA,2023,4,72433.91,47931.519,7839,VA,73878.57,72401.0,824852,1.9944525982374877,1444.6600000000035
7839,VA,2024,1,43200.43,30516.366,7839,VA,43983.68,43104.0,477029,1.8130606570351266,783.25
7839,VA,2024,2,301888.91,181526.241,7839,VA,306339.79,300213.0,3184599,1.4743436584007028,4450.880000000005
7839,VA,2024,3,356481.5,213734.25999999998,7839,VA,361530.60000000003,354300.0,3847435,1.4163708355132132,5049.100000000035
7839,VA,2024,4,114063.11,68994.735,7839,VA,115951.02,113632.0,1222664,1.6551451209773287,1887.9100000000035
7839,VA,2025,1,129629.0,103703.418,7839,VA,131695.91999999998,129062.0,1433878,1.594488887517441,2066.9199999999837
7839,VA,2025,2,205813.44,133941.101,7839,VA,209409.19,205221.0,2260043,1.7470919294677743,3595.75
7839,VA,2025,3,455111.69,274659.54099999997,7839,VA,462526.53,453276.01,4725496,1.6292352323448396,7414.840000000026
7839,VA,2025,4,205066.43,125649.384,7839,VA,209148.99,204966.0,2029676,1.9908475512057229,4082.5599999999977
3734,VT,2020,1,0.0,19.9,3734,VT,1.0,1.0,191,,1.0
3734,VT,2020,2,0.0,184.10000000000002,3734,VT,129.0,128.0,2065,,129.0
3734,VT,2020,3,0.0,85.4,3734,VT,55.0,55.0,928,,55.0
3734,VT,2020,4,0.0,55.0,3734,VT,35.0,35.0,597,,35.0
3734,VT,2021,1,0.0,232.2,3734,VT,153.0,153.0,2175,,153.0
3734,VT,2021,2,0.0,1011.2,3734,VT,408.0,406.0,11386,,408.0
3734,VT,2021,3,0.0,752.9000000000001,3734,VT,498.0,496.0,8450,,498.0
3734,VT,2021,4,0.0,405.79999999999995,3734,VT,272.0,270.0,4553,,272.0
3734,VT,2022,1,0.0,1240.8,3734,VT,860.0,857.0,13955,,860.0
3734,VT,2022,2,0.0,423.4,3734,VT,302.0,300.0,4762,,302.0
3734,VT,2022,3,0.0,1118.2,3734,VT,753.0,751.0,12610,,753.0
3734,VT,2022,4,0.0,598.0,3734,VT,437.0,435.0,6723,,437.0
3734,VT,2023,1,0.0,23.200000000000003,3734,VT,15.0,15.0,254,,15.0
3734,VT,2023,2,0.0,0.0,3734,VT,0.0,0.0,0,,0.0
3734,VT,2023,3,0.0,638.5,3734,VT,427.0,426.0,7163,,427.0
3734,VT,2023,4,0.0,581.3,3734,VT,374.0,374.0,6530,,374.0
3734,VT,2024,1,0.0,84.4,3734,VT,88.0,88.0,945,,88.0
3734,VT,2024,2,0.0,98.7,3734,VT,25.0,18.0,569,,25.0
3734,VT,2024,3,0.0,1036.6,3734,VT,673.0,672.0,11634,,673.0
3734,VT,2024,4,0.0,180.7,3734,VT,125.0,125.0,2030,,125.0
3734,VT,2025,1,0.0,171.4,3734,VT,113.0,112.0,1925,,113.0
3734,VT,2025,2,0.0,868.8,3734,VT,571.0,570.0,9752,,571.0
3734,VT,2025,3,0.0,434.70000000000005,3734,VT,278.0,278.0,4862,,278.0
3734,VT,2025,4,0.0,636.5,3734,VT,412.0,411.0,7094,,412.0
3754,VT,2020,1,0.0,78.0,3754,VT,90.24,90.24,1690,,90.24
3754,VT,2020,2,0.0,142.6,3754,VT,68.3,68.3,1266,,68.3
3754,VT,2020,3,0.0,417.1,3754,VT,69.84,69.84,1301,,69.84
3754,VT,2020,4,0.0,102.5,3754,VT,297.64,297.64,5543,,297.64
3754,VT,2021,1,0.0,104.8,3754,VT,153.19,153.19,2867,,153.19
3754,VT,2021,2,0.0,118.0,3754,VT,31.59,31.59,584,,31.59
3754,VT,2021,3,0.0,396.8,3754,VT,43.99,43.99,814,,43.99
3754,VT,2021,4,0.0,37.6,3754,VT,146.22000000000003,146.22000000000003,2729,,146.22000000000003
3754,VT,2022,1,0.0,289.5,3754,VT,197.67,197.67,3636,,197.67
3754,VT,2022,2,0.0,133.5,3754,VT,90.97,90.97,1678,,90.97
3754,VT,2022,3,0.0,100.0,3754,VT,68.37,68.37,1260,,68.37
3754,VT,2022,4,0.0,0.0,3754,VT,0.0,0.0,0,,0.0
3754,VT,2023,1,0.0,25.1,3754,VT,268.90999999999997,268.90999999999997,5118,,268.90999999999997
3754,VT,2023,2,0.0,0.0,3754,VT,50.1,50.1,957,,50.1
3754,VT,2023,3,0.0,315.3,3754,VT,57.24,57.24,1097,,57.24
3754,VT,2023,4,0.0,482.5,3754,VT,95.75,95.75,1826,,95.75
3754,VT,2024,1,0.0,166.2,3754,VT,60.480000000000004,60.480000000000004,1118,,60.480000000000004
3754,VT,2024,2,0.0,144.0,3754,VT,57.03,57.03,1057,,57.03
3754,VT,2024,3,0.0,195.2,3754,VT,73.4,73.4,1361,,73.4
3754,VT,2024,4,0.0,112.4,3754,VT,167.09,167.09,3094,,167.09
589,VT,2020,1,70452.0,109007.675,589,VT,69433.0,62220.009999999995,950190,-1.446374836768296,-1019.0
589,VT,2020,2,44660.5,65162.125,589,VT,43980.009999999995,39344.0,607023,-1.523695435563877,-680.4900000000052
589,VT,2020,3,53742.5,77881.65,589,VT,53156.009999999995,47534.0,740870,-1.0912964599711685,-586.4900000000052
589,VT,2020,4,90646.25,132253.325,589,VT,89462.01,80627.01,1226580,-1.3064412482590346,-1184.2400000000052
589,VT,2021,1,102670.25,153008.6,589,VT,101141.0,90543.0,1373722,-1.489477234154977,-1529.25
589,VT,2021,2,58353.25,85774.35,589,VT,57569.0,51634.0,769238,-1.3439697017732517,-784.25
589,VT,2021,3,74814.0,107882.225,589,VT,73975.01,66473.01000000001,988436,-1.1214344908706997,-838.9900000000052
589,VT,2021,4,72908.5,106897.85,589,VT,71800.0,64705.0,955438,-1.5203988561004547,-1108.5
589,VT,2022,1,108218.75,160739.275,589,VT,106471.01000000001,95332.0,1403600,-1.6150066416401876,-1747.7399999999907
589,VT,2022,2,19199.75,28286.45,589,VT,18881.0,16880.0,255775,-1.6601778668993084,-318.75
589,VT,2022,3,67760.25,95605.0,589,VT,66890.0,60275.0,878572,-1.284307540187647,-870.25
589,VT,2022,4,63583.5,90950.225,589,VT,62636.0,56494.0,817050,-1.4901664740066212,-947.5
589,VT,2023,1,93045.25,145525.375,589,VT,91883.0,81947.0,1217566,-1.2491234103836573,-1162.25
589,VT,2023,2,17386.0,26882.6,589,VT,17155.0,15349.0,226110,-1.3286552398481537,-231.0
589,VT,2023,3,63081.25,101317.45,589,VT,62475.01,55852.0,815494,-0.9610462696918624,-606.239999999998
589,VT,2023,4,35629.0,55664.575,589,VT,35032.01,31650.0,460307,-1.6755732689662857,-596.989999999998
589,VT,2024,1,71543.0,132389.275,589,VT,70570.01000000001,63124.0,904180,-1.3600072683560804,-972.9899999999907
589,VT,2024,2,33986.75,48081.125,589,VT,32930.0,29420.0,455428,-3.109299947773765,-1056.75
589,VT,2024,3,64105.5,90568.6,589,VT,64060.0,55732.0,860038,-0.07097674926488368,-45.5
589,VT,2024,4,55328.0,78574.575,589,VT,54516.01000000001,48758.0,717579,-1.4675932620011398,-811.9899999999907
589,VT,2025,1,78509.25,116252.325,589,VT,77308.0,68526.0,1022268,-1.5300744816693574,-1201.25
589,VT,2025,2,37355.25,55267.525,589,VT,36952.01,32749.0,493215,-1.0794734341223735,-403.23999999999796
589,VT,2025,3,88570.75,130109.75,589,VT,87652.0,78130.0,1164085,-1.0373063342017539,-918.75
589,VT,2025,4,34027.75,47147.375,589,VT,33551.0,29871.0,445140,-1.4010623682141783,-476.75
10151,WV,2020,1,0.0,215616.801,10151,WV,187522.0,164734.01,2230772,,187522.0
10151,WV,2020,2,0.0,205285.293,10151,WV,175315.0,153224.0,2124386,,175315.0
10151,WV,2020,3,0.0,217559.253,10151,WV,182313.0,159610.01,2184160,,182313.0
10151,WV,2020,4,0.0,194799.34399999998,10151,WV,160444.01,140162.0,1978401,,160444.01
10151,WV,2021,1,0.0,219357.5,10151,WV,184956.0,163424.0,2190947,,184956.0
10151,WV,2021,2,0.0,200457.395,10151,WV,175207.01,153837.0,2166973,,175207.01
10151,WV,2021,3,0.0,218085.523,10151,WV,181411.0,159510.01,2128989,,181411.0
10151,WV,2021,4,0.0,205884.043,10151,WV,174376.0,154638.01,2054592,,174376.0
10151,WV,2022,1,0.0,205365.019,10151,WV,170529.0,151104.0,2078730,,170529.0
10151,WV,2022,2,0.0,209779.185,10151,WV,176258.0,155557.0,2169906,,176258.0
10151,WV,2022,3,0.0,213783.1,10151,WV,180113.02,160203.01,2244950,,180113.02
10151,WV,2022,4,0.0,200053.099,10151,WV,171311.0,147380.0,2128739,,171311.0
10151,WV,2023,1,0.0,206132.69799999997,10151,WV,182617.01,156824.0,2194880,,182617.01
10151,WV,2023,2,0.0,209347.218,10151,WV,183565.0,157013.0,2182494,,183565.0
10151,WV,2023,3,0.0,160578.38,10151,WV,144101.0,121887.0,1860157,,144101.0
10151,WV,2023,4,0.0,222682.011,10151,WV,189786.0,162982.0,2371264,,189786.0
10151,WV,2024,1,0.0,227846.9,10151,WV,188931.0,162078.0,2388467,,188931.0
10151,WV,2024,2,0.0,202470.472,10151,WV,171543.0,145574.0,2272713,,171543.0
10151,WV,2024,3,0.0,198765.6,10151,WV,185464.01,159150.0,2333696,,185464.01
10151,WV,2024,4,0.0,186137.28000000003,10151,WV,172628.0,148031.0,2062120,,172628.0
10743,WV,2020,1,0.0,0.0,10743,WV,0.0,0.0,0,,0.0
3935,WV,2020,1,2671264.52,2616713.105,3935,WV,2668901.0100000002,2440421.0,25252225,-0.08847906983018576,-2363.5099999997765
3935,WV,2020,2,3253009.73,3088833.045,3935,WV,3255377.01,2998802.0,29911156,0.07277199260021257,2367.279999999795
3935,WV,2020,3,3772551.96,3780499.01,3935,WV,3772877.0,3459916.0,35063701,0.008615918440525264,325.04000000003725
3935,WV,2020,4,1696043.52,1695691.8390000002,3935,WV,1696373.0,1551700.0,15719378,0.01942638830399714,329.4799999999814
3935,WV,2021,1,3460198.29,3372339.459,3935,WV,3460574.01,3195637.01,31259479,0.010858337254416112,375.71999999973923
3935,WV,2021,2,3004617.11,3030695.8490000004,3935,WV,3003092.0,2776100.0,27437964,-0.05075888022217479,-1525.1099999998696
3935,WV,2021,3,4693807.9399999995,4434622.748,3935,WV,4695283.0,4329558.0,42921804,0.031425657352322806,1475.0600000005215
3935,WV,2021,4,1847564.23,1756251.549,3935,WV,1847689.0,1709816.0,16848469,0.006753215827306779,124.77000000001863
3935,WV,2022,1,2526132.63,2439350.665,3935,WV,2526580.0,2294008.0,24174452,0.017709679796191532,447.37000000011176
3935,WV,2022,2,1493978.17,1586049.075,3935,WV,1493848.01,1355428.0,14344527,-0.008712309363925724,-130.15999999991618
3935,WV,2022,3,3028302.88,3100473.1380000003,3935,WV,3040511.0100000002,2767879.0,28630033,0.4031343786854093,12208.130000000354
3935,WV,2022,4,960397.78,951969.278,3935,WV,960014.01,888937.01,8897461,-0.03995948428785608,-383.7700000000186
3935,WV,2023,1,2154373.19,2249456.656,3935,WV,2154408.0,1949090.0,20853043,0.0016157831967847634,34.81000000005588
3935,WV,2023,2,2557415.58,2648232.121,3935,WV,2562225.0,2346700.0,24228094,0.18805782046576588,4809.4199999999255
3935,WV,2023,3,2967346.45,3091094.033,3935,WV,3006120.0,2820639.0,28718227,1.3066741835959133,38773.549999999814
3935,WV,2023,4,1509496.6800000002,1568966.811,3935,WV,1536745.0,1413797.01,14926762,1.8051261961039775,27248.319999999832
3935,WV,2024,1,2871421.32,2870027.702,3935,WV,2869588.0,2622145.0,26654990,-0.06384712641194126,-1833.3199999998324
3935,WV,2024,2,2529816.23,2540775.983,3935,WV,2527948.0,2303243.0,24141151,-0.0738484470866084,-1868.2299999999814
3935,WV,2024,3,3012958.61,3008406.691,3935,WV,3011949.0,2741753.0,28680589,-0.03350892364232875,-1009.6099999998696
3935,WV,2024,4,2135500.1399999997,2060641.389,3935,WV,2134861.0,1945873.0,20602296,-0.02992928860213818,-639.1399999996647
3935,WV,2025,1,2758394.91,2626200.608,3935,WV,2756864.0,2543127.0,26077266,-0.05550002990689063,-1530.910000000149
3935,WV,2025,2,1542038.38,1535901.5150000001,3935,WV,1541137.02,1421146.0,15474744,-0.05845250103307219,-901.3599999998696
3935,WV,2025,3,2595481.94,2603541.231,3935,WV,2594950.0,2409303.0100000002,24550164,-0.020494844976649853,-531.9399999999441
3935,WV,2025,4,2887932.98,2819211.4850000003,3935,WV,2886418.0,2695837.0,28075881,-0.05245897361510035,-1514.9799999999814
3943,WV,2020,1,1142296.6,1053761.726,3943,WV,1142118.0,1033612.0,10843113,-0.015635168659356345,-178.60000000009313
3943,WV,2020,2,1349563.13,1281733.452,3943,WV,1349185.0,1226652.01,12930399,-0.028018696687415304,-378.12999999988824
3943,WV,2020,3,1688974.3199999998,1582712.3399999999,3943,WV,1688800.0,1548893.0,15996648,-0.01032105686484519,-174.31999999983236
3943,WV,2020,4,1387405.56,1257315.563,3943,WV,1386281.0,1264775.0,13796287,-0.08105488635926007,-1124.5600000000559
3943,WV,2021,1,1450285.23,1285558.3530000001,3943,WV,1449077.0,1318898.0,14351340,-0.08330981899332875,-1208.2299999999814
3943,WV,2021,2,1450291.77,1375401.372,3943,WV,1448515.0,1321258.0,14464086,-0.12251121027874402,-1776.7700000000186
3943,WV,2021,3,1462360.81,1374400.5189999999,3943,WV,1463465.0,1339205.0,14619171,0.07550735717541172,1104.1899999999441
3943,WV,2021,4,1351270.5,1254895.067,3943,WV,1350026.0,1229137.0,13461549,-0.09209851025386849,-1244.5
3943,WV,2022,1,1161179.4100000001,1087531.7,3943,WV,1160544.0,1053732.0,12041268,-0.0547210874157809,-635.410000000149
3943,WV,2022,2,1122688.25,1125199.85,3943,WV,1123322.01,1028273.0,12060458,0.05645022115444865,633.7600000000093
3943,WV,2022,3,1562138.7,1577528.097,3943,WV,1560955.0,1422884.0,16304919,-0.07577432144789406,-1183.6999999999534
3943,WV,2022,4,1590356.19,1494127.429,3943,WV,1589647.0,1449319.0,16358193,-0.044593154945996354,-709.1899999999441
3943,WV,2023,1,939685.79,863112.407,3943,WV,938639.01,835844.01,9663671,-0.1113968106296497,-1046.780000000028
3943,WV,2023,2,953080.36,894428.732,3943,WV,950618.02,855913.01,9075520,-0.2583559690601501,-2462.3399999999674
3943,WV,2023,3,1570744.1099999999,1493854.818,3943,WV,1569277.01,1435071.01,14940926,-0.09340159168254723,-1467.0999999998603
3943,WV,2023,4,1358501.6,1222095.55,3943,WV,1358728.0,1241026.0,12610833,0.016665420195302445,226.39999999990687
3943,WV,2024,1,1128903.4,1021310.8840000001,3943,WV,1127466.0,1024956.0,10521100,-0.12732710345277612,-1437.3999999999069
3943,WV,2024,2,833794.9199999999,798950.1270000001,3943,WV,831098.0,750984.0,7834016,-0.3234512390648681,-2696.9199999999255
3943,WV,2024,3,1424033.08,1327572.255,3943,WV,1421748.0,1299780.0,13180964,-0.1604653734588858,-2285.0800000000745
3943,WV,2024,4,864384.86,821494.8189999999,3943,WV,863765.0,784819.01,8021434,-0.07171111257085022,-619.859999999986
3943,WV,2025,1,1611584.53,1501382.534,3943,WV,1609277.01,1480224.0,14902557,-0.14318330543915178,-2307.5200000000186
3943,WV,2025,2,1772225.25,1676597.419,3943,WV,1771111.01,1625302.0,16583540,-0.06287236907385169,-1114.2399999999907
3943,WV,2025,3,1466510.72,1426835.558,3943,WV,1464222.01,1331155.01,13984806,-0.1560650030570498,-2288.7099999999627
3943,WV,2025,4,1838546.67,1720344.0180000002,3943,WV,1848295.01,1694610.0,17165475,0.5302198828599811,9748.340000000084
3944,WV,2020,1,3327159.56,2977632.965,3944,WV,3313580.0,3086638.0,30657669,-0.40814273421861547,-13579.560000000056
3944,WV,2020,2,2329270.17,2140352.2029999997,3944,WV,2317750.0,2140121.0,21950403,-0.4945828160414696,-11520.169999999925
3944,WV,2020,3,3316049.06,3039561.96,3944,WV,3300016.02,3061055.0,31203647,-0.48349827490188085,-16033.040000000037
3944,WV,2020,4,2802985.13,2580010.55,3944,WV,2790254.0,2591901.01,26218700,-0.45419898463749214,-12731.129999999888
3944,WV,2021,1,3501971.24,3294672.23,3944,WV,3487172.0,3238741.0,32450979,-0.42259741687656527,-14799.240000000224
3944,WV,2021,2,3017239.93,2951761.5930000003,3944,WV,3002713.01,2790814.0,28329689,-0.481463865553456,-14526.920000000391
3944,WV,2021,3,3317596.2800000003,3214315.444,3944,WV,3304269.01,3071071.0,31417456,-0.4017146414210617,-13327.270000000484
3944,WV,2021,4,2576312.01,2548771.12,3944,WV,2567222.0,2393525.0,23518344,-0.35283032352901145,-9090.009999999776
3944,WV,2022,1,3279646.55,3176795.323,3944,WV,3261941.02,3032633.0,30528165,-0.5398609188541916,-17705.529999999795
3944,WV,2022,2,3995981.96,3868565.579,3944,WV,3972855.0,3697487.01,36978837,-0.57875536555225,-23126.959999999963
3944,WV,2022,3,3359957.79,3330964.1259999997,3944,WV,3343234.0,3108546.0,31520598,-0.4977380980729534,-16723.790000000037
3944,WV,2022,4,2398966.65,2410809.726,3944,WV,2386157.0,2219471.0,22729318,-0.533965322110664,-12809.649999999907
3944,WV,2023,1,2592900.09,2643578.12,3944,WV,2577455.0,2386252.01,24706624,-0.5956685357668313,-15445.089999999851
3944,WV,2023,2,2824405.19,2748948.223,3944,WV,2800400.01,2607880.0,26649204,-0.8499198374578885,-24005.180000000168
3944,WV,2023,3,3225915.76,3355224.29,3944,WV,3208510.0,2979291.0,30630920,-0.5395602766762817,-17405.759999999776
3944,WV,2023,4,3487377.5599999996,3477147.133,3944,WV,3468701.0,3219248.0,33008700,-0.535547404279323,-18676.55999999959
3944,WV,2024,1,2230651.62,2105722.376,3944,WV,2219010.0,2057803.0,20976950,-0.5218932394292979,-11641.620000000112
3944,WV,2024,2,3587663.63,3481560.27,3944,WV,3567499.0,3324486.0,34096403,-0.562054642787119,-20164.62999999989
3944,WV,2024,3,3444274.54,3254319.211,3944,WV,3425673.0,3188615.0,32798582,-0.5400713498291584,-18601.540000000037
3944,WV,2024,4,2221778.09,2141849.49,3944,WV,2209693.0,2047248.0,20862806,-0.5439377611289636,-12085.089999999851
3944,WV,2025,1,2842794.65,2818341.443,3944,WV,2838397.01,2639524.0,27036961,-0.15469425482421428,-4397.64000000013
3944,WV,2025,2,2876146.73,2798018.3949999996,3944,WV,2864120.0,2661105.01,27890629,-0.41815425738032436,-12026.729999999981
3944,WV,2025,3,2939387.4699999997,2897708.836,3944,WV,2927204.0,2720127.0,27912287,-0.4144900978297951,-12183.46999999974
3944,WV,2025,4,2952285.17,2988683.479,3944,WV,2938649.0,2734339.0,27642467,-0.4618852588688079,-13636.169999999925
3948,WV,2020,1,1294172.41,1292808.9989999998,3948,WV,1297302.0,1170963.0,12301947,0.2418217214196433,3129.590000000084
3948,WV,2020,2,693105.9400000001,691569.611,3948,WV,694831.01,630337.0,6714304,0.2488898017523769,1725.0699999999488
3948,WV,2020,3,1066012.7,1099090.1609999998,3948,WV,1068467.0,973498.9999999999,10294537,0.230231778664555,2454.3000000000466
3948,WV,2020,4,901619.1399999999,917161.625,3948,WV,902495.0,836921.0,8886115,0.0971430131796118,875.8600000001024
3948,WV,2021,1,813569.58,807282.3809999999,3948,WV,816085.01,759194.0,8366583,0.30918437240488406,2515.430000000051
3948,WV,2021,2,1227078.45,1220541.245,3948,WV,1229129.01,1127705.01,11820280,0.16710912004037362,2050.560000000056
3948,WV,2021,3,2181324.33,2134874.8959999997,3948,WV,2188860.0100000002,2016322.01,20785295,0.34546352857120366,7535.680000000168
3948,WV,2021,4,936250.0499999999,933121.661,3948,WV,939228.0,865883.01,9133531,0.3180720791416855,2977.95000000007
3948,WV,2022,1,827053.1599999999,846667.061,3948,WV,829741.01,751528.01,8346857,0.3249912012911109,2687.850000000093
3948,WV,2022,2,1125123.67,1203613.875,3948,WV,1129244.0,1020677.0,11136996,0.3662112983544355,4120.3300000000745
3948,WV,2022,3,1462919.76,1549232.3800000001,3948,WV,1468468.0,1341554.0,14242383,0.3792579847304811,5548.239999999991
3948,WV,2022,4,422971.58999999997,446212.55199999997,3948,WV,424043.0,388128.0,4366525,0.25330542885871665,1071.4100000000326
3948,WV,2023,1,859111.34,932652.203,3948,WV,860715.01,771027.0,8483286,0.18666614271440554,1603.670000000042
3948,WV,2023,2,874885.62,918105.953,3948,WV,876862.0,792537.0,8718667,0.22590152984798226,1976.3800000000047
3948,WV,2023,3,1513106.4900000002,1632091.6800000002,3948,WV,1519653.01,1376112.0,14465623,0.43265428066465994,6546.519999999786
3948,WV,2023,4,428707.22,425677.785,3948,WV,428739.01,387628.0,4314446,0.00741531714815469,31.790000000037253
3948,WV,2024,1,1179359.77,1175249.059,3948,WV,1179588.0,1058176.0,11586535,0.019352025209405047,228.22999999998137
3948,WV,2024,2,866208.86,884177.342,3948,WV,866525.01,781293.0,8335972,0.03649812586770624,316.1500000000233
3948,WV,2024,3,1152707.04,1218401.65,3948,WV,1154876.0,1037647.0,11260569,0.18816229317034125,2168.9599999999627
3948,WV,2024,4,1357967.17,1423418.364,3948,WV,1358803.01,1213061.0,13556134,0.0615508252677481,835.8400000000838
3948,WV,2025,1,899633.99,888536.656,3948,WV,900363.0000000001,819844.01,9039925,0.08103406586495535,729.0100000001257
3948,WV,2025,2,749712.99,752103.2150000001,3948,WV,749036.0,682534.0,7179340,-0.09029988929496749,-676.9899999999907
3948,WV,2025,3,1150175.77,1079890.435,3948,WV,1152369.0,1048420.02,11053446,0.19068650698492645,2193.2299999999814
3948,WV,2025,4,1539058.0699999998,1533631.2820000001,3948,WV,1539529.0,1399634.02,14769233,0.030598585536162886,470.93000000016764
3954,WV,2020,1,1126504.15,1137990.6539999999,3954,WV,1126892.39,1047826.01,10985603,0.03446414289729787,388.2399999999907
3954,WV,2020,2,1492488.23,1554672.133,3954,WV,1454785.01,1378570.0,14496262,-2.526198816321652,-37703.21999999997
3954,WV,2020,3,1602098.1,1625363.785,3954,WV,1624327.77,1486506.0,15857228,1.387534883163517,22229.669999999925
3954,WV,2020,4,845442.35,822469.11,3954,WV,846960.12,801326.0,8331679,0.1795237723778586,1517.7700000000186
3954,WV,2021,1,1897947.63,1858364.9,3954,WV,1858340.0,1771321.0,18172281,-2.08686632728638,-39607.62999999989
3954,WV,2021,2,1983202.1600000001,1924752.1469999999,3954,WV,1983756.0,1845189.0,19557764,0.027926552883537143,553.839999999851
3954,WV,2021,3,1569544.6199999999,1603613.633,3954,WV,1540836.5,1453283.02,15399814,-1.829073199588291,-28708.11999999988
3954,WV,2021,4,469538.01,499200.572,3954,WV,470179.0,438914.01,4562221,0.13651503953854358,640.9899999999907
3954,WV,2022,1,1718836.9500000002,1744576.274,3954,WV,1681563.01,1599053.01,17098603,-2.1685558947287102,-37273.94000000018
3954,WV,2022,2,1681616.6300000001,1669117.5119999999,3954,WV,1692241.01,1564005.99,16796390,0.6317956073019977,10624.379999999888
3954,WV,2022,3,987486.69,975315.8740000001,3954,WV,990295.78,921083.02,9635895,0.28446864433181207,2809.090000000084
3954,WV,2022,4,606547.83,605583.321,3954,WV,601251.11,560060.0,6156335,-0.8732567718525961,-5296.719999999972
3954,WV,2023,1,1004464.93,1058379.67,3954,WV,997607.06,929262.0,10004319,-0.6827386198540546,-6857.869999999995
3954,WV,2023,2,903102.47,899395.159,3954,WV,892858.88,831690.02,9171684,-1.1342666353243356,-10243.589999999967
3954,WV,2023,3,1554310.5,1598788.009,3954,WV,1524512.8599999999,1440039.0,15887021,-1.917097002175571,-29797.64000000013
3954,WV,2023,4,341419.66000000003,334328.538,3954,WV,341725.55,318315.01,3711682,0.08959355181829767,305.88999999995576
3954,WV,2024,1,840609.69,846937.3799999999,3954,WV,837292.05,779930.0,8256474,-0.39467068241860237,-3317.6399999998976
3954,WV,2024,2,1354070.2,1382206.903,3954,WV,1346245.6099999999,1249997.01,13585126,-0.5778570416807108,-7824.590000000084
3954,WV,2024,3,1370804.4300000002,1360237.2119999998,3954,WV,1363557.58,1270143.0,13315066,-0.5286567391673874,-7246.850000000093
3954,WV,2024,4,932996.68,957202.435,3954,WV,923219.87,859971.0,9917426,-1.0478933322678121,-9776.810000000056
3954,WV,2025,1,1240451.77,1206553.318,3954,WV,1251515.82,1165782.01,11683391,0.8919371367417248,11064.050000000047
3954,WV,2025,2,1172036.89,1225690.2510000002,3954,WV,1171721.26,1094000.0,11465863,-0.026930039719132756,-315.62999999988824
3954,WV,2025,3,1829900.15,1809019.6600000001,3954,WV,1824810.9000000001,1699797.0,17716931,-0.27811626771000414,-5089.249999999767
3954,WV,2025,4,419381.41000000003,435427.912,3954,WV,418066.13,389428.01,4487896,-0.31362382037869246,-1315.280000000028
50491,WV,2020,1,0.0,132515.7,50491,WV,175828.0,168847.63,722802,,175828.0
50491,WV,2020,2,0.0,96587.55,50491,WV,170703.0,163926.09,701734,,170703.0
50491,WV,2020,3,0.0,103155.2,50491,WV,193621.0,185934.25,795946,,193621.0
50491,WV,2020,4,0.0,122708.375,50491,WV,209090.0,200789.13,859536,,209090.0
50491,WV,2021,1,0.0,119884.225,50491,WV,182055.0,174827.42,748400,,182055.0
50491,WV,2021,2,0.0,103364.925,50491,WV,175883.0,168900.45,723026,,175883.0
50491,WV,2021,3,0.0,116923.7,50491,WV,212108.0,203687.31,871942,,212108.0
50491,WV,2021,4,0.0,129118.25,50491,WV,213657.0,205174.82,878311,,213657.0
50491,WV,2022,1,0.0,115279.1,50491,WV,163306.0,156822.75,671325,,163306.0
50491,WV,2022,2,0.0,13934.075,50491,WV,44416.0,42652.68,182588,,44416.0
50491,WV,2022,3,0.0,90184.15,50491,WV,147012.02,141175.63,604343,,147012.02
50491,WV,2022,4,0.0,102605.4,50491,WV,180343.0,173183.39,741361,,180343.0
50491,WV,2023,1,0.0,106404.1,50491,WV,174535.0,167605.96,717486,,174535.0
50491,WV,2023,2,0.0,86263.3,50491,WV,157375.02,151127.22,646944,,157375.02
50491,WV,2023,3,0.0,95163.575,50491,WV,160230.0,153868.88,658680,,160230.0
50491,WV,2023,4,0.0,119497.8,50491,WV,202892.0,194837.19,834057,,202892.0
50491,WV,2024,1,0.0,120489.825,50491,WV,188167.0,180696.77,773524,,188167.0
50491,WV,2024,2,0.0,97243.175,50491,WV,164091.0,157576.59,674552,,164091.0
50491,WV,2024,3,0.0,125109.725,50491,WV,198516.0,190634.92,816068,,198516.0
50491,WV,2024,4,0.0,117172.275,50491,WV,191392.0,183793.75,786783,,191392.0
50491,WV,2025,1,0.0,114611.325,50491,WV,170852.0,164069.18,702346,,170852.0
50491,WV,2025,2,0.0,66878.85,50491,WV,105936.0,101730.34,435486,,105936.0
50491,WV,2025,3,0.0,89298.152,50491,WV,158691.0,152390.97,652355,,158691.0
50491,WV,2025,4,0.0,117352.9,50491,WV,199080.0,199080.0,818386,,199080.0
55276,WV,2020,1,0.0,0.0,55276,WV,0.0,0.0,0,,0.0
55276,WV,2020,2,11857.17,9078.1,55276,WV,12302.0,12302.0,154074,3.751569725322315,444.8299999999999
55276,WV,2020,3,46253.15,34640.1,55276,WV,47246.0,47246.0,588276,2.1465565048002104,992.8499999999985
55276,WV,2020,4,48885.75,36118.8,55276,WV,50800.0,50800.0,618229,3.915762773405338,1914.25
55276,WV,2021,1,38073.64,26529.0,55276,WV,38545.0,38545.0,452418,1.2380218965142302,471.3600000000006
55276,WV,2021,2,73209.72,54189.0,55276,WV,74843.0,74843.0,926717,2.2309605882934656,1633.2799999999988
55276,WV,2021,3,84537.58,63036.4,55276,WV,85899.0,85899.0,1070337,1.6104317156937757,1361.4199999999983
55276,WV,2021,4,128183.83,93444.6,55276,WV,131867.0,131867.0,1595668,2.8733499381318204,3683.1699999999983
55276,WV,2022,1,51175.65,37684.8,55276,WV,53477.0,53477.0,646850,4.496962911071962,2301.3499999999985
55276,WV,2022,2,139170.4,103308.6,55276,WV,142486.0,142486.0,1751178,2.3824031546938187,3315.600000000006
55276,WV,2022,3,134800.66,99387.4,55276,WV,137099.0,137099.0,1696634,1.7049916521180213,2298.3399999999965
55276,WV,2022,4,63499.38,45663.1,55276,WV,65211.0,65211.0,776307,2.695490885107859,1711.6200000000026
55276,WV,2023,1,15733.59,11519.1,55276,WV,16380.0,16380.0,196321,4.108471111806014,646.4099999999999
55276,WV,2023,2,205865.91,151585.0,55276,WV,207632.0,207632.0,2558425,0.8578836583482892,1766.0899999999965
55276,WV,2023,3,155229.13,115316.1,55276,WV,156560.0,156560.0,1938628,0.8573584094686322,1330.8699999999953
55276,WV,2023,4,84911.58,63381.6,55276,WV,89228.0,89228.0,1604887,5.083429138875991,4316.419999999998
55276,WV,2024,1,33756.07,25044.7,55276,WV,35218.0,35218.0,426602,4.3308655302587065,1461.9300000000003
55276,WV,2024,2,76103.28,57522.2,55276,WV,77551.0,77551.0,974016,1.9023095982196843,1447.7200000000012
55276,WV,2024,3,124173.41,91897.2,55276,WV,125255.0,125255.0,1515702,0.8710318899996355,1081.5899999999965
55276,WV,2024,4,250917.28,183524.7,55276,WV,254362.0,254362.0,3056605,1.3728508455057384,3444.720000000001
55276,WV,2025,1,144866.58,103519.4,55276,WV,147822.0,147776.0,1760112,2.0400978610801834,2955.420000000013
55276,WV,2025,2,89354.03,67459.4,55276,WV,91427.0,91427.0,1122453,2.3199513217255014,2072.970000000001
55276,WV,2025,3,211756.39,156828.8,55276,WV,213169.0,213168.0,2653443,0.667092029666725,1412.609999999986
55276,WV,2025,4,251278.51,178429.1,55276,WV,249772.0,249772.0,3010203,-0.5995379389984481,-1506.5100000000093
55284,WV,2020,1,23722.760000000002,15761.300000000001,55284,WV,58500.09,58500.09,670016,146.5990045003195,34777.329999999994
55284,WV,2020,2,48714.89,31920.5,55284,WV,59564.020000000004,59564.020000000004,682203,22.270665088230736,10849.130000000005
55284,WV,2020,3,116139.73,74673.9,55284,WV,69514.06,69514.06,796163,-40.14618425580979,-46625.67
55284,WV,2020,4,53204.11,36269.2,55284,WV,54859.84,54859.84,628325,3.112034013913579,1655.729999999996
55284,WV,2021,1,29065.239999999998,20691.3,55284,WV,30685.98,30685.98,355778,5.57621406188286,1620.7400000000016
55284,WV,2021,2,71984.09,49128.0,55284,WV,72831.7,72831.70999999999,844420,1.1774963050863052,847.6100000000006
55284,WV,2021,3,70712.63,48284.2,55284,WV,71515.76000000001,71515.76999999999,829162,1.1357659869248315,803.1300000000047
55284,WV,2021,4,113959.32,75521.3,55284,WV,111920.56,111920.56999999999,1297620,-1.789024364132753,-2038.7600000000093
55284,WV,2022,1,80698.57,49963.8,55284,WV,77871.18999999999,77871.18999999999,854870,-3.5036308573993558,-2827.380000000019
55284,WV,2022,2,58694.229999999996,39871.6,55284,WV,62180.81,62180.81,682620,5.940243189151646,3486.5800000000017
55284,WV,2022,3,70726.39,45879.2,55284,WV,71440.02,71440.02,784270,1.0090010249356776,713.6300000000047
55284,WV,2022,4,47085.41,29864.5,55284,WV,46556.990000000005,46556.990000000005,511102,-1.1222584660513697,-528.4199999999983
55284,WV,2023,1,28541.92,19878.4,55284,WV,30178.66,30178.66,319922,5.734512604618056,1636.7400000000016
55284,WV,2023,2,50001.56,36024.593,55284,WV,54316.49,54316.49,575805,8.62959075676839,4314.93
55284,WV,2023,3,104209.69,69624.25200000001,55284,WV,104977.88,104977.88,1112863,0.7371579360806104,768.1900000000023
55284,WV,2023,4,141261.28,89861.264,55284,WV,135488.98,135488.98,1436310,-4.086257748761719,-5772.299999999988
55284,WV,2024,1,75778.12,47843.223,55284,WV,75372.39,75372.39,754942,-0.5354184030957695,-405.7299999999959
55284,WV,2024,2,87598.73,56805.243,55284,WV,89492.51,89492.51,896371,2.161880657402224,1893.7799999999988
55284,WV,2024,3,67694.78,42728.496,55284,WV,67315.51000000001,67315.51000000001,674244,-0.5602647648755037,-379.2699999999895
55284,WV,2024,4,52712.9,33723.638,55284,WV,53129.6,53129.6,532154,0.7905085851850251,416.6999999999971
55349,WV,2020,1,191100.8,114085.117,55349,WV,189721.0,187642.0,1910185,-0.7220273279860621,-1379.7999999999884
55349,WV,2020,2,515967.0,309655.66000000003,55349,WV,512915.0,506679.0,5177228,-0.5915106973895617,-3052.0
55349,WV,2020,3,517057.45999999996,316832.323,55349,WV,514129.0,507792.0,5272463,-0.5663703217820245,-2928.4599999999627
55349,WV,2020,4,460287.42,274893.983,55349,WV,457518.0,452395.0,4584215,-0.6016718857969188,-2769.4199999999837
55349,WV,2021,1,141250.97999999998,85091.317,55349,WV,140351.01,138604.0,1427164,-0.637142482126476,-899.9699999999721
55349,WV,2021,2,458072.58,277233.6,55349,WV,455517.0,449590.0,4649213,-0.5578984884884435,-2555.5800000000163
55349,WV,2021,3,315093.25,193898.322,55349,WV,313078.0,308699.0,3247128,-0.6395725709770045,-2015.25
55349,WV,2021,4,362013.96,218737.398,55349,WV,360040.0,355570.0,3679914,-0.5452717900713058,-1973.960000000021
55349,WV,2022,1,106882.29999999999,63817.241,55349,WV,106257.0,104471.0,1073524,-0.5850360630338124,-625.2999999999884
55349,WV,2022,2,221182.38,137258.021,55349,WV,220985.0,218410.0,2300996,-0.08923857316301807,-197.38000000000466
55349,WV,2022,3,280865.39,175694.535,55349,WV,280071.0,275197.0,2943125,-0.28283655739855096,-794.390000000014
55349,WV,2022,4,315070.93000000005,195421.45500000002,55349,WV,313298.0,308849.0,3228032,-0.5627082130363632,-1772.9300000000512
55349,WV,2023,1,265912.74,158721.651,55349,WV,264607.0,260869.0,2676178,-0.49104078277708346,-1305.7399999999907
55349,WV,2023,2,579341.5900000001,355488.95,55349,WV,575870.0,567087.0,5972777,-0.5992302399694942,-3471.590000000084
55349,WV,2023,3,631209.61,389852.293,55349,WV,627820.0,619132.01,6568985,-0.5370022804310578,-3389.609999999986
55349,WV,2023,4,769622.3700000001,463109.727,55349,WV,765740.0,753851.0,7790119,-0.5044512934311032,-3882.3700000001118
55349,WV,2024,1,408462.28,246422.356,55349,WV,406014.0,400092.0,4123468,-0.5993894956469489,-2448.280000000028
55349,WV,2024,2,720725.46,442098.163,55349,WV,716640.0,706837.0,7439284,-0.566853847510807,-4085.4599999999627
55349,WV,2024,3,547488.1799999999,335426.71499999997,55349,WV,546775.0,539341.0,5601504,-0.1302639994894383,-713.1799999999348
55349,WV,2024,4,588148.0,357023.005,55349,WV,583966.0,574995.0,6006747,-0.7110455191550427,-4182.0
55349,WV,2025,1,95721.84000000001,57695.954,55349,WV,92441.0,90699.0,970071,-3.4274727690148983,-3280.840000000011
55349,WV,2025,2,288780.81,176177.723,55349,WV,286294.0,282064.0,2964509,-0.8611410155681735,-2486.8099999999977
55349,WV,2025,3,562737.7,348488.175,55349,WV,558313.0,550214.0,5863979,-0.7862810684267206,-4424.699999999953
55349,WV,2025,4,629492.1699999999,386562.837,55349,WV,625467.0,615346.0,6504578,-0.6394313053965271,-4025.1699999999255
56671,WV,2020,1,1610091.34,1399278.32,56671,WV,1607799.0,1452012.0,12743665,-0.14237328920731193,-2292.340000000084
56671,WV,2020,2,874244.6,765137.81,56671,WV,865148.02,787582.0,6955137,-1.0405074277839357,-9096.579999999958
56671,WV,2020,3,1464083.66,1256213.576,56671,WV,1453859.0,1320547.0,11780204,-0.69836582972314,-10224.659999999916
56671,WV,2020,4,1537863.3,1336597.51,56671,WV,1456803.0,1389716.0,12064423,-5.27096914270599,-81060.30000000005
56671,WV,2021,1,1670775.0,1422506.2,56671,WV,1669395.01,1509687.0,13240366,-0.0825958013496725,-1379.9899999999907
56671,WV,2021,2,1162457.82,988313.586,56671,WV,1161460.0,1049966.0,9659873,-0.08583709299663579,-997.8200000000652
56671,WV,2021,3,1708482.0,1453884.8,56671,WV,1707039.0,1543982.0,13035754,-0.08446094252090453,-1443.0
56671,WV,2021,4,1604673.9,1391102.616,56671,WV,1604096.0,1448163.0,13069563,-0.0360135476746962,-577.8999999999069
56671,WV,2022,1,1448033.3,1250072.807,56671,WV,1446601.0,1307581.0,11730374,-0.09891347111976269,-1432.3000000000466
56671,WV,2022,2,902725.5,770913.071,56671,WV,901304.0,813018.0,7379443,-0.1574675801226397,-1421.5
56671,WV,2022,3,1463023.0,1232455.375,56671,WV,1462418.01,1321364.0,11427347,-0.04135204983106832,-604.9899999999907
56671,WV,2022,4,1240653.64,1067760.101,56671,WV,1239659.01,1117873.01,9966356,-0.08016983692562964,-994.6299999998882
56671,WV,2023,1,1142985.35,1008071.962,56671,WV,1142309.0,1029294.0,9218850,-0.059173986788202765,-676.3500000000931
56671,WV,2023,2,1271797.27,1114115.535,56671,WV,1270020.0,1142350.0,10270828,-0.13974475664663272,-1777.2700000000186
56671,WV,2023,3,1065302.17,943143.68,56671,WV,1065340.0,955730.0,8579510,0.0035511051291742426,37.830000000074506
56671,WV,2023,4,880823.56,762580.0,56671,WV,880012.0,793723.0,7009539,-0.09213650007273373,-811.5600000000559
56671,WV,2024,1,1133685.86,971958.606,56671,WV,1132864.01,1021342.02,9217133,-0.07249362711466588,-821.8500000000931
56671,WV,2024,2,1459342.0,1249125.686,56671,WV,1457294.0,1313859.03,11871732,-0.1403372204733366,-2048.0
56671,WV,2024,3,1436482.45,1246247.794,56671,WV,1436122.0,1292955.0,11560781,-0.025092544639160292,-360.44999999995343
56671,WV,2024,4,1183470.7,1008969.024,56671,WV,1180301.0,1068033.0,9568799,-0.26783088081521184,-3169.6999999999534
56671,WV,2025,1,1235311.0,1050804.68,56671,WV,1228859.0,1113336.0,9844747,-0.5222976238372362,-6452.0
56671,WV,2025,2,1268783.0,1085961.543,56671,WV,1252548.01,1140739.01,9890426,-1.2795718416782058,-16234.98999999999
56671,WV,2025,3,1251310.7,1057605.747,56671,WV,1245424.0,1126313.0,9845673,-0.47044271258928366,-5886.699999999953
56671,WV,2025,4,1389682.13,1203533.761,56671,WV,1383022.0,1250504.01,11013291,-0.4792556410004271,-6660.129999999888
6004,WV,2020,1,561895.41,549123.879,6004,WV,560099.0,480348.0,5534432,-0.3197054056732787,-1796.4100000000326
6004,WV,2020,2,670518.8200000001,654453.095,6004,WV,667133.01,591740.0,6441365,-0.5049537610294154,-3385.810000000056
6004,WV,2020,3,2035950.93,1984834.527,6004,WV,2032352.0,1846718.0,20736274,-0.176768995115218,-3598.929999999935
6004,WV,2020,4,2164404.67,2057901.59,6004,WV,2157624.0,1963408.0,20584410,-0.3132810649498333,-6780.6699999999255
6004,WV,2021,1,2131534.33,1991062.655,6004,WV,2126185.0,1938012.0,20274886,-0.25096147524868034,-5349.3300000000745
6004,WV,2021,2,1780445.63,1751340.2179999999,6004,WV,1773250.0,1615952.0,17049024,-0.4041476964393396,-7195.629999999888
6004,WV,2021,3,1930175.87,2020543.437,6004,WV,1924081.0,1752617.0,18430352,-0.31576759893906,-6094.870000000112
6004,WV,2021,4,2490657.7199999997,2398114.9529999997,6004,WV,2482958.0,2276190.0,23479503,-0.30914404408807084,-7699.719999999739
6004,WV,2022,1,2252996.4299999997,2110779.529,6004,WV,2243342.0,2048455.0,21409559,-0.42851510421610844,-9654.429999999702
6004,WV,2022,2,2408710.31,2273075.891,6004,WV,2400428.0,2198914.0,23359069,-0.3438483227150738,-8282.310000000056
6004,WV,2022,3,2365581.51,2280122.02,6004,WV,2357733.01,2151377.0100000002,22170624,-0.33177888679050427,-7848.5
6004,WV,2022,4,1857281.02,1782501.115,6004,WV,1852025.0,1681916.0,17374533,-0.282995407986241,-5256.020000000019
6004,WV,2023,1,2208045.89,2129237.804,6004,WV,2198836.01,2007244.0,20961985,-0.4171054615173942,-9209.880000000354
6004,WV,2023,2,1468939.44,1448266.3059999999,6004,WV,1464563.0,1325621.0,14269949,-0.29793195558830826,-4376.439999999944
6004,WV,2023,3,564224.84,560186.7760000001,6004,WV,562491.0,489116.0,5508438,-0.30729593542885625,-1733.8399999999674
6004,WV,2023,4,872944.62,869876.7239999999,6004,WV,870538.0,761034.0,8694851,-0.2756898828244105,-2406.6199999999953
6004,WV,2024,1,374185.47,369542.575,6004,WV,372949.0,315338.01,3750178,-0.3304430821431875,-1236.469999999972
6004,WV,2024,2,441021.58999999997,468939.185,6004,WV,439731.01,374857.0,4608217,-0.29263419960912984,-1290.579999999958
6004,WV,2024,3,308238.96,337849.111,6004,WV,307357.0,245234.99999999997,3265964,-0.286128658103447,-881.960000000021
6004,WV,2024,4,50304.14,52500.796,6004,WV,50187.009999999995,19590.0,589745,-0.2328436585935167,-117.13000000000466
6004,WV,2025,1,100556.54000000001,114071.256,6004,WV,100288.0,61543.0,1190219,-0.26705373912030794,-268.54000000000815
6004,WV,2025,2,99656.82,111228.372,6004,WV,100246.0,66718.0,1093874,0.59120891073987,589.179999999993
6004,WV,2025,3,250230.65,282425.41599999997,6004,WV,249450.0,191821.0,2914037,-0.31197217447183,-780.6499999999942
6004,WV,2025,4,109408.86,234680.68899999998,6004,WV,109149.0,67226.0,1303028,-0.23751275719352216,-259.8600000000006
6264,WV,2020,1,641279.2,623378.709,6264,WV,641256.01,578755.0,6111712,-0.003616209601051168,-23.18999999994412
6264,WV,2020,2,1883285.5,1794981.95,6264,WV,1882163.0,1722094.0,17218458,-0.059603283729418616,-1122.5
6264,WV,2020,3,2023349.44,1932667.77,6264,WV,2024456.0,1855752.01,18584252,0.0546895152228404,1106.5600000000559
6264,WV,2020,4,1216745.94,1140870.999,6264,WV,1215462.01,1118412.0,10837456,-0.10552161776680635,-1283.9299999999348
6264,WV,2021,1,2544510.38,2395154.192,6264,WV,2544537.0,2353380.0,22559207,0.0010461737633041905,26.62000000011176
6264,WV,2021,2,2347775.61,2240564.769,6264,WV,2346445.0100000002,2165004.0100000002,21106412,-0.056674922183028706,-1330.5999999996275
6264,WV,2021,3,2207463.2,2125912.0,6264,WV,2208746.0,2040919.0,20008800,0.05811195402939508,1282.7999999998137
6264,WV,2021,4,622046.55,587302.038,6264,WV,620751.0,573455.0,5516349,-0.2082721944201839,-1295.5500000000466
6264,WV,2022,1,1479325.81,1419362.034,6264,WV,1479310.0,1354157.01,13302861,-0.0010687300859068955,-15.81000000005588
6264,WV,2022,2,112698.37,113024.052,6264,WV,111368.01,101383.0,1262836,-1.1804607289351219,-1330.3600000000006
6264,WV,2022,3,1850736.3,1789770.724,6264,WV,1851217.01,1698695.0,17103678,0.025973986677624614,480.70999999996275
6264,WV,2022,4,2248178.0,2148046.2,6264,WV,2247392.0,2062598.0,20366588,-0.03496164449612086,-786.0
6264,WV,2023,1,1656568.45,1584494.082,6264,WV,1655733.0,1505591.0,15271599,-0.05043256739556723,-835.4499999999534
6264,WV,2023,2,563098.38,554905.759,6264,WV,563104.0,508757.0,5239854,0.0009980493994664562,5.619999999995343
6264,WV,2023,3,1998726.0,1955050.2,6264,WV,1998708.0,1825296.0,18365167,-0.0009005736654248756,-18.0
6264,WV,2023,4,1241267.15,1206977.919,6264,WV,1240663.0,1129058.0,11758463,-0.048672036474976955,-604.1499999999069
6264,WV,2024,1,1827544.7,1761978.192,6264,WV,1826753.0,1664651.0,16821980,-0.04332041782616608,-791.6999999999534
6264,WV,2024,2,1860922.82,1823671.74,6264,WV,1861687.0,1692365.0,17260225,0.04106457246840225,764.1799999999348
6264,WV,2024,3,1219425.61,1194607.457,6264,WV,1219515.0,1112054.0,11066485,0.007330500464058447,89.38999999989755
6264,WV,2024,4,283210.58,276975.02,6264,WV,282632.0,256130.0,2881850,-0.2042932153170324,-578.5800000000163
6264,WV,2025,1,2146386.98,2038689.241,6264,WV,2145236.01,1973064.0,19162424,-0.053623601462593894,-1150.970000000205
6264,WV,2025,2,1809603.0,1800902.2,6264,WV,1809363.0,1641009.0,16873475,-0.013262577482464386,-240.0
6264,WV,2025,3,1718395.52,1678317.721,6264,WV,1718523.01,1578060.01,15626472,0.00741913014298307,127.48999999999069
6264,WV,2025,4,1819251.81,1715721.985,6264,WV,1819965.0,1678438.0,16129867,0.03920237957602714,713.1899999999441
