period,stateid,stateName,sector,sectorName,entityid,entityName,plantid,plantName,generatorid,technology,energy_source_code,energy-source-desc,prime_mover_code,balancing_authority_code,balancing-authority-name,status,statusDescription,unit
2026-03,CT,Connecticut,ipp-non-chp,IPP Non-CHP,65448,"Generation Bridge II Connecticut, LLC",568,Bridgeport Station,501,Natural Gas Fired Combined Cycle,NG,Natural Gas,CT,ISNE,ISO New England Inc.,OP,Operating,CC1
2026-03,CT,Connecticut,ipp-non-chp,IPP Non-CHP,56927,Wallingford Energy LLC,55517,Wallingford Energy,CTG5,Natural Gas Fired Combustion Turbine,NG,Natural Gas,GT,ISNE,ISO New England Inc.,OP,Operating,
2026-03,CT,Connecticut,ipp-non-chp,IPP Non-CHP,56927,Wallingford Energy LLC,55517,Wallingford Energy,CTG7,Natural Gas Fired Combustion Turbine,NG,Natural Gas,GT,ISNE,ISO New England Inc.,OP,Operating,
2026-03,PA,Pennsylvania,ipp-non-chp,IPP Non-CHP,61267,Springdale Energy LLC,55710,Allegheny Energy Units 3 4 & 5,UNT3,Natural Gas Fired Combined Cycle,NG,Natural Gas,CT,PJM,"PJM Interconnection, LLC",OP,Operating,CC1
2026-03,PA,Pennsylvania,ipp-non-chp,IPP Non-CHP,61267,Springdale Energy LLC,55710,Allegheny Energy Units 3 4 & 5,UNT4,Natural Gas Fired Combined Cycle,NG,Natural Gas,CT,PJM,"PJM Interconnection, LLC",OP,Operating,CC1
2026-03,PA,Pennsylvania,ipp-non-chp,IPP Non-CHP,61267,Springdale Energy LLC,55710,Allegheny Energy Units 3 4 & 5,UNT5,Natural Gas Fired Combined Cycle,NG,Natural Gas,CA,PJM,"PJM Interconnection, LLC",OP,Operating,CC1
2026-03,NY,New York,ipp-non-chp,IPP Non-CHP,66974,MPH Cross Island Power,55787,Shoreham Energy LLC,CT01,Petroleum Liquids,KER,Kerosene,GT,NYIS,New York Independent System Operator,OP,Operating,
2026-03,NY,New York,ipp-non-chp,IPP Non-CHP,66974,MPH Cross Island Power,55787,Shoreham Energy LLC,CT02,Petroleum Liquids,KER,Kerosene,GT,NYIS,New York Independent System Operator,OP,Operating,
2026-03,VA,Virginia,electric-utility,Electric Utility,19876,Virginia Electric & Power Co,56808,Virginia City Hybrid Energy Center,1,Conventional Steam Coal,BIT,Bituminous Coal,ST,PJM,"PJM Interconnection, LLC",OP,Operating,
2026-03,NY,New York,ipp-non-chp,IPP Non-CHP,56204,"CPV Valley, LLC",56940,CPV Valley Energy Center,CTG1,Natural Gas Fired Combined Cycle,NG,Natural Gas,CT,NYIS,New York Independent System Operator,OP,Operating,G921
2026-03,NY,New York,ipp-non-chp,IPP Non-CHP,56204,"CPV Valley, LLC",56940,CPV Valley Energy Center,CTG2,Natural Gas Fired Combined Cycle,NG,Natural Gas,CT,NYIS,New York Independent System Operator,OP,Operating,G921
2026-03,NY,New York,ipp-non-chp,IPP Non-CHP,56204,"CPV Valley, LLC",56940,CPV Valley Energy Center,STG,Natural Gas Fired Combined Cycle,NG,Natural Gas,CA,NYIS,New York Independent System Operator,OP,Operating,G921
2026-03,PA,Pennsylvania,industrial-chp,Industrial CHP,58798,Shell Chemical Appalachia LLC,58933,Shell Chemical Appalachia LLC,GTG1,Natural Gas Fired Combined Cycle,NG,Natural Gas,CT,PJM,"PJM Interconnection, LLC",OP,Operating,COGN
2026-03,PA,Pennsylvania,industrial-chp,Industrial CHP,58798,Shell Chemical Appalachia LLC,58933,Shell Chemical Appalachia LLC,GTG2,Natural Gas Fired Combined Cycle,NG,Natural Gas,CT,PJM,"PJM Interconnection, LLC",OP,Operating,COGN
2026-03,PA,Pennsylvania,industrial-chp,Industrial CHP,58798,Shell Chemical Appalachia LLC,58933,Shell Chemical Appalachia LLC,GTG3,Natural Gas Fired Combined Cycle,NG,Natural Gas,CT,PJM,"PJM Interconnection, LLC",OP,Operating,COGN
2026-03,PA,Pennsylvania,industrial-chp,Industrial CHP,58798,Shell Chemical Appalachia LLC,58933,Shell Chemical Appalachia LLC,STG1,Natural Gas Fired Combined Cycle,NG,Natural Gas,CA,PJM,"PJM Interconnection, LLC",OP,Operating,COGN
2026-03,PA,Pennsylvania,industrial-chp,Industrial CHP,58798,Shell Chemical Appalachia LLC,58933,Shell Chemical Appalachia LLC,STG2,Natural Gas Fired Combined Cycle,NG,Natural Gas,CA,PJM,"PJM Interconnection, LLC",OP,Operating,COGN
2026-03,VA,Virginia,ipp-non-chp,IPP Non-CHP,64709,Potomac Energy Center LLC,59004,"Potomac Energy Center, LLC",GEN1,Natural Gas Fired Combined Cycle,NG,Natural Gas,CT,PJM,"PJM Interconnection, LLC",OP,Operating,STNL
2026-03,VA,Virginia,ipp-non-chp,IPP Non-CHP,64709,Potomac Energy Center LLC,59004,"Potomac Energy Center, LLC",GEN2,Natural Gas Fired Combined Cycle,NG,Natural Gas,CT,PJM,"PJM Interconnection, LLC",OP,Operating,STNL
2026-03,VA,Virginia,ipp-non-chp,IPP Non-CHP,64709,Potomac Energy Center LLC,59004,"Potomac Energy Center, LLC",GEN3,Natural Gas Fired Combined Cycle,NG,Natural Gas,CA,PJM,"PJM Interconnection, LLC",OP,Operating,STNL
2026-03,PA,Pennsylvania,ipp-non-chp,IPP Non-CHP,60249,"Tenaska Pennsylvania Partners, LLC",60464,Tenaska Westmoreland Generating Station,CTG1,Natural Gas Fired Combined Cycle,NG,Natural Gas,CT,PJM,"PJM Interconnection, LLC",OP,Operating,STG1
2026-03,CT,Connecticut,ipp-non-chp,IPP Non-CHP,56927,Wallingford Energy LLC,55517,Wallingford Energy,CTG6,Natural Gas Fired Combustion Turbine,NG,Natural Gas,GT,ISNE,ISO New England Inc.,OP,Operating,
2026-03,CT,Connecticut,ipp-non-chp,IPP Non-CHP,56927,Wallingford Energy LLC,55517,Wallingford Energy,CTG4,Natural Gas Fired Combustion Turbine,NG,Natural Gas,GT,ISNE,ISO New England Inc.,OP,Operating,
2026-03,NJ,New Jersey,ipp-non-chp,IPP Non-CHP,63034,"Sayreville Power, LLC",2390,Sayreville,GT1,Natural Gas Fired Combustion Turbine,NG,Natural Gas,GT,PJM,"PJM Interconnection, LLC",OP,Operating,
2026-03,CT,Connecticut,ipp-non-chp,IPP Non-CHP,56927,Wallingford Energy LLC,55517,Wallingford Energy,CTG3,Natural Gas Fired Combustion Turbine,NG,Natural Gas,GT,ISNE,ISO New England Inc.,OP,Operating,
2026-03,RI,Rhode Island,ipp-non-chp,IPP Non-CHP,55510,Tiverton Power LLC,55048,Tiverton Power Plant,UNT1,Natural Gas Fired Combined Cycle,NG,Natural Gas,CT,ISNE,ISO New England Inc.,OP,Operating,1226
2026-03,RI,Rhode Island,ipp-non-chp,IPP Non-CHP,55510,Tiverton Power LLC,55048,Tiverton Power Plant,UNT2,Natural Gas Fired Combined Cycle,NG,Natural Gas,CA,ISNE,ISO New England Inc.,OP,Operating,1226
2026-03,ME,Maine,ipp-non-chp,IPP Non-CHP,54821,Rumford Power,55100,Rumford Power LLC,UNT1,Natural Gas Fired Combined Cycle,NG,Natural Gas,CT,ISNE,ISO New England Inc.,OP,Operating,CC1
2026-03,ME,Maine,ipp-non-chp,IPP Non-CHP,54821,Rumford Power,55100,Rumford Power LLC,UNT2,Natural Gas Fired Combined Cycle,NG,Natural Gas,CA,ISNE,ISO New England Inc.,OP,Operating,CC1
2026-03,RI,Rhode Island,ipp-non-chp,IPP Non-CHP,6832,RISEC Operating Services,55107,Rhode Island State Energy Center,CTG1,Natural Gas Fired Combined Cycle,NG,Natural Gas,CT,ISNE,ISO New England Inc.,OP,Operating,CC1
2026-03,RI,Rhode Island,ipp-non-chp,IPP Non-CHP,6832,RISEC Operating Services,55107,Rhode Island State Energy Center,CTG2,Natural Gas Fired Combined Cycle,NG,Natural Gas,CT,ISNE,ISO New England Inc.,OP,Operating,CC1
2026-03,RI,Rhode Island,ipp-non-chp,IPP Non-CHP,6832,RISEC Operating Services,55107,Rhode Island State Energy Center,STG1,Natural Gas Fired Combined Cycle,NG,Natural Gas,CA,ISNE,ISO New England Inc.,OP,Operating,CC1
2026-03,PA,Pennsylvania,ipp-non-chp,IPP Non-CHP,61267,Springdale Energy LLC,55196,Springdale 1 & 2,UNT1,Natural Gas Fired Combustion Turbine,NG,Natural Gas,GT,PJM,"PJM Interconnection, LLC",OP,Operating,
2026-03,PA,Pennsylvania,ipp-non-chp,IPP Non-CHP,61267,Springdale Energy LLC,55196,Springdale 1 & 2,UNT2,Natural Gas Fired Combustion Turbine,NG,Natural Gas,GT,PJM,"PJM Interconnection, LLC",OP,Operating,
2026-03,NJ,New Jersey,ipp-non-chp,IPP Non-CHP,22131,Red Oak Operating Services LLC,55239,Red Oak Power LLC,0001,Natural Gas Fired Combined Cycle,NG,Natural Gas,CT,PJM,"PJM Interconnection, LLC",OP,Operating,CC1
2026-03,NJ,New Jersey,ipp-non-chp,IPP Non-CHP,22131,Red Oak Operating Services LLC,55239,Red Oak Power LLC,0002,Natural Gas Fired Combined Cycle,NG,Natural Gas,CT,PJM,"PJM Interconnection, LLC",OP,Operating,CC1
2026-03,NJ,New Jersey,ipp-non-chp,IPP Non-CHP,22131,Red Oak Operating Services LLC,55239,Red Oak Power LLC,0003,Natural Gas Fired Combined Cycle,NG,Natural Gas,CT,PJM,"PJM Interconnection, LLC",OP,Operating,CC1
2026-03,NJ,New Jersey,ipp-non-chp,IPP Non-CHP,22131,Red Oak Operating Services LLC,55239,Red Oak Power LLC,0004,Natural Gas Fired Combined Cycle,NG,Natural Gas,CA,PJM,"PJM Interconnection, LLC",OP,Operating,CC1
2026-03,VA,Virginia,ipp-non-chp,IPP Non-CHP,18569,Tenaska Virginia Partners LP,55439,Tenaska Virginia Generating Station,CTG1,Natural Gas Fired Combined Cycle,NG,Natural Gas,CT,PJM,"PJM Interconnection, LLC",OP,Operating,STG1
2026-03,VA,Virginia,ipp-non-chp,IPP Non-CHP,18569,Tenaska Virginia Partners LP,55439,Tenaska Virginia Generating Station,CTG2,Natural Gas Fired Combined Cycle,NG,Natural Gas,CT,PJM,"PJM Interconnection, LLC",OP,Operating,STG1
2026-03,VA,Virginia,ipp-non-chp,IPP Non-CHP,18569,Tenaska Virginia Partners LP,55439,Tenaska Virginia Generating Station,CTG3,Natural Gas Fired Combined Cycle,NG,Natural Gas,CT,PJM,"PJM Interconnection, LLC",OP,Operating,STG1
2026-03,VA,Virginia,ipp-non-chp,IPP Non-CHP,18569,Tenaska Virginia Partners LP,55439,Tenaska Virginia Generating Station,STG1,Natural Gas Fired Combined Cycle,NG,Natural Gas,CA,PJM,"PJM Interconnection, LLC",OP,Operating,STG1
2026-03,CT,Connecticut,ipp-non-chp,IPP Non-CHP,56927,Wallingford Energy LLC,55517,Wallingford Energy,CTG1,Natural Gas Fired Combustion Turbine,NG,Natural Gas,GT,ISNE,ISO New England Inc.,OP,Operating,
2026-03,CT,Connecticut,ipp-non-chp,IPP Non-CHP,56927,Wallingford Energy LLC,55517,Wallingford Energy,CTG2,Natural Gas Fired Combustion Turbine,NG,Natural Gas,GT,ISNE,ISO New England Inc.,OP,Operating,
2026-03,PA,Pennsylvania,ipp-non-chp,IPP Non-CHP,60249,"Tenaska Pennsylvania Partners, LLC",60464,Tenaska Westmoreland Generating Station,CTG2,Natural Gas Fired Combined Cycle,NG,Natural Gas,CT,PJM,"PJM Interconnection, LLC",OP,Operating,STG1
2026-03,PA,Pennsylvania,ipp-non-chp,IPP Non-CHP,60249,"Tenaska Pennsylvania Partners, LLC",60464,Tenaska Westmoreland Generating Station,STG1,Natural Gas Fired Combined Cycle,NG,Natural Gas,CA,PJM,"PJM Interconnection, LLC",OP,Operating,STG1
2026-03,MA,Massachusetts,ipp-non-chp,IPP Non-CHP,59928,Salem Harbor Power Development LP,60903,Salem Harbor Power Development LP,1,Natural Gas Fired Combined Cycle,NG,Natural Gas,CA,ISNE,ISO New England Inc.,OP,Operating,0001
2026-03,MA,Massachusetts,ipp-non-chp,IPP Non-CHP,59928,Salem Harbor Power Development LP,60903,Salem Harbor Power Development LP,2,Natural Gas Fired Combined Cycle,NG,Natural Gas,CA,ISNE,ISO New England Inc.,OP,Operating,0002
2026-03,NY,New York,ipp-chp,IPP CHP,56480,Empire Generating Co LLC,56259,Empire Generating Co LLC,CT11,Natural Gas Fired Combined Cycle,NG,Natural Gas,CT,NYIS,New York Independent System Operator,OP,Operating,CC1
2026-03,CT,Connecticut,ipp-non-chp,IPP Non-CHP,19002,"CPV Towantic, LLC",56047,CPV Towantic Energy Center,STG,Natural Gas Fired Combined Cycle,NG,Natural Gas,CA,ISNE,ISO New England Inc.,OP,Operating,CC1
2026-03,CT,Connecticut,ipp-non-chp,IPP Non-CHP,19002,"CPV Towantic, LLC",56047,CPV Towantic Energy Center,CTG2,Natural Gas Fired Combined Cycle,NG,Natural Gas,CT,ISNE,ISO New England Inc.,OP,Operating,CC1
2026-03,CT,Connecticut,ipp-non-chp,IPP Non-CHP,19002,"CPV Towantic, LLC",56047,CPV Towantic Energy Center,CTG1,Natural Gas Fired Combined Cycle,NG,Natural Gas,CT,ISNE,ISO New England Inc.,OP,Operating,CC1
2026-03,NY,New York,ipp-non-chp,IPP Non-CHP,49845,"Equus Power I, L.P.",56032,Equus Freeport Power,001,Natural Gas Fired Combustion Turbine,NG,Natural Gas,GT,NYIS,New York Independent System Operator,OP,Operating,
2026-03,NY,New York,ipp-non-chp,IPP Non-CHP,49845,"Equus Power I, L.P.",56032,Equus Freeport Power,0001,Natural Gas Fired Combustion Turbine,NG,Natural Gas,GT,NYIS,New York Independent System Operator,OP,Operating,
2026-03,NY,New York,ipp-non-chp,IPP Non-CHP,66974,MPH Cross Island Power,55786,Edgewood Energy LLC,CT02,Natural Gas Fired Combustion Turbine,NG,Natural Gas,GT,NYIS,New York Independent System Operator,OP,Operating,
2026-03,NY,New York,ipp-non-chp,IPP Non-CHP,66974,MPH Cross Island Power,55786,Edgewood Energy LLC,CT01,Natural Gas Fired Combustion Turbine,NG,Natural Gas,GT,NYIS,New York Independent System Operator,OP,Operating,
2026-03,PA,Pennsylvania,ipp-non-chp,IPP Non-CHP,61320,"Chambersburg Energy, LLC",55654,Chambersburg,UN13,Natural Gas Fired Combustion Turbine,NG,Natural Gas,GT,PJM,"PJM Interconnection, LLC",OP,Operating,
2026-03,PA,Pennsylvania,ipp-non-chp,IPP Non-CHP,61320,"Chambersburg Energy, LLC",55654,Chambersburg,UN12,Natural Gas Fired Combustion Turbine,NG,Natural Gas,GT,PJM,"PJM Interconnection, LLC",OP,Operating,
2026-03,PA,Pennsylvania,ipp-non-chp,IPP Non-CHP,59923,"Fayette Power Company, LLC",55516,Fayette Energy Facility,STG1,Natural Gas Fired Combined Cycle,NG,Natural Gas,CA,PJM,"PJM Interconnection, LLC",OP,Operating,CC1
2026-03,PA,Pennsylvania,ipp-non-chp,IPP Non-CHP,59923,"Fayette Power Company, LLC",55516,Fayette Energy Facility,CTG2,Natural Gas Fired Combined Cycle,NG,Natural Gas,CT,PJM,"PJM Interconnection, LLC",OP,Operating,CC1
2026-03,PA,Pennsylvania,ipp-non-chp,IPP Non-CHP,59923,"Fayette Power Company, LLC",55516,Fayette Energy Facility,CTG1,Natural Gas Fired Combined Cycle,NG,Natural Gas,CT,PJM,"PJM Interconnection, LLC",OP,Operating,CC1
2026-03,VA,Virginia,ipp-non-chp,IPP Non-CHP,4194,Commonwealth Chesapeake Co LLC,55381,Commonwealth Chesapeake,UNT7,Petroleum Liquids,DFO,Disillate Fuel Oil,GT,PJM,"PJM Interconnection, LLC",OP,Operating,
2026-03,VA,Virginia,ipp-non-chp,IPP Non-CHP,4194,Commonwealth Chesapeake Co LLC,55381,Commonwealth Chesapeake,UNT6,Petroleum Liquids,DFO,Disillate Fuel Oil,GT,PJM,"PJM Interconnection, LLC",OP,Operating,
2026-03,VA,Virginia,ipp-non-chp,IPP Non-CHP,4194,Commonwealth Chesapeake Co LLC,55381,Commonwealth Chesapeake,UNT5,Petroleum Liquids,DFO,Disillate Fuel Oil,GT,PJM,"PJM Interconnection, LLC",OP,Operating,
2026-03,VA,Virginia,ipp-non-chp,IPP Non-CHP,4194,Commonwealth Chesapeake Co LLC,55381,Commonwealth Chesapeake,UNT4,Petroleum Liquids,DFO,Disillate Fuel Oil,GT,PJM,"PJM Interconnection, LLC",OP,Operating,
2026-03,VA,Virginia,ipp-non-chp,IPP Non-CHP,4194,Commonwealth Chesapeake Co LLC,55381,Commonwealth Chesapeake,UNT3,Petroleum Liquids,DFO,Disillate Fuel Oil,GT,PJM,"PJM Interconnection, LLC",OP,Operating,
2026-03,VA,Virginia,ipp-non-chp,IPP Non-CHP,4194,Commonwealth Chesapeake Co LLC,55381,Commonwealth Chesapeake,UNT2,Petroleum Liquids,DFO,Disillate Fuel Oil,GT,PJM,"PJM Interconnection, LLC",OP,Operating,
2026-03,NY,New York,ipp-chp,IPP CHP,56480,Empire Generating Co LLC,56259,Empire Generating Co LLC,CT12,Natural Gas Fired Combined Cycle,NG,Natural Gas,CT,NYIS,New York Independent System Operator,OP,Operating,CC1
2026-03,NY,New York,ipp-chp,IPP CHP,56480,Empire Generating Co LLC,56259,Empire Generating Co LLC,ST13,Natural Gas Fired Combined Cycle,NG,Natural Gas,CA,NYIS,New York Independent System Operator,OP,Operating,CC1
2026-03,MD,Maryland,ipp-non-chp,IPP Non-CHP,56031,CPV Maryland LLC,56846,CPV St Charles Energy Center,GTG1,Natural Gas Fired Combined Cycle,NG,Natural Gas,CT,PJM,"PJM Interconnection, LLC",OP,Operating,G601
2026-03,NJ,New Jersey,electric-utility,Electric Utility,19856,City of Vineland - (NJ),58235,Clayville,1,Natural Gas Fired Combustion Turbine,NG,Natural Gas,GT,PJM,"PJM Interconnection, LLC",OP,Operating,
2026-03,MA,Massachusetts,ipp-non-chp,IPP Non-CHP,59928,Salem Harbor Power Development LP,60903,Salem Harbor Power Development LP,3,Natural Gas Fired Combined Cycle,NG,Natural Gas,CT,ISNE,ISO New England Inc.,OP,Operating,0001
2026-03,MA,Massachusetts,ipp-non-chp,IPP Non-CHP,59928,Salem Harbor Power Development LP,60903,Salem Harbor Power Development LP,4,Natural Gas Fired Combined Cycle,NG,Natural Gas,CT,ISNE,ISO New England Inc.,OP,Operating,0002
2026-03,CT,Connecticut,ipp-non-chp,IPP Non-CHP,22380,Montville Power LLC,546,Montville Station,10,Petroleum Liquids,DFO,Disillate Fuel Oil,IC,ISNE,ISO New England Inc.,SB,Standby/Backup: available for service but not normally used,
2026-03,PA,Pennsylvania,ipp-non-chp,IPP Non-CHP,60350,"CPV Fairview, LLC",60589,CPV Fairview Energy Center,GEN3,Natural Gas Fired Combined Cycle,NG,Natural Gas,CA,PJM,"PJM Interconnection, LLC",OP,Operating,CC1
2026-03,PA,Pennsylvania,ipp-non-chp,IPP Non-CHP,60350,"CPV Fairview, LLC",60589,CPV Fairview Energy Center,GEN2,Natural Gas Fired Combined Cycle,NG,Natural Gas,CT,PJM,"PJM Interconnection, LLC",OA,Out of service but expected to return to service in next calendar year,CC1
2026-03,PA,Pennsylvania,ipp-non-chp,IPP Non-CHP,60350,"CPV Fairview, LLC",60589,CPV Fairview Energy Center,GEN1,Natural Gas Fired Combined Cycle,NG,Natural Gas,CT,PJM,"PJM Interconnection, LLC",OP,Operating,CC1
2026-03,MA,Massachusetts,ipp-non-chp,IPP Non-CHP,6035,"Constellation Power, Inc",59882,Exelon West Medway II LLC,5,Natural Gas Fired Combustion Turbine,NG,Natural Gas,GT,ISNE,ISO New England Inc.,OP,Operating,
2026-03,MA,Massachusetts,ipp-non-chp,IPP Non-CHP,6035,"Constellation Power, Inc",59882,Exelon West Medway II LLC,4,Natural Gas Fired Combustion Turbine,NG,Natural Gas,GT,ISNE,ISO New England Inc.,OP,Operating,
2026-03,DE,Delaware,ipp-non-chp,IPP Non-CHP,56691,Garrison Energy Center LLC,57349,Garrison Energy Center LLC,STG2,Natural Gas Fired Combined Cycle,NG,Natural Gas,CA,PJM,"PJM Interconnection, LLC",OP,Operating,GEC1
2026-03,MD,Maryland,ipp-non-chp,IPP Non-CHP,56031,CPV Maryland LLC,56846,CPV St Charles Energy Center,GTG2,Natural Gas Fired Combined Cycle,NG,Natural Gas,CT,PJM,"PJM Interconnection, LLC",OP,Operating,G601
2026-03,DE,Delaware,ipp-non-chp,IPP Non-CHP,56691,Garrison Energy Center LLC,57349,Garrison Energy Center LLC,CTG1,Natural Gas Fired Combined Cycle,NG,Natural Gas,CT,PJM,"PJM Interconnection, LLC",OP,Operating,GEC1
2026-03,NY,New York,ipp-non-chp,IPP Non-CHP,56534,Cricket Valley Energy Center LLC,57185,Cricket Valley Energy,U006,Natural Gas Fired Combined Cycle,NG,Natural Gas,CT,NYIS,New York Independent System Operator,OP,Operating,CCG3
2026-03,NY,New York,ipp-non-chp,IPP Non-CHP,56534,Cricket Valley Energy Center LLC,57185,Cricket Valley Energy,U005,Natural Gas Fired Combined Cycle,NG,Natural Gas,CT,NYIS,New York Independent System Operator,OP,Operating,CCG2
2026-03,NY,New York,ipp-non-chp,IPP Non-CHP,56534,Cricket Valley Energy Center LLC,57185,Cricket Valley Energy,U004,Natural Gas Fired Combined Cycle,NG,Natural Gas,CT,NYIS,New York Independent System Operator,OP,Operating,CCG1
2026-03,NY,New York,ipp-non-chp,IPP Non-CHP,56534,Cricket Valley Energy Center LLC,57185,Cricket Valley Energy,U003,Natural Gas Fired Combined Cycle,NG,Natural Gas,CA,NYIS,New York Independent System Operator,OP,Operating,CCG3
2026-03,NY,New York,ipp-non-chp,IPP Non-CHP,56534,Cricket Valley Energy Center LLC,57185,Cricket Valley Energy,U002,Natural Gas Fired Combined Cycle,NG,Natural Gas,CA,NYIS,New York Independent System Operator,OP,Operating,CCG2
2026-03,NY,New York,ipp-non-chp,IPP Non-CHP,56534,Cricket Valley Energy Center LLC,57185,Cricket Valley Energy,U001,Natural Gas Fired Combined Cycle,NG,Natural Gas,CA,NYIS,New York Independent System Operator,OP,Operating,CCG1
2026-03,MD,Maryland,ipp-non-chp,IPP Non-CHP,56031,CPV Maryland LLC,56846,CPV St Charles Energy Center,STGEN,Natural Gas Fired Combined Cycle,NG,Natural Gas,CA,PJM,"PJM Interconnection, LLC",OP,Operating,G601
2026-03,PA,Pennsylvania,ipp-non-chp,IPP Non-CHP,16793,Schuylkill Energy Resource Inc,54634,St Nicholas Cogen Project,SNCP,Conventional Steam Coal,WC,Waste Coal,ST,PJM,"PJM Interconnection, LLC",OP,Operating,
2026-03,CT,Connecticut,industrial-chp,Industrial CHP,21621,United Technologies,54605,Pratt & Whitney,FT-8,Natural Gas Fired Combustion Turbine,NG,Natural Gas,GT,ISNE,ISO New England Inc.,OP,Operating,
2026-03,NY,New York,ipp-non-chp,IPP Non-CHP,16729,Saranac Power Partners LP,54574,Saranac Facility,GEN3,Natural Gas Fired Combined Cycle,NG,Natural Gas,CA,NYIS,New York Independent System Operator,OP,Operating,CA
2026-03,MA,Massachusetts,electric-utility,Electric Utility,11806,Massachusetts Mun Wholes Electric Co,6081,Stony Brook,CT2,Natural Gas Fired Combined Cycle,NG,Natural Gas,CT,ISNE,ISO New England Inc.,OP,Operating,CC1
2026-03,PA,Pennsylvania,ipp-non-chp,IPP Non-CHP,63044,"Shawville Power, LLC",3131,Shawville,7,Petroleum Liquids,DFO,Disillate Fuel Oil,IC,PJM,"PJM Interconnection, LLC",SB,Standby/Backup: available for service but not normally used,
2026-03,PA,Pennsylvania,ipp-non-chp,IPP Non-CHP,6035,"Constellation Power, Inc",3168,Richmond Generating Station,91,Petroleum Liquids,DFO,Disillate Fuel Oil,GT,PJM,"PJM Interconnection, LLC",OP,Operating,
2026-03,PA,Pennsylvania,ipp-non-chp,IPP Non-CHP,6035,"Constellation Power, Inc",3168,Richmond Generating Station,92,Petroleum Liquids,DFO,Disillate Fuel Oil,GT,PJM,"PJM Interconnection, LLC",OP,Operating,
2026-03,VA,Virginia,ipp-non-chp,IPP Non-CHP,56609,Calpine Mid-Atlantic Generation LLC,3785,Tasley,TAS,Petroleum Liquids,DFO,Disillate Fuel Oil,GT,PJM,"PJM Interconnection, LLC",SB,Standby/Backup: available for service but not normally used,
2026-03,VA,Virginia,electric-utility,Electric Utility,19876,Virginia Electric & Power Co,3804,Possum Point,6A,Natural Gas Fired Combined Cycle,NG,Natural Gas,CT,PJM,"PJM Interconnection, LLC",OP,Operating,G784
2026-03,VA,Virginia,electric-utility,Electric Utility,19876,Virginia Electric & Power Co,3804,Possum Point,6B,Natural Gas Fired Combined Cycle,NG,Natural Gas,CT,PJM,"PJM Interconnection, LLC",OP,Operating,G784
2026-03,VA,Virginia,electric-utility,Electric Utility,19876,Virginia Electric & Power Co,3804,Possum Point,6ST,Natural Gas Fired Combined Cycle,NG,Natural Gas,CA,PJM,"PJM Interconnection, LLC",OP,Operating,G784
2026-03,VA,Virginia,electric-utility,Electric Utility,19876,Virginia Electric & Power Co,3804,Possum Point,GT1,Petroleum Liquids,DFO,Disillate Fuel Oil,GT,PJM,"PJM Interconnection, LLC",OP,Operating,
2026-03,VA,Virginia,electric-utility,Electric Utility,19876,Virginia Electric & Power Co,3804,Possum Point,GT2,Petroleum Liquids,DFO,Disillate Fuel Oil,GT,PJM,"PJM Interconnection, LLC",OP,Operating,
2026-03,VA,Virginia,electric-utility,Electric Utility,19876,Virginia Electric & Power Co,3804,Possum Point,GT3,Petroleum Liquids,DFO,Disillate Fuel Oil,GT,PJM,"PJM Interconnection, LLC",OP,Operating,
2026-03,VA,Virginia,electric-utility,Electric Utility,19876,Virginia Electric & Power Co,3804,Possum Point,GT4,Petroleum Liquids,DFO,Disillate Fuel Oil,GT,PJM,"PJM Interconnection, LLC",OP,Operating,
2026-03,VA,Virginia,electric-utility,Electric Utility,19876,Virginia Electric & Power Co,3804,Possum Point,GT5,Petroleum Liquids,DFO,Disillate Fuel Oil,GT,PJM,"PJM Interconnection, LLC",OP,Operating,
2026-03,VA,Virginia,electric-utility,Electric Utility,19876,Virginia Electric & Power Co,3804,Possum Point,GT6,Petroleum Liquids,DFO,Disillate Fuel Oil,GT,PJM,"PJM Interconnection, LLC",OP,Operating,
2026-03,MA,Massachusetts,electric-utility,Electric Utility,11806,Massachusetts Mun Wholes Electric Co,6081,Stony Brook,1,Petroleum Liquids,DFO,Disillate Fuel Oil,GT,ISNE,ISO New England Inc.,OP,Operating,
2026-03,MA,Massachusetts,electric-utility,Electric Utility,11806,Massachusetts Mun Wholes Electric Co,6081,Stony Brook,2,Petroleum Liquids,DFO,Disillate Fuel Oil,GT,ISNE,ISO New England Inc.,OP,Operating,
2026-03,MA,Massachusetts,electric-utility,Electric Utility,11806,Massachusetts Mun Wholes Electric Co,6081,Stony Brook,5051S,Solar Photovoltaic,SUN,Solar,PV,ISNE,ISO New England Inc.,OP,Operating,
2026-03,MA,Massachusetts,electric-utility,Electric Utility,11806,Massachusetts Mun Wholes Electric Co,6081,Stony Brook,BS#1,Petroleum Liquids,DFO,Disillate Fuel Oil,IC,ISNE,ISO New England Inc.,SB,Standby/Backup: available for service but not normally used,
2026-03,MA,Massachusetts,electric-utility,Electric Utility,11806,Massachusetts Mun Wholes Electric Co,6081,Stony Brook,BS#2,Petroleum Liquids,DFO,Disillate Fuel Oil,IC,ISNE,ISO New England Inc.,SB,Standby/Backup: available for service but not normally used,
2026-03,MA,Massachusetts,electric-utility,Electric Utility,11806,Massachusetts Mun Wholes Electric Co,6081,Stony Brook,CA1,Petroleum Liquids,DFO,Disillate Fuel Oil,CA,ISNE,ISO New England Inc.,OP,Operating,CC1
2026-03,PA,Pennsylvania,ipp-non-chp,IPP Non-CHP,63044,"Shawville Power, LLC",3131,Shawville,6,Petroleum Liquids,DFO,Disillate Fuel Oil,IC,PJM,"PJM Interconnection, LLC",SB,Standby/Backup: available for service but not normally used,
2026-03,PA,Pennsylvania,ipp-non-chp,IPP Non-CHP,63044,"Shawville Power, LLC",3131,Shawville,5,Petroleum Liquids,DFO,Disillate Fuel Oil,IC,PJM,"PJM Interconnection, LLC",SB,Standby/Backup: available for service but not normally used,
2026-03,PA,Pennsylvania,ipp-non-chp,IPP Non-CHP,63044,"Shawville Power, LLC",3131,Shawville,4,Natural Gas Steam Turbine,NG,Natural Gas,ST,PJM,"PJM Interconnection, LLC",OP,Operating,
2026-03,NY,New York,ipp-non-chp,IPP Non-CHP,61130,Ravenswood Operations LLC,2500,Ravenswood,4S,Natural Gas Fired Combined Cycle,NG,Natural Gas,CA,NYIS,New York Independent System Operator,OP,Operating,CCR4
2026-03,NJ,New Jersey,ipp-non-chp,IPP Non-CHP,63034,"Sayreville Power, LLC",2390,Sayreville,GT3,Natural Gas Fired Combustion Turbine,NG,Natural Gas,GT,PJM,"PJM Interconnection, LLC",OP,Operating,
2026-03,NJ,New Jersey,ipp-non-chp,IPP Non-CHP,63034,"Sayreville Power, LLC",2390,Sayreville,GT4,Natural Gas Fired Combustion Turbine,NG,Natural Gas,GT,PJM,"PJM Interconnection, LLC",OP,Operating,
2026-03,NJ,New Jersey,ipp-non-chp,IPP Non-CHP,65391,Sewaren Generating Station,2411,Sewaren,701,Natural Gas Fired Combined Cycle,NG,Natural Gas,CT,PJM,"PJM Interconnection, LLC",OP,Operating,CC7
2026-03,NJ,New Jersey,ipp-non-chp,IPP Non-CHP,65391,Sewaren Generating Station,2411,Sewaren,702,Natural Gas Fired Combined Cycle,NG,Natural Gas,CA,PJM,"PJM Interconnection, LLC",OP,Operating,CC7
2026-03,NY,New York,ipp-non-chp,IPP Non-CHP,61130,Ravenswood Operations LLC,2500,Ravenswood,1,Natural Gas Steam Turbine,NG,Natural Gas,ST,NYIS,New York Independent System Operator,OP,Operating,
2026-03,NY,New York,ipp-non-chp,IPP Non-CHP,61130,Ravenswood Operations LLC,2500,Ravenswood,2,Natural Gas Steam Turbine,NG,Natural Gas,ST,NYIS,New York Independent System Operator,OP,Operating,
2026-03,NY,New York,ipp-non-chp,IPP Non-CHP,61130,Ravenswood Operations LLC,2500,Ravenswood,3,Natural Gas Steam Turbine,NG,Natural Gas,ST,NYIS,New York Independent System Operator,OP,Operating,
2026-03,NY,New York,ipp-non-chp,IPP Non-CHP,61130,Ravenswood Operations LLC,2500,Ravenswood,4,Natural Gas Fired Combined Cycle,NG,Natural Gas,CT,NYIS,New York Independent System Operator,OP,Operating,CCR4
2026-03,NY,New York,ipp-non-chp,IPP Non-CHP,56142,"Alliance NYGT, LLC",2632,Shoemaker,SHOE,Natural Gas Fired Combustion Turbine,NG,Natural Gas,GT,NYIS,New York Independent System Operator,OP,Operating,
2026-03,PA,Pennsylvania,ipp-non-chp,IPP Non-CHP,63044,"Shawville Power, LLC",3131,Shawville,3,Natural Gas Steam Turbine,NG,Natural Gas,ST,PJM,"PJM Interconnection, LLC",OP,Operating,
2026-03,NY,New York,electric-utility,Electric Utility,9645,Jamestown Board of Public Util,2682,S A Carlson,5,Natural Gas Steam Turbine,NG,Natural Gas,ST,NYIS,New York Independent System Operator,OP,Operating,1
2026-03,NY,New York,electric-utility,Electric Utility,9645,Jamestown Board of Public Util,2682,S A Carlson,6,Natural Gas Steam Turbine,NG,Natural Gas,ST,NYIS,New York Independent System Operator,OP,Operating,1
2026-03,NY,New York,electric-utility,Electric Utility,9645,Jamestown Board of Public Util,2682,S A Carlson,7,Natural Gas Fired Combustion Turbine,NG,Natural Gas,GT,NYIS,New York Independent System Operator,OP,Operating,1
2026-03,PA,Pennsylvania,ipp-non-chp,IPP Non-CHP,63042,"Tolna Power, LLC",3116,Tolna,1,Petroleum Liquids,DFO,Disillate Fuel Oil,GT,PJM,"PJM Interconnection, LLC",OP,Operating,
2026-03,PA,Pennsylvania,ipp-non-chp,IPP Non-CHP,63042,"Tolna Power, LLC",3116,Tolna,2,Petroleum Liquids,DFO,Disillate Fuel Oil,GT,PJM,"PJM Interconnection, LLC",OP,Operating,
2026-03,PA,Pennsylvania,ipp-non-chp,IPP Non-CHP,61781,Seward Generating LLC,3130,Seward (PA),FB1,Conventional Steam Coal,WC,Waste Coal,ST,PJM,"PJM Interconnection, LLC",OP,Operating,
2026-03,PA,Pennsylvania,ipp-non-chp,IPP Non-CHP,63044,"Shawville Power, LLC",3131,Shawville,1,Natural Gas Steam Turbine,NG,Natural Gas,ST,PJM,"PJM Interconnection, LLC",OP,Operating,
2026-03,PA,Pennsylvania,ipp-non-chp,IPP Non-CHP,63044,"Shawville Power, LLC",3131,Shawville,2,Natural Gas Steam Turbine,NG,Natural Gas,ST,PJM,"PJM Interconnection, LLC",OP,Operating,
2026-03,MA,Massachusetts,electric-utility,Electric Utility,11806,Massachusetts Mun Wholes Electric Co,6081,Stony Brook,CT1,Natural Gas Fired Combined Cycle,NG,Natural Gas,CT,ISNE,ISO New England Inc.,OP,Operating,CC1
2026-03,MA,Massachusetts,electric-utility,Electric Utility,11806,Massachusetts Mun Wholes Electric Co,6081,Stony Brook,CT3,Natural Gas Fired Combined Cycle,NG,Natural Gas,CT,ISNE,ISO New England Inc.,OP,Operating,CC1
2026-03,NY,New York,ipp-non-chp,IPP Non-CHP,16729,Saranac Power Partners LP,54574,Saranac Facility,GEN2,Natural Gas Fired Combined Cycle,NG,Natural Gas,CT,NYIS,New York Independent System Operator,OP,Operating,CA
2026-03,MA,Massachusetts,electric-utility,Electric Utility,11806,Massachusetts Mun Wholes Electric Co,6081,Stony Brook,EDSI,Petroleum Liquids,DFO,Disillate Fuel Oil,IC,ISNE,ISO New England Inc.,OP,Operating,
2026-03,NJ,New Jersey,ipp-non-chp,IPP Non-CHP,22290,Sayreville Power Generation LP,10308,Sayreville Cogeneration Facility,ST1,Natural Gas Fired Combined Cycle,NG,Natural Gas,CA,PJM,"PJM Interconnection, LLC",OP,Operating,CC1
2026-03,NY,New York,ipp-non-chp,IPP Non-CHP,58337,Lakeside Syracuse LLC,10621,CH Resources Syracuse,GEN1,Natural Gas Fired Combined Cycle,NG,Natural Gas,CT,NYIS,New York Independent System Operator,OP,Operating,CC01
2026-03,NY,New York,ipp-non-chp,IPP Non-CHP,58337,Lakeside Syracuse LLC,10621,CH Resources Syracuse,GEN2,Natural Gas Fired Combined Cycle,NG,Natural Gas,CA,NYIS,New York Independent System Operator,OP,Operating,CC01
2026-03,NY,New York,ipp-chp,IPP CHP,16909,Selkirk Cogen Partners LP,10725,Selkirk Cogen,GEN1,Natural Gas Fired Combined Cycle,NG,Natural Gas,CT,NYIS,New York Independent System Operator,OP,Operating,F802
2026-03,NY,New York,ipp-chp,IPP CHP,16909,Selkirk Cogen Partners LP,10725,Selkirk Cogen,GEN2,Natural Gas Fired Combined Cycle,NG,Natural Gas,CA,NYIS,New York Independent System Operator,SB,Standby/Backup: available for service but not normally used,F801
2026-03,NY,New York,ipp-chp,IPP CHP,16909,Selkirk Cogen Partners LP,10725,Selkirk Cogen,GEN3,Natural Gas Fired Combined Cycle,NG,Natural Gas,CT,NYIS,New York Independent System Operator,OP,Operating,F802
2026-03,NY,New York,ipp-chp,IPP CHP,16909,Selkirk Cogen Partners LP,10725,Selkirk Cogen,GEN4,Natural Gas Fired Combined Cycle,NG,Natural Gas,CT,NYIS,New York Independent System Operator,OP,Operating,F802
2026-03,NY,New York,ipp-chp,IPP CHP,16909,Selkirk Cogen Partners LP,10725,Selkirk Cogen,GEN5,Natural Gas Fired Combined Cycle,NG,Natural Gas,CA,NYIS,New York Independent System Operator,OP,Operating,F802
2026-03,PA,Pennsylvania,industrial-chp,Industrial CHP,15394,Procter & Gamble Ppr Prdts Co,50463,Procter & Gamble Mehoopany Mill,GEN1,Natural Gas Fired Combustion Turbine,NG,Natural Gas,GT,PJM,"PJM Interconnection, LLC",OP,Operating,
2026-03,PA,Pennsylvania,industrial-chp,Industrial CHP,15394,Procter & Gamble Ppr Prdts Co,50463,Procter & Gamble Mehoopany Mill,GEN2,Natural Gas Steam Turbine,NG,Natural Gas,ST,PJM,"PJM Interconnection, LLC",OP,Operating,
2026-03,PA,Pennsylvania,industrial-chp,Industrial CHP,15394,Procter & Gamble Ppr Prdts Co,50463,Procter & Gamble Mehoopany Mill,GEN3,Natural Gas Fired Combustion Turbine,NG,Natural Gas,GT,PJM,"PJM Interconnection, LLC",OP,Operating,
2026-03,PA,Pennsylvania,ipp-non-chp,IPP Non-CHP,58224,"Rausch Creek Generation, LLC",50611,Westwood Generation LLC,GEN1,Conventional Steam Coal,WC,Waste Coal,ST,PJM,"PJM Interconnection, LLC",OP,Operating,
2026-03,NY,New York,ipp-non-chp,IPP Non-CHP,14182,Sterling Power Partners LP,50744,Sterling Power Plant,GEN1,Natural Gas Fired Combined Cycle,NG,Natural Gas,CT,NYIS,New York Independent System Operator,OP,Operating,CC1
2026-03,NY,New York,ipp-non-chp,IPP Non-CHP,14182,Sterling Power Partners LP,50744,Sterling Power Plant,GEN2,Natural Gas Fired Combined Cycle,NG,Natural Gas,CA,NYIS,New York Independent System Operator,OP,Operating,CC1
2026-03,NY,New York,ipp-non-chp,IPP Non-CHP,14182,Sterling Power Partners LP,50744,Sterling Power Plant,GEN3,Petroleum Liquids,DFO,Disillate Fuel Oil,IC,NYIS,New York Independent System Operator,OP,Operating,
2026-03,PA,Pennsylvania,ipp-non-chp,IPP Non-CHP,16814,Scrubgrass Reclamation CO. LP.,50974,Scrubgrass Reclamation CO. LP.,GEN1,Conventional Steam Coal,WC,Waste Coal,ST,PJM,"PJM Interconnection, LLC",OP,Operating,
2026-03,NY,New York,ipp-non-chp,IPP Non-CHP,6838,Rensselaer Generating LLC,54034,Rensselaer Cogen,GEN1,Natural Gas Fired Combined Cycle,NG,Natural Gas,CT,NYIS,New York Independent System Operator,OP,Operating,G701
2026-03,NY,New York,ipp-non-chp,IPP Non-CHP,6838,Rensselaer Generating LLC,54034,Rensselaer Cogen,GEN2,Natural Gas Fired Combined Cycle,NG,Natural Gas,CA,NYIS,New York Independent System Operator,OP,Operating,G701
2026-03,NY,New York,ipp-non-chp,IPP Non-CHP,16729,Saranac Power Partners LP,54574,Saranac Facility,GEN1,Natural Gas Fired Combined Cycle,NG,Natural Gas,CT,NYIS,New York Independent System Operator,OP,Operating,CA
2026-03,NJ,New Jersey,ipp-non-chp,IPP Non-CHP,22290,Sayreville Power Generation LP,10308,Sayreville Cogeneration Facility,CT2,Natural Gas Fired Combined Cycle,NG,Natural Gas,CT,PJM,"PJM Interconnection, LLC",OP,Operating,CC1
2026-03,NJ,New Jersey,ipp-non-chp,IPP Non-CHP,22290,Sayreville Power Generation LP,10308,Sayreville Cogeneration Facility,CT1,Natural Gas Fired Combined Cycle,NG,Natural Gas,CT,PJM,"PJM Interconnection, LLC",OP,Operating,CC1
2026-03,NY,New York,electric-utility,Electric Utility,15296,New York Power Authority,8053,Pouch,N01,Natural Gas Fired Combustion Turbine,NG,Natural Gas,GT,NYIS,New York Independent System Operator,OP,Operating,
2026-03,MD,Maryland,ipp-non-chp,IPP Non-CHP,56386,Essential Power Operating Services LLC,7835,Essential Power Rock Springs LLC,2,Natural Gas Fired Combustion Turbine,NG,Natural Gas,GT,PJM,"PJM Interconnection, LLC",OP,Operating,
2026-03,NY,New York,electric-utility,Electric Utility,56505,National Grid Generation LLC,7146,Wading River,02,Petroleum Liquids,DFO,Disillate Fuel Oil,GT,NYIS,New York Independent System Operator,OP,Operating,
2026-03,NY,New York,electric-utility,Electric Utility,56505,National Grid Generation LLC,7146,Wading River,03,Petroleum Liquids,DFO,Disillate Fuel Oil,GT,NYIS,New York Independent System Operator,OP,Operating,
2026-03,NY,New York,electric-utility,Electric Utility,56505,National Grid Generation LLC,7146,Wading River,1,Petroleum Liquids,DFO,Disillate Fuel Oil,GT,NYIS,New York Independent System Operator,OP,Operating,
2026-03,NJ,New Jersey,ipp-non-chp,IPP Non-CHP,56606,Calpine New Jersey Generation LLC,7288,Sherman Avenue,SEHR,Natural Gas Fired Combustion Turbine,NG,Natural Gas,GT,PJM,"PJM Interconnection, LLC",OP,Operating,
2026-03,NY,New York,electric-utility,Electric Utility,15296,New York Power Authority,7314,Richard M Flynn,NA1,Natural Gas Fired Combined Cycle,NG,Natural Gas,CT,NYIS,New York Independent System Operator,OP,Operating,CC1
2026-03,NY,New York,electric-utility,Electric Utility,15296,New York Power Authority,7314,Richard M Flynn,NA2,Natural Gas Fired Combined Cycle,NG,Natural Gas,CA,NYIS,New York Independent System Operator,OP,Operating,CC1
2026-03,DE,Delaware,ipp-non-chp,IPP Non-CHP,54899,NAES Corporation - (DE),7318,Van Sant Station,1,Natural Gas Fired Combustion Turbine,NG,Natural Gas,GT,PJM,"PJM Interconnection, LLC",OP,Operating,
2026-03,MD,Maryland,ipp-non-chp,IPP Non-CHP,56386,Essential Power Operating Services LLC,7835,Essential Power Rock Springs LLC,1,Natural Gas Fired Combustion Turbine,NG,Natural Gas,GT,PJM,"PJM Interconnection, LLC",OP,Operating,
2026-03,MD,Maryland,ipp-non-chp,IPP Non-CHP,56386,Essential Power Operating Services LLC,7835,Essential Power Rock Springs LLC,3,Natural Gas Fired Combustion Turbine,NG,Natural Gas,GT,PJM,"PJM Interconnection, LLC",OP,Operating,
2026-03,NY,New York,ipp-non-chp,IPP Non-CHP,5511,CCI Roseton LLC,8006,Roseton Generating Facility,2,Natural Gas Steam Turbine,NG,Natural Gas,ST,NYIS,New York Independent System Operator,OP,Operating,
2026-03,MD,Maryland,ipp-non-chp,IPP Non-CHP,56386,Essential Power Operating Services LLC,7835,Essential Power Rock Springs LLC,4,Natural Gas Fired Combustion Turbine,NG,Natural Gas,GT,PJM,"PJM Interconnection, LLC",OP,Operating,
2026-03,VA,Virginia,electric-utility,Electric Utility,19876,Virginia Electric & Power Co,7838,Remington,1,Natural Gas Fired Combustion Turbine,NG,Natural Gas,GT,PJM,"PJM Interconnection, LLC",OP,Operating,
2026-03,VA,Virginia,electric-utility,Electric Utility,19876,Virginia Electric & Power Co,7838,Remington,2,Natural Gas Fired Combustion Turbine,NG,Natural Gas,GT,PJM,"PJM Interconnection, LLC",OP,Operating,
2026-03,VA,Virginia,electric-utility,Electric Utility,19876,Virginia Electric & Power Co,7838,Remington,3,Natural Gas Fired Combustion Turbine,NG,Natural Gas,GT,PJM,"PJM Interconnection, LLC",OP,Operating,
2026-03,VA,Virginia,electric-utility,Electric Utility,19876,Virginia Electric & Power Co,7838,Remington,4,Natural Gas Fired Combustion Turbine,NG,Natural Gas,GT,PJM,"PJM Interconnection, LLC",OP,Operating,
2026-03,NY,New York,electric-utility,Electric Utility,15296,New York Power Authority,7909,Vernon Boulevard,VG02,Natural Gas Fired Combustion Turbine,NG,Natural Gas,GT,NYIS,New York Independent System Operator,OP,Operating,
2026-03,NY,New York,electric-utility,Electric Utility,15296,New York Power Authority,7909,Vernon Boulevard,VG03,Natural Gas Fired Combustion Turbine,NG,Natural Gas,GT,NYIS,New York Independent System Operator,OP,Operating,
2026-03,NY,New York,ipp-non-chp,IPP Non-CHP,5511,CCI Roseton LLC,8006,Roseton Generating Facility,1,Natural Gas Steam Turbine,NG,Natural Gas,ST,NYIS,New York Independent System Operator,OP,Operating,
2026-03,VA,Virginia,ipp-non-chp,IPP Non-CHP,4194,Commonwealth Chesapeake Co LLC,55381,Commonwealth Chesapeake,UNT1,Petroleum Liquids,DFO,Disillate Fuel Oil,GT,PJM,"PJM Interconnection, LLC",OP,Operating,
2026-03,PA,Pennsylvania,ipp-non-chp,IPP Non-CHP,61317,Gans Energy LLC,55377,Gans,UNT9,Natural Gas Fired Combustion Turbine,NG,Natural Gas,GT,PJM,"PJM Interconnection, LLC",OP,Operating,
2026-03,PA,Pennsylvania,ipp-non-chp,IPP Non-CHP,61317,Gans Energy LLC,55377,Gans,UNT8,Natural Gas Fired Combustion Turbine,NG,Natural Gas,GT,PJM,"PJM Interconnection, LLC",OP,Operating,
2026-03,CT,Connecticut,ipp-non-chp,IPP Non-CHP,22350,Devon Power LLC,544,Devon Station,13,Petroleum Liquids,KER,Kerosene,GT,ISNE,ISO New England Inc.,OP,Operating,
2026-03,NY,New York,ipp-non-chp,IPP Non-CHP,58971,Danskammer Energy,2480,Danskammer Generating Station,2,Natural Gas Steam Turbine,NG,Natural Gas,ST,NYIS,New York Independent System Operator,OP,Operating,
2026-03,NY,New York,ipp-non-chp,IPP Non-CHP,58971,Danskammer Energy,2480,Danskammer Generating Station,1,Natural Gas Steam Turbine,NG,Natural Gas,ST,NYIS,New York Independent System Operator,OP,Operating,
2026-03,NJ,New Jersey,ipp-non-chp,IPP Non-CHP,63033,"Gilbert Power, LLC",2393,Gilbert,9,Natural Gas Fired Combustion Turbine,NG,Natural Gas,GT,PJM,"PJM Interconnection, LLC",OP,Operating,
2026-03,NJ,New Jersey,ipp-non-chp,IPP Non-CHP,63033,"Gilbert Power, LLC",2393,Gilbert,8,Natural Gas Fired Combined Cycle,NG,Natural Gas,CA,PJM,"PJM Interconnection, LLC",OP,Operating,CC1
2026-03,NJ,New Jersey,ipp-non-chp,IPP Non-CHP,63033,"Gilbert Power, LLC",2393,Gilbert,7,Natural Gas Fired Combined Cycle,NG,Natural Gas,CT,PJM,"PJM Interconnection, LLC",OP,Operating,CC1
2026-03,NJ,New Jersey,ipp-non-chp,IPP Non-CHP,63033,"Gilbert Power, LLC",2393,Gilbert,6,Natural Gas Fired Combined Cycle,NG,Natural Gas,CT,PJM,"PJM Interconnection, LLC",OP,Operating,CC1
2026-03,NJ,New Jersey,ipp-non-chp,IPP Non-CHP,63033,"Gilbert Power, LLC",2393,Gilbert,5,Natural Gas Fired Combined Cycle,NG,Natural Gas,CT,PJM,"PJM Interconnection, LLC",OP,Operating,CC1
2026-03,NJ,New Jersey,ipp-non-chp,IPP Non-CHP,63033,"Gilbert Power, LLC",2393,Gilbert,4,Natural Gas Fired Combined Cycle,NG,Natural Gas,CT,PJM,"PJM Interconnection, LLC",OP,Operating,CC1
2026-03,MA,Massachusetts,electric-utility,Electric Utility,18488,City of Taunton,1682,Cleary Flood Hybrid,CA9,Natural Gas Fired Combined Cycle,NG,Natural Gas,CA,ISNE,ISO New England Inc.,OP,Operating,CC1
2026-03,MA,Massachusetts,electric-utility,Electric Utility,18488,City of Taunton,1682,Cleary Flood Hybrid,BS1,Batteries,MWH,Electricity used for energy storage,BA,ISNE,ISO New England Inc.,OP,Operating,
2026-03,MA,Massachusetts,electric-utility,Electric Utility,18488,City of Taunton,1682,Cleary Flood Hybrid,9A,Natural Gas Fired Combined Cycle,NG,Natural Gas,CT,ISNE,ISO New England Inc.,OP,Operating,CC1
2026-03,MD,Maryland,ipp-non-chp,IPP Non-CHP,64575,"Dickerson Power, LLC",1572,Dickerson Power,GT3,Natural Gas Fired Combustion Turbine,NG,Natural Gas,GT,PJM,"PJM Interconnection, LLC",OP,Operating,
2026-03,MD,Maryland,ipp-non-chp,IPP Non-CHP,64575,"Dickerson Power, LLC",1572,Dickerson Power,GT2,Natural Gas Fired Combustion Turbine,NG,Natural Gas,GT,PJM,"PJM Interconnection, LLC",OP,Operating,
2026-03,DE,Delaware,ipp-non-chp,IPP Non-CHP,56609,Calpine Mid-Atlantic Generation LLC,593,Edge Moor,5,Natural Gas Steam Turbine,NG,Natural Gas,ST,PJM,"PJM Interconnection, LLC",OP,Operating,
2026-03,DE,Delaware,ipp-non-chp,IPP Non-CHP,56609,Calpine Mid-Atlantic Generation LLC,593,Edge Moor,4,Natural Gas Steam Turbine,NG,Natural Gas,ST,PJM,"PJM Interconnection, LLC",OP,Operating,
2026-03,DE,Delaware,ipp-non-chp,IPP Non-CHP,56609,Calpine Mid-Atlantic Generation LLC,593,Edge Moor,3,Natural Gas Steam Turbine,NG,Natural Gas,ST,PJM,"PJM Interconnection, LLC",OP,Operating,
2026-03,DE,Delaware,ipp-non-chp,IPP Non-CHP,56609,Calpine Mid-Atlantic Generation LLC,593,Edge Moor,10,Petroleum Liquids,DFO,Disillate Fuel Oil,GT,PJM,"PJM Interconnection, LLC",SB,Standby/Backup: available for service but not normally used,
2026-03,DE,Delaware,ipp-non-chp,IPP Non-CHP,56609,Calpine Mid-Atlantic Generation LLC,591,Christiana,CH14,Petroleum Liquids,DFO,Disillate Fuel Oil,GT,PJM,"PJM Interconnection, LLC",SB,Standby/Backup: available for service but not normally used,
2026-03,DE,Delaware,ipp-non-chp,IPP Non-CHP,56609,Calpine Mid-Atlantic Generation LLC,591,Christiana,CH11,Petroleum Liquids,DFO,Disillate Fuel Oil,GT,PJM,"PJM Interconnection, LLC",SB,Standby/Backup: available for service but not normally used,
2026-03,NY,New York,ipp-non-chp,IPP Non-CHP,58971,Danskammer Energy,2480,Danskammer Generating Station,3,Natural Gas Steam Turbine,NG,Natural Gas,ST,NYIS,New York Independent System Operator,OP,Operating,
2026-03,NY,New York,ipp-non-chp,IPP Non-CHP,58971,Danskammer Energy,2480,Danskammer Generating Station,4,Natural Gas Steam Turbine,NG,Natural Gas,ST,NYIS,New York Independent System Operator,OP,Operating,
2026-03,NY,New York,ipp-non-chp,IPP Non-CHP,58971,Danskammer Energy,2480,Danskammer Generating Station,5,Petroleum Liquids,DFO,Disillate Fuel Oil,IC,NYIS,New York Independent System Operator,SB,Standby/Backup: available for service but not normally used,
2026-03,NY,New York,electric-utility,Electric Utility,56505,National Grid Generation LLC,2511,E F Barrett,5,Natural Gas Fired Combustion Turbine,NG,Natural Gas,GT,NYIS,New York Independent System Operator,OP,Operating,
2026-03,NY,New York,electric-utility,Electric Utility,56505,National Grid Generation LLC,2514,Glenwood,GT2,Petroleum Liquids,DFO,Disillate Fuel Oil,GT,NYIS,New York Independent System Operator,OP,Operating,
2026-03,NY,New York,electric-utility,Electric Utility,56505,National Grid Generation LLC,2511,E F Barrett,ST2,Natural Gas Steam Turbine,NG,Natural Gas,ST,NYIS,New York Independent System Operator,OP,Operating,
2026-03,NY,New York,electric-utility,Electric Utility,56505,National Grid Generation LLC,2511,E F Barrett,ST1,Natural Gas Steam Turbine,NG,Natural Gas,ST,NYIS,New York Independent System Operator,OP,Operating,
2026-03,NY,New York,electric-utility,Electric Utility,56505,National Grid Generation LLC,2511,E F Barrett,GT2,Natural Gas Fired Combustion Turbine,NG,Natural Gas,GT,NYIS,New York Independent System Operator,OP,Operating,
2026-03,NY,New York,electric-utility,Electric Utility,56505,National Grid Generation LLC,2511,E F Barrett,GT1,Natural Gas Fired Combustion Turbine,NG,Natural Gas,GT,NYIS,New York Independent System Operator,OP,Operating,
2026-03,NY,New York,electric-utility,Electric Utility,56505,National Grid Generation LLC,2511,E F Barrett,9,Natural Gas Fired Combustion Turbine,NG,Natural Gas,GT,NYIS,New York Independent System Operator,OP,Operating,
2026-03,NY,New York,electric-utility,Electric Utility,56505,National Grid Generation LLC,2511,E F Barrett,8,Natural Gas Fired Combustion Turbine,NG,Natural Gas,GT,NYIS,New York Independent System Operator,OP,Operating,
2026-03,NY,New York,electric-utility,Electric Utility,56505,National Grid Generation LLC,2511,E F Barrett,6,Natural Gas Fired Combustion Turbine,NG,Natural Gas,GT,NYIS,New York Independent System Operator,OP,Operating,
2026-03,NY,New York,electric-utility,Electric Utility,56505,National Grid Generation LLC,2511,E F Barrett,4,Natural Gas Fired Combustion Turbine,NG,Natural Gas,GT,NYIS,New York Independent System Operator,OP,Operating,
2026-03,NY,New York,ipp-non-chp,IPP Non-CHP,58971,Danskammer Energy,2480,Danskammer Generating Station,6,Petroleum Liquids,DFO,Disillate Fuel Oil,IC,NYIS,New York Independent System Operator,SB,Standby/Backup: available for service but not normally used,
2026-03,NY,New York,electric-utility,Electric Utility,56505,National Grid Generation LLC,2511,E F Barrett,3,Natural Gas Fired Combustion Turbine,NG,Natural Gas,GT,NYIS,New York Independent System Operator,OP,Operating,
2026-03,NY,New York,electric-utility,Electric Utility,56505,National Grid Generation LLC,2511,E F Barrett,12,Natural Gas Fired Combustion Turbine,NG,Natural Gas,GT,NYIS,New York Independent System Operator,OP,Operating,
2026-03,NY,New York,electric-utility,Electric Utility,56505,National Grid Generation LLC,2511,E F Barrett,11,Natural Gas Fired Combustion Turbine,NG,Natural Gas,GT,NYIS,New York Independent System Operator,OP,Operating,
2026-03,NY,New York,electric-utility,Electric Utility,56505,National Grid Generation LLC,2511,E F Barrett,10,Natural Gas Fired Combustion Turbine,NG,Natural Gas,GT,NYIS,New York Independent System Operator,OP,Operating,
2026-03,NY,New York,electric-utility,Electric Utility,4226,Consolidated Edison Co-NY Inc,2493,East River,7,Natural Gas Steam Turbine,NG,Natural Gas,ST,NYIS,New York Independent System Operator,OP,Operating,
2026-03,NY,New York,electric-utility,Electric Utility,4226,Consolidated Edison Co-NY Inc,2493,East River,6,Natural Gas Steam Turbine,NG,Natural Gas,ST,NYIS,New York Independent System Operator,OP,Operating,
2026-03,NY,New York,electric-utility,Electric Utility,4226,Consolidated Edison Co-NY Inc,2493,East River,2,Natural Gas Fired Combustion Turbine,NG,Natural Gas,GT,NYIS,New York Independent System Operator,OP,Operating,
2026-03,NY,New York,electric-utility,Electric Utility,4226,Consolidated Edison Co-NY Inc,2493,East River,1,Natural Gas Fired Combustion Turbine,NG,Natural Gas,GT,NYIS,New York Independent System Operator,OP,Operating,
2026-03,CT,Connecticut,ipp-non-chp,IPP Non-CHP,22350,Devon Power LLC,544,Devon Station,14,Petroleum Liquids,KER,Kerosene,GT,ISNE,ISO New England Inc.,OP,Operating,
2026-03,CT,Connecticut,ipp-non-chp,IPP Non-CHP,22350,Devon Power LLC,544,Devon Station,12,Petroleum Liquids,KER,Kerosene,GT,ISNE,ISO New England Inc.,OP,Operating,
2026-03,NY,New York,electric-utility,Electric Utility,6775,Village of Freeport - (NY),2679,Plant No 2 Freeport,3,Petroleum Liquids,KER,Kerosene,GT,NYIS,New York Independent System Operator,OP,Operating,
2026-03,CT,Connecticut,ipp-non-chp,IPP Non-CHP,22350,Devon Power LLC,544,Devon Station,11,Petroleum Liquids,KER,Kerosene,GT,ISNE,ISO New England Inc.,OP,Operating,
2026-03,PA,Pennsylvania,ipp-non-chp,IPP Non-CHP,56608,Calpine Mid-Merit LLC,55524,York Energy Center,CTG1,Natural Gas Fired Combined Cycle,NG,Natural Gas,CT,PJM,"PJM Interconnection, LLC",OP,Operating,CCB1
2026-03,PA,Pennsylvania,ipp-non-chp,IPP Non-CHP,56608,Calpine Mid-Merit LLC,55524,York Energy Center,CTG2,Natural Gas Fired Combined Cycle,NG,Natural Gas,CT,PJM,"PJM Interconnection, LLC",OP,Operating,CCB1
2026-03,PA,Pennsylvania,ipp-non-chp,IPP Non-CHP,56608,Calpine Mid-Merit LLC,55524,York Energy Center,CTG3,Natural Gas Fired Combined Cycle,NG,Natural Gas,CT,PJM,"PJM Interconnection, LLC",OP,Operating,CCB1
2026-03,PA,Pennsylvania,ipp-non-chp,IPP Non-CHP,56608,Calpine Mid-Merit LLC,55524,York Energy Center,CTG5,Natural Gas Fired Combined Cycle,NG,Natural Gas,CT,PJM,"PJM Interconnection, LLC",OP,Operating,CCB2
2026-03,PA,Pennsylvania,ipp-non-chp,IPP Non-CHP,56608,Calpine Mid-Merit LLC,55524,York Energy Center,CTG6,Natural Gas Fired Combined Cycle,NG,Natural Gas,CT,PJM,"PJM Interconnection, LLC",OP,Operating,CCB2
2026-03,PA,Pennsylvania,ipp-non-chp,IPP Non-CHP,56608,Calpine Mid-Merit LLC,55524,York Energy Center,STG1,Natural Gas Fired Combined Cycle,NG,Natural Gas,CA,PJM,"PJM Interconnection, LLC",OP,Operating,CCB1
2026-03,PA,Pennsylvania,ipp-non-chp,IPP Non-CHP,56608,Calpine Mid-Merit LLC,55524,York Energy Center,STG2,Natural Gas Fired Combined Cycle,NG,Natural Gas,CA,PJM,"PJM Interconnection, LLC",OP,Operating,CCB2
2026-03,VA,Virginia,electric-utility,Electric Utility,19876,Virginia Electric & Power Co,55939,Warren County,CT01,Natural Gas Fired Combined Cycle,NG,Natural Gas,CT,PJM,"PJM Interconnection, LLC",OP,Operating,WC01
2026-03,VA,Virginia,electric-utility,Electric Utility,19876,Virginia Electric & Power Co,55939,Warren County,CT02,Natural Gas Fired Combined Cycle,NG,Natural Gas,CT,PJM,"PJM Interconnection, LLC",OP,Operating,WC01
2026-03,VA,Virginia,electric-utility,Electric Utility,19876,Virginia Electric & Power Co,55939,Warren County,CT03,Natural Gas Fired Combined Cycle,NG,Natural Gas,CT,PJM,"PJM Interconnection, LLC",OP,Operating,WC01
2026-03,VA,Virginia,electric-utility,Electric Utility,19876,Virginia Electric & Power Co,55939,Warren County,ST01,Natural Gas Fired Combined Cycle,NG,Natural Gas,CA,PJM,"PJM Interconnection, LLC",OP,Operating,WC01
2026-03,CT,Connecticut,ipp-non-chp,IPP Non-CHP,56201,Engie North America,56629,Waterbury Generation,10,Natural Gas Fired Combustion Turbine,NG,Natural Gas,GT,ISNE,ISO New England Inc.,OP,Operating,
2026-03,NJ,New Jersey,ipp-non-chp,IPP Non-CHP,56236,West Deptford Energy LLC,56963,West Deptford Energy Station,E101,Natural Gas Fired Combined Cycle,NG,Natural Gas,CT,PJM,"PJM Interconnection, LLC",OP,Operating,700
2026-03,NJ,New Jersey,ipp-non-chp,IPP Non-CHP,56236,West Deptford Energy LLC,56963,West Deptford Energy Station,E102,Natural Gas Fired Combined Cycle,NG,Natural Gas,CT,PJM,"PJM Interconnection, LLC",OP,Operating,700
2026-03,NJ,New Jersey,ipp-non-chp,IPP Non-CHP,56236,West Deptford Energy LLC,56963,West Deptford Energy Station,STG1,Natural Gas Fired Combined Cycle,NG,Natural Gas,CA,PJM,"PJM Interconnection, LLC",OP,Operating,700
2026-03,NJ,New Jersey,ipp-non-chp,IPP Non-CHP,57166,Woodbridge Energy Center,57839,Woodbridge Energy Center,CT001,Natural Gas Fired Combined Cycle,NG,Natural Gas,CT,PJM,"PJM Interconnection, LLC",OP,Operating,CC1
2026-03,NJ,New Jersey,ipp-non-chp,IPP Non-CHP,57166,Woodbridge Energy Center,57839,Woodbridge Energy Center,CT002,Natural Gas Fired Combined Cycle,NG,Natural Gas,CT,PJM,"PJM Interconnection, LLC",OP,Operating,CC1
2026-03,NJ,New Jersey,ipp-non-chp,IPP Non-CHP,57166,Woodbridge Energy Center,57839,Woodbridge Energy Center,ST001,Natural Gas Fired Combined Cycle,NG,Natural Gas,CA,PJM,"PJM Interconnection, LLC",OP,Operating,CC1
2026-03,MD,Maryland,electric-utility,Electric Utility,40229,Old Dominion Electric Coop,59220,Wildcat Point Generation Facility,CT1,Natural Gas Fired Combined Cycle,NG,Natural Gas,CT,PJM,"PJM Interconnection, LLC",OP,Operating,CC1
2026-03,ME,Maine,ipp-non-chp,IPP Non-CHP,2891,Westbrook Energy Center,55294,Westbrook Energy Center Power Plant,STG3,Natural Gas Fired Combined Cycle,NG,Natural Gas,CA,ISNE,ISO New England Inc.,OP,Operating,CC1
2026-03,ME,Maine,ipp-non-chp,IPP Non-CHP,2891,Westbrook Energy Center,55294,Westbrook Energy Center Power Plant,GTG2,Natural Gas Fired Combined Cycle,NG,Natural Gas,CT,ISNE,ISO New England Inc.,OP,Operating,CC1
2026-03,ME,Maine,ipp-non-chp,IPP Non-CHP,2891,Westbrook Energy Center,55294,Westbrook Energy Center Power Plant,GTG1,Natural Gas Fired Combined Cycle,NG,Natural Gas,CT,ISNE,ISO New England Inc.,OP,Operating,CC1
2026-03,NY,New York,electric-utility,Electric Utility,56505,National Grid Generation LLC,2521,West Babylon,4,Petroleum Liquids,DFO,Disillate Fuel Oil,GT,NYIS,New York Independent System Operator,SB,Standby/Backup: available for service but not normally used,
2026-03,CT,Connecticut,ipp-non-chp,IPP Non-CHP,22350,Devon Power LLC,544,Devon Station,10,Petroleum Liquids,KER,Kerosene,GT,ISNE,ISO New England Inc.,OP,Operating,
2026-03,ME,Maine,ipp-non-chp,IPP Non-CHP,31719,FPL Energy Wyman LLC,1507,William F Wyman Hybrid,1,Petroleum Liquids,RFO,Residual Fuel Oil,ST,ISNE,ISO New England Inc.,OP,Operating,
2026-03,ME,Maine,ipp-non-chp,IPP Non-CHP,31719,FPL Energy Wyman LLC,1507,William F Wyman Hybrid,2,Petroleum Liquids,RFO,Residual Fuel Oil,ST,ISNE,ISO New England Inc.,OP,Operating,
2026-03,ME,Maine,ipp-non-chp,IPP Non-CHP,31719,FPL Energy Wyman LLC,1507,William F Wyman Hybrid,3,Petroleum Liquids,RFO,Residual Fuel Oil,ST,ISNE,ISO New England Inc.,OP,Operating,
2026-03,ME,Maine,ipp-non-chp,IPP Non-CHP,31719,FPL Energy Wyman LLC,1507,William F Wyman Hybrid,4,Petroleum Liquids,RFO,Residual Fuel Oil,ST,ISNE,ISO New England Inc.,OP,Operating,
2026-03,ME,Maine,ipp-non-chp,IPP Non-CHP,31719,FPL Energy Wyman LLC,1507,William F Wyman Hybrid,BESS,Batteries,MWH,Electricity used for energy storage,BA,ISNE,ISO New England Inc.,OP,Operating,
2026-03,MA,Massachusetts,electric-utility,Electric Utility,14605,City of Peabody - (MA),1678,Waters River,1,Natural Gas Fired Combustion Turbine,NG,Natural Gas,GT,ISNE,ISO New England Inc.,OP,Operating,
2026-03,MA,Massachusetts,electric-utility,Electric Utility,14605,City of Peabody - (MA),1678,Waters River,2,Natural Gas Fired Combustion Turbine,NG,Natural Gas,GT,ISNE,ISO New England Inc.,OP,Operating,
2026-03,PA,Pennsylvania,ipp-non-chp,IPP Non-CHP,63045,"Warren Generation, LLC",3132,Warren,3,Natural Gas Fired Combustion Turbine,NG,Natural Gas,GT,PJM,"PJM Interconnection, LLC",OP,Operating,
2026-03,VA,Virginia,ipp-non-chp,IPP Non-CHP,60432,"Middle River Power II, LLC",55285,Wolf Hills Energy,WHG5,Natural Gas Fired Combustion Turbine,NG,Natural Gas,GT,PJM,"PJM Interconnection, LLC",OP,Operating,
2026-03,DE,Delaware,electric-utility,Electric Utility,5084,Delaware Municipal Electric Corp,7962,Warren F Sam Beasley Generation Station,001,Natural Gas Fired Combustion Turbine,NG,Natural Gas,GT,PJM,"PJM Interconnection, LLC",OP,Operating,
2026-03,DE,Delaware,electric-utility,Electric Utility,5084,Delaware Municipal Electric Corp,7962,Warren F Sam Beasley Generation Station,002,Natural Gas Fired Combustion Turbine,NG,Natural Gas,GT,PJM,"PJM Interconnection, LLC",OP,Operating,
2026-03,NY,New York,ipp-chp,IPP CHP,50136,North American Energy Services,54131,World Generation X,GEN1,Natural Gas Fired Combined Cycle,NG,Natural Gas,CT,NYIS,New York Independent System Operator,OP,Operating,CC1
2026-03,NY,New York,ipp-chp,IPP CHP,50136,North American Energy Services,54131,World Generation X,GEN2,Natural Gas Fired Combined Cycle,NG,Natural Gas,CA,NYIS,New York Independent System Operator,OP,Operating,CC1
2026-03,VA,Virginia,ipp-non-chp,IPP Non-CHP,60432,"Middle River Power II, LLC",55285,Wolf Hills Energy,WHG1,Natural Gas Fired Combustion Turbine,NG,Natural Gas,GT,PJM,"PJM Interconnection, LLC",OP,Operating,
2026-03,VA,Virginia,ipp-non-chp,IPP Non-CHP,60432,"Middle River Power II, LLC",55285,Wolf Hills Energy,WHG2,Natural Gas Fired Combustion Turbine,NG,Natural Gas,GT,PJM,"PJM Interconnection, LLC",OP,Operating,
2026-03,VA,Virginia,ipp-non-chp,IPP Non-CHP,60432,"Middle River Power II, LLC",55285,Wolf Hills Energy,WHG3,Natural Gas Fired Combustion Turbine,NG,Natural Gas,GT,PJM,"PJM Interconnection, LLC",OP,Operating,
2026-03,VA,Virginia,ipp-non-chp,IPP Non-CHP,60432,"Middle River Power II, LLC",55285,Wolf Hills Energy,WHG4,Natural Gas Fired Combustion Turbine,NG,Natural Gas,GT,PJM,"PJM Interconnection, LLC",OP,Operating,
2026-03,NY,New York,electric-utility,Electric Utility,56505,National Grid Generation LLC,2514,Glenwood,GT3,Petroleum Liquids,DFO,Disillate Fuel Oil,GT,NYIS,New York Independent System Operator,OP,Operating,
2026-03,NY,New York,electric-utility,Electric Utility,6775,Village of Freeport - (NY),2679,Plant No 2 Freeport,CT5,Natural Gas Fired Combustion Turbine,NG,Natural Gas,GT,NYIS,New York Independent System Operator,OP,Operating,
2026-03,MA,Massachusetts,ipp-non-chp,IPP Non-CHP,59368,"Calpine Fore River Energy Center, LLC",55317,Fore River Generating Station,ST15,Natural Gas Fired Combined Cycle,NG,Natural Gas,CA,ISNE,ISO New England Inc.,OP,Operating,G942
2026-03,MA,Massachusetts,commercial-chp,Commercial CHP,11427,Massachusetts Wtr Rauth-Deer I,10823,Deer Island Treatment Plant,H101,Conventional Hydroelectric,WAT,Water,HY,ISNE,ISO New England Inc.,OP,Operating,
2026-03,VA,Virginia,ipp-non-chp,IPP Non-CHP,5310,Doswell Ltd Partnership,52019,Doswell Energy Center,GEN9,Natural Gas Fired Combustion Turbine,NG,Natural Gas,GT,PJM,"PJM Interconnection, LLC",OP,Operating,
2026-03,VA,Virginia,ipp-non-chp,IPP Non-CHP,5310,Doswell Ltd Partnership,52019,Doswell Energy Center,GEN8,Natural Gas Fired Combustion Turbine,NG,Natural Gas,GT,PJM,"PJM Interconnection, LLC",OP,Operating,
2026-03,VA,Virginia,ipp-non-chp,IPP Non-CHP,5310,Doswell Ltd Partnership,52019,Doswell Energy Center,GEN7,Natural Gas Fired Combustion Turbine,NG,Natural Gas,GT,PJM,"PJM Interconnection, LLC",OP,Operating,
2026-03,VA,Virginia,ipp-non-chp,IPP Non-CHP,5310,Doswell Ltd Partnership,52019,Doswell Energy Center,GEN6,Natural Gas Fired Combined Cycle,NG,Natural Gas,CA,PJM,"PJM Interconnection, LLC",OP,Operating,UNT6
2026-03,VA,Virginia,ipp-non-chp,IPP Non-CHP,5310,Doswell Ltd Partnership,52019,Doswell Energy Center,GEN5,Natural Gas Fired Combined Cycle,NG,Natural Gas,CT,PJM,"PJM Interconnection, LLC",OP,Operating,UNT6
2026-03,VA,Virginia,ipp-non-chp,IPP Non-CHP,5310,Doswell Ltd Partnership,52019,Doswell Energy Center,GEN4,Natural Gas Fired Combined Cycle,NG,Natural Gas,CT,PJM,"PJM Interconnection, LLC",OP,Operating,UNT6
2026-03,VA,Virginia,ipp-non-chp,IPP Non-CHP,5310,Doswell Ltd Partnership,52019,Doswell Energy Center,GEN3,Natural Gas Fired Combined Cycle,NG,Natural Gas,CA,PJM,"PJM Interconnection, LLC",OP,Operating,UNT5
2026-03,VA,Virginia,ipp-non-chp,IPP Non-CHP,5310,Doswell Ltd Partnership,52019,Doswell Energy Center,GEN2,Natural Gas Fired Combined Cycle,NG,Natural Gas,CT,PJM,"PJM Interconnection, LLC",OP,Operating,UNT5
2026-03,VA,Virginia,ipp-non-chp,IPP Non-CHP,5310,Doswell Ltd Partnership,52019,Doswell Energy Center,GEN1,Natural Gas Fired Combined Cycle,NG,Natural Gas,CT,PJM,"PJM Interconnection, LLC",OP,Operating,UNT5
2026-03,NJ,New Jersey,ipp-non-chp,IPP Non-CHP,49942,Eagle Point Power Generation LLC,50561,Eagle Point Power Generation,STG2,Natural Gas Fired Combined Cycle,NG,Natural Gas,CA,PJM,"PJM Interconnection, LLC",OP,Operating,CC1
2026-03,NJ,New Jersey,ipp-non-chp,IPP Non-CHP,49942,Eagle Point Power Generation LLC,50561,Eagle Point Power Generation,STG1,Natural Gas Fired Combined Cycle,NG,Natural Gas,CA,PJM,"PJM Interconnection, LLC",OP,Operating,CC1
2026-03,NJ,New Jersey,ipp-non-chp,IPP Non-CHP,49942,Eagle Point Power Generation LLC,50561,Eagle Point Power Generation,GTG2,Natural Gas Fired Combined Cycle,NG,Natural Gas,CT,PJM,"PJM Interconnection, LLC",OP,Operating,CC1
2026-03,NJ,New Jersey,ipp-non-chp,IPP Non-CHP,49942,Eagle Point Power Generation LLC,50561,Eagle Point Power Generation,GTG1,Natural Gas Fired Combined Cycle,NG,Natural Gas,CT,PJM,"PJM Interconnection, LLC",OP,Operating,CC1
2026-03,NY,New York,commercial-chp,Commercial CHP,470,"Reworld Niagara I, LLC",50472,Reworld Niagara I,GEN2,Municipal Solid Waste,MSW,Municipal Solid Waste (All),ST,NYIS,New York Independent System Operator,OP,Operating,
2026-03,NY,New York,commercial-chp,Commercial CHP,470,"Reworld Niagara I, LLC",50472,Reworld Niagara I,GEN1,Municipal Solid Waste,MSW,Municipal Solid Waste (All),ST,NYIS,New York Independent System Operator,OP,Operating,
2026-03,MA,Massachusetts,commercial-chp,Commercial CHP,11427,Massachusetts Wtr Rauth-Deer I,10823,Deer Island Treatment Plant,WT102,Onshore Wind Turbine,WND,Wind,WT,ISNE,ISO New England Inc.,OP,Operating,
2026-03,MA,Massachusetts,commercial-chp,Commercial CHP,11427,Massachusetts Wtr Rauth-Deer I,10823,Deer Island Treatment Plant,WT101,Onshore Wind Turbine,WND,Wind,WT,ISNE,ISO New England Inc.,OP,Operating,
2026-03,MA,Massachusetts,commercial-chp,Commercial CHP,11427,Massachusetts Wtr Rauth-Deer I,10823,Deer Island Treatment Plant,S101,Other Waste Biomass,OBG,Other Biomass Gases ,ST,ISNE,ISO New England Inc.,OP,Operating,
2026-03,MA,Massachusetts,commercial-chp,Commercial CHP,11427,Massachusetts Wtr Rauth-Deer I,10823,Deer Island Treatment Plant,PV101,Solar Photovoltaic,SUN,Solar,PV,ISNE,ISO New England Inc.,OP,Operating,
2026-03,MA,Massachusetts,ipp-non-chp,IPP Non-CHP,67645,,52026,Dartmouth Power Associates LP,GEN1,Natural Gas Fired Combined Cycle,NG,Natural Gas,CT,ISNE,ISO New England Inc.,OP,Operating,CC1
2026-03,MA,Massachusetts,ipp-non-chp,IPP Non-CHP,67645,,52026,Dartmouth Power Associates LP,GEN2,Natural Gas Fired Combined Cycle,NG,Natural Gas,CA,ISNE,ISO New England Inc.,OP,Operating,CC1
2026-03,MA,Massachusetts,ipp-non-chp,IPP Non-CHP,67645,,52026,Dartmouth Power Associates LP,GEN3,Natural Gas Fired Combustion Turbine,NG,Natural Gas,GT,ISNE,ISO New England Inc.,OP,Operating,
2026-03,MA,Massachusetts,ipp-non-chp,IPP Non-CHP,55773,"Dighton Power, LLC",55026,Dighton Power Plant,UNT1,Natural Gas Fired Combined Cycle,NG,Natural Gas,CS,ISNE,ISO New England Inc.,OP,Operating,
2026-03,MA,Massachusetts,ipp-non-chp,IPP Non-CHP,59368,"Calpine Fore River Energy Center, LLC",55317,Fore River Generating Station,GT12,Natural Gas Fired Combined Cycle,NG,Natural Gas,CT,ISNE,ISO New England Inc.,OP,Operating,G942
2026-03,MA,Massachusetts,ipp-non-chp,IPP Non-CHP,59368,"Calpine Fore River Energy Center, LLC",55317,Fore River Generating Station,GT11,Natural Gas Fired Combined Cycle,NG,Natural Gas,CT,ISNE,ISO New England Inc.,OP,Operating,G942
2026-03,PA,Pennsylvania,ipp-non-chp,IPP Non-CHP,61786,"Edgewater Generation, LLC",55298,Fairless Energy Center,ST2,Natural Gas Fired Combined Cycle,NG,Natural Gas,CA,PJM,"PJM Interconnection, LLC",OP,Operating,BLK2
2026-03,PA,Pennsylvania,ipp-non-chp,IPP Non-CHP,61786,"Edgewater Generation, LLC",55298,Fairless Energy Center,ST1,Natural Gas Fired Combined Cycle,NG,Natural Gas,CA,PJM,"PJM Interconnection, LLC",OP,Operating,BLK1
2026-03,PA,Pennsylvania,ipp-non-chp,IPP Non-CHP,61786,"Edgewater Generation, LLC",55298,Fairless Energy Center,CT2B,Natural Gas Fired Combined Cycle,NG,Natural Gas,CT,PJM,"PJM Interconnection, LLC",OP,Operating,BLK2
2026-03,PA,Pennsylvania,ipp-non-chp,IPP Non-CHP,61786,"Edgewater Generation, LLC",55298,Fairless Energy Center,CT2A,Natural Gas Fired Combined Cycle,NG,Natural Gas,CT,PJM,"PJM Interconnection, LLC",OP,Operating,BLK2
2026-03,PA,Pennsylvania,ipp-non-chp,IPP Non-CHP,61786,"Edgewater Generation, LLC",55298,Fairless Energy Center,CT1B,Natural Gas Fired Combined Cycle,NG,Natural Gas,CT,PJM,"PJM Interconnection, LLC",OP,Operating,BLK1
2026-03,PA,Pennsylvania,ipp-non-chp,IPP Non-CHP,61786,"Edgewater Generation, LLC",55298,Fairless Energy Center,CT1A,Natural Gas Fired Combined Cycle,NG,Natural Gas,CT,PJM,"PJM Interconnection, LLC",OP,Operating,BLK1
2026-03,PA,Pennsylvania,industrial-chp,Industrial CHP,56137,Domtar LLC,54638,Johnsonburg Mill,PT1,Wood/Wood Waste Biomass,BLQ,Black Liquor,ST,PJM,"PJM Interconnection, LLC",OP,Operating,
2026-03,VA,Virginia,electric-utility,Electric Utility,19876,Virginia Electric & Power Co,52087,Elizabeth River Power Station,GEN1,Natural Gas Fired Combustion Turbine,NG,Natural Gas,GT,PJM,"PJM Interconnection, LLC",SB,Standby/Backup: available for service but not normally used,
2026-03,DE,Delaware,industrial-chp,Industrial CHP,56605,Delaware City Refining Company LLC,52193,Delaware City Plant,G4,Other Gases,OG,Other Gas,ST,PJM,"PJM Interconnection, LLC",OP,Operating,
2026-03,DE,Delaware,industrial-chp,Industrial CHP,56605,Delaware City Refining Company LLC,52193,Delaware City Plant,G3,Other Gases,OG,Other Gas,ST,PJM,"PJM Interconnection, LLC",SB,Standby/Backup: available for service but not normally used,
2026-03,DE,Delaware,industrial-chp,Industrial CHP,56605,Delaware City Refining Company LLC,52193,Delaware City Plant,G2,Other Gases,OG,Other Gas,ST,PJM,"PJM Interconnection, LLC",OP,Operating,
2026-03,DE,Delaware,industrial-chp,Industrial CHP,56605,Delaware City Refining Company LLC,52193,Delaware City Plant,G1,Other Gases,OG,Other Gas,ST,PJM,"PJM Interconnection, LLC",OP,Operating,
2026-03,DE,Delaware,industrial-chp,Industrial CHP,56605,Delaware City Refining Company LLC,52193,Delaware City Plant,CT2,Natural Gas Fired Combustion Turbine,NG,Natural Gas,GT,PJM,"PJM Interconnection, LLC",OP,Operating,
2026-03,DE,Delaware,industrial-chp,Industrial CHP,56605,Delaware City Refining Company LLC,52193,Delaware City Plant,CT1,Natural Gas Fired Combustion Turbine,NG,Natural Gas,GT,PJM,"PJM Interconnection, LLC",OP,Operating,
2026-03,VA,Virginia,electric-utility,Electric Utility,19876,Virginia Electric & Power Co,52087,Elizabeth River Power Station,GEN3,Natural Gas Fired Combustion Turbine,NG,Natural Gas,GT,PJM,"PJM Interconnection, LLC",SB,Standby/Backup: available for service but not normally used,
2026-03,VA,Virginia,electric-utility,Electric Utility,19876,Virginia Electric & Power Co,52087,Elizabeth River Power Station,GEN2,Natural Gas Fired Combustion Turbine,NG,Natural Gas,GT,PJM,"PJM Interconnection, LLC",SB,Standby/Backup: available for service but not normally used,
2026-03,MA,Massachusetts,commercial-chp,Commercial CHP,11427,Massachusetts Wtr Rauth-Deer I,10823,Deer Island Treatment Plant,H201,Conventional Hydroelectric,WAT,Water,HY,ISNE,ISO New England Inc.,OP,Operating,
2026-03,MA,Massachusetts,commercial-chp,Commercial CHP,11427,Massachusetts Wtr Rauth-Deer I,10823,Deer Island Treatment Plant,G201,Petroleum Liquids,DFO,Disillate Fuel Oil,GT,ISNE,ISO New England Inc.,SB,Standby/Backup: available for service but not normally used,
2026-03,PA,Pennsylvania,ipp-non-chp,IPP Non-CHP,63047,KeyCon Operating LLC,3118,Conemaugh,1,Conventional Steam Coal,BIT,Bituminous Coal,ST,PJM,"PJM Interconnection, LLC",OP,Operating,
2026-03,MA,Massachusetts,commercial-chp,Commercial CHP,11427,Massachusetts Wtr Rauth-Deer I,10823,Deer Island Treatment Plant,G101,Petroleum Liquids,DFO,Disillate Fuel Oil,GT,ISNE,ISO New England Inc.,SB,Standby/Backup: available for service but not normally used,
2026-03,NJ,New Jersey,ipp-non-chp,IPP Non-CHP,56606,Calpine New Jersey Generation LLC,5083,Cumberland (NJ),CUMB2,Natural Gas Fired Combustion Turbine,NG,Natural Gas,GT,PJM,"PJM Interconnection, LLC",OP,Operating,
2026-03,NJ,New Jersey,ipp-non-chp,IPP Non-CHP,56606,Calpine New Jersey Generation LLC,5083,Cumberland (NJ),CUMB,Natural Gas Fired Combustion Turbine,NG,Natural Gas,GT,PJM,"PJM Interconnection, LLC",OP,Operating,
2026-03,VA,Virginia,electric-utility,Electric Utility,19876,Virginia Electric & Power Co,3797,Chesterfield,CW8,Natural Gas Fired Combined Cycle,NG,Natural Gas,CA,PJM,"PJM Interconnection, LLC",OP,Operating,CH8
2026-03,VA,Virginia,electric-utility,Electric Utility,19876,Virginia Electric & Power Co,3797,Chesterfield,CW7,Natural Gas Fired Combined Cycle,NG,Natural Gas,CA,PJM,"PJM Interconnection, LLC",OP,Operating,CH7
2026-03,VA,Virginia,electric-utility,Electric Utility,19876,Virginia Electric & Power Co,3797,Chesterfield,CT8,Natural Gas Fired Combined Cycle,NG,Natural Gas,CT,PJM,"PJM Interconnection, LLC",OP,Operating,CH8
2026-03,VA,Virginia,electric-utility,Electric Utility,19876,Virginia Electric & Power Co,3797,Chesterfield,CT7,Natural Gas Fired Combined Cycle,NG,Natural Gas,CT,PJM,"PJM Interconnection, LLC",OP,Operating,CH7
2026-03,VA,Virginia,electric-utility,Electric Utility,733,Appalachian Power Co,3775,Clinch River,2,Natural Gas Steam Turbine,NG,Natural Gas,ST,PJM,"PJM Interconnection, LLC",OP,Operating,
2026-03,VA,Virginia,electric-utility,Electric Utility,733,Appalachian Power Co,3775,Clinch River,1,Natural Gas Steam Turbine,NG,Natural Gas,ST,PJM,"PJM Interconnection, LLC",OP,Operating,
2026-03,PA,Pennsylvania,ipp-non-chp,IPP Non-CHP,6035,"Constellation Power, Inc",3161,Eddystone Generating Station,40,Petroleum Liquids,DFO,Disillate Fuel Oil,GT,PJM,"PJM Interconnection, LLC",OP,Operating,
2026-03,PA,Pennsylvania,ipp-non-chp,IPP Non-CHP,6035,"Constellation Power, Inc",3161,Eddystone Generating Station,4,Natural Gas Steam Turbine,NG,Natural Gas,ST,PJM,"PJM Interconnection, LLC",OP,Operating,
2026-03,PA,Pennsylvania,ipp-non-chp,IPP Non-CHP,6035,"Constellation Power, Inc",3161,Eddystone Generating Station,30,Petroleum Liquids,DFO,Disillate Fuel Oil,GT,PJM,"PJM Interconnection, LLC",OP,Operating,
2026-03,PA,Pennsylvania,ipp-non-chp,IPP Non-CHP,6035,"Constellation Power, Inc",3161,Eddystone Generating Station,3,Natural Gas Steam Turbine,NG,Natural Gas,ST,PJM,"PJM Interconnection, LLC",OP,Operating,
2026-03,PA,Pennsylvania,ipp-non-chp,IPP Non-CHP,6035,"Constellation Power, Inc",3161,Eddystone Generating Station,20,Petroleum Liquids,DFO,Disillate Fuel Oil,GT,PJM,"PJM Interconnection, LLC",OP,Operating,
2026-03,PA,Pennsylvania,ipp-non-chp,IPP Non-CHP,6035,"Constellation Power, Inc",3161,Eddystone Generating Station,10,Petroleum Liquids,DFO,Disillate Fuel Oil,GT,PJM,"PJM Interconnection, LLC",OP,Operating,
2026-03,PA,Pennsylvania,ipp-non-chp,IPP Non-CHP,63047,KeyCon Operating LLC,3118,Conemaugh,D,Petroleum Liquids,DFO,Disillate Fuel Oil,IC,PJM,"PJM Interconnection, LLC",SB,Standby/Backup: available for service but not normally used,
2026-03,PA,Pennsylvania,ipp-non-chp,IPP Non-CHP,63047,KeyCon Operating LLC,3118,Conemaugh,C,Petroleum Liquids,DFO,Disillate Fuel Oil,IC,PJM,"PJM Interconnection, LLC",SB,Standby/Backup: available for service but not normally used,
2026-03,PA,Pennsylvania,ipp-non-chp,IPP Non-CHP,63047,KeyCon Operating LLC,3118,Conemaugh,B,Petroleum Liquids,DFO,Disillate Fuel Oil,IC,PJM,"PJM Interconnection, LLC",SB,Standby/Backup: available for service but not normally used,
2026-03,PA,Pennsylvania,ipp-non-chp,IPP Non-CHP,63047,KeyCon Operating LLC,3118,Conemaugh,A,Petroleum Liquids,DFO,Disillate Fuel Oil,IC,PJM,"PJM Interconnection, LLC",SB,Standby/Backup: available for service but not normally used,
2026-03,PA,Pennsylvania,ipp-non-chp,IPP Non-CHP,63047,KeyCon Operating LLC,3118,Conemaugh,2,Conventional Steam Coal,BIT,Bituminous Coal,ST,PJM,"PJM Interconnection, LLC",OP,Operating,
2026-03,NJ,New Jersey,ipp-non-chp,IPP Non-CHP,61358,"Forked River Power, LLC",7138,Forked River,1,Natural Gas Fired Combustion Turbine,NG,Natural Gas,GT,PJM,"PJM Interconnection, LLC",OP,Operating,
2026-03,NJ,New Jersey,ipp-non-chp,IPP Non-CHP,61358,"Forked River Power, LLC",7138,Forked River,2,Natural Gas Fired Combustion Turbine,NG,Natural Gas,GT,PJM,"PJM Interconnection, LLC",OP,Operating,
2026-03,VA,Virginia,electric-utility,Electric Utility,19876,Virginia Electric & Power Co,7212,Darbytown,1,Natural Gas Fired Combustion Turbine,NG,Natural Gas,GT,PJM,"PJM Interconnection, LLC",OP,Operating,
2026-03,PA,Pennsylvania,ipp-non-chp,IPP Non-CHP,6035,"Constellation Power, Inc",8012,Croydon CT Generating Station,32,Petroleum Liquids,DFO,Disillate Fuel Oil,GT,PJM,"PJM Interconnection, LLC",OP,Operating,
2026-03,PA,Pennsylvania,ipp-non-chp,IPP Non-CHP,5670,Ebensburg Power Co,10603,Ebensburg Power,GEN1,Conventional Steam Coal,WC,Waste Coal,ST,PJM,"PJM Interconnection, LLC",OP,Operating,
2026-03,PA,Pennsylvania,ipp-non-chp,IPP Non-CHP,9379,"Inter-Power/AhlCon Partners, L.P.",10143,Colver Green Energy,COLV,Conventional Steam Coal,WC,Waste Coal,ST,PJM,"PJM Interconnection, LLC",OP,Operating,
2026-03,PA,Pennsylvania,ipp-chp,IPP CHP,7199,Gilberton Power Co,10113,John B Rich Memorial Power Station,GEN1,Conventional Steam Coal,WC,Waste Coal,ST,PJM,"PJM Interconnection, LLC",OP,Operating,
2026-03,DE,Delaware,ipp-chp,IPP CHP,65384,"Cartier Energy, LLC",10030,Energy Center Dover,KD-2,Natural Gas Fired Combustion Turbine,NG,Natural Gas,GT,PJM,"PJM Interconnection, LLC",OP,Operating,
2026-03,DE,Delaware,ipp-chp,IPP CHP,65384,"Cartier Energy, LLC",10030,Energy Center Dover,KD-1,Natural Gas Fired Combined Cycle,NG,Natural Gas,CT,PJM,"PJM Interconnection, LLC",OP,Operating,CC1
2026-03,DE,Delaware,ipp-chp,IPP CHP,65384,"Cartier Energy, LLC",10030,Energy Center Dover,COG1,Natural Gas Fired Combined Cycle,NG,Natural Gas,CA,PJM,"PJM Interconnection, LLC",OP,Operating,CC1
2026-03,PA,Pennsylvania,ipp-non-chp,IPP Non-CHP,6035,"Constellation Power, Inc",8012,Croydon CT Generating Station,42,Petroleum Liquids,DFO,Disillate Fuel Oil,GT,PJM,"PJM Interconnection, LLC",OP,Operating,
2026-03,PA,Pennsylvania,ipp-non-chp,IPP Non-CHP,6035,"Constellation Power, Inc",8012,Croydon CT Generating Station,41,Petroleum Liquids,DFO,Disillate Fuel Oil,GT,PJM,"PJM Interconnection, LLC",OP,Operating,
2026-03,PA,Pennsylvania,ipp-non-chp,IPP Non-CHP,6035,"Constellation Power, Inc",8012,Croydon CT Generating Station,31,Petroleum Liquids,DFO,Disillate Fuel Oil,GT,PJM,"PJM Interconnection, LLC",OP,Operating,
2026-03,VA,Virginia,electric-utility,Electric Utility,19876,Virginia Electric & Power Co,7212,Darbytown,2,Natural Gas Fired Combustion Turbine,NG,Natural Gas,GT,PJM,"PJM Interconnection, LLC",OP,Operating,
2026-03,PA,Pennsylvania,ipp-non-chp,IPP Non-CHP,6035,"Constellation Power, Inc",8012,Croydon CT Generating Station,22,Petroleum Liquids,DFO,Disillate Fuel Oil,GT,PJM,"PJM Interconnection, LLC",OP,Operating,
2026-03,PA,Pennsylvania,ipp-non-chp,IPP Non-CHP,6035,"Constellation Power, Inc",8012,Croydon CT Generating Station,21,Petroleum Liquids,DFO,Disillate Fuel Oil,GT,PJM,"PJM Interconnection, LLC",OP,Operating,
2026-03,PA,Pennsylvania,ipp-non-chp,IPP Non-CHP,6035,"Constellation Power, Inc",8012,Croydon CT Generating Station,12,Petroleum Liquids,DFO,Disillate Fuel Oil,GT,PJM,"PJM Interconnection, LLC",OP,Operating,
2026-03,PA,Pennsylvania,ipp-non-chp,IPP Non-CHP,6035,"Constellation Power, Inc",8012,Croydon CT Generating Station,11,Petroleum Liquids,DFO,Disillate Fuel Oil,GT,PJM,"PJM Interconnection, LLC",OP,Operating,
2026-03,VA,Virginia,electric-utility,Electric Utility,19876,Virginia Electric & Power Co,7213,Clover,2,Conventional Steam Coal,BIT,Bituminous Coal,ST,PJM,"PJM Interconnection, LLC",OP,Operating,
2026-03,VA,Virginia,electric-utility,Electric Utility,19876,Virginia Electric & Power Co,7213,Clover,1,Conventional Steam Coal,BIT,Bituminous Coal,ST,PJM,"PJM Interconnection, LLC",OP,Operating,
2026-03,VA,Virginia,electric-utility,Electric Utility,19876,Virginia Electric & Power Co,7212,Darbytown,4,Natural Gas Fired Combustion Turbine,NG,Natural Gas,GT,PJM,"PJM Interconnection, LLC",OP,Operating,
2026-03,VA,Virginia,electric-utility,Electric Utility,19876,Virginia Electric & Power Co,7212,Darbytown,3,Natural Gas Fired Combustion Turbine,NG,Natural Gas,GT,PJM,"PJM Interconnection, LLC",OP,Operating,
2026-03,NJ,New Jersey,ipp-non-chp,IPP Non-CHP,63034,"Sayreville Power, LLC",2390,Sayreville,GT2,Natural Gas Fired Combustion Turbine,NG,Natural Gas,GT,PJM,"PJM Interconnection, LLC",OP,Operating,
2026-03,NH,New Hampshire,ipp-non-chp,IPP Non-CHP,62032,Granite Shore Power,2367,Schiller,GT1,Petroleum Liquids,JF,Jet Fuel,GT,ISNE,ISO New England Inc.,OP,Operating,
2026-03,MD,Maryland,electric-utility,Electric Utility,40229,Old Dominion Electric Coop,59220,Wildcat Point Generation Facility,ST1,Natural Gas Fired Combined Cycle,NG,Natural Gas,CA,PJM,"PJM Interconnection, LLC",OP,Operating,CC1
2026-03,RI,Rhode Island,ipp-non-chp,IPP Non-CHP,27770,Ocean State Power II,54324,Ocean State Power II,GEN3,Natural Gas Fired Combined Cycle,NG,Natural Gas,CA,ISNE,ISO New England Inc.,OP,Operating,OSP2
2026-03,NY,New York,ipp-non-chp,IPP Non-CHP,15253,Power City Partners LP,54592,Massena Energy Facility,GEN2,Natural Gas Fired Combined Cycle,NG,Natural Gas,CA,NYIS,New York Independent System Operator,OP,Operating,CC1
2026-03,NY,New York,ipp-non-chp,IPP Non-CHP,15253,Power City Partners LP,54592,Massena Energy Facility,IC,Petroleum Liquids,DFO,Disillate Fuel Oil,IC,NYIS,New York Independent System Operator,SB,Standby/Backup: available for service but not normally used,
2026-03,MA,Massachusetts,ipp-non-chp,IPP Non-CHP,12469,Milford Power LLC,54805,Milford Power LP,GT-1,Natural Gas Fired Combined Cycle,NG,Natural Gas,CT,ISNE,ISO New England Inc.,OP,Operating,ST-1
2026-03,MA,Massachusetts,ipp-non-chp,IPP Non-CHP,12469,Milford Power LLC,54805,Milford Power LP,ST-1,Natural Gas Fired Combined Cycle,NG,Natural Gas,CA,ISNE,ISO New England Inc.,OP,Operating,ST-1
2026-03,ME,Maine,ipp-non-chp,IPP Non-CHP,4966,Casco Bay Energy Co LLC,55068,Maine Independence Station,GEN1,Natural Gas Fired Combined Cycle,NG,Natural Gas,CT,ISNE,ISO New England Inc.,OP,Operating,CC1
2026-03,ME,Maine,ipp-non-chp,IPP Non-CHP,4966,Casco Bay Energy Co LLC,55068,Maine Independence Station,GEN2,Natural Gas Fired Combined Cycle,NG,Natural Gas,CT,ISNE,ISO New England Inc.,OP,Operating,CC1
2026-03,ME,Maine,ipp-non-chp,IPP Non-CHP,4966,Casco Bay Energy Co LLC,55068,Maine Independence Station,GEN3,Natural Gas Fired Combined Cycle,NG,Natural Gas,CA,ISNE,ISO New England Inc.,OP,Operating,CC1
2026-03,MA,Massachusetts,ipp-non-chp,IPP Non-CHP,12713,"Millennium Power Company, LLC",55079,Millennium Power,CT01,Natural Gas Fired Combined Cycle,NG,Natural Gas,CT,ISNE,ISO New England Inc.,OP,Operating,CC01
2026-03,MA,Massachusetts,ipp-non-chp,IPP Non-CHP,12713,"Millennium Power Company, LLC",55079,Millennium Power,ST01,Natural Gas Fired Combined Cycle,NG,Natural Gas,CA,ISNE,ISO New England Inc.,OP,Operating,CC01
2026-03,CT,Connecticut,ipp-non-chp,IPP Non-CHP,12568,Milford Power Co LLC,55126,Milford Power Project,CA01,Natural Gas Fired Combined Cycle,NG,Natural Gas,CS,ISNE,ISO New England Inc.,OP,Operating,
2026-03,CT,Connecticut,ipp-non-chp,IPP Non-CHP,12568,Milford Power Co LLC,55126,Milford Power Project,CA02,Natural Gas Fired Combined Cycle,NG,Natural Gas,CS,ISNE,ISO New England Inc.,OP,Operating,
2026-03,PA,Pennsylvania,ipp-non-chp,IPP Non-CHP,55649,Ontelaunee Energy Center,55193,Ontelaunee Energy Center,CTG1,Natural Gas Fired Combined Cycle,NG,Natural Gas,CT,PJM,"PJM Interconnection, LLC",OP,Operating,CC01
2026-03,PA,Pennsylvania,ipp-non-chp,IPP Non-CHP,55649,Ontelaunee Energy Center,55193,Ontelaunee Energy Center,CTG2,Natural Gas Fired Combined Cycle,NG,Natural Gas,CT,PJM,"PJM Interconnection, LLC",OP,Operating,CC01
2026-03,PA,Pennsylvania,ipp-non-chp,IPP Non-CHP,55649,Ontelaunee Energy Center,55193,Ontelaunee Energy Center,STG,Natural Gas Fired Combined Cycle,NG,Natural Gas,CA,PJM,"PJM Interconnection, LLC",OP,Operating,CC01
2026-03,NH,New Hampshire,ipp-non-chp,IPP Non-CHP,13538,"Essential Power Operating Services, LLC",55661,Newington Energy Center,GT-1,Natural Gas Fired Combined Cycle,NG,Natural Gas,CT,ISNE,ISO New England Inc.,OP,Operating,CC1
2026-03,NH,New Hampshire,ipp-non-chp,IPP Non-CHP,13538,"Essential Power Operating Services, LLC",55661,Newington Energy Center,GT-2,Natural Gas Fired Combined Cycle,NG,Natural Gas,CT,ISNE,ISO New England Inc.,OP,Operating,CC1
2026-03,NH,New Hampshire,ipp-non-chp,IPP Non-CHP,13538,"Essential Power Operating Services, LLC",55661,Newington Energy Center,ST,Natural Gas Fired Combined Cycle,NG,Natural Gas,CA,ISNE,ISO New England Inc.,OP,Operating,CC1
2026-03,PA,Pennsylvania,ipp-non-chp,IPP Non-CHP,11275,Lower Mount Bethel Energy LLC,55667,Lower Mount Bethel Energy,G1,Natural Gas Fired Combined Cycle,NG,Natural Gas,CT,PJM,"PJM Interconnection, LLC",OP,Operating,CC01
2026-03,PA,Pennsylvania,ipp-non-chp,IPP Non-CHP,11275,Lower Mount Bethel Energy LLC,55667,Lower Mount Bethel Energy,G2,Natural Gas Fired Combined Cycle,NG,Natural Gas,CT,PJM,"PJM Interconnection, LLC",OP,Operating,CC01
2026-03,NY,New York,ipp-non-chp,IPP Non-CHP,15253,Power City Partners LP,54592,Massena Energy Facility,GEN1,Natural Gas Fired Combined Cycle,NG,Natural Gas,CT,NYIS,New York Independent System Operator,OP,Operating,CC1
2026-03,RI,Rhode Island,ipp-non-chp,IPP Non-CHP,27770,Ocean State Power II,54324,Ocean State Power II,GEN2,Natural Gas Fired Combined Cycle,NG,Natural Gas,CT,ISNE,ISO New England Inc.,OP,Operating,OSP2
2026-03,MA,Massachusetts,electric-utility,Electric Utility,2144,Town of Braintree - (MA),1660,Potter Station 2,WAT2,Natural Gas Fired Combustion Turbine,NG,Natural Gas,GT,ISNE,ISO New England Inc.,OP,Operating,
2026-03,RI,Rhode Island,ipp-non-chp,IPP Non-CHP,27770,Ocean State Power II,54324,Ocean State Power II,GEN1,Natural Gas Fired Combined Cycle,NG,Natural Gas,CT,ISNE,ISO New England Inc.,OP,Operating,OSP2
2026-03,MA,Massachusetts,ipp-chp,IPP CHP,15114,"Pittsfield Generating Company, LP",50002,Pittsfield Generating LP,GEN1,Natural Gas Fired Combined Cycle,NG,Natural Gas,CT,ISNE,ISO New England Inc.,OP,Operating,CC1
2026-03,MA,Massachusetts,ipp-chp,IPP CHP,15114,"Pittsfield Generating Company, LP",50002,Pittsfield Generating LP,GEN2,Natural Gas Fired Combined Cycle,NG,Natural Gas,CT,ISNE,ISO New England Inc.,OP,Operating,CC1
2026-03,MA,Massachusetts,ipp-chp,IPP CHP,15114,"Pittsfield Generating Company, LP",50002,Pittsfield Generating LP,GEN3,Natural Gas Fired Combined Cycle,NG,Natural Gas,CT,ISNE,ISO New England Inc.,OP,Operating,CC1
2026-03,MA,Massachusetts,ipp-chp,IPP CHP,15114,"Pittsfield Generating Company, LP",50002,Pittsfield Generating LP,GEN4,Natural Gas Fired Combined Cycle,NG,Natural Gas,CA,ISNE,ISO New England Inc.,OP,Operating,CC1
2026-03,PA,Pennsylvania,ipp-non-chp,IPP Non-CHP,22174,PEI Power Corp,50279,Archbald Power Station,GEN1,Natural Gas Steam Turbine,NG,Natural Gas,ST,PJM,"PJM Interconnection, LLC",OP,Operating,
2026-03,PA,Pennsylvania,ipp-non-chp,IPP Non-CHP,22174,PEI Power Corp,50279,Archbald Power Station,GEN5,Landfill Gas,LFG,Landfill Gas,GT,PJM,"PJM Interconnection, LLC",OP,Operating,
2026-03,PA,Pennsylvania,ipp-non-chp,IPP Non-CHP,22174,PEI Power Corp,50279,Archbald Power Station,GEN6,Landfill Gas,LFG,Landfill Gas,GT,PJM,"PJM Interconnection, LLC",OP,Operating,
2026-03,PA,Pennsylvania,ipp-non-chp,IPP Non-CHP,22174,PEI Power Corp,50279,Archbald Power Station,Gen2,Natural Gas Fired Combustion Turbine,NG,Natural Gas,GT,PJM,"PJM Interconnection, LLC",OP,Operating,
2026-03,PA,Pennsylvania,industrial-chp,Industrial CHP,61988,Pixelle Specialty Solutions LLC - (PA),50397,Pixelle Specialty Solutions LLC - Spring,GEN1,Natural Gas Steam Turbine,NG,Natural Gas,ST,PJM,"PJM Interconnection, LLC",OP,Operating,
2026-03,PA,Pennsylvania,industrial-chp,Industrial CHP,61988,Pixelle Specialty Solutions LLC - (PA),50397,Pixelle Specialty Solutions LLC - Spring,GEN3,Natural Gas Steam Turbine,NG,Natural Gas,ST,PJM,"PJM Interconnection, LLC",OP,Operating,
2026-03,PA,Pennsylvania,industrial-chp,Industrial CHP,61988,Pixelle Specialty Solutions LLC - (PA),50397,Pixelle Specialty Solutions LLC - Spring,GEN4,Natural Gas Steam Turbine,NG,Natural Gas,ST,PJM,"PJM Interconnection, LLC",OP,Operating,
2026-03,PA,Pennsylvania,industrial-chp,Industrial CHP,61988,Pixelle Specialty Solutions LLC - (PA),50397,Pixelle Specialty Solutions LLC - Spring,GEN5,Conventional Steam Coal,BIT,Bituminous Coal,ST,PJM,"PJM Interconnection, LLC",OP,Operating,
2026-03,PA,Pennsylvania,industrial-chp,Industrial CHP,61988,Pixelle Specialty Solutions LLC - (PA),50397,Pixelle Specialty Solutions LLC - Spring,GEN6,Wood/Wood Waste Biomass,BLQ,Black Liquor,ST,PJM,"PJM Interconnection, LLC",OP,Operating,
2026-03,PA,Pennsylvania,ipp-non-chp,IPP Non-CHP,14432,"Panther Creek Power Operating, LLC",50776,Panther Creek Energy Facility,GEN1,Conventional Steam Coal,WC,Waste Coal,ST,PJM,"PJM Interconnection, LLC",OP,Operating,
2026-03,PA,Pennsylvania,ipp-non-chp,IPP Non-CHP,23013,"EIF Northampton GP, LLC",50888,Northampton Generating Company LP,GEN1,Conventional Steam Coal,WC,Waste Coal,ST,PJM,"PJM Interconnection, LLC",OP,Operating,
2026-03,RI,Rhode Island,ipp-non-chp,IPP Non-CHP,27769,Ocean State Power Co,51030,Ocean State Power,GEN1,Natural Gas Fired Combined Cycle,NG,Natural Gas,CT,ISNE,ISO New England Inc.,OP,Operating,OSP1
2026-03,RI,Rhode Island,ipp-non-chp,IPP Non-CHP,27769,Ocean State Power Co,51030,Ocean State Power,GEN2,Natural Gas Fired Combined Cycle,NG,Natural Gas,CT,ISNE,ISO New England Inc.,OP,Operating,OSP1
2026-03,RI,Rhode Island,ipp-non-chp,IPP Non-CHP,27769,Ocean State Power Co,51030,Ocean State Power,GEN3,Natural Gas Fired Combined Cycle,NG,Natural Gas,CA,ISNE,ISO New England Inc.,OP,Operating,OSP1
2026-03,NY,New York,ipp-chp,IPP CHP,13587,Nissequoque Cogen Partners,54149,Stony Brook Cogen Plant,GEN1,Natural Gas Fired Combustion Turbine,NG,Natural Gas,GT,NYIS,New York Independent System Operator,OP,Operating,
2026-03,PA,Pennsylvania,ipp-non-chp,IPP Non-CHP,11275,Lower Mount Bethel Energy LLC,55667,Lower Mount Bethel Energy,G3,Natural Gas Fired Combined Cycle,NG,Natural Gas,CA,PJM,"PJM Interconnection, LLC",OP,Operating,CC01
2026-03,PA,Pennsylvania,ipp-chp,IPP CHP,6693,Marcus Hook Energy LP,55801,Marcus Hook Energy LP,CT13,Natural Gas Fired Combined Cycle,NG,Natural Gas,CT,PJM,"PJM Interconnection, LLC",OP,Operating,CCG1
2026-03,PA,Pennsylvania,ipp-chp,IPP CHP,6693,Marcus Hook Energy LP,55801,Marcus Hook Energy LP,CT1A,Natural Gas Fired Combined Cycle,NG,Natural Gas,CT,PJM,"PJM Interconnection, LLC",OP,Operating,CCG1
2026-03,PA,Pennsylvania,ipp-chp,IPP CHP,6693,Marcus Hook Energy LP,55801,Marcus Hook Energy LP,CTIB,Natural Gas Fired Combined Cycle,NG,Natural Gas,CT,PJM,"PJM Interconnection, LLC",OP,Operating,CCG1
2026-03,PA,Pennsylvania,ipp-non-chp,IPP Non-CHP,60162,"Hummel Station, LLC",60368,Hummel Station LLC,CTG1,Natural Gas Fired Combined Cycle,NG,Natural Gas,CT,PJM,"PJM Interconnection, LLC",OP,Operating,HUM1
2026-03,PA,Pennsylvania,ipp-non-chp,IPP Non-CHP,49893,Invenergy Services LLC,60357,Lackawanna Energy Center,GEN3,Natural Gas Fired Combined Cycle,NG,Natural Gas,CS,PJM,"PJM Interconnection, LLC",OP,Operating,
2026-03,PA,Pennsylvania,ipp-non-chp,IPP Non-CHP,49893,Invenergy Services LLC,60357,Lackawanna Energy Center,GEN2,Natural Gas Fired Combined Cycle,NG,Natural Gas,CS,PJM,"PJM Interconnection, LLC",OP,Operating,
2026-03,PA,Pennsylvania,ipp-non-chp,IPP Non-CHP,49893,Invenergy Services LLC,60357,Lackawanna Energy Center,GEN1,Natural Gas Fired Combined Cycle,NG,Natural Gas,CS,PJM,"PJM Interconnection, LLC",OP,Operating,
2026-03,MD,Maryland,ipp-non-chp,IPP Non-CHP,60100,"PSEG Keys Energy Center, LLC",60302,Key,12,Natural Gas Fired Combined Cycle,NG,Natural Gas,CT,PJM,"PJM Interconnection, LLC",OP,Operating,CC1
2026-03,MD,Maryland,ipp-non-chp,IPP Non-CHP,60100,"PSEG Keys Energy Center, LLC",60302,Key,11,Natural Gas Fired Combined Cycle,NG,Natural Gas,CT,PJM,"PJM Interconnection, LLC",OP,Operating,CC1
2026-03,MD,Maryland,ipp-non-chp,IPP Non-CHP,60100,"PSEG Keys Energy Center, LLC",60302,Key,10,Natural Gas Fired Combined Cycle,NG,Natural Gas,CA,PJM,"PJM Interconnection, LLC",OP,Operating,CC1
2026-03,VA,Virginia,electric-utility,Electric Utility,19876,Virginia Electric & Power Co,59913,Greensville County Power Station,ST01,Natural Gas Fired Combined Cycle,NG,Natural Gas,CA,PJM,"PJM Interconnection, LLC",OP,Operating,GV01
2026-03,VA,Virginia,electric-utility,Electric Utility,19876,Virginia Electric & Power Co,59913,Greensville County Power Station,CT03,Natural Gas Fired Combined Cycle,NG,Natural Gas,CT,PJM,"PJM Interconnection, LLC",OP,Operating,GV01
2026-03,VA,Virginia,electric-utility,Electric Utility,19876,Virginia Electric & Power Co,59913,Greensville County Power Station,CT02,Natural Gas Fired Combined Cycle,NG,Natural Gas,CT,PJM,"PJM Interconnection, LLC",OP,Operating,GV01
2026-03,VA,Virginia,electric-utility,Electric Utility,19876,Virginia Electric & Power Co,59913,Greensville County Power Station,CT01,Natural Gas Fired Combined Cycle,NG,Natural Gas,CT,PJM,"PJM Interconnection, LLC",OP,Operating,GV01
2026-03,PA,Pennsylvania,ipp-non-chp,IPP Non-CHP,64025,"Hamilton Operating Services, LLC",58426,Hamilton Patriot Generation Plant,GEN2,Natural Gas Fired Combined Cycle,NG,Natural Gas,CS,PJM,"PJM Interconnection, LLC",OP,Operating,
2026-03,PA,Pennsylvania,ipp-non-chp,IPP Non-CHP,64025,"Hamilton Operating Services, LLC",58426,Hamilton Patriot Generation Plant,GEN1,Natural Gas Fired Combined Cycle,NG,Natural Gas,CS,PJM,"PJM Interconnection, LLC",OP,Operating,
2026-03,PA,Pennsylvania,ipp-non-chp,IPP Non-CHP,58417,Hamilton Liberty O&M LLC,58420,Hamilton Liberty,GEN2,Natural Gas Fired Combined Cycle,NG,Natural Gas,CS,PJM,"PJM Interconnection, LLC",OP,Operating,
2026-03,PA,Pennsylvania,ipp-non-chp,IPP Non-CHP,58417,Hamilton Liberty O&M LLC,58420,Hamilton Liberty,GEN1,Natural Gas Fired Combined Cycle,NG,Natural Gas,CS,PJM,"PJM Interconnection, LLC",OP,Operating,
2026-03,CT,Connecticut,ipp-non-chp,IPP Non-CHP,55993,"Kleen Energy Systems, LLC",56798,Kleen Energy Systems Project,U2,Natural Gas Fired Combined Cycle,NG,Natural Gas,CT,ISNE,ISO New England Inc.,OP,Operating,CC01
2026-03,CT,Connecticut,ipp-non-chp,IPP Non-CHP,55993,"Kleen Energy Systems, LLC",56798,Kleen Energy Systems Project,U1,Natural Gas Fired Combined Cycle,NG,Natural Gas,CT,ISNE,ISO New England Inc.,OP,Operating,CC01
2026-03,CT,Connecticut,ipp-non-chp,IPP Non-CHP,55993,"Kleen Energy Systems, LLC",56798,Kleen Energy Systems Project,ST,Natural Gas Fired Combined Cycle,NG,Natural Gas,CA,ISNE,ISO New England Inc.,OP,Operating,CC01
2026-03,PA,Pennsylvania,ipp-non-chp,IPP Non-CHP,61319,"Hunlock Energy, LLC",56397,Hunlock Unit 4,4,Natural Gas Fired Combustion Turbine,NG,Natural Gas,GT,PJM,"PJM Interconnection, LLC",OP,Operating,
2026-03,PA,Pennsylvania,ipp-non-chp,IPP Non-CHP,60162,"Hummel Station, LLC",60368,Hummel Station LLC,CTG2,Natural Gas Fired Combined Cycle,NG,Natural Gas,CT,PJM,"PJM Interconnection, LLC",OP,Operating,HUM1
2026-03,PA,Pennsylvania,ipp-non-chp,IPP Non-CHP,60162,"Hummel Station, LLC",60368,Hummel Station LLC,CTG3,Natural Gas Fired Combined Cycle,NG,Natural Gas,CT,PJM,"PJM Interconnection, LLC",OP,Operating,HUM1
2026-03,PA,Pennsylvania,ipp-non-chp,IPP Non-CHP,60162,"Hummel Station, LLC",60368,Hummel Station LLC,STG,Natural Gas Fired Combined Cycle,NG,Natural Gas,CA,PJM,"PJM Interconnection, LLC",OP,Operating,HUM1
2026-03,NJ,New Jersey,ipp-non-chp,IPP Non-CHP,66103,Hartree Partners LP,58079,Newark Energy Center,GT-1,Natural Gas Fired Combined Cycle,NG,Natural Gas,CT,PJM,"PJM Interconnection, LLC",OP,Operating,CCST
2026-03,PA,Pennsylvania,ipp-chp,IPP CHP,6693,Marcus Hook Energy LP,55801,Marcus Hook Energy LP,STG,Natural Gas Fired Combined Cycle,NG,Natural Gas,CA,PJM,"PJM Interconnection, LLC",OP,Operating,CCG1
2026-03,NJ,New Jersey,ipp-non-chp,IPP Non-CHP,60789,"Essential Power Operating Company, LLC",55938,NAEA Ocean Peaking Power LLC,OPP3,Natural Gas Fired Combustion Turbine,NG,Natural Gas,GT,PJM,"PJM Interconnection, LLC",OP,Operating,
2026-03,NJ,New Jersey,ipp-non-chp,IPP Non-CHP,60789,"Essential Power Operating Company, LLC",55938,NAEA Ocean Peaking Power LLC,OPP4,Natural Gas Fired Combustion Turbine,NG,Natural Gas,GT,PJM,"PJM Interconnection, LLC",OP,Operating,
2026-03,NY,New York,ipp-non-chp,IPP Non-CHP,49837,Pinelawn Power LLC,56188,Pinelawn Power LLC,CTG,Natural Gas Fired Combined Cycle,NG,Natural Gas,CT,NYIS,New York Independent System Operator,OP,Operating,CC1
2026-03,NY,New York,ipp-non-chp,IPP Non-CHP,49837,Pinelawn Power LLC,56188,Pinelawn Power LLC,STG,Natural Gas Fired Combined Cycle,NG,Natural Gas,CA,NYIS,New York Independent System Operator,OP,Operating,CC1
2026-03,NY,New York,electric-utility,Electric Utility,15296,New York Power Authority,56196,Zeltmann,CA01,Natural Gas Fired Combined Cycle,NG,Natural Gas,CA,NYIS,New York Independent System Operator,OP,Operating,CC1
2026-03,NY,New York,electric-utility,Electric Utility,15296,New York Power Authority,56196,Zeltmann,CT01,Natural Gas Fired Combined Cycle,NG,Natural Gas,CT,NYIS,New York Independent System Operator,OP,Operating,CC1
2026-03,NY,New York,electric-utility,Electric Utility,15296,New York Power Authority,56196,Zeltmann,CT02,Natural Gas Fired Combined Cycle,NG,Natural Gas,CT,NYIS,New York Independent System Operator,OP,Operating,CC1
2026-03,NJ,New Jersey,ipp-non-chp,IPP Non-CHP,66103,Hartree Partners LP,58079,Newark Energy Center,GT-2,Natural Gas Fired Combined Cycle,NG,Natural Gas,CT,PJM,"PJM Interconnection, LLC",OP,Operating,CCST
2026-03,PA,Pennsylvania,ipp-non-chp,IPP Non-CHP,60659,"Hickory Run Energy, LLC",61028,Hickory Run Energy Station,CTG1,Natural Gas Fired Combined Cycle,NG,Natural Gas,CT,PJM,"PJM Interconnection, LLC",OP,Operating,HRES
2026-03,NJ,New Jersey,ipp-non-chp,IPP Non-CHP,66103,Hartree Partners LP,58079,Newark Energy Center,STG-1,Natural Gas Fired Combined Cycle,NG,Natural Gas,CA,PJM,"PJM Interconnection, LLC",OP,Operating,CCST
2026-03,PA,Pennsylvania,ipp-non-chp,IPP Non-CHP,59675,Moxie Freedom LLC,59906,Moxie Freedom Generation Plant,GEN1,Natural Gas Fired Combined Cycle,NG,Natural Gas,CS,PJM,"PJM Interconnection, LLC",OP,Operating,
2026-03,PA,Pennsylvania,ipp-non-chp,IPP Non-CHP,59675,Moxie Freedom LLC,59906,Moxie Freedom Generation Plant,GEN2,Natural Gas Fired Combined Cycle,NG,Natural Gas,CS,PJM,"PJM Interconnection, LLC",OP,Operating,
2026-03,MA,Massachusetts,electric-utility,Electric Utility,11806,Massachusetts Mun Wholes Electric Co,63559,MMWEC Simple Cycle Gas Turbine,GT1,Natural Gas Fired Combustion Turbine,NG,Natural Gas,GT,ISNE,ISO New England Inc.,OP,Operating,
2026-03,CT,Connecticut,ipp-non-chp,IPP Non-CHP,65448,"Generation Bridge II Connecticut, LLC",568,Bridgeport Station,502,Natural Gas Fired Combined Cycle,NG,Natural Gas,CA,ISNE,ISO New England Inc.,OP,Operating,CC1
2026-03,PA,Pennsylvania,ipp-non-chp,IPP Non-CHP,62064,"Hill Top Energy Center, LLC",62565,"Hill Top Energy Center, LLC",GEN1,Natural Gas Fired Combined Cycle,NG,Natural Gas,CS,PJM,"PJM Interconnection, LLC",OP,Operating,
2026-03,PA,Pennsylvania,ipp-non-chp,IPP Non-CHP,60659,"Hickory Run Energy, LLC",61028,Hickory Run Energy Station,STG1,Natural Gas Fired Combined Cycle,NG,Natural Gas,CA,PJM,"PJM Interconnection, LLC",OP,Operating,HRES
2026-03,PA,Pennsylvania,ipp-non-chp,IPP Non-CHP,60659,"Hickory Run Energy, LLC",61028,Hickory Run Energy Station,CTG2,Natural Gas Fired Combined Cycle,NG,Natural Gas,CT,PJM,"PJM Interconnection, LLC",OP,Operating,HRES
2026-03,MA,Massachusetts,ipp-non-chp,IPP Non-CHP,11741,Masspower,10726,Masspower,GEN3,Natural Gas Fired Combined Cycle,NG,Natural Gas,CA,ISNE,ISO New England Inc.,OP,Operating,G321
2026-03,MA,Massachusetts,ipp-non-chp,IPP Non-CHP,11741,Masspower,10726,Masspower,GEN2,Natural Gas Fired Combined Cycle,NG,Natural Gas,CT,ISNE,ISO New England Inc.,OP,Operating,G321
2026-03,MA,Massachusetts,ipp-non-chp,IPP Non-CHP,11741,Masspower,10726,Masspower,GEN1,Natural Gas Fired Combined Cycle,NG,Natural Gas,CT,ISNE,ISO New England Inc.,OP,Operating,G321
2026-03,NY,New York,electric-utility,Electric Utility,56505,National Grid Generation LLC,2516,Northport,ST1,Natural Gas Steam Turbine,NG,Natural Gas,ST,NYIS,New York Independent System Operator,OP,Operating,
2026-03,NY,New York,ipp-non-chp,IPP Non-CHP,54863,U S Power Generating Company LLC,2499,Narrows Gas Turbines Generating,NT11,Natural Gas Fired Combustion Turbine,NG,Natural Gas,GT,NYIS,New York Independent System Operator,OP,Operating,
2026-03,NY,New York,ipp-non-chp,IPP Non-CHP,54863,U S Power Generating Company LLC,2499,Narrows Gas Turbines Generating,NT12,Natural Gas Fired Combustion Turbine,NG,Natural Gas,GT,NYIS,New York Independent System Operator,OP,Operating,
2026-03,NY,New York,ipp-non-chp,IPP Non-CHP,54863,U S Power Generating Company LLC,2499,Narrows Gas Turbines Generating,NT13,Natural Gas Fired Combustion Turbine,NG,Natural Gas,GT,NYIS,New York Independent System Operator,OP,Operating,
2026-03,NY,New York,ipp-non-chp,IPP Non-CHP,54863,U S Power Generating Company LLC,2499,Narrows Gas Turbines Generating,NT14,Natural Gas Fired Combustion Turbine,NG,Natural Gas,GT,NYIS,New York Independent System Operator,OP,Operating,
2026-03,NY,New York,ipp-non-chp,IPP Non-CHP,54863,U S Power Generating Company LLC,2499,Narrows Gas Turbines Generating,NT15,Natural Gas Fired Combustion Turbine,NG,Natural Gas,GT,NYIS,New York Independent System Operator,OP,Operating,
2026-03,NY,New York,ipp-non-chp,IPP Non-CHP,54863,U S Power Generating Company LLC,2499,Narrows Gas Turbines Generating,NT16,Natural Gas Fired Combustion Turbine,NG,Natural Gas,GT,NYIS,New York Independent System Operator,OP,Operating,
2026-03,NY,New York,ipp-non-chp,IPP Non-CHP,54863,U S Power Generating Company LLC,2499,Narrows Gas Turbines Generating,NT17,Natural Gas Fired Combustion Turbine,NG,Natural Gas,GT,NYIS,New York Independent System Operator,OP,Operating,
2026-03,NY,New York,ipp-non-chp,IPP Non-CHP,54863,U S Power Generating Company LLC,2499,Narrows Gas Turbines Generating,NT18,Natural Gas Fired Combustion Turbine,NG,Natural Gas,GT,NYIS,New York Independent System Operator,OP,Operating,
2026-03,NY,New York,ipp-non-chp,IPP Non-CHP,54863,U S Power Generating Company LLC,2499,Narrows Gas Turbines Generating,NT21,Natural Gas Fired Combustion Turbine,NG,Natural Gas,GT,NYIS,New York Independent System Operator,OS,Out of service and NOT expected to return to service in next calendar year,
2026-03,NY,New York,ipp-non-chp,IPP Non-CHP,54863,U S Power Generating Company LLC,2499,Narrows Gas Turbines Generating,NT22,Natural Gas Fired Combustion Turbine,NG,Natural Gas,GT,NYIS,New York Independent System Operator,OP,Operating,
2026-03,NY,New York,ipp-non-chp,IPP Non-CHP,54863,U S Power Generating Company LLC,2499,Narrows Gas Turbines Generating,NT23,Natural Gas Fired Combustion Turbine,NG,Natural Gas,GT,NYIS,New York Independent System Operator,OP,Operating,
2026-03,NY,New York,ipp-non-chp,IPP Non-CHP,54863,U S Power Generating Company LLC,2499,Narrows Gas Turbines Generating,NT24,Natural Gas Fired Combustion Turbine,NG,Natural Gas,GT,NYIS,New York Independent System Operator,OP,Operating,
2026-03,NY,New York,ipp-non-chp,IPP Non-CHP,54863,U S Power Generating Company LLC,2499,Narrows Gas Turbines Generating,NT25,Natural Gas Fired Combustion Turbine,NG,Natural Gas,GT,NYIS,New York Independent System Operator,OP,Operating,
2026-03,NY,New York,ipp-non-chp,IPP Non-CHP,54863,U S Power Generating Company LLC,2499,Narrows Gas Turbines Generating,NT26,Natural Gas Fired Combustion Turbine,NG,Natural Gas,GT,NYIS,New York Independent System Operator,OP,Operating,
2026-03,NY,New York,ipp-non-chp,IPP Non-CHP,54863,U S Power Generating Company LLC,2499,Narrows Gas Turbines Generating,NT27,Natural Gas Fired Combustion Turbine,NG,Natural Gas,GT,NYIS,New York Independent System Operator,OS,Out of service and NOT expected to return to service in next calendar year,
2026-03,NY,New York,ipp-non-chp,IPP Non-CHP,54863,U S Power Generating Company LLC,2499,Narrows Gas Turbines Generating,NT28,Natural Gas Fired Combustion Turbine,NG,Natural Gas,GT,NYIS,New York Independent System Operator,OP,Operating,
2026-03,NY,New York,electric-utility,Electric Utility,56505,National Grid Generation LLC,2516,Northport,2,Natural Gas Steam Turbine,NG,Natural Gas,ST,NYIS,New York Independent System Operator,OP,Operating,
2026-03,NY,New York,electric-utility,Electric Utility,56505,National Grid Generation LLC,2516,Northport,3,Natural Gas Steam Turbine,NG,Natural Gas,ST,NYIS,New York Independent System Operator,OP,Operating,
2026-03,NY,New York,electric-utility,Electric Utility,56505,National Grid Generation LLC,2516,Northport,4,Natural Gas Steam Turbine,NG,Natural Gas,ST,NYIS,New York Independent System Operator,OP,Operating,
2026-03,NH,New Hampshire,ipp-non-chp,IPP Non-CHP,62032,Granite Shore Power,2364,Merrimack,GT2,Petroleum Liquids,JF,Jet Fuel,GT,ISNE,ISO New England Inc.,OP,Operating,
2026-03,NH,New Hampshire,ipp-non-chp,IPP Non-CHP,62032,Granite Shore Power,2364,Merrimack,GT1,Petroleum Liquids,JF,Jet Fuel,GT,ISNE,ISO New England Inc.,OP,Operating,
2026-03,NH,New Hampshire,ipp-non-chp,IPP Non-CHP,62032,Granite Shore Power,2364,Merrimack,2,Conventional Steam Coal,BIT,Bituminous Coal,ST,ISNE,ISO New England Inc.,OS,Out of service and NOT expected to return to service in next calendar year,
2026-03,MD,Maryland,ipp-non-chp,IPP Non-CHP,4161,"Constellation Power Source Generation, LLC",1556,Perryman,GT4,Petroleum Liquids,DFO,Disillate Fuel Oil,GT,PJM,"PJM Interconnection, LLC",OP,Operating,
2026-03,CT,Connecticut,ipp-non-chp,IPP Non-CHP,22380,Montville Power LLC,546,Montville Station,5,Natural Gas Steam Turbine,NG,Natural Gas,ST,ISNE,ISO New England Inc.,OP,Operating,
2026-03,CT,Connecticut,ipp-non-chp,IPP Non-CHP,22380,Montville Power LLC,546,Montville Station,6,Petroleum Liquids,RFO,Residual Fuel Oil,ST,ISNE,ISO New England Inc.,OP,Operating,
2026-03,CT,Connecticut,ipp-non-chp,IPP Non-CHP,12490,Middletown Power LLC,562,Middletown,10,Petroleum Liquids,DFO,Disillate Fuel Oil,GT,ISNE,ISO New England Inc.,OS,Out of service and NOT expected to return to service in next calendar year,
2026-03,CT,Connecticut,ipp-non-chp,IPP Non-CHP,12490,Middletown Power LLC,562,Middletown,2,Natural Gas Steam Turbine,NG,Natural Gas,ST,ISNE,ISO New England Inc.,OS,Out of service and NOT expected to return to service in next calendar year,
2026-03,CT,Connecticut,ipp-non-chp,IPP Non-CHP,12490,Middletown Power LLC,562,Middletown,3,Natural Gas Steam Turbine,NG,Natural Gas,ST,ISNE,ISO New England Inc.,OS,Out of service and NOT expected to return to service in next calendar year,
2026-03,CT,Connecticut,ipp-non-chp,IPP Non-CHP,12490,Middletown Power LLC,562,Middletown,4,Petroleum Liquids,RFO,Residual Fuel Oil,ST,ISNE,ISO New England Inc.,OS,Out of service and NOT expected to return to service in next calendar year,
2026-03,MD,Maryland,ipp-non-chp,IPP Non-CHP,4161,"Constellation Power Source Generation, LLC",1556,Perryman,GT1,Petroleum Liquids,DFO,Disillate Fuel Oil,GT,PJM,"PJM Interconnection, LLC",OP,Operating,
2026-03,MD,Maryland,ipp-non-chp,IPP Non-CHP,4161,"Constellation Power Source Generation, LLC",1556,Perryman,GT3,Petroleum Liquids,DFO,Disillate Fuel Oil,GT,PJM,"PJM Interconnection, LLC",OP,Operating,
2026-03,MD,Maryland,ipp-non-chp,IPP Non-CHP,4161,"Constellation Power Source Generation, LLC",1556,Perryman,GT5,Natural Gas Fired Combustion Turbine,NG,Natural Gas,GT,PJM,"PJM Interconnection, LLC",OP,Operating,
2026-03,NH,New Hampshire,ipp-non-chp,IPP Non-CHP,62032,Granite Shore Power,2364,Merrimack,1,Conventional Steam Coal,BIT,Bituminous Coal,ST,ISNE,ISO New England Inc.,OP,Operating,
2026-03,MD,Maryland,ipp-non-chp,IPP Non-CHP,4161,"Constellation Power Source Generation, LLC",1556,Perryman,GT6,Natural Gas Fired Combustion Turbine,NG,Natural Gas,GT,PJM,"PJM Interconnection, LLC",OP,Operating,
2026-03,MD,Maryland,ipp-non-chp,IPP Non-CHP,12653,"Lanyard Power Holdings, LLC",1573,Morgantown Generating Plant,3,Petroleum Liquids,DFO,Disillate Fuel Oil,GT,PJM,"PJM Interconnection, LLC",OP,Operating,
2026-03,MD,Maryland,ipp-non-chp,IPP Non-CHP,12653,"Lanyard Power Holdings, LLC",1573,Morgantown Generating Plant,4,Petroleum Liquids,DFO,Disillate Fuel Oil,GT,PJM,"PJM Interconnection, LLC",OP,Operating,
2026-03,MD,Maryland,ipp-non-chp,IPP Non-CHP,12653,"Lanyard Power Holdings, LLC",1573,Morgantown Generating Plant,5,Petroleum Liquids,DFO,Disillate Fuel Oil,GT,PJM,"PJM Interconnection, LLC",OP,Operating,
2026-03,MD,Maryland,ipp-non-chp,IPP Non-CHP,12653,"Lanyard Power Holdings, LLC",1573,Morgantown Generating Plant,6,Petroleum Liquids,DFO,Disillate Fuel Oil,GT,PJM,"PJM Interconnection, LLC",OP,Operating,
2026-03,MA,Massachusetts,ipp-non-chp,IPP Non-CHP,6035,"Constellation Power, Inc",1592,Exelon Medway LLC,GT1,Petroleum Liquids,DFO,Disillate Fuel Oil,GT,ISNE,ISO New England Inc.,OP,Operating,
2026-03,MA,Massachusetts,ipp-non-chp,IPP Non-CHP,6035,"Constellation Power, Inc",1592,Exelon Medway LLC,GT2,Petroleum Liquids,DFO,Disillate Fuel Oil,GT,ISNE,ISO New England Inc.,OP,Operating,
2026-03,MA,Massachusetts,ipp-non-chp,IPP Non-CHP,6035,"Constellation Power, Inc",1592,Exelon Medway LLC,GT3,Petroleum Liquids,DFO,Disillate Fuel Oil,GT,ISNE,ISO New England Inc.,OP,Operating,
2026-03,NY,New York,electric-utility,Electric Utility,56505,National Grid Generation LLC,2516,Northport,GT1,Petroleum Liquids,DFO,Disillate Fuel Oil,GT,NYIS,New York Independent System Operator,OP,Operating,
2026-03,NY,New York,electric-utility,Electric Utility,56505,National Grid Generation LLC,2517,Port Jefferson,3,Natural Gas Steam Turbine,NG,Natural Gas,ST,NYIS,New York Independent System Operator,OP,Operating,
2026-03,PA,Pennsylvania,ipp-chp,IPP CHP,49889,Mount Carmel Cogen Inc,10343,Foster Wheeler Mt Carmel Cogen,TG1,Conventional Steam Coal,WC,Waste Coal,ST,PJM,"PJM Interconnection, LLC",OP,Operating,
2026-03,NY,New York,electric-utility,Electric Utility,56505,National Grid Generation LLC,2517,Port Jefferson,4,Natural Gas Steam Turbine,NG,Natural Gas,ST,NYIS,New York Independent System Operator,OP,Operating,
2026-03,RI,Rhode Island,ipp-non-chp,IPP Non-CHP,63350,"Manchester Street, LLC.",3236,Manchester Street,GE11,Natural Gas Fired Combined Cycle,NG,Natural Gas,CA,ISNE,ISO New England Inc.,OP,Operating,0322
2026-03,RI,Rhode Island,ipp-non-chp,IPP Non-CHP,63350,"Manchester Street, LLC.",3236,Manchester Street,GE9A,Natural Gas Fired Combined Cycle,NG,Natural Gas,CT,ISNE,ISO New England Inc.,OP,Operating,0323
2026-03,RI,Rhode Island,ipp-non-chp,IPP Non-CHP,63350,"Manchester Street, LLC.",3236,Manchester Street,GEN9,Natural Gas Fired Combined Cycle,NG,Natural Gas,CA,ISNE,ISO New England Inc.,OP,Operating,0323
2026-03,VT,Vermont,electric-utility,Electric Utility,2548,City of Burlington Electric - (VT),3754,Burlington GT,GT1,Petroleum Liquids,DFO,Disillate Fuel Oil,GT,ISNE,ISO New England Inc.,OP,Operating,
2026-03,CT,Connecticut,ipp-non-chp,IPP Non-CHP,65448,"Generation Bridge II Connecticut, LLC",6156,New Haven Steam,1,Petroleum Liquids,RFO,Residual Fuel Oil,ST,ISNE,ISO New England Inc.,OP,Operating,
2026-03,CT,Connecticut,ipp-non-chp,IPP Non-CHP,65448,"Generation Bridge II Connecticut, LLC",6156,New Haven Steam,2,Petroleum Liquids,KER,Kerosene,GT,ISNE,ISO New England Inc.,OP,Operating,
2026-03,CT,Connecticut,ipp-non-chp,IPP Non-CHP,65448,"Generation Bridge II Connecticut, LLC",6156,New Haven Steam,3,Petroleum Liquids,KER,Kerosene,GT,ISNE,ISO New England Inc.,OP,Operating,
2026-03,CT,Connecticut,ipp-non-chp,IPP Non-CHP,65448,"Generation Bridge II Connecticut, LLC",6156,New Haven Steam,4,Petroleum Liquids,KER,Kerosene,GT,ISNE,ISO New England Inc.,OP,Operating,
2026-03,VA,Virginia,electric-utility,Electric Utility,40229,Old Dominion Electric Coop,7836,Marsh Run Generation Facility,1,Natural Gas Fired Combustion Turbine,NG,Natural Gas,GT,PJM,"PJM Interconnection, LLC",OP,Operating,
2026-03,VA,Virginia,electric-utility,Electric Utility,40229,Old Dominion Electric Coop,7836,Marsh Run Generation Facility,2,Natural Gas Fired Combustion Turbine,NG,Natural Gas,GT,PJM,"PJM Interconnection, LLC",OP,Operating,
2026-03,VA,Virginia,electric-utility,Electric Utility,40229,Old Dominion Electric Coop,7836,Marsh Run Generation Facility,3,Natural Gas Fired Combustion Turbine,NG,Natural Gas,GT,PJM,"PJM Interconnection, LLC",OP,Operating,
2026-03,VA,Virginia,electric-utility,Electric Utility,40229,Old Dominion Electric Coop,7837,Louisa Generation Facility,1,Natural Gas Fired Combustion Turbine,NG,Natural Gas,GT,PJM,"PJM Interconnection, LLC",OP,Operating,
2026-03,VA,Virginia,electric-utility,Electric Utility,40229,Old Dominion Electric Coop,7837,Louisa Generation Facility,2,Natural Gas Fired Combustion Turbine,NG,Natural Gas,GT,PJM,"PJM Interconnection, LLC",OP,Operating,
2026-03,VA,Virginia,electric-utility,Electric Utility,40229,Old Dominion Electric Coop,7837,Louisa Generation Facility,3,Natural Gas Fired Combustion Turbine,NG,Natural Gas,GT,PJM,"PJM Interconnection, LLC",OP,Operating,
2026-03,VA,Virginia,electric-utility,Electric Utility,40229,Old Dominion Electric Coop,7837,Louisa Generation Facility,4,Natural Gas Fired Combustion Turbine,NG,Natural Gas,GT,PJM,"PJM Interconnection, LLC",OP,Operating,
2026-03,VA,Virginia,electric-utility,Electric Utility,40229,Old Dominion Electric Coop,7837,Louisa Generation Facility,5,Natural Gas Fired Combustion Turbine,NG,Natural Gas,GT,PJM,"PJM Interconnection, LLC",OP,Operating,
2026-03,NY,New York,electric-utility,Electric Utility,15296,New York Power Authority,7915,North 1st,N01,Natural Gas Fired Combustion Turbine,NG,Natural Gas,GT,NYIS,New York Independent System Operator,OP,Operating,
2026-03,NH,New Hampshire,ipp-non-chp,IPP Non-CHP,62032,Granite Shore Power,8002,Newington,1,Petroleum Liquids,RFO,Residual Fuel Oil,ST,ISNE,ISO New England Inc.,OP,Operating,
2026-03,MA,Massachusetts,ipp-non-chp,IPP Non-CHP,11724,Massachusetts Bay Trans Auth,10176,M Street Jet,NO.6,Petroleum Liquids,KER,Kerosene,GT,ISNE,ISO New England Inc.,OP,Operating,
2026-03,RI,Rhode Island,ipp-non-chp,IPP Non-CHP,63350,"Manchester Street, LLC.",3236,Manchester Street,GE10,Natural Gas Fired Combined Cycle,NG,Natural Gas,CA,ISNE,ISO New England Inc.,OP,Operating,0321
2026-03,RI,Rhode Island,ipp-non-chp,IPP Non-CHP,63350,"Manchester Street, LLC.",3236,Manchester Street,G11A,Natural Gas Fired Combined Cycle,NG,Natural Gas,CT,ISNE,ISO New England Inc.,OP,Operating,0322
2026-03,RI,Rhode Island,ipp-non-chp,IPP Non-CHP,63350,"Manchester Street, LLC.",3236,Manchester Street,G10A,Natural Gas Fired Combined Cycle,NG,Natural Gas,CT,ISNE,ISO New England Inc.,OP,Operating,0321
2026-03,PA,Pennsylvania,ipp-non-chp,IPP Non-CHP,63039,"Portland Power, LLC",3113,Portland (PA),4,Petroleum Liquids,DFO,Disillate Fuel Oil,GT,PJM,"PJM Interconnection, LLC",OP,Operating,
2026-03,NY,New York,electric-utility,Electric Utility,56505,National Grid Generation LLC,2517,Port Jefferson,GT1,Petroleum Liquids,DFO,Disillate Fuel Oil,GT,NYIS,New York Independent System Operator,OP,Operating,
2026-03,NY,New York,electric-utility,Electric Utility,56505,National Grid Generation LLC,2517,Port Jefferson,GT2,Natural Gas Fired Combustion Turbine,NG,Natural Gas,GT,NYIS,New York Independent System Operator,OP,Operating,
2026-03,NY,New York,electric-utility,Electric Utility,56505,National Grid Generation LLC,2517,Port Jefferson,GT3,Natural Gas Fired Combustion Turbine,NG,Natural Gas,GT,NYIS,New York Independent System Operator,OP,Operating,
2026-03,NY,New York,ipp-non-chp,IPP Non-CHP,64701,Oswego Harbor Power,2594,Oswego Harbor Power,ST5,Petroleum Liquids,RFO,Residual Fuel Oil,ST,NYIS,New York Independent System Operator,OP,Operating,
2026-03,NY,New York,ipp-non-chp,IPP Non-CHP,64701,Oswego Harbor Power,2594,Oswego Harbor Power,ST6,Petroleum Liquids,RFO,Residual Fuel Oil,ST,NYIS,New York Independent System Operator,OP,Operating,
2026-03,PA,Pennsylvania,ipp-non-chp,IPP Non-CHP,63037,"Mountain Power, LLC",3111,Mountain,1,Petroleum Liquids,DFO,Disillate Fuel Oil,GT,PJM,"PJM Interconnection, LLC",OP,Operating,
2026-03,PA,Pennsylvania,ipp-non-chp,IPP Non-CHP,63037,"Mountain Power, LLC",3111,Mountain,2,Petroleum Liquids,DFO,Disillate Fuel Oil,GT,PJM,"PJM Interconnection, LLC",OP,Operating,
2026-03,PA,Pennsylvania,ipp-non-chp,IPP Non-CHP,63039,"Portland Power, LLC",3113,Portland (PA),3,Petroleum Liquids,DFO,Disillate Fuel Oil,GT,PJM,"PJM Interconnection, LLC",OP,Operating,
2026-03,PA,Pennsylvania,ipp-non-chp,IPP Non-CHP,63039,"Portland Power, LLC",3113,Portland (PA),5,Petroleum Liquids,DFO,Disillate Fuel Oil,GT,PJM,"PJM Interconnection, LLC",OP,Operating,
2026-03,PA,Pennsylvania,ipp-non-chp,IPP Non-CHP,15534,TalenEnergy Montour LLC,3149,TalenEnergy Montour,2,Natural Gas Steam Turbine,NG,Natural Gas,ST,PJM,"PJM Interconnection, LLC",OP,Operating,
2026-03,PA,Pennsylvania,ipp-non-chp,IPP Non-CHP,63031,"New Castle Power, LLC",3138,New Castle Plant,3,Natural Gas Steam Turbine,NG,Natural Gas,ST,PJM,"PJM Interconnection, LLC",OP,Operating,
2026-03,PA,Pennsylvania,ipp-non-chp,IPP Non-CHP,63031,"New Castle Power, LLC",3138,New Castle Plant,4,Natural Gas Steam Turbine,NG,Natural Gas,ST,PJM,"PJM Interconnection, LLC",OP,Operating,
2026-03,PA,Pennsylvania,ipp-non-chp,IPP Non-CHP,63031,"New Castle Power, LLC",3138,New Castle Plant,5,Natural Gas Steam Turbine,NG,Natural Gas,ST,PJM,"PJM Interconnection, LLC",OP,Operating,
2026-03,PA,Pennsylvania,ipp-non-chp,IPP Non-CHP,63031,"New Castle Power, LLC",3138,New Castle Plant,EMDA,Petroleum Liquids,DFO,Disillate Fuel Oil,IC,PJM,"PJM Interconnection, LLC",OP,Operating,
2026-03,PA,Pennsylvania,ipp-non-chp,IPP Non-CHP,63031,"New Castle Power, LLC",3138,New Castle Plant,EMDB,Petroleum Liquids,DFO,Disillate Fuel Oil,IC,PJM,"PJM Interconnection, LLC",OS,Out of service and NOT expected to return to service in next calendar year,
2026-03,PA,Pennsylvania,ipp-non-chp,IPP Non-CHP,15276,TalenEnergy Martins Creek LLC,3148,TalenEnergy Martins Creek,3,Natural Gas Steam Turbine,NG,Natural Gas,ST,PJM,"PJM Interconnection, LLC",OP,Operating,
2026-03,PA,Pennsylvania,ipp-non-chp,IPP Non-CHP,15276,TalenEnergy Martins Creek LLC,3148,TalenEnergy Martins Creek,4,Natural Gas Steam Turbine,NG,Natural Gas,ST,PJM,"PJM Interconnection, LLC",OP,Operating,
2026-03,PA,Pennsylvania,ipp-non-chp,IPP Non-CHP,15534,TalenEnergy Montour LLC,3149,TalenEnergy Montour,1,Conventional Steam Coal,BIT,Bituminous Coal,ST,PJM,"PJM Interconnection, LLC",OP,Operating,
2026-03,PA,Pennsylvania,ipp-non-chp,IPP Non-CHP,61913,"Hunterstown Generation, LLC",55976,Hunterstown Power Plant,401,Natural Gas Fired Combined Cycle,NG,Natural Gas,CA,PJM,"PJM Interconnection, LLC",OP,Operating,CT1
2026-03,PA,Pennsylvania,ipp-non-chp,IPP Non-CHP,61913,"Hunterstown Generation, LLC",55976,Hunterstown Power Plant,301,Natural Gas Fired Combined Cycle,NG,Natural Gas,CT,PJM,"PJM Interconnection, LLC",OP,Operating,CT1
2026-03,PA,Pennsylvania,ipp-non-chp,IPP Non-CHP,61913,"Hunterstown Generation, LLC",55976,Hunterstown Power Plant,201,Natural Gas Fired Combined Cycle,NG,Natural Gas,CT,PJM,"PJM Interconnection, LLC",OP,Operating,CT1
2026-03,NY,New York,ipp-non-chp,IPP Non-CHP,54863,U S Power Generating Company LLC,2494,Gowanus Gas Turbines Generating,GT26,Natural Gas Fired Combustion Turbine,NG,Natural Gas,GT,NYIS,New York Independent System Operator,OP,Operating,
2026-03,NY,New York,ipp-non-chp,IPP Non-CHP,56142,"Alliance NYGT, LLC",2628,Hillburn,GEN1,Natural Gas Fired Combustion Turbine,NG,Natural Gas,GT,NYIS,New York Independent System Operator,OP,Operating,
2026-03,NY,New York,ipp-non-chp,IPP Non-CHP,25,Greenidge Generation Holdings LLC,2527,Greenidge Generation LLC,4,Natural Gas Steam Turbine,NG,Natural Gas,ST,NYIS,New York Independent System Operator,OP,Operating,
2026-03,NY,New York,ipp-non-chp,IPP Non-CHP,54863,U S Power Generating Company LLC,2494,Gowanus Gas Turbines Generating,GT48,Petroleum Liquids,DFO,Disillate Fuel Oil,GT,NYIS,New York Independent System Operator,OS,Out of service and NOT expected to return to service in next calendar year,
2026-03,NY,New York,ipp-non-chp,IPP Non-CHP,54863,U S Power Generating Company LLC,2494,Gowanus Gas Turbines Generating,GT47,Petroleum Liquids,DFO,Disillate Fuel Oil,GT,NYIS,New York Independent System Operator,OS,Out of service and NOT expected to return to service in next calendar year,
2026-03,NY,New York,ipp-non-chp,IPP Non-CHP,54863,U S Power Generating Company LLC,2494,Gowanus Gas Turbines Generating,GT46,Petroleum Liquids,DFO,Disillate Fuel Oil,GT,NYIS,New York Independent System Operator,OS,Out of service and NOT expected to return to service in next calendar year,
2026-03,NY,New York,ipp-non-chp,IPP Non-CHP,54863,U S Power Generating Company LLC,2494,Gowanus Gas Turbines Generating,GT45,Petroleum Liquids,DFO,Disillate Fuel Oil,GT,NYIS,New York Independent System Operator,OS,Out of service and NOT expected to return to service in next calendar year,
2026-03,NY,New York,ipp-non-chp,IPP Non-CHP,54863,U S Power Generating Company LLC,2494,Gowanus Gas Turbines Generating,GT44,Petroleum Liquids,DFO,Disillate Fuel Oil,GT,NYIS,New York Independent System Operator,OS,Out of service and NOT expected to return to service in next calendar year,
2026-03,NY,New York,ipp-non-chp,IPP Non-CHP,54863,U S Power Generating Company LLC,2494,Gowanus Gas Turbines Generating,GT43,Petroleum Liquids,DFO,Disillate Fuel Oil,GT,NYIS,New York Independent System Operator,OS,Out of service and NOT expected to return to service in next calendar year,
2026-03,NY,New York,ipp-non-chp,IPP Non-CHP,54863,U S Power Generating Company LLC,2494,Gowanus Gas Turbines Generating,GT42,Petroleum Liquids,DFO,Disillate Fuel Oil,GT,NYIS,New York Independent System Operator,OS,Out of service and NOT expected to return to service in next calendar year,
2026-03,NY,New York,ipp-non-chp,IPP Non-CHP,54863,U S Power Generating Company LLC,2494,Gowanus Gas Turbines Generating,GT41,Petroleum Liquids,DFO,Disillate Fuel Oil,GT,NYIS,New York Independent System Operator,OS,Out of service and NOT expected to return to service in next calendar year,
2026-03,NY,New York,ipp-non-chp,IPP Non-CHP,54863,U S Power Generating Company LLC,2494,Gowanus Gas Turbines Generating,GT38,Natural Gas Fired Combustion Turbine,NG,Natural Gas,GT,NYIS,New York Independent System Operator,OP,Operating,
2026-03,NY,New York,ipp-non-chp,IPP Non-CHP,54863,U S Power Generating Company LLC,2494,Gowanus Gas Turbines Generating,GT37,Natural Gas Fired Combustion Turbine,NG,Natural Gas,GT,NYIS,New York Independent System Operator,OP,Operating,
2026-03,NY,New York,ipp-non-chp,IPP Non-CHP,54863,U S Power Generating Company LLC,2494,Gowanus Gas Turbines Generating,GT36,Natural Gas Fired Combustion Turbine,NG,Natural Gas,GT,NYIS,New York Independent System Operator,OS,Out of service and NOT expected to return to service in next calendar year,
2026-03,NY,New York,ipp-non-chp,IPP Non-CHP,54863,U S Power Generating Company LLC,2494,Gowanus Gas Turbines Generating,GT35,Natural Gas Fired Combustion Turbine,NG,Natural Gas,GT,NYIS,New York Independent System Operator,OP,Operating,
2026-03,NY,New York,ipp-non-chp,IPP Non-CHP,54863,U S Power Generating Company LLC,2494,Gowanus Gas Turbines Generating,GT34,Natural Gas Fired Combustion Turbine,NG,Natural Gas,GT,NYIS,New York Independent System Operator,OP,Operating,
2026-03,NY,New York,ipp-non-chp,IPP Non-CHP,54863,U S Power Generating Company LLC,2494,Gowanus Gas Turbines Generating,GT33,Natural Gas Fired Combustion Turbine,NG,Natural Gas,GT,NYIS,New York Independent System Operator,OP,Operating,
2026-03,NY,New York,ipp-non-chp,IPP Non-CHP,54863,U S Power Generating Company LLC,2494,Gowanus Gas Turbines Generating,GT32,Natural Gas Fired Combustion Turbine,NG,Natural Gas,GT,NYIS,New York Independent System Operator,OP,Operating,
2026-03,NY,New York,ipp-non-chp,IPP Non-CHP,54863,U S Power Generating Company LLC,2494,Gowanus Gas Turbines Generating,GT31,Natural Gas Fired Combustion Turbine,NG,Natural Gas,GT,NYIS,New York Independent System Operator,OP,Operating,
2026-03,NY,New York,ipp-non-chp,IPP Non-CHP,54863,U S Power Generating Company LLC,2494,Gowanus Gas Turbines Generating,GT28,Natural Gas Fired Combustion Turbine,NG,Natural Gas,GT,NYIS,New York Independent System Operator,OP,Operating,
2026-03,PA,Pennsylvania,ipp-non-chp,IPP Non-CHP,63047,KeyCon Operating LLC,3136,Keystone,1,Conventional Steam Coal,BIT,Bituminous Coal,ST,PJM,"PJM Interconnection, LLC",OP,Operating,
2026-03,PA,Pennsylvania,ipp-non-chp,IPP Non-CHP,63047,KeyCon Operating LLC,3136,Keystone,2,Conventional Steam Coal,BIT,Bituminous Coal,ST,PJM,"PJM Interconnection, LLC",OP,Operating,
2026-03,PA,Pennsylvania,ipp-non-chp,IPP Non-CHP,63047,KeyCon Operating LLC,3136,Keystone,3,Petroleum Liquids,DFO,Disillate Fuel Oil,IC,PJM,"PJM Interconnection, LLC",SB,Standby/Backup: available for service but not normally used,
2026-03,VA,Virginia,electric-utility,Electric Utility,19876,Virginia Electric & Power Co,7032,Gravel Neck,5,Natural Gas Fired Combustion Turbine,NG,Natural Gas,GT,PJM,"PJM Interconnection, LLC",OP,Operating,
2026-03,DE,Delaware,ipp-non-chp,IPP Non-CHP,56609,Calpine Mid-Atlantic Generation LLC,7153,Hay Road,HR7,Natural Gas Fired Combined Cycle,NG,Natural Gas,CT,PJM,"PJM Interconnection, LLC",OP,Operating,CC2
2026-03,DE,Delaware,ipp-non-chp,IPP Non-CHP,56609,Calpine Mid-Atlantic Generation LLC,7153,Hay Road,HR6,Natural Gas Fired Combined Cycle,NG,Natural Gas,CT,PJM,"PJM Interconnection, LLC",OP,Operating,CC2
2026-03,DE,Delaware,ipp-non-chp,IPP Non-CHP,56609,Calpine Mid-Atlantic Generation LLC,7153,Hay Road,HR5,Natural Gas Fired Combined Cycle,NG,Natural Gas,CT,PJM,"PJM Interconnection, LLC",OP,Operating,CC2
2026-03,DE,Delaware,ipp-non-chp,IPP Non-CHP,56609,Calpine Mid-Atlantic Generation LLC,7153,Hay Road,HR4,Natural Gas Fired Combined Cycle,NG,Natural Gas,CA,PJM,"PJM Interconnection, LLC",OP,Operating,CC1
2026-03,DE,Delaware,ipp-non-chp,IPP Non-CHP,56609,Calpine Mid-Atlantic Generation LLC,7153,Hay Road,HR3,Natural Gas Fired Combined Cycle,NG,Natural Gas,CT,PJM,"PJM Interconnection, LLC",OP,Operating,CC1
2026-03,DE,Delaware,ipp-non-chp,IPP Non-CHP,56609,Calpine Mid-Atlantic Generation LLC,7153,Hay Road,HR2,Natural Gas Fired Combined Cycle,NG,Natural Gas,CT,PJM,"PJM Interconnection, LLC",OP,Operating,CC1
2026-03,DE,Delaware,ipp-non-chp,IPP Non-CHP,56609,Calpine Mid-Atlantic Generation LLC,7153,Hay Road,HR1,Natural Gas Fired Combined Cycle,NG,Natural Gas,CT,PJM,"PJM Interconnection, LLC",OP,Operating,CC1
2026-03,VA,Virginia,electric-utility,Electric Utility,19876,Virginia Electric & Power Co,7032,Gravel Neck,6,Natural Gas Fired Combustion Turbine,NG,Natural Gas,GT,PJM,"PJM Interconnection, LLC",OP,Operating,
2026-03,VA,Virginia,electric-utility,Electric Utility,19876,Virginia Electric & Power Co,7032,Gravel Neck,4,Natural Gas Fired Combustion Turbine,NG,Natural Gas,GT,PJM,"PJM Interconnection, LLC",OP,Operating,
2026-03,PA,Pennsylvania,ipp-non-chp,IPP Non-CHP,63047,KeyCon Operating LLC,3136,Keystone,4,Petroleum Liquids,DFO,Disillate Fuel Oil,IC,PJM,"PJM Interconnection, LLC",SB,Standby/Backup: available for service but not normally used,
2026-03,VA,Virginia,electric-utility,Electric Utility,19876,Virginia Electric & Power Co,7032,Gravel Neck,3,Natural Gas Fired Combustion Turbine,NG,Natural Gas,GT,PJM,"PJM Interconnection, LLC",OP,Operating,
2026-03,VA,Virginia,electric-utility,Electric Utility,19876,Virginia Electric & Power Co,7032,Gravel Neck,2,Petroleum Liquids,DFO,Disillate Fuel Oil,GT,PJM,"PJM Interconnection, LLC",OP,Operating,
2026-03,VA,Virginia,electric-utility,Electric Utility,19876,Virginia Electric & Power Co,7032,Gravel Neck,1,Petroleum Liquids,DFO,Disillate Fuel Oil,GT,PJM,"PJM Interconnection, LLC",OP,Operating,
2026-03,PA,Pennsylvania,ipp-non-chp,IPP Non-CHP,61319,"Hunlock Energy, LLC",3176,Hunlock Power Station,6,Natural Gas Fired Combined Cycle,NG,Natural Gas,CT,PJM,"PJM Interconnection, LLC",OP,Operating,HUN1
2026-03,PA,Pennsylvania,ipp-non-chp,IPP Non-CHP,61319,"Hunlock Energy, LLC",3176,Hunlock Power Station,5,Natural Gas Fired Combined Cycle,NG,Natural Gas,CT,PJM,"PJM Interconnection, LLC",OP,Operating,HUN1
2026-03,PA,Pennsylvania,ipp-non-chp,IPP Non-CHP,61319,"Hunlock Energy, LLC",3176,Hunlock Power Station,3,Natural Gas Fired Combined Cycle,NG,Natural Gas,CA,PJM,"PJM Interconnection, LLC",OP,Operating,HUN1
2026-03,PA,Pennsylvania,ipp-non-chp,IPP Non-CHP,63047,KeyCon Operating LLC,3136,Keystone,6,Petroleum Liquids,DFO,Disillate Fuel Oil,IC,PJM,"PJM Interconnection, LLC",SB,Standby/Backup: available for service but not normally used,
2026-03,PA,Pennsylvania,ipp-non-chp,IPP Non-CHP,63047,KeyCon Operating LLC,3136,Keystone,5,Petroleum Liquids,DFO,Disillate Fuel Oil,IC,PJM,"PJM Interconnection, LLC",SB,Standby/Backup: available for service but not normally used,
2026-03,NY,New York,ipp-non-chp,IPP Non-CHP,54863,U S Power Generating Company LLC,2494,Gowanus Gas Turbines Generating,GT27,Natural Gas Fired Combustion Turbine,NG,Natural Gas,GT,NYIS,New York Independent System Operator,OP,Operating,
2026-03,NY,New York,ipp-non-chp,IPP Non-CHP,54863,U S Power Generating Company LLC,2494,Gowanus Gas Turbines Generating,GT25,Natural Gas Fired Combustion Turbine,NG,Natural Gas,GT,NYIS,New York Independent System Operator,OP,Operating,
2026-03,VA,Virginia,electric-utility,Electric Utility,19876,Virginia Electric & Power Co,7839,Ladysmith,1,Natural Gas Fired Combustion Turbine,NG,Natural Gas,GT,PJM,"PJM Interconnection, LLC",OP,Operating,
2026-03,NY,New York,ipp-non-chp,IPP Non-CHP,54863,U S Power Generating Company LLC,2494,Gowanus Gas Turbines Generating,GT24,Natural Gas Fired Combustion Turbine,NG,Natural Gas,GT,NYIS,New York Independent System Operator,OP,Operating,
2026-03,NJ,New Jersey,ipp-non-chp,IPP Non-CHP,65388,Kearny Generating Station,2404,Kearny Generating Station,N124,Natural Gas Fired Combustion Turbine,NG,Natural Gas,GT,PJM,"PJM Interconnection, LLC",OP,Operating,
2026-03,NJ,New Jersey,ipp-non-chp,IPP Non-CHP,65388,Kearny Generating Station,2404,Kearny Generating Station,N123,Natural Gas Fired Combustion Turbine,NG,Natural Gas,GT,PJM,"PJM Interconnection, LLC",OP,Operating,
2026-03,NJ,New Jersey,ipp-non-chp,IPP Non-CHP,65388,Kearny Generating Station,2404,Kearny Generating Station,N122,Natural Gas Fired Combustion Turbine,NG,Natural Gas,GT,PJM,"PJM Interconnection, LLC",OP,Operating,
2026-03,NJ,New Jersey,ipp-non-chp,IPP Non-CHP,65388,Kearny Generating Station,2404,Kearny Generating Station,N121,Natural Gas Fired Combustion Turbine,NG,Natural Gas,GT,PJM,"PJM Interconnection, LLC",OP,Operating,
2026-03,NJ,New Jersey,ipp-non-chp,IPP Non-CHP,65388,Kearny Generating Station,2404,Kearny Generating Station,142,Natural Gas Fired Combustion Turbine,NG,Natural Gas,GT,PJM,"PJM Interconnection, LLC",OP,Operating,
2026-03,NJ,New Jersey,ipp-non-chp,IPP Non-CHP,65388,Kearny Generating Station,2404,Kearny Generating Station,141,Natural Gas Fired Combustion Turbine,NG,Natural Gas,GT,PJM,"PJM Interconnection, LLC",OP,Operating,
2026-03,NJ,New Jersey,ipp-non-chp,IPP Non-CHP,65388,Kearny Generating Station,2404,Kearny Generating Station,134,Natural Gas Fired Combustion Turbine,NG,Natural Gas,GT,PJM,"PJM Interconnection, LLC",OP,Operating,
2026-03,NJ,New Jersey,ipp-non-chp,IPP Non-CHP,65388,Kearny Generating Station,2404,Kearny Generating Station,133,Natural Gas Fired Combustion Turbine,NG,Natural Gas,GT,PJM,"PJM Interconnection, LLC",OP,Operating,
2026-03,NJ,New Jersey,ipp-non-chp,IPP Non-CHP,65388,Kearny Generating Station,2404,Kearny Generating Station,132,Natural Gas Fired Combustion Turbine,NG,Natural Gas,GT,PJM,"PJM Interconnection, LLC",OP,Operating,
2026-03,NJ,New Jersey,ipp-non-chp,IPP Non-CHP,65388,Kearny Generating Station,2404,Kearny Generating Station,131,Natural Gas Fired Combustion Turbine,NG,Natural Gas,GT,PJM,"PJM Interconnection, LLC",OP,Operating,
2026-03,MA,Massachusetts,ipp-chp,IPP CHP,59528,"Kendall Green Energy, LLC",1595,Kendall Square Station,JET1,Petroleum Liquids,DFO,Disillate Fuel Oil,GT,ISNE,ISO New England Inc.,OP,Operating,
2026-03,MA,Massachusetts,ipp-chp,IPP CHP,59528,"Kendall Green Energy, LLC",1595,Kendall Square Station,GEN4,Natural Gas Fired Combined Cycle,NG,Natural Gas,CT,ISNE,ISO New England Inc.,OP,Operating,CC1
2026-03,MA,Massachusetts,ipp-chp,IPP CHP,59528,"Kendall Green Energy, LLC",1595,Kendall Square Station,3,Natural Gas Fired Combined Cycle,NG,Natural Gas,CA,ISNE,ISO New England Inc.,OP,Operating,CC1
2026-03,MD,Maryland,ipp-non-chp,IPP Non-CHP,60422,H.A. Wagner LLC,1554,Herbert A Wagner,4,Petroleum Liquids,DFO,Disillate Fuel Oil,ST,PJM,"PJM Interconnection, LLC",OP,Operating,
2026-03,MD,Maryland,ipp-non-chp,IPP Non-CHP,60422,H.A. Wagner LLC,1554,Herbert A Wagner,3,Petroleum Liquids,DFO,Disillate Fuel Oil,ST,PJM,"PJM Interconnection, LLC",OP,Operating,
2026-03,DE,Delaware,ipp-non-chp,IPP Non-CHP,9332,Indian River Operations Inc,594,Indian River Generating Station,10,Petroleum Liquids,DFO,Disillate Fuel Oil,GT,PJM,"PJM Interconnection, LLC",OP,Operating,
2026-03,MD,Maryland,ipp-non-chp,IPP Non-CHP,19830,NRG Vienna Operations Inc,1564,Vienna Operations,10,Petroleum Liquids,DFO,Disillate Fuel Oil,GT,PJM,"PJM Interconnection, LLC",OP,Operating,
2026-03,MD,Maryland,ipp-non-chp,IPP Non-CHP,19830,NRG Vienna Operations Inc,1564,Vienna Operations,8,Petroleum Liquids,RFO,Residual Fuel Oil,ST,PJM,"PJM Interconnection, LLC",OP,Operating,
2026-03,MA,Massachusetts,electric-utility,Electric Utility,2144,Town of Braintree - (MA),1660,Potter Station 2,WAT1,Natural Gas Fired Combustion Turbine,NG,Natural Gas,GT,ISNE,ISO New England Inc.,OP,Operating,
2026-03,NJ,New Jersey,ipp-non-chp,IPP Non-CHP,65389,Linden Combined Cycle,2406,PSEG Linden Generating Station,1001,Natural Gas Fired Combined Cycle,NG,Natural Gas,CA,PJM,"PJM Interconnection, LLC",OP,Operating,CC1
2026-03,NJ,New Jersey,ipp-non-chp,IPP Non-CHP,65389,Linden Combined Cycle,2406,PSEG Linden Generating Station,1101,Natural Gas Fired Combined Cycle,NG,Natural Gas,CT,PJM,"PJM Interconnection, LLC",OP,Operating,CC1
2026-03,NJ,New Jersey,ipp-non-chp,IPP Non-CHP,65389,Linden Combined Cycle,2406,PSEG Linden Generating Station,1201,Natural Gas Fired Combined Cycle,NG,Natural Gas,CT,PJM,"PJM Interconnection, LLC",OP,Operating,CC1
2026-03,NY,New York,ipp-non-chp,IPP Non-CHP,54863,U S Power Generating Company LLC,2494,Gowanus Gas Turbines Generating,GT13,Petroleum Liquids,DFO,Disillate Fuel Oil,GT,NYIS,New York Independent System Operator,OS,Out of service and NOT expected to return to service in next calendar year,
2026-03,NY,New York,ipp-non-chp,IPP Non-CHP,54863,U S Power Generating Company LLC,2494,Gowanus Gas Turbines Generating,GT23,Natural Gas Fired Combustion Turbine,NG,Natural Gas,GT,NYIS,New York Independent System Operator,OP,Operating,
2026-03,NY,New York,ipp-non-chp,IPP Non-CHP,54863,U S Power Generating Company LLC,2494,Gowanus Gas Turbines Generating,GT22,Natural Gas Fired Combustion Turbine,NG,Natural Gas,GT,NYIS,New York Independent System Operator,OP,Operating,
2026-03,NY,New York,ipp-non-chp,IPP Non-CHP,54863,U S Power Generating Company LLC,2494,Gowanus Gas Turbines Generating,GT21,Natural Gas Fired Combustion Turbine,NG,Natural Gas,GT,NYIS,New York Independent System Operator,OP,Operating,
2026-03,NY,New York,ipp-non-chp,IPP Non-CHP,54863,U S Power Generating Company LLC,2494,Gowanus Gas Turbines Generating,GT18,Petroleum Liquids,DFO,Disillate Fuel Oil,GT,NYIS,New York Independent System Operator,OS,Out of service and NOT expected to return to service in next calendar year,
2026-03,NY,New York,ipp-non-chp,IPP Non-CHP,54863,U S Power Generating Company LLC,2494,Gowanus Gas Turbines Generating,GT17,Petroleum Liquids,DFO,Disillate Fuel Oil,GT,NYIS,New York Independent System Operator,OS,Out of service and NOT expected to return to service in next calendar year,
2026-03,NY,New York,ipp-non-chp,IPP Non-CHP,54863,U S Power Generating Company LLC,2494,Gowanus Gas Turbines Generating,GT16,Petroleum Liquids,DFO,Disillate Fuel Oil,GT,NYIS,New York Independent System Operator,OS,Out of service and NOT expected to return to service in next calendar year,
2026-03,NY,New York,ipp-non-chp,IPP Non-CHP,54863,U S Power Generating Company LLC,2494,Gowanus Gas Turbines Generating,GT15,Petroleum Liquids,DFO,Disillate Fuel Oil,GT,NYIS,New York Independent System Operator,OS,Out of service and NOT expected to return to service in next calendar year,
2026-03,NY,New York,ipp-non-chp,IPP Non-CHP,54863,U S Power Generating Company LLC,2494,Gowanus Gas Turbines Generating,GT14,Petroleum Liquids,DFO,Disillate Fuel Oil,GT,NYIS,New York Independent System Operator,OS,Out of service and NOT expected to return to service in next calendar year,
2026-03,NY,New York,ipp-non-chp,IPP Non-CHP,54863,U S Power Generating Company LLC,2494,Gowanus Gas Turbines Generating,GT12,Petroleum Liquids,DFO,Disillate Fuel Oil,GT,NYIS,New York Independent System Operator,OS,Out of service and NOT expected to return to service in next calendar year,
2026-03,NJ,New Jersey,ipp-non-chp,IPP Non-CHP,65389,Linden Combined Cycle,2406,PSEG Linden Generating Station,2001,Natural Gas Fired Combined Cycle,NG,Natural Gas,CA,PJM,"PJM Interconnection, LLC",OP,Operating,CC2
2026-03,NY,New York,ipp-non-chp,IPP Non-CHP,54863,U S Power Generating Company LLC,2494,Gowanus Gas Turbines Generating,GT11,Petroleum Liquids,DFO,Disillate Fuel Oil,GT,NYIS,New York Independent System Operator,OS,Out of service and NOT expected to return to service in next calendar year,
2026-03,NJ,New Jersey,electric-utility,Electric Utility,19856,City of Vineland - (NJ),2434,Howard Down,11,Natural Gas Fired Combustion Turbine,NG,Natural Gas,GT,PJM,"PJM Interconnection, LLC",OP,Operating,
2026-03,NJ,New Jersey,ipp-non-chp,IPP Non-CHP,65389,Linden Combined Cycle,2406,PSEG Linden Generating Station,8,Natural Gas Fired Combustion Turbine,NG,Natural Gas,GT,PJM,"PJM Interconnection, LLC",OP,Operating,
2026-03,NJ,New Jersey,ipp-non-chp,IPP Non-CHP,65389,Linden Combined Cycle,2406,PSEG Linden Generating Station,7,Natural Gas Fired Combustion Turbine,NG,Natural Gas,GT,PJM,"PJM Interconnection, LLC",OP,Operating,
2026-03,NJ,New Jersey,ipp-non-chp,IPP Non-CHP,65389,Linden Combined Cycle,2406,PSEG Linden Generating Station,6,Natural Gas Fired Combustion Turbine,NG,Natural Gas,GT,PJM,"PJM Interconnection, LLC",OP,Operating,
2026-03,NJ,New Jersey,ipp-non-chp,IPP Non-CHP,65389,Linden Combined Cycle,2406,PSEG Linden Generating Station,5,Natural Gas Fired Combustion Turbine,NG,Natural Gas,GT,PJM,"PJM Interconnection, LLC",OP,Operating,
2026-03,NJ,New Jersey,ipp-non-chp,IPP Non-CHP,65389,Linden Combined Cycle,2406,PSEG Linden Generating Station,2201,Natural Gas Fired Combined Cycle,NG,Natural Gas,CT,PJM,"PJM Interconnection, LLC",OP,Operating,CC2
2026-03,NJ,New Jersey,ipp-non-chp,IPP Non-CHP,65389,Linden Combined Cycle,2406,PSEG Linden Generating Station,2101,Natural Gas Fired Combined Cycle,NG,Natural Gas,CT,PJM,"PJM Interconnection, LLC",OP,Operating,CC2
2026-03,DE,Delaware,ipp-non-chp,IPP Non-CHP,56609,Calpine Mid-Atlantic Generation LLC,7153,Hay Road,HR8,Natural Gas Fired Combined Cycle,NG,Natural Gas,CA,PJM,"PJM Interconnection, LLC",OP,Operating,CC2
2026-03,VA,Virginia,electric-utility,Electric Utility,19876,Virginia Electric & Power Co,7839,Ladysmith,2,Natural Gas Fired Combustion Turbine,NG,Natural Gas,GT,PJM,"PJM Interconnection, LLC",OP,Operating,
2026-03,PA,Pennsylvania,ipp-non-chp,IPP Non-CHP,61913,"Hunterstown Generation, LLC",55976,Hunterstown Power Plant,101,Natural Gas Fired Combined Cycle,NG,Natural Gas,CT,PJM,"PJM Interconnection, LLC",OP,Operating,CT1
2026-03,NY,New York,ipp-chp,IPP CHP,9263,Indeck-Corinth Ltd Partnership,50458,Indeck Corinth Energy Center,GEN2,Natural Gas Fired Combined Cycle,NG,Natural Gas,CA,NYIS,New York Independent System Operator,OP,Operating,G723
2026-03,PA,Pennsylvania,ipp-chp,IPP CHP,7564,Grays Ferry Cogen Partnership,54785,Grays Ferry Cogeneration,GEN2,Natural Gas Fired Combustion Turbine,NG,Natural Gas,GT,PJM,"PJM Interconnection, LLC",OP,Operating,CC1
2026-03,PA,Pennsylvania,ipp-chp,IPP CHP,7564,Grays Ferry Cogen Partnership,54785,Grays Ferry Cogeneration,GEN1,Natural Gas Steam Turbine,NG,Natural Gas,ST,PJM,"PJM Interconnection, LLC",OP,Operating,CC1
2026-03,NJ,New Jersey,ipp-non-chp,IPP Non-CHP,60789,"Essential Power Operating Company, LLC",54640,NAEA Lakewood LLC,GEN3,Natural Gas Fired Combined Cycle,NG,Natural Gas,CA,PJM,"PJM Interconnection, LLC",SB,Standby/Backup: available for service but not normally used,LCLP
2026-03,NJ,New Jersey,ipp-non-chp,IPP Non-CHP,60789,"Essential Power Operating Company, LLC",54640,NAEA Lakewood LLC,GEN2,Natural Gas Fired Combined Cycle,NG,Natural Gas,CT,PJM,"PJM Interconnection, LLC",SB,Standby/Backup: available for service but not normally used,LCLP
2026-03,NJ,New Jersey,ipp-non-chp,IPP Non-CHP,60789,"Essential Power Operating Company, LLC",54640,NAEA Lakewood LLC,GEN1,Natural Gas Fired Combined Cycle,NG,Natural Gas,CT,PJM,"PJM Interconnection, LLC",SB,Standby/Backup: available for service but not normally used,LCLP
2026-03,NY,New York,ipp-chp,IPP CHP,17254,Sithe/Independence LLC,54547,Sithe Independence Station,6,Natural Gas Fired Combined Cycle,NG,Natural Gas,CA,NYIS,New York Independent System Operator,OP,Operating,BLK2
2026-03,NY,New York,ipp-chp,IPP CHP,17254,Sithe/Independence LLC,54547,Sithe Independence Station,5,Natural Gas Fired Combined Cycle,NG,Natural Gas,CA,NYIS,New York Independent System Operator,OP,Operating,BLK1
2026-03,NY,New York,ipp-chp,IPP CHP,17254,Sithe/Independence LLC,54547,Sithe Independence Station,4,Natural Gas Fired Combined Cycle,NG,Natural Gas,CT,NYIS,New York Independent System Operator,OP,Operating,BLK2
2026-03,NY,New York,ipp-chp,IPP CHP,17254,Sithe/Independence LLC,54547,Sithe Independence Station,3,Natural Gas Fired Combined Cycle,NG,Natural Gas,CT,NYIS,New York Independent System Operator,OP,Operating,BLK2
2026-03,NY,New York,ipp-chp,IPP CHP,17254,Sithe/Independence LLC,54547,Sithe Independence Station,2,Natural Gas Fired Combined Cycle,NG,Natural Gas,CT,NYIS,New York Independent System Operator,OP,Operating,BLK1
2026-03,NY,New York,ipp-chp,IPP CHP,17254,Sithe/Independence LLC,54547,Sithe Independence Station,1,Natural Gas Fired Combined Cycle,NG,Natural Gas,CT,NYIS,New York Independent System Operator,OP,Operating,BLK1
2026-03,NY,New York,ipp-chp,IPP CHP,10349,KIAC Partners,54114,Kennedy International Airport Cogen,GEN3,Natural Gas Fired Combined Cycle,NG,Natural Gas,CA,NYIS,New York Independent System Operator,OP,Operating,CC1
2026-03,NY,New York,ipp-chp,IPP CHP,10349,KIAC Partners,54114,Kennedy International Airport Cogen,GEN2,Natural Gas Fired Combined Cycle,NG,Natural Gas,CT,NYIS,New York Independent System Operator,OP,Operating,CC1
2026-03,NY,New York,ipp-chp,IPP CHP,10349,KIAC Partners,54114,Kennedy International Airport Cogen,GEN1,Natural Gas Fired Combined Cycle,NG,Natural Gas,CT,NYIS,New York Independent System Operator,OP,Operating,CC1
2026-03,NY,New York,ipp-chp,IPP CHP,9261,Indeck-Olean Ltd Partnership,54076,Indeck Olean Energy Center,GEN2,Natural Gas Fired Combined Cycle,NG,Natural Gas,CA,NYIS,New York Independent System Operator,OP,Operating,G721
2026-03,NY,New York,ipp-chp,IPP CHP,9261,Indeck-Olean Ltd Partnership,54076,Indeck Olean Energy Center,GEN1,Natural Gas Fired Combined Cycle,NG,Natural Gas,CT,NYIS,New York Independent System Operator,OP,Operating,G721
2026-03,NY,New York,ipp-chp,IPP CHP,11127,Lockport Energy Associates LP,54041,Lockport Energy Associates LP,GEN4,Natural Gas Fired Combined Cycle,NG,Natural Gas,CA,NYIS,New York Independent System Operator,OP,Operating,LEA1
2026-03,NY,New York,ipp-chp,IPP CHP,11127,Lockport Energy Associates LP,54041,Lockport Energy Associates LP,GEN3,Natural Gas Fired Combined Cycle,NG,Natural Gas,CT,NYIS,New York Independent System Operator,OP,Operating,LEA1
2026-03,NY,New York,ipp-chp,IPP CHP,11127,Lockport Energy Associates LP,54041,Lockport Energy Associates LP,GEN2,Natural Gas Fired Combined Cycle,NG,Natural Gas,CT,NYIS,New York Independent System Operator,OP,Operating,LEA1
2026-03,VA,Virginia,electric-utility,Electric Utility,19876,Virginia Electric & Power Co,54844,Gordonsville Energy LP,GOR1,Natural Gas Fired Combined Cycle,NG,Natural Gas,CT,PJM,"PJM Interconnection, LLC",OP,Operating,G782
2026-03,VA,Virginia,electric-utility,Electric Utility,19876,Virginia Electric & Power Co,54844,Gordonsville Energy LP,GOR2,Natural Gas Fired Combined Cycle,NG,Natural Gas,CT,PJM,"PJM Interconnection, LLC",OP,Operating,G783
2026-03,VA,Virginia,electric-utility,Electric Utility,19876,Virginia Electric & Power Co,54844,Gordonsville Energy LP,GOR3,Natural Gas Fired Combined Cycle,NG,Natural Gas,CA,PJM,"PJM Interconnection, LLC",OP,Operating,G782
2026-03,PA,Pennsylvania,ipp-non-chp,IPP Non-CHP,8027,Handsome Lake Energy LLC,55233,Handsome Lake Energy LLC,GT01,Natural Gas Fired Combustion Turbine,NG,Natural Gas,GT,PJM,"PJM Interconnection, LLC",OP,Operating,
2026-03,NY,New York,ipp-non-chp,IPP Non-CHP,7308,Hawkeye Energy Greenport LLC,55969,Hawkeye Energy Greenport LLC,U-01,Petroleum Liquids,KER,Kerosene,GT,NYIS,New York Independent System Operator,OP,Operating,
2026-03,PA,Pennsylvania,ipp-non-chp,IPP Non-CHP,61121,Helix Ironwood LLC,55337,Ironwood LLC,ST4,Natural Gas Fired Combined Cycle,NG,Natural Gas,CA,PJM,"PJM Interconnection, LLC",OP,Operating,CC02
2026-03,PA,Pennsylvania,ipp-non-chp,IPP Non-CHP,61121,Helix Ironwood LLC,55337,Ironwood LLC,CT2,Natural Gas Fired Combined Cycle,NG,Natural Gas,CT,PJM,"PJM Interconnection, LLC",OP,Operating,CC02
2026-03,PA,Pennsylvania,ipp-non-chp,IPP Non-CHP,61121,Helix Ironwood LLC,55337,Ironwood LLC,CT1,Natural Gas Fired Combined Cycle,NG,Natural Gas,CT,PJM,"PJM Interconnection, LLC",OP,Operating,CC02
2026-03,PA,Pennsylvania,ipp-non-chp,IPP Non-CHP,8027,Handsome Lake Energy LLC,55233,Handsome Lake Energy LLC,GT05,Natural Gas Fired Combustion Turbine,NG,Natural Gas,GT,PJM,"PJM Interconnection, LLC",OP,Operating,
2026-03,PA,Pennsylvania,ipp-non-chp,IPP Non-CHP,8027,Handsome Lake Energy LLC,55233,Handsome Lake Energy LLC,GT04,Natural Gas Fired Combustion Turbine,NG,Natural Gas,GT,PJM,"PJM Interconnection, LLC",OP,Operating,
2026-03,PA,Pennsylvania,ipp-non-chp,IPP Non-CHP,8027,Handsome Lake Energy LLC,55233,Handsome Lake Energy LLC,GT03,Natural Gas Fired Combustion Turbine,NG,Natural Gas,GT,PJM,"PJM Interconnection, LLC",OP,Operating,
2026-03,PA,Pennsylvania,ipp-non-chp,IPP Non-CHP,8027,Handsome Lake Energy LLC,55233,Handsome Lake Energy LLC,GT02,Natural Gas Fired Combustion Turbine,NG,Natural Gas,GT,PJM,"PJM Interconnection, LLC",OP,Operating,
2026-03,PA,Pennsylvania,ipp-non-chp,IPP Non-CHP,27031,Liberty Electric Power LLC,55231,Liberty Electric Power Plant,STG,Natural Gas Fired Combined Cycle,NG,Natural Gas,CA,PJM,"PJM Interconnection, LLC",OP,Operating,CC1
2026-03,VA,Virginia,electric-utility,Electric Utility,19876,Virginia Electric & Power Co,54844,Gordonsville Energy LP,GOR4,Natural Gas Fired Combined Cycle,NG,Natural Gas,CA,PJM,"PJM Interconnection, LLC",OP,Operating,G783
2026-03,PA,Pennsylvania,ipp-non-chp,IPP Non-CHP,27031,Liberty Electric Power LLC,55231,Liberty Electric Power Plant,GTG2,Natural Gas Fired Combined Cycle,NG,Natural Gas,CT,PJM,"PJM Interconnection, LLC",OP,Operating,CC1
2026-03,PA,Pennsylvania,ipp-non-chp,IPP Non-CHP,27031,Liberty Electric Power LLC,55231,Liberty Electric Power Plant,GTG1,Natural Gas Fired Combined Cycle,NG,Natural Gas,CT,PJM,"PJM Interconnection, LLC",OP,Operating,CC1
2026-03,NH,New Hampshire,ipp-non-chp,IPP Non-CHP,88,Granite Ridge Energy LLC,55170,Granite Ridge,STG,Natural Gas Fired Combined Cycle,NG,Natural Gas,CA,ISNE,ISO New England Inc.,OP,Operating,CC1
2026-03,NH,New Hampshire,ipp-non-chp,IPP Non-CHP,88,Granite Ridge Energy LLC,55170,Granite Ridge,CT12,Natural Gas Fired Combined Cycle,NG,Natural Gas,CT,ISNE,ISO New England Inc.,OP,Operating,CC1
2026-03,NH,New Hampshire,ipp-non-chp,IPP Non-CHP,88,Granite Ridge Energy LLC,55170,Granite Ridge,CT11,Natural Gas Fired Combined Cycle,NG,Natural Gas,CT,ISNE,ISO New England Inc.,OP,Operating,CC1
2026-03,CT,Connecticut,ipp-non-chp,IPP Non-CHP,10576,Lake Road Generating Co LP,55149,Lake Road Generating Plant,U3,Natural Gas Fired Combined Cycle,NG,Natural Gas,CS,ISNE,ISO New England Inc.,OP,Operating,
2026-03,CT,Connecticut,ipp-non-chp,IPP Non-CHP,10576,Lake Road Generating Co LP,55149,Lake Road Generating Plant,U2,Natural Gas Fired Combined Cycle,NG,Natural Gas,CS,ISNE,ISO New England Inc.,OP,Operating,
2026-03,CT,Connecticut,ipp-non-chp,IPP Non-CHP,10576,Lake Road Generating Co LP,55149,Lake Road Generating Plant,U1,Natural Gas Fired Combined Cycle,NG,Natural Gas,CS,ISNE,ISO New England Inc.,OP,Operating,
2026-03,NY,New York,ipp-chp,IPP CHP,11127,Lockport Energy Associates LP,54041,Lockport Energy Associates LP,GEN1,Natural Gas Fired Combined Cycle,NG,Natural Gas,CT,NYIS,New York Independent System Operator,OP,Operating,LEA1
2026-03,NY,New York,ipp-chp,IPP CHP,9263,Indeck-Corinth Ltd Partnership,50458,Indeck Corinth Energy Center,GEN1,Natural Gas Fired Combined Cycle,NG,Natural Gas,CT,NYIS,New York Independent System Operator,OP,Operating,G723
2026-03,VA,Virginia,electric-utility,Electric Utility,19876,Virginia Electric & Power Co,7839,Ladysmith,3,Natural Gas Fired Combustion Turbine,NG,Natural Gas,GT,PJM,"PJM Interconnection, LLC",OP,Operating,
2026-03,NY,New York,ipp-chp,IPP CHP,9243,Indeck-Yerkes Ltd Partnership,50451,Indeck Yerkes Energy Center,GEN2,Natural Gas Fired Combined Cycle,NG,Natural Gas,CA,NYIS,New York Independent System Operator,OP,Operating,CC1
2026-03,NY,New York,electric-utility,Electric Utility,56505,National Grid Generation LLC,8007,Holtsville,9,Petroleum Liquids,KER,Kerosene,GT,NYIS,New York Independent System Operator,OP,Operating,
2026-03,NY,New York,electric-utility,Electric Utility,56505,National Grid Generation LLC,8007,Holtsville,8,Petroleum Liquids,KER,Kerosene,GT,NYIS,New York Independent System Operator,OP,Operating,
2026-03,NY,New York,electric-utility,Electric Utility,56505,National Grid Generation LLC,8007,Holtsville,7,Petroleum Liquids,KER,Kerosene,GT,NYIS,New York Independent System Operator,OP,Operating,
2026-03,NY,New York,electric-utility,Electric Utility,56505,National Grid Generation LLC,8007,Holtsville,6,Petroleum Liquids,KER,Kerosene,GT,NYIS,New York Independent System Operator,OP,Operating,
2026-03,NY,New York,electric-utility,Electric Utility,56505,National Grid Generation LLC,8007,Holtsville,5,Petroleum Liquids,KER,Kerosene,GT,NYIS,New York Independent System Operator,OP,Operating,
2026-03,NY,New York,electric-utility,Electric Utility,56505,National Grid Generation LLC,8007,Holtsville,4,Petroleum Liquids,KER,Kerosene,GT,NYIS,New York Independent System Operator,OP,Operating,
2026-03,NY,New York,electric-utility,Electric Utility,56505,National Grid Generation LLC,8007,Holtsville,3,Petroleum Liquids,KER,Kerosene,GT,NYIS,New York Independent System Operator,OP,Operating,
2026-03,NY,New York,electric-utility,Electric Utility,56505,National Grid Generation LLC,8007,Holtsville,2,Petroleum Liquids,KER,Kerosene,GT,NYIS,New York Independent System Operator,OP,Operating,
2026-03,NY,New York,electric-utility,Electric Utility,56505,National Grid Generation LLC,8007,Holtsville,10,Petroleum Liquids,KER,Kerosene,GT,NYIS,New York Independent System Operator,OP,Operating,
2026-03,NY,New York,electric-utility,Electric Utility,56505,National Grid Generation LLC,8007,Holtsville,1,Petroleum Liquids,KER,Kerosene,GT,NYIS,New York Independent System Operator,OP,Operating,
2026-03,NY,New York,electric-utility,Electric Utility,15296,New York Power Authority,7914,Harlem River Yard,HR02,Natural Gas Fired Combustion Turbine,NG,Natural Gas,GT,NYIS,New York Independent System Operator,OP,Operating,
2026-03,NY,New York,electric-utility,Electric Utility,15296,New York Power Authority,7914,Harlem River Yard,HR01,Natural Gas Fired Combustion Turbine,NG,Natural Gas,GT,NYIS,New York Independent System Operator,OP,Operating,
2026-03,NY,New York,electric-utility,Electric Utility,15296,New York Power Authority,7913,Hell Gate,HG02,Natural Gas Fired Combustion Turbine,NG,Natural Gas,GT,NYIS,New York Independent System Operator,OP,Operating,
2026-03,NY,New York,electric-utility,Electric Utility,15296,New York Power Authority,7913,Hell Gate,HG01,Natural Gas Fired Combustion Turbine,NG,Natural Gas,GT,NYIS,New York Independent System Operator,OP,Operating,
2026-03,NY,New York,electric-utility,Electric Utility,56505,National Grid Generation LLC,7869,Glenwood Landing,GT5,Natural Gas Fired Combustion Turbine,NG,Natural Gas,GT,NYIS,New York Independent System Operator,OP,Operating,
2026-03,NY,New York,electric-utility,Electric Utility,56505,National Grid Generation LLC,7869,Glenwood Landing,GT4,Natural Gas Fired Combustion Turbine,NG,Natural Gas,GT,NYIS,New York Independent System Operator,OP,Operating,
2026-03,NY,New York,electric-utility,Electric Utility,56505,National Grid Generation LLC,7869,Glenwood Landing,GT1,Petroleum Liquids,DFO,Disillate Fuel Oil,GT,NYIS,New York Independent System Operator,SB,Standby/Backup: available for service but not normally used,
2026-03,VA,Virginia,electric-utility,Electric Utility,19876,Virginia Electric & Power Co,7839,Ladysmith,5,Natural Gas Fired Combustion Turbine,NG,Natural Gas,GT,PJM,"PJM Interconnection, LLC",OP,Operating,
2026-03,VA,Virginia,electric-utility,Electric Utility,19876,Virginia Electric & Power Co,7839,Ladysmith,4,Natural Gas Fired Combustion Turbine,NG,Natural Gas,GT,PJM,"PJM Interconnection, LLC",OP,Operating,
2026-03,VA,Virginia,ipp-chp,IPP CHP,55983,Luminant Generation Company LLC,10633,Hopewell Cogeneration,GT1,Natural Gas Fired Combined Cycle,NG,Natural Gas,CT,PJM,"PJM Interconnection, LLC",OP,Operating,CC1
2026-03,VA,Virginia,ipp-chp,IPP CHP,55983,Luminant Generation Company LLC,10633,Hopewell Cogeneration,GT2,Natural Gas Fired Combined Cycle,NG,Natural Gas,CT,PJM,"PJM Interconnection, LLC",OP,Operating,CC1
2026-03,VA,Virginia,ipp-chp,IPP CHP,55983,Luminant Generation Company LLC,10633,Hopewell Cogeneration,GT3,Natural Gas Fired Combined Cycle,NG,Natural Gas,CT,PJM,"PJM Interconnection, LLC",OP,Operating,CC1
2026-03,NJ,New Jersey,ipp-chp,IPP CHP,3890,EFS Cogen Holdings I LLC,50006,Linden Cogen Plant,GTG6,Natural Gas Fired Combined Cycle,NG,Natural Gas,CT,NYIS,New York Independent System Operator,OP,Operating,CC1
2026-03,NY,New York,ipp-chp,IPP CHP,9243,Indeck-Yerkes Ltd Partnership,50451,Indeck Yerkes Energy Center,GEN1,Natural Gas Fired Combined Cycle,NG,Natural Gas,CT,NYIS,New York Independent System Operator,OP,Operating,CC1
2026-03,NY,New York,ipp-chp,IPP CHP,9244,Indeck-Oswego Ltd Partnership,50450,Indeck Oswego Energy Center,GEN2,Natural Gas Fired Combined Cycle,NG,Natural Gas,CA,NYIS,New York Independent System Operator,OP,Operating,CC1
2026-03,NY,New York,ipp-chp,IPP CHP,9244,Indeck-Oswego Ltd Partnership,50450,Indeck Oswego Energy Center,GEN1,Natural Gas Fired Combined Cycle,NG,Natural Gas,CT,NYIS,New York Independent System Operator,OP,Operating,CC1
2026-03,NY,New York,ipp-chp,IPP CHP,9245,Indeck-Energy Serv Silver Spg,50449,Indeck Silver Springs Energy Center,GEN2,Natural Gas Fired Combined Cycle,NG,Natural Gas,CA,NYIS,New York Independent System Operator,OP,Operating,G722
2026-03,NY,New York,ipp-chp,IPP CHP,9245,Indeck-Energy Serv Silver Spg,50449,Indeck Silver Springs Energy Center,GEN1,Natural Gas Fired Combined Cycle,NG,Natural Gas,CT,NYIS,New York Independent System Operator,OP,Operating,G722
2026-03,NJ,New Jersey,ipp-chp,IPP CHP,3890,EFS Cogen Holdings I LLC,50006,Linden Cogen Plant,STG3,Natural Gas Fired Combined Cycle,NG,Natural Gas,CA,NYIS,New York Independent System Operator,OP,Operating,CC1
2026-03,NJ,New Jersey,ipp-chp,IPP CHP,3890,EFS Cogen Holdings I LLC,50006,Linden Cogen Plant,STG2,Natural Gas Fired Combined Cycle,NG,Natural Gas,CA,NYIS,New York Independent System Operator,OP,Operating,CC1
2026-03,NJ,New Jersey,ipp-chp,IPP CHP,3890,EFS Cogen Holdings I LLC,50006,Linden Cogen Plant,STG1,Natural Gas Fired Combined Cycle,NG,Natural Gas,CA,NYIS,New York Independent System Operator,OP,Operating,CC1
2026-03,NJ,New Jersey,ipp-chp,IPP CHP,3890,EFS Cogen Holdings I LLC,50006,Linden Cogen Plant,GTG5,Natural Gas Fired Combined Cycle,NG,Natural Gas,CT,NYIS,New York Independent System Operator,OP,Operating,CC1
2026-03,VA,Virginia,ipp-chp,IPP CHP,55983,Luminant Generation Company LLC,10633,Hopewell Cogeneration,ST1,Natural Gas Fired Combined Cycle,NG,Natural Gas,CA,PJM,"PJM Interconnection, LLC",OP,Operating,CC1
2026-03,NJ,New Jersey,ipp-chp,IPP CHP,3890,EFS Cogen Holdings I LLC,50006,Linden Cogen Plant,GTG4,Natural Gas Fired Combined Cycle,NG,Natural Gas,CT,NYIS,New York Independent System Operator,OP,Operating,CC1
2026-03,NJ,New Jersey,ipp-chp,IPP CHP,3890,EFS Cogen Holdings I LLC,50006,Linden Cogen Plant,GTG3,Natural Gas Fired Combined Cycle,NG,Natural Gas,CT,NYIS,New York Independent System Operator,OP,Operating,CC1
2026-03,NJ,New Jersey,ipp-chp,IPP CHP,3890,EFS Cogen Holdings I LLC,50006,Linden Cogen Plant,GTG2,Natural Gas Fired Combined Cycle,NG,Natural Gas,CT,NYIS,New York Independent System Operator,OP,Operating,CC1
2026-03,NJ,New Jersey,ipp-chp,IPP CHP,3890,EFS Cogen Holdings I LLC,50006,Linden Cogen Plant,GTG1,Natural Gas Fired Combined Cycle,NG,Natural Gas,CT,NYIS,New York Independent System Operator,OP,Operating,CC1
2026-03,PA,Pennsylvania,ipp-non-chp,IPP Non-CHP,56214,Hazleton Generation LLC,10870,Hazelton,GEN4,Natural Gas Fired Combustion Turbine,NG,Natural Gas,GT,PJM,"PJM Interconnection, LLC",SB,Standby/Backup: available for service but not normally used,
2026-03,PA,Pennsylvania,ipp-non-chp,IPP Non-CHP,56214,Hazleton Generation LLC,10870,Hazelton,GEN3,Natural Gas Fired Combustion Turbine,NG,Natural Gas,GT,PJM,"PJM Interconnection, LLC",SB,Standby/Backup: available for service but not normally used,
2026-03,PA,Pennsylvania,ipp-non-chp,IPP Non-CHP,56214,Hazleton Generation LLC,10870,Hazelton,GEN2,Natural Gas Fired Combustion Turbine,NG,Natural Gas,GT,PJM,"PJM Interconnection, LLC",SB,Standby/Backup: available for service but not normally used,
2026-03,PA,Pennsylvania,ipp-non-chp,IPP Non-CHP,56214,Hazleton Generation LLC,10870,Hazelton,GEN1,Natural Gas Fired Combustion Turbine,NG,Natural Gas,GT,PJM,"PJM Interconnection, LLC",SB,Standby/Backup: available for service but not normally used,
2026-03,MD,Maryland,electric-utility,Electric Utility,40229,Old Dominion Electric Coop,59220,Wildcat Point Generation Facility,CT2,Natural Gas Fired Combined Cycle,NG,Natural Gas,CT,PJM,"PJM Interconnection, LLC",OP,Operating,CC1
2026-03,CT,Connecticut,ipp-non-chp,IPP Non-CHP,22380,Montville Power LLC,546,Montville Station,11,Petroleum Liquids,DFO,Disillate Fuel Oil,IC,ISNE,ISO New England Inc.,SB,Standby/Backup: available for service but not normally used,
2026-03,MD,Maryland,ipp-non-chp,IPP Non-CHP,60421,Brandon Shores LLC,602,Brandon Shores,2,Conventional Steam Coal,BIT,Bituminous Coal,ST,PJM,"PJM Interconnection, LLC",OP,Operating,
2026-03,MA,Massachusetts,ipp-non-chp,IPP Non-CHP,61708,Canal Generating LLC,1599,Canal,3,Petroleum Liquids,DFO,Disillate Fuel Oil,GT,ISNE,ISO New England Inc.,OP,Operating,
2026-03,NJ,New Jersey,ipp-non-chp,IPP Non-CHP,65385,Bergen Generating Station,2398,Bergen Generating Station,2101,Natural Gas Fired Combined Cycle,NG,Natural Gas,CT,PJM,"PJM Interconnection, LLC",OP,Operating,CC1
2026-03,NJ,New Jersey,ipp-non-chp,IPP Non-CHP,65385,Bergen Generating Station,2398,Bergen Generating Station,1501,Natural Gas Fired Combined Cycle,NG,Natural Gas,CA,PJM,"PJM Interconnection, LLC",OP,Operating,CC1
2026-03,NJ,New Jersey,ipp-non-chp,IPP Non-CHP,65385,Bergen Generating Station,2398,Bergen Generating Station,1401,Natural Gas Fired Combined Cycle,NG,Natural Gas,CT,PJM,"PJM Interconnection, LLC",OP,Operating,CC1
2026-03,NJ,New Jersey,ipp-non-chp,IPP Non-CHP,65385,Bergen Generating Station,2398,Bergen Generating Station,1301,Natural Gas Fired Combined Cycle,NG,Natural Gas,CT,PJM,"PJM Interconnection, LLC",OP,Operating,CC1
2026-03,NJ,New Jersey,ipp-non-chp,IPP Non-CHP,65385,Bergen Generating Station,2398,Bergen Generating Station,1201,Natural Gas Fired Combined Cycle,NG,Natural Gas,CT,PJM,"PJM Interconnection, LLC",OP,Operating,CC1
2026-03,NJ,New Jersey,ipp-non-chp,IPP Non-CHP,65385,Bergen Generating Station,2398,Bergen Generating Station,1101,Natural Gas Fired Combined Cycle,NG,Natural Gas,CT,PJM,"PJM Interconnection, LLC",OP,Operating,CC1
2026-03,MA,Massachusetts,ipp-non-chp,IPP Non-CHP,61708,Canal Generating LLC,1599,Canal,2,Petroleum Liquids,RFO,Residual Fuel Oil,ST,ISNE,ISO New England Inc.,OP,Operating,
2026-03,MD,Maryland,ipp-non-chp,IPP Non-CHP,64576,"Chalk Point Power, LLC",1571,Chalk Point Power,4,Natural Gas Steam Turbine,NG,Natural Gas,ST,PJM,"PJM Interconnection, LLC",OP,Operating,
2026-03,MA,Massachusetts,ipp-non-chp,IPP Non-CHP,61708,Canal Generating LLC,1599,Canal,1,Petroleum Liquids,RFO,Residual Fuel Oil,ST,ISNE,ISO New England Inc.,OP,Operating,
2026-03,MD,Maryland,ipp-non-chp,IPP Non-CHP,64576,"Chalk Point Power, LLC",1571,Chalk Point Power,GT6,Natural Gas Fired Combustion Turbine,NG,Natural Gas,GT,PJM,"PJM Interconnection, LLC",OP,Operating,
2026-03,MD,Maryland,ipp-non-chp,IPP Non-CHP,64576,"Chalk Point Power, LLC",1571,Chalk Point Power,GT5,Natural Gas Fired Combustion Turbine,NG,Natural Gas,GT,PJM,"PJM Interconnection, LLC",OP,Operating,
2026-03,MD,Maryland,ipp-non-chp,IPP Non-CHP,64576,"Chalk Point Power, LLC",1571,Chalk Point Power,GT4,Natural Gas Fired Combustion Turbine,NG,Natural Gas,GT,PJM,"PJM Interconnection, LLC",OP,Operating,
2026-03,MD,Maryland,ipp-non-chp,IPP Non-CHP,64576,"Chalk Point Power, LLC",1571,Chalk Point Power,GT3,Natural Gas Fired Combustion Turbine,NG,Natural Gas,GT,PJM,"PJM Interconnection, LLC",OP,Operating,
2026-03,MD,Maryland,ipp-non-chp,IPP Non-CHP,64576,"Chalk Point Power, LLC",1571,Chalk Point Power,GT2,Petroleum Liquids,DFO,Disillate Fuel Oil,GT,PJM,"PJM Interconnection, LLC",OP,Operating,
2026-03,NJ,New Jersey,ipp-non-chp,IPP Non-CHP,65385,Bergen Generating Station,2398,Bergen Generating Station,2201,Natural Gas Fired Combined Cycle,NG,Natural Gas,CT,PJM,"PJM Interconnection, LLC",OP,Operating,CC1
2026-03,NJ,New Jersey,ipp-non-chp,IPP Non-CHP,65385,Bergen Generating Station,2398,Bergen Generating Station,2301,Natural Gas Fired Combined Cycle,NG,Natural Gas,CA,PJM,"PJM Interconnection, LLC",OP,Operating,CC1
2026-03,NJ,New Jersey,ipp-non-chp,IPP Non-CHP,65386,Burlington Generating Station,2399,Burlington Generating Station,121,Natural Gas Fired Combustion Turbine,NG,Natural Gas,GT,PJM,"PJM Interconnection, LLC",OP,Operating,
2026-03,NJ,New Jersey,ipp-non-chp,IPP Non-CHP,65386,Burlington Generating Station,2399,Burlington Generating Station,122,Natural Gas Fired Combustion Turbine,NG,Natural Gas,GT,PJM,"PJM Interconnection, LLC",OP,Operating,
2026-03,NJ,New Jersey,ipp-non-chp,IPP Non-CHP,65386,Burlington Generating Station,2399,Burlington Generating Station,123,Natural Gas Fired Combustion Turbine,NG,Natural Gas,GT,PJM,"PJM Interconnection, LLC",OP,Operating,
2026-03,NJ,New Jersey,ipp-non-chp,IPP Non-CHP,65386,Burlington Generating Station,2399,Burlington Generating Station,124,Natural Gas Fired Combustion Turbine,NG,Natural Gas,GT,PJM,"PJM Interconnection, LLC",OP,Operating,
2026-03,NY,New York,ipp-non-chp,IPP Non-CHP,13192,NRG Arthur Kill Operations Inc,2490,Arthur Kill Generating Station,2,Natural Gas Steam Turbine,NG,Natural Gas,ST,NYIS,New York Independent System Operator,OP,Operating,
2026-03,NY,New York,ipp-non-chp,IPP Non-CHP,13192,NRG Arthur Kill Operations Inc,2490,Arthur Kill Generating Station,3,Natural Gas Steam Turbine,NG,Natural Gas,ST,NYIS,New York Independent System Operator,OP,Operating,
2026-03,NY,New York,electric-utility,Electric Utility,4226,Consolidated Edison Co-NY Inc,2504,74th Street,GT1,Petroleum Liquids,KER,Kerosene,GT,NYIS,New York Independent System Operator,OP,Operating,
2026-03,NY,New York,electric-utility,Electric Utility,4226,Consolidated Edison Co-NY Inc,2504,74th Street,GT2,Petroleum Liquids,KER,Kerosene,GT,NYIS,New York Independent System Operator,OP,Operating,
2026-03,NY,New York,ipp-non-chp,IPP Non-CHP,65417,GB II New York LLC,2539,Bethlehem Energy Center,5,Natural Gas Fired Combined Cycle,NG,Natural Gas,CT,NYIS,New York Independent System Operator,OP,Operating,CC1
2026-03,NY,New York,ipp-non-chp,IPP Non-CHP,65417,GB II New York LLC,2539,Bethlehem Energy Center,6,Natural Gas Fired Combined Cycle,NG,Natural Gas,CT,NYIS,New York Independent System Operator,OP,Operating,CC1
2026-03,NY,New York,ipp-non-chp,IPP Non-CHP,65417,GB II New York LLC,2539,Bethlehem Energy Center,7,Natural Gas Fired Combined Cycle,NG,Natural Gas,CT,NYIS,New York Independent System Operator,OP,Operating,CC1
2026-03,NY,New York,ipp-non-chp,IPP Non-CHP,65417,GB II New York LLC,2539,Bethlehem Energy Center,8,Natural Gas Fired Combined Cycle,NG,Natural Gas,CA,NYIS,New York Independent System Operator,OP,Operating,CC1
2026-03,NY,New York,ipp-non-chp,IPP Non-CHP,64082,"Bowline, LLC",2625,Bowline Point,1,Natural Gas Steam Turbine,NG,Natural Gas,ST,NYIS,New York Independent System Operator,OP,Operating,
2026-03,NY,New York,ipp-non-chp,IPP Non-CHP,64082,"Bowline, LLC",2625,Bowline Point,2,Natural Gas Steam Turbine,NG,Natural Gas,ST,NYIS,New York Independent System Operator,OP,Operating,
2026-03,PA,Pennsylvania,ipp-non-chp,IPP Non-CHP,63032,"Brunot Island Power, LLC",3096,Brunot Island,1A,Petroleum Liquids,DFO,Disillate Fuel Oil,GT,PJM,"PJM Interconnection, LLC",OP,Operating,
2026-03,MD,Maryland,ipp-non-chp,IPP Non-CHP,64576,"Chalk Point Power, LLC",1571,Chalk Point Power,GT1,Petroleum Liquids,DFO,Disillate Fuel Oil,GT,PJM,"PJM Interconnection, LLC",OP,Operating,
2026-03,MD,Maryland,ipp-non-chp,IPP Non-CHP,64576,"Chalk Point Power, LLC",1571,Chalk Point Power,3,Natural Gas Steam Turbine,NG,Natural Gas,ST,PJM,"PJM Interconnection, LLC",OP,Operating,
2026-03,MD,Maryland,ipp-non-chp,IPP Non-CHP,60421,Brandon Shores LLC,602,Brandon Shores,1,Conventional Steam Coal,BIT,Bituminous Coal,ST,PJM,"PJM Interconnection, LLC",OP,Operating,
2026-03,NJ,New Jersey,ipp-non-chp,IPP Non-CHP,56267,Bayonne Energy Center LLC,56964,Bayonne Energy Center,GT7,Natural Gas Fired Combustion Turbine,NG,Natural Gas,GT,NYIS,New York Independent System Operator,OP,Operating,
2026-03,NJ,New Jersey,ipp-non-chp,IPP Non-CHP,56267,Bayonne Energy Center LLC,56964,Bayonne Energy Center,GT10,Natural Gas Fired Combustion Turbine,NG,Natural Gas,GT,NYIS,New York Independent System Operator,OP,Operating,
2026-03,NJ,New Jersey,ipp-non-chp,IPP Non-CHP,56267,Bayonne Energy Center LLC,56964,Bayonne Energy Center,GT2,Natural Gas Fired Combustion Turbine,NG,Natural Gas,GT,NYIS,New York Independent System Operator,OP,Operating,
2026-03,NJ,New Jersey,ipp-non-chp,IPP Non-CHP,56267,Bayonne Energy Center LLC,56964,Bayonne Energy Center,GT3,Natural Gas Fired Combustion Turbine,NG,Natural Gas,GT,NYIS,New York Independent System Operator,OP,Operating,
2026-03,NJ,New Jersey,ipp-non-chp,IPP Non-CHP,56267,Bayonne Energy Center LLC,56964,Bayonne Energy Center,GT4,Natural Gas Fired Combustion Turbine,NG,Natural Gas,GT,NYIS,New York Independent System Operator,OP,Operating,
2026-03,NJ,New Jersey,ipp-non-chp,IPP Non-CHP,56267,Bayonne Energy Center LLC,56964,Bayonne Energy Center,GT5,Natural Gas Fired Combustion Turbine,NG,Natural Gas,GT,NYIS,New York Independent System Operator,OP,Operating,
2026-03,NJ,New Jersey,ipp-non-chp,IPP Non-CHP,56267,Bayonne Energy Center LLC,56964,Bayonne Energy Center,GT6,Natural Gas Fired Combustion Turbine,NG,Natural Gas,GT,NYIS,New York Independent System Operator,OP,Operating,
2026-03,NJ,New Jersey,ipp-non-chp,IPP Non-CHP,56267,Bayonne Energy Center LLC,56964,Bayonne Energy Center,GT8,Natural Gas Fired Combustion Turbine,NG,Natural Gas,GT,NYIS,New York Independent System Operator,OP,Operating,
2026-03,NY,New York,ipp-non-chp,IPP Non-CHP,32173,New Athens Generating Company LLC,55405,Athens Generating Plant,ST3,Natural Gas Fired Combined Cycle,NG,Natural Gas,CA,NYIS,New York Independent System Operator,OP,Operating,3677
2026-03,NJ,New Jersey,ipp-non-chp,IPP Non-CHP,56267,Bayonne Energy Center LLC,56964,Bayonne Energy Center,GT9,Natural Gas Fired Combustion Turbine,NG,Natural Gas,GT,NYIS,New York Independent System Operator,OP,Operating,
2026-03,VA,Virginia,electric-utility,Electric Utility,19876,Virginia Electric & Power Co,58260,Brunswick County Power Station,CT01,Natural Gas Fired Combined Cycle,NG,Natural Gas,CT,PJM,"PJM Interconnection, LLC",OP,Operating,BC01
2026-03,VA,Virginia,electric-utility,Electric Utility,19876,Virginia Electric & Power Co,58260,Brunswick County Power Station,CT02,Natural Gas Fired Combined Cycle,NG,Natural Gas,CT,PJM,"PJM Interconnection, LLC",OP,Operating,BC01
2026-03,VA,Virginia,electric-utility,Electric Utility,19876,Virginia Electric & Power Co,58260,Brunswick County Power Station,CT03,Natural Gas Fired Combined Cycle,NG,Natural Gas,CT,PJM,"PJM Interconnection, LLC",OP,Operating,BC01
2026-03,VA,Virginia,electric-utility,Electric Utility,19876,Virginia Electric & Power Co,58260,Brunswick County Power Station,ST01,Natural Gas Fired Combined Cycle,NG,Natural Gas,CA,PJM,"PJM Interconnection, LLC",OP,Operating,BC01
2026-03,PA,Pennsylvania,ipp-non-chp,IPP Non-CHP,60672,Birdsboro Power LLC,61035,Birdsboro Power,GEN1,Natural Gas Fired Combined Cycle,NG,Natural Gas,CS,PJM,"PJM Interconnection, LLC",OP,Operating,
2026-03,NJ,New Jersey,ipp-non-chp,IPP Non-CHP,56267,Bayonne Energy Center LLC,56964,Bayonne Energy Center,GT1,Natural Gas Fired Combustion Turbine,NG,Natural Gas,GT,NYIS,New York Independent System Operator,OP,Operating,
2026-03,VA,Virginia,electric-utility,Electric Utility,19876,Virginia Electric & Power Co,56807,Bear Garden,1C,Natural Gas Fired Combined Cycle,NG,Natural Gas,CA,PJM,"PJM Interconnection, LLC",OP,Operating,CC1
2026-03,VA,Virginia,electric-utility,Electric Utility,19876,Virginia Electric & Power Co,56807,Bear Garden,1B,Natural Gas Fired Combined Cycle,NG,Natural Gas,CT,PJM,"PJM Interconnection, LLC",OP,Operating,CC1
2026-03,VA,Virginia,electric-utility,Electric Utility,19876,Virginia Electric & Power Co,56807,Bear Garden,1A,Natural Gas Fired Combined Cycle,NG,Natural Gas,CT,PJM,"PJM Interconnection, LLC",OP,Operating,CC1
2026-03,NY,New York,ipp-non-chp,IPP Non-CHP,49950,"Caithness Long Island, LLC",56234,Caithness Long Island Energy Center,ST01,Natural Gas Fired Combined Cycle,NG,Natural Gas,CA,NYIS,New York Independent System Operator,OP,Operating,CC01
2026-03,NY,New York,ipp-non-chp,IPP Non-CHP,49950,"Caithness Long Island, LLC",56234,Caithness Long Island Energy Center,CT01,Natural Gas Fired Combined Cycle,NG,Natural Gas,CT,NYIS,New York Independent System Operator,OP,Operating,CC01
2026-03,VA,Virginia,ipp-non-chp,IPP Non-CHP,61318,"Buchanan Generation, LLC",55738,Buchanan Generation LLC,2,Natural Gas Fired Combustion Turbine,NG,Natural Gas,GT,PJM,"PJM Interconnection, LLC",OP,Operating,
2026-03,VA,Virginia,ipp-non-chp,IPP Non-CHP,61318,"Buchanan Generation, LLC",55738,Buchanan Generation LLC,1,Natural Gas Fired Combustion Turbine,NG,Natural Gas,GT,PJM,"PJM Interconnection, LLC",OP,Operating,
2026-03,NY,New York,ipp-non-chp,IPP Non-CHP,1268,Bayswater Peaking Facility LLC,55699,Bayswater Peaking Facility LLC,1,Natural Gas Fired Combustion Turbine,NG,Natural Gas,GT,NYIS,New York Independent System Operator,OP,Operating,
2026-03,PA,Pennsylvania,ipp-non-chp,IPP Non-CHP,56607,Calpine Bethlehem LLC,55690,Bethlehem Power Plant,STG8,Natural Gas Fired Combined Cycle,NG,Natural Gas,CA,PJM,"PJM Interconnection, LLC",OP,Operating,5678
2026-03,PA,Pennsylvania,ipp-non-chp,IPP Non-CHP,56607,Calpine Bethlehem LLC,55690,Bethlehem Power Plant,STG4,Natural Gas Fired Combined Cycle,NG,Natural Gas,CA,PJM,"PJM Interconnection, LLC",OP,Operating,1234
2026-03,PA,Pennsylvania,ipp-non-chp,IPP Non-CHP,56607,Calpine Bethlehem LLC,55690,Bethlehem Power Plant,CTG7,Natural Gas Fired Combined Cycle,NG,Natural Gas,CT,PJM,"PJM Interconnection, LLC",OP,Operating,5678
2026-03,PA,Pennsylvania,ipp-non-chp,IPP Non-CHP,56607,Calpine Bethlehem LLC,55690,Bethlehem Power Plant,CTG6,Natural Gas Fired Combined Cycle,NG,Natural Gas,CT,PJM,"PJM Interconnection, LLC",OP,Operating,5678
2026-03,PA,Pennsylvania,ipp-non-chp,IPP Non-CHP,56607,Calpine Bethlehem LLC,55690,Bethlehem Power Plant,CTG5,Natural Gas Fired Combined Cycle,NG,Natural Gas,CT,PJM,"PJM Interconnection, LLC",OP,Operating,5678
2026-03,PA,Pennsylvania,ipp-non-chp,IPP Non-CHP,56607,Calpine Bethlehem LLC,55690,Bethlehem Power Plant,CTG3,Natural Gas Fired Combined Cycle,NG,Natural Gas,CT,PJM,"PJM Interconnection, LLC",OP,Operating,1234
2026-03,PA,Pennsylvania,ipp-non-chp,IPP Non-CHP,56607,Calpine Bethlehem LLC,55690,Bethlehem Power Plant,CTG2,Natural Gas Fired Combined Cycle,NG,Natural Gas,CT,PJM,"PJM Interconnection, LLC",OP,Operating,1234
2026-03,PA,Pennsylvania,ipp-non-chp,IPP Non-CHP,56607,Calpine Bethlehem LLC,55690,Bethlehem Power Plant,CTG1,Natural Gas Fired Combined Cycle,NG,Natural Gas,CT,PJM,"PJM Interconnection, LLC",OP,Operating,1234
2026-03,PA,Pennsylvania,ipp-non-chp,IPP Non-CHP,63032,"Brunot Island Power, LLC",3096,Brunot Island,2A,Natural Gas Fired Combined Cycle,NG,Natural Gas,CT,PJM,"PJM Interconnection, LLC",OP,Operating,BICC
2026-03,PA,Pennsylvania,ipp-non-chp,IPP Non-CHP,63032,"Brunot Island Power, LLC",3096,Brunot Island,2B,Natural Gas Fired Combined Cycle,NG,Natural Gas,CT,PJM,"PJM Interconnection, LLC",OP,Operating,BICC
2026-03,PA,Pennsylvania,ipp-non-chp,IPP Non-CHP,63032,"Brunot Island Power, LLC",3096,Brunot Island,3,Natural Gas Fired Combined Cycle,NG,Natural Gas,CT,PJM,"PJM Interconnection, LLC",OP,Operating,BICC
2026-03,MD,Maryland,ipp-chp,IPP CHP,14410,"KMC Thermo, LLC",54832,Brandywine Power Facility,2,Natural Gas Fired Combined Cycle,NG,Natural Gas,CT,PJM,"PJM Interconnection, LLC",OP,Operating,F701
2026-03,MA,Massachusetts,ipp-non-chp,IPP Non-CHP,1616,Berkshire Power Co LLC,55041,Berkshire Power,GEN2,Natural Gas Fired Combined Cycle,NG,Natural Gas,CS,ISNE,ISO New England Inc.,OP,Operating,
2026-03,NY,New York,ipp-chp,IPP CHP,2313,Brooklyn Navy Yard Cogen PLP,54914,Brooklyn Navy Yard Cogeneration,04,Natural Gas Fired Combined Cycle,NG,Natural Gas,CA,NYIS,New York Independent System Operator,OP,Operating,CC2
2026-03,NY,New York,ipp-chp,IPP CHP,2313,Brooklyn Navy Yard Cogen PLP,54914,Brooklyn Navy Yard Cogeneration,03,Natural Gas Fired Combined Cycle,NG,Natural Gas,CA,NYIS,New York Independent System Operator,OP,Operating,CC1
2026-03,NY,New York,ipp-chp,IPP CHP,2313,Brooklyn Navy Yard Cogen PLP,54914,Brooklyn Navy Yard Cogeneration,02,Natural Gas Fired Combined Cycle,NG,Natural Gas,CT,NYIS,New York Independent System Operator,OP,Operating,CC2
2026-03,NY,New York,ipp-chp,IPP CHP,2313,Brooklyn Navy Yard Cogen PLP,54914,Brooklyn Navy Yard Cogeneration,01,Natural Gas Fired Combined Cycle,NG,Natural Gas,CT,NYIS,New York Independent System Operator,OP,Operating,CC1
2026-03,MD,Maryland,ipp-chp,IPP CHP,14410,"KMC Thermo, LLC",54832,Brandywine Power Facility,3,Natural Gas Fired Combined Cycle,NG,Natural Gas,CA,PJM,"PJM Interconnection, LLC",OP,Operating,F701
2026-03,MD,Maryland,ipp-chp,IPP CHP,14410,"KMC Thermo, LLC",54832,Brandywine Power Facility,1,Natural Gas Fired Combined Cycle,NG,Natural Gas,CT,PJM,"PJM Interconnection, LLC",OP,Operating,F701
2026-03,PA,Pennsylvania,ipp-non-chp,IPP Non-CHP,63032,"Brunot Island Power, LLC",3096,Brunot Island,ST4,Natural Gas Fired Combined Cycle,NG,Natural Gas,CA,PJM,"PJM Interconnection, LLC",OP,Operating,BICC
2026-03,NY,New York,ipp-non-chp,IPP Non-CHP,16839,Seneca Power Partners LP,54593,Batavia Power Plant,GEN3,Petroleum Liquids,DFO,Disillate Fuel Oil,IC,NYIS,New York Independent System Operator,SB,Standby/Backup: available for service but not normally used,
2026-03,NY,New York,ipp-non-chp,IPP Non-CHP,16839,Seneca Power Partners LP,54593,Batavia Power Plant,GEN2,Natural Gas Fired Combined Cycle,NG,Natural Gas,CA,NYIS,New York Independent System Operator,OP,Operating,CC01
2026-03,NY,New York,ipp-non-chp,IPP Non-CHP,16839,Seneca Power Partners LP,54593,Batavia Power Plant,GEN1,Natural Gas Fired Combined Cycle,NG,Natural Gas,CT,NYIS,New York Independent System Operator,OP,Operating,CC01
2026-03,NY,New York,ipp-non-chp,IPP Non-CHP,24202,Carr Street Generating Sta LP,50978,Carr Street Generating Station,GEN3,Natural Gas Fired Combined Cycle,NG,Natural Gas,CA,NYIS,New York Independent System Operator,OP,Operating,CC1
2026-03,NY,New York,ipp-non-chp,IPP Non-CHP,24202,Carr Street Generating Sta LP,50978,Carr Street Generating Station,GEN2,Natural Gas Fired Combined Cycle,NG,Natural Gas,CT,NYIS,New York Independent System Operator,OA,Out of service but expected to return to service in next calendar year,CC1
2026-03,NY,New York,ipp-non-chp,IPP Non-CHP,24202,Carr Street Generating Sta LP,50978,Carr Street Generating Station,GEN1,Natural Gas Fired Combined Cycle,NG,Natural Gas,CT,NYIS,New York Independent System Operator,OP,Operating,CC1
2026-03,CT,Connecticut,ipp-non-chp,IPP Non-CHP,2232,Bridgeport Energy LLC,55042,Bridgeport Energy Project,GEN1,Natural Gas Fired Combined Cycle,NG,Natural Gas,CT,ISNE,ISO New England Inc.,OP,Operating,BPE1
2026-03,CT,Connecticut,ipp-non-chp,IPP Non-CHP,2232,Bridgeport Energy LLC,55042,Bridgeport Energy Project,GEN2,Natural Gas Fired Combined Cycle,NG,Natural Gas,CT,ISNE,ISO New England Inc.,OP,Operating,BPE1
2026-03,CT,Connecticut,ipp-non-chp,IPP Non-CHP,2232,Bridgeport Energy LLC,55042,Bridgeport Energy Project,GEN3,Natural Gas Fired Combined Cycle,NG,Natural Gas,CA,ISNE,ISO New England Inc.,OP,Operating,BPE1
2026-03,MA,Massachusetts,ipp-non-chp,IPP Non-CHP,641,Bellingham Power Generation LLC,55211,ANP Bellingham Energy Project,U1,Natural Gas Fired Combined Cycle,NG,Natural Gas,CS,ISNE,ISO New England Inc.,OP,Operating,
2026-03,MA,Massachusetts,ipp-non-chp,IPP Non-CHP,641,Bellingham Power Generation LLC,55211,ANP Bellingham Energy Project,U2,Natural Gas Fired Combined Cycle,NG,Natural Gas,CS,ISNE,ISO New England Inc.,OP,Operating,
2026-03,MA,Massachusetts,ipp-non-chp,IPP Non-CHP,656,ANP Blackstone Energy Company LLC,55212,ANP Blackstone Energy Project,U1,Natural Gas Fired Combined Cycle,NG,Natural Gas,CS,ISNE,ISO New England Inc.,OP,Operating,
2026-03,MA,Massachusetts,ipp-non-chp,IPP Non-CHP,656,ANP Blackstone Energy Company LLC,55212,ANP Blackstone Energy Project,U2,Natural Gas Fired Combined Cycle,NG,Natural Gas,CS,ISNE,ISO New England Inc.,OP,Operating,
2026-03,PA,Pennsylvania,ipp-non-chp,IPP Non-CHP,56412,Armstrong Power LLC,55347,Armstrong,1,Natural Gas Fired Combustion Turbine,NG,Natural Gas,GT,PJM,"PJM Interconnection, LLC",OP,Operating,
2026-03,PA,Pennsylvania,ipp-non-chp,IPP Non-CHP,56412,Armstrong Power LLC,55347,Armstrong,2,Natural Gas Fired Combustion Turbine,NG,Natural Gas,GT,PJM,"PJM Interconnection, LLC",OP,Operating,
2026-03,PA,Pennsylvania,ipp-non-chp,IPP Non-CHP,56412,Armstrong Power LLC,55347,Armstrong,3,Natural Gas Fired Combustion Turbine,NG,Natural Gas,GT,PJM,"PJM Interconnection, LLC",OP,Operating,
2026-03,PA,Pennsylvania,ipp-non-chp,IPP Non-CHP,56412,Armstrong Power LLC,55347,Armstrong,4,Natural Gas Fired Combustion Turbine,NG,Natural Gas,GT,PJM,"PJM Interconnection, LLC",OP,Operating,
2026-03,NY,New York,ipp-non-chp,IPP Non-CHP,22979,Astoria Energy LLC,55375,Astoria Energy,CT1,Natural Gas Fired Combined Cycle,NG,Natural Gas,CT,NYIS,New York Independent System Operator,OP,Operating,CC1
2026-03,NY,New York,ipp-non-chp,IPP Non-CHP,22979,Astoria Energy LLC,55375,Astoria Energy,CT2,Natural Gas Fired Combined Cycle,NG,Natural Gas,CT,NYIS,New York Independent System Operator,OP,Operating,CC1
2026-03,NY,New York,ipp-non-chp,IPP Non-CHP,22979,Astoria Energy LLC,55375,Astoria Energy,ST1,Natural Gas Fired Combined Cycle,NG,Natural Gas,CA,NYIS,New York Independent System Operator,OP,Operating,CC1
2026-03,NY,New York,ipp-non-chp,IPP Non-CHP,32173,New Athens Generating Company LLC,55405,Athens Generating Plant,CT1,Natural Gas Fired Combined Cycle,NG,Natural Gas,CT,NYIS,New York Independent System Operator,OP,Operating,3668
2026-03,NY,New York,ipp-non-chp,IPP Non-CHP,32173,New Athens Generating Company LLC,55405,Athens Generating Plant,CT2,Natural Gas Fired Combined Cycle,NG,Natural Gas,CT,NYIS,New York Independent System Operator,OP,Operating,3670
2026-03,NY,New York,ipp-non-chp,IPP Non-CHP,32173,New Athens Generating Company LLC,55405,Athens Generating Plant,CT3,Natural Gas Fired Combined Cycle,NG,Natural Gas,CT,NYIS,New York Independent System Operator,OP,Operating,3677
2026-03,NY,New York,ipp-non-chp,IPP Non-CHP,24457,Calpine Eastern Corp,50292,Bethpage Power Plant,GEN7,Natural Gas Fired Combined Cycle,NG,Natural Gas,CA,NYIS,New York Independent System Operator,OP,Operating,G603
2026-03,NY,New York,ipp-non-chp,IPP Non-CHP,24457,Calpine Eastern Corp,50292,Bethpage Power Plant,GEN6,Natural Gas Fired Combined Cycle,NG,Natural Gas,CT,NYIS,New York Independent System Operator,OP,Operating,G603
2026-03,NY,New York,ipp-non-chp,IPP Non-CHP,24457,Calpine Eastern Corp,50292,Bethpage Power Plant,GEN5,Natural Gas Fired Combustion Turbine,NG,Natural Gas,GT,NYIS,New York Independent System Operator,OP,Operating,
2026-03,NY,New York,ipp-non-chp,IPP Non-CHP,60741,Fortistar Castleton Power,10190,Castleton Energy Center,GEN2,Natural Gas Fired Combined Cycle,NG,Natural Gas,CA,NYIS,New York Independent System Operator,OP,Operating,CCCC
2026-03,PA,Pennsylvania,ipp-non-chp,IPP Non-CHP,15537,Brunner Island LLC,3140,Brunner Island,1,Natural Gas Steam Turbine,NG,Natural Gas,ST,PJM,"PJM Interconnection, LLC",OP,Operating,
2026-03,PA,Pennsylvania,ipp-non-chp,IPP Non-CHP,15537,Brunner Island LLC,3140,Brunner Island,2,Natural Gas Steam Turbine,NG,Natural Gas,ST,PJM,"PJM Interconnection, LLC",OP,Operating,
2026-03,PA,Pennsylvania,ipp-non-chp,IPP Non-CHP,15537,Brunner Island LLC,3140,Brunner Island,3,Natural Gas Steam Turbine,NG,Natural Gas,ST,PJM,"PJM Interconnection, LLC",OP,Operating,
2026-03,VT,Vermont,electric-utility,Electric Utility,7601,Green Mountain Power Corp,3734,Berlin 5,GT1,Petroleum Liquids,KER,Kerosene,GT,ISNE,ISO New England Inc.,OP,Operating,
2026-03,CT,Connecticut,electric-utility,Electric Utility,66605,"MPH AL Pierce, LLC",6635,A L Pierce,4,Natural Gas Fired Combustion Turbine,NG,Natural Gas,GT,ISNE,ISO New England Inc.,OP,Operating,
2026-03,NY,New York,electric-utility,Electric Utility,15296,New York Power Authority,7910,Joseph J Seymour Power Project,1,Natural Gas Fired Combustion Turbine,NG,Natural Gas,GT,NYIS,New York Independent System Operator,OP,Operating,
2026-03,NY,New York,electric-utility,Electric Utility,15296,New York Power Authority,7910,Joseph J Seymour Power Project,2,Natural Gas Fired Combustion Turbine,NG,Natural Gas,GT,NYIS,New York Independent System Operator,OP,Operating,
2026-03,NY,New York,electric-utility,Electric Utility,15296,New York Power Authority,7912,Brentwood,1,Natural Gas Fired Combustion Turbine,NG,Natural Gas,GT,NYIS,New York Independent System Operator,OP,Operating,
2026-03,NY,New York,ipp-non-chp,IPP Non-CHP,54863,U S Power Generating Company LLC,8906,Astoria Generating Station,1,Natural Gas Fired Combustion Turbine,NG,Natural Gas,GT,NYIS,New York Independent System Operator,OS,Out of service and NOT expected to return to service in next calendar year,
2026-03,NY,New York,ipp-non-chp,IPP Non-CHP,54863,U S Power Generating Company LLC,8906,Astoria Generating Station,2,Natural Gas Steam Turbine,NG,Natural Gas,ST,NYIS,New York Independent System Operator,OP,Operating,
2026-03,NY,New York,ipp-non-chp,IPP Non-CHP,54863,U S Power Generating Company LLC,8906,Astoria Generating Station,3,Natural Gas Steam Turbine,NG,Natural Gas,ST,NYIS,New York Independent System Operator,OP,Operating,
2026-03,NY,New York,ipp-non-chp,IPP Non-CHP,54863,U S Power Generating Company LLC,8906,Astoria Generating Station,4,Natural Gas Steam Turbine,NG,Natural Gas,ST,NYIS,New York Independent System Operator,OS,Out of service and NOT expected to return to service in next calendar year,
2026-03,NY,New York,ipp-non-chp,IPP Non-CHP,54863,U S Power Generating Company LLC,8906,Astoria Generating Station,ST5,Natural Gas Steam Turbine,NG,Natural Gas,ST,NYIS,New York Independent System Operator,OP,Operating,
2026-03,NY,New York,ipp-non-chp,IPP Non-CHP,60741,Fortistar Castleton Power,10190,Castleton Energy Center,GEN1,Natural Gas Fired Combined Cycle,NG,Natural Gas,CT,NYIS,New York Independent System Operator,OP,Operating,CCCC
2026-03,MA,Massachusetts,ipp-non-chp,IPP Non-CHP,21970,Northeast Energy Associates LP,10307,Bellingham Cogeneration Facility,CT1,Natural Gas Fired Combined Cycle,NG,Natural Gas,CT,ISNE,ISO New England Inc.,OP,Operating,CC1
2026-03,NY,New York,ipp-non-chp,IPP Non-CHP,24457,Calpine Eastern Corp,50292,Bethpage Power Plant,GEN3,Natural Gas Fired Combined Cycle,NG,Natural Gas,CA,NYIS,New York Independent System Operator,OP,Operating,G602
2026-03,MA,Massachusetts,ipp-non-chp,IPP Non-CHP,21970,Northeast Energy Associates LP,10307,Bellingham Cogeneration Facility,CT2,Natural Gas Fired Combined Cycle,NG,Natural Gas,CT,ISNE,ISO New England Inc.,OP,Operating,CC1
2026-03,MA,Massachusetts,ipp-non-chp,IPP Non-CHP,21970,Northeast Energy Associates LP,10307,Bellingham Cogeneration Facility,ST1,Natural Gas Fired Combined Cycle,NG,Natural Gas,CA,ISNE,ISO New England Inc.,OP,Operating,CC1
2026-03,CT,Connecticut,ipp-chp,IPP CHP,291,Ahlstrom Power Windsor Locks LLC,10567,Algonquin Windsor Locks,GTG,Natural Gas Fired Combined Cycle,NG,Natural Gas,CT,ISNE,ISO New England Inc.,OP,Operating,CC1
2026-03,CT,Connecticut,ipp-chp,IPP CHP,291,Ahlstrom Power Windsor Locks LLC,10567,Algonquin Windsor Locks,GTG2,Natural Gas Fired Combined Cycle,NG,Natural Gas,CT,ISNE,ISO New England Inc.,OP,Operating,CC1
2026-03,CT,Connecticut,ipp-chp,IPP CHP,291,Ahlstrom Power Windsor Locks LLC,10567,Algonquin Windsor Locks,STG,Natural Gas Fired Combined Cycle,NG,Natural Gas,CA,ISNE,ISO New England Inc.,OP,Operating,CC1
2026-03,NY,New York,ipp-chp,IPP CHP,58338,Lakeside Beaver Falls LLC,10617,CH Resources Beaver Falls,GEN1,Natural Gas Fired Combined Cycle,NG,Natural Gas,CT,NYIS,New York Independent System Operator,OP,Operating,CC01
2026-03,NY,New York,ipp-chp,IPP CHP,58338,Lakeside Beaver Falls LLC,10617,CH Resources Beaver Falls,GEN2,Natural Gas Fired Combined Cycle,NG,Natural Gas,CA,NYIS,New York Independent System Operator,OP,Operating,CC01
2026-03,NY,New York,ipp-non-chp,IPP Non-CHP,3085,Carthage Energy LLC,10620,Carthage Energy LLC,GEN1,Natural Gas Fired Combined Cycle,NG,Natural Gas,CT,NYIS,New York Independent System Operator,OP,Operating,CC1
2026-03,NY,New York,ipp-non-chp,IPP Non-CHP,3085,Carthage Energy LLC,10620,Carthage Energy LLC,GEN2,Natural Gas Fired Combined Cycle,NG,Natural Gas,CA,NYIS,New York Independent System Operator,OP,Operating,CC1
2026-03,NJ,New Jersey,ipp-non-chp,IPP Non-CHP,67644,,10751,Camden Plant Holding LLC,GEN1,Natural Gas Fired Combined Cycle,NG,Natural Gas,CT,PJM,"PJM Interconnection, LLC",OP,Operating,CC1
2026-03,NJ,New Jersey,ipp-non-chp,IPP Non-CHP,67644,,10751,Camden Plant Holding LLC,GEN2,Natural Gas Fired Combined Cycle,NG,Natural Gas,CA,PJM,"PJM Interconnection, LLC",OP,Operating,CC1
2026-03,ME,Maine,ipp-non-chp,IPP Non-CHP,9303,Bucksport Generation LLC,50243,Bucksport Generation LLC,GEN4,Natural Gas Fired Combustion Turbine,NG,Natural Gas,GT,ISNE,ISO New England Inc.,OP,Operating,CC1
2026-03,NY,New York,ipp-non-chp,IPP Non-CHP,24457,Calpine Eastern Corp,50292,Bethpage Power Plant,GEN1,Natural Gas Fired Combined Cycle,NG,Natural Gas,CT,NYIS,New York Independent System Operator,OP,Operating,G602
2026-03,NY,New York,ipp-non-chp,IPP Non-CHP,24457,Calpine Eastern Corp,50292,Bethpage Power Plant,GEN2,Natural Gas Fired Combined Cycle,NG,Natural Gas,CT,NYIS,New York Independent System Operator,OP,Operating,G602
2026-03,NY,New York,ipp-non-chp,IPP Non-CHP,32173,New Athens Generating Company LLC,55405,Athens Generating Plant,ST2,Natural Gas Fired Combined Cycle,NG,Natural Gas,CA,NYIS,New York Independent System Operator,OP,Operating,3670
2026-03,NY,New York,ipp-non-chp,IPP Non-CHP,32173,New Athens Generating Company LLC,55405,Athens Generating Plant,ST1,Natural Gas Fired Combined Cycle,NG,Natural Gas,CA,NYIS,New York Independent System Operator,OP,Operating,3668
2025-12,NH,New Hampshire,ipp-non-chp,IPP Non-CHP,62032,Granite Shore Power,2367,Schiller,4,Conventional Steam Coal,BIT,Bituminous Coal,ST,ISNE,ISO New England Inc.,OS,Out of service and NOT expected to return to service in next calendar year,
2025-12,NH,New Hampshire,ipp-non-chp,IPP Non-CHP,62032,Granite Shore Power,2367,Schiller,5,Wood/Wood Waste Biomass,WDS,Wood Waste Solids,ST,ISNE,ISO New England Inc.,OS,Out of service and NOT expected to return to service in next calendar year,
2025-12,NH,New Hampshire,ipp-non-chp,IPP Non-CHP,62032,Granite Shore Power,2367,Schiller,6,Conventional Steam Coal,BIT,Bituminous Coal,ST,ISNE,ISO New England Inc.,OS,Out of service and NOT expected to return to service in next calendar year,
2025-12,NY,New York,ipp-non-chp,IPP Non-CHP,13192,NRG Arthur Kill Operations Inc,2490,Arthur Kill Generating Station,GT1,Natural Gas Fired Combustion Turbine,NG,Natural Gas,GT,NYIS,New York Independent System Operator,OP,Operating,
2025-09,ME,Maine,industrial-chp,Industrial CHP,66314,JGT2 Energy LLC,55031,Androscoggin Energy Center,CT01,Natural Gas Fired Combustion Turbine,NG,Natural Gas,GT,ISNE,ISO New England Inc.,OS,Out of service and NOT expected to return to service in next calendar year,
2025-09,ME,Maine,industrial-chp,Industrial CHP,66314,JGT2 Energy LLC,55031,Androscoggin Energy Center,CT03,Natural Gas Fired Combustion Turbine,NG,Natural Gas,GT,ISNE,ISO New England Inc.,OS,Out of service and NOT expected to return to service in next calendar year,
2025-09,ME,Maine,industrial-chp,Industrial CHP,66314,JGT2 Energy LLC,55031,Androscoggin Energy Center,CT02,Natural Gas Fired Combustion Turbine,NG,Natural Gas,GT,ISNE,ISO New England Inc.,OS,Out of service and NOT expected to return to service in next calendar year,
2025-01,DE,Delaware,ipp-non-chp,IPP Non-CHP,9332,Indian River Operations Inc,594,Indian River Generating Station,4,Conventional Steam Coal,BIT,Bituminous Coal,ST,PJM,"PJM Interconnection, LLC",OP,Operating,
2025-01,MD,Maryland,ipp-non-chp,IPP Non-CHP,60422,H.A. Wagner LLC,1554,Herbert A Wagner,GT1,Petroleum Liquids,DFO,Disillate Fuel Oil,GT,PJM,"PJM Interconnection, LLC",OP,Operating,
2024-12,MD,Maryland,ipp-non-chp,IPP Non-CHP,60422,H.A. Wagner LLC,1554,Herbert A Wagner,1,Petroleum Liquids,DFO,Disillate Fuel Oil,ST,PJM,"PJM Interconnection, LLC",OP,Operating,
2024-07,NY,New York,ipp-non-chp,IPP Non-CHP,24457,Calpine Eastern Corp,50292,Bethpage Power Plant,GEN4,Petroleum Liquids,DFO,Disillate Fuel Oil,IC,NYIS,New York Independent System Operator,SB,Standby/Backup: available for service but not normally used,
2024-05,NJ,New Jersey,ipp-non-chp,IPP Non-CHP,56606,Calpine New Jersey Generation LLC,8008,Mickleton Station,MICK,Natural Gas Fired Combustion Turbine,NG,Natural Gas,GT,PJM,"PJM Interconnection, LLC",OP,Operating,
2024-05,MA,Massachusetts,ipp-non-chp,IPP Non-CHP,49965,Constellation Mystic Power LLC,1588,Mystic Generating Station,GT81,Natural Gas Fired Combined Cycle,NG,Natural Gas,CT,ISNE,ISO New England Inc.,OP,Operating,G941
2024-05,MA,Massachusetts,ipp-non-chp,IPP Non-CHP,49965,Constellation Mystic Power LLC,1588,Mystic Generating Station,GT82,Natural Gas Fired Combined Cycle,NG,Natural Gas,CT,ISNE,ISO New England Inc.,OP,Operating,G941
2024-05,MA,Massachusetts,ipp-non-chp,IPP Non-CHP,49965,Constellation Mystic Power LLC,1588,Mystic Generating Station,ST96,Natural Gas Fired Combined Cycle,NG,Natural Gas,CA,ISNE,ISO New England Inc.,OP,Operating,G942
2024-05,MA,Massachusetts,ipp-non-chp,IPP Non-CHP,49965,Constellation Mystic Power LLC,1588,Mystic Generating Station,ST85,Natural Gas Fired Combined Cycle,NG,Natural Gas,CA,ISNE,ISO New England Inc.,OP,Operating,G941
2024-05,MA,Massachusetts,ipp-non-chp,IPP Non-CHP,49965,Constellation Mystic Power LLC,1588,Mystic Generating Station,GT94,Natural Gas Fired Combined Cycle,NG,Natural Gas,CT,ISNE,ISO New England Inc.,OP,Operating,G942
2024-05,MA,Massachusetts,ipp-non-chp,IPP Non-CHP,49965,Constellation Mystic Power LLC,1588,Mystic Generating Station,GT93,Natural Gas Fired Combined Cycle,NG,Natural Gas,CT,ISNE,ISO New England Inc.,OP,Operating,G942
2024-05,NJ,New Jersey,ipp-non-chp,IPP Non-CHP,56606,Calpine New Jersey Generation LLC,2379,Carlls Corner,CA1,Natural Gas Fired Combustion Turbine,NG,Natural Gas,GT,PJM,"PJM Interconnection, LLC",OP,Operating,
2024-05,NJ,New Jersey,ipp-non-chp,IPP Non-CHP,56606,Calpine New Jersey Generation LLC,2379,Carlls Corner,CA2,Natural Gas Fired Combustion Turbine,NG,Natural Gas,GT,PJM,"PJM Interconnection, LLC",OP,Operating,
2024-05,MD,Maryland,ipp-chp,IPP CHP,35,AES WR Ltd Partnership,10678,AES Warrior Run Cogeneration Facility,GEN1,Conventional Steam Coal,BIT,Bituminous Coal,ST,PJM,"PJM Interconnection, LLC",OP,Operating,
2024-03,PA,Pennsylvania,ipp-non-chp,IPP Non-CHP,58615,"Homer City Generation, L.P.",3122,Homer City Generating Station,1,Conventional Steam Coal,BIT,Bituminous Coal,ST,PJM,"PJM Interconnection, LLC",OP,Operating,
2023-12,MA,Massachusetts,electric-utility,Electric Utility,2144,Town of Braintree - (MA),1660,Potter Station 2,CC3,Natural Gas Fired Combined Cycle,NG,Natural Gas,CA,ISNE,ISO New England Inc.,OS,Out of service and NOT expected to return to service in next calendar year,POT2
2023-12,MA,Massachusetts,electric-utility,Electric Utility,2144,Town of Braintree - (MA),1660,Potter Station 2,CC2,Natural Gas Fired Combined Cycle,NG,Natural Gas,CT,ISNE,ISO New England Inc.,OS,Out of service and NOT expected to return to service in next calendar year,POT2
2023-12,NY,New York,ipp-non-chp,IPP Non-CHP,1746,Black River Generation LLC,10464,ReEnergy Black River,GEN1,Wood/Wood Waste Biomass,WDS,Wood Waste Solids,ST,NYIS,New York Independent System Operator,OS,Out of service and NOT expected to return to service in next calendar year,
2023-07,PA,Pennsylvania,ipp-non-chp,IPP Non-CHP,58615,NRG Homer City Services LLC,3122,Homer City Generating Station,2,Conventional Steam Coal,BIT,Bituminous Coal,ST,PJM,"PJM Interconnection, LLC",OP,Operating,
2023-06,PA,Pennsylvania,ipp-non-chp,IPP Non-CHP,58615,NRG Homer City Services LLC,3122,Homer City Generating Station,3,Conventional Steam Coal,BIT,Bituminous Coal,ST,PJM,"PJM Interconnection, LLC",OP,Operating,
2023-05,PA,Pennsylvania,ipp-non-chp,IPP Non-CHP,15276,TalenEnergy Martins Creek LLC,3148,TalenEnergy Martins Creek,CTG1,Natural Gas Fired Combustion Turbine,NG,Natural Gas,GT,PJM,"PJM Interconnection, LLC",OP,Operating,
2023-05,PA,Pennsylvania,ipp-non-chp,IPP Non-CHP,15276,TalenEnergy Martins Creek LLC,3148,TalenEnergy Martins Creek,CTG2,Natural Gas Fired Combustion Turbine,NG,Natural Gas,GT,PJM,"PJM Interconnection, LLC",OP,Operating,
2023-05,PA,Pennsylvania,ipp-non-chp,IPP Non-CHP,15276,TalenEnergy Martins Creek LLC,3148,TalenEnergy Martins Creek,CTG4,Natural Gas Fired Combustion Turbine,NG,Natural Gas,GT,PJM,"PJM Interconnection, LLC",OP,Operating,
2023-04,NY,New York,ipp-non-chp,IPP Non-CHP,61130,Ravenswood Operations LLC,2500,Ravenswood,GT1,Natural Gas Fired Combustion Turbine,NG,Natural Gas,GT,NYIS,New York Independent System Operator,OS,Out of service and NOT expected to return to service in next calendar year,
2023-04,NY,New York,ipp-non-chp,IPP Non-CHP,61130,Ravenswood Operations LLC,2500,Ravenswood,GT10,Natural Gas Fired Combustion Turbine,NG,Natural Gas,GT,NYIS,New York Independent System Operator,OS,Out of service and NOT expected to return to service in next calendar year,
2023-04,NY,New York,ipp-non-chp,IPP Non-CHP,61130,Ravenswood Operations LLC,2500,Ravenswood,GT11,Natural Gas Fired Combustion Turbine,NG,Natural Gas,GT,NYIS,New York Independent System Operator,OP,Operating,
2023-04,VA,Virginia,electric-utility,Electric Utility,19876,Virginia Electric & Power Co,3809,Yorktown,3,Natural Gas Steam Turbine,NG,Natural Gas,ST,PJM,"PJM Interconnection, LLC",OP,Operating,
2023-04,VA,Virginia,electric-utility,Electric Utility,19876,Virginia Electric & Power Co,3797,Chesterfield,6,Conventional Steam Coal,BIT,Bituminous Coal,ST,PJM,"PJM Interconnection, LLC",OP,Operating,
2023-04,VA,Virginia,electric-utility,Electric Utility,19876,Virginia Electric & Power Co,3797,Chesterfield,5,Conventional Steam Coal,BIT,Bituminous Coal,ST,PJM,"PJM Interconnection, LLC",OP,Operating,
2022-09,MD,Maryland,ipp-non-chp,IPP Non-CHP,12653,"Lanyard Power Holdings, LLC",1572,Dickerson Power,GT1,Petroleum Liquids,DFO,Disillate Fuel Oil,GT,PJM,"PJM Interconnection, LLC",OP,Operating,
2022-09,NJ,New Jersey,electric-utility,Electric Utility,19856,City of Vineland - (NJ),6776,West Station (NJ),1,Petroleum Liquids,DFO,Disillate Fuel Oil,GT,PJM,"PJM Interconnection, LLC",OP,Operating,
2022-08,MD,Maryland,ipp-non-chp,IPP Non-CHP,12653,"Lanyard Power Holdings, LLC",1573,Morgantown Generating Plant,GT2,Petroleum Liquids,DFO,Disillate Fuel Oil,GT,PJM,"PJM Interconnection, LLC",OP,Operating,
2022-08,MD,Maryland,ipp-non-chp,IPP Non-CHP,12653,"Lanyard Power Holdings, LLC",1573,Morgantown Generating Plant,GT1,Petroleum Liquids,DFO,Disillate Fuel Oil,GT,PJM,"PJM Interconnection, LLC",OP,Operating,
2022-05,MD,Maryland,ipp-non-chp,IPP Non-CHP,12653,"Lanyard Power Holdings, LLC",1573,Morgantown Generating Plant,ST2,Conventional Steam Coal,BIT,Bituminous Coal,ST,PJM,"PJM Interconnection, LLC",OP,Operating,
2022-05,MD,Maryland,ipp-non-chp,IPP Non-CHP,12653,"Lanyard Power Holdings, LLC",1573,Morgantown Generating Plant,ST1,Conventional Steam Coal,BIT,Bituminous Coal,ST,PJM,"PJM Interconnection, LLC",OP,Operating,
2022-05,PA,Pennsylvania,ipp-non-chp,IPP Non-CHP,15276,TalenEnergy Martins Creek LLC,3148,TalenEnergy Martins Creek,CTG3,Natural Gas Fired Combustion Turbine,NG,Natural Gas,GT,PJM,"PJM Interconnection, LLC",OP,Operating,
2021-12,NY,New York,ipp-non-chp,IPP Non-CHP,61130,"Helix Ravenswood, LLC",2500,Ravenswood,GT34,Natural Gas Fired Combustion Turbine,NG,Natural Gas,GT,NYIS,New York Independent System Operator,OS,Out of service and NOT expected to return to service in next calendar year,
2021-12,NY,New York,ipp-non-chp,IPP Non-CHP,61130,"Helix Ravenswood, LLC",2500,Ravenswood,GT21,Natural Gas Fired Combustion Turbine,NG,Natural Gas,GT,NYIS,New York Independent System Operator,OS,Out of service and NOT expected to return to service in next calendar year,
2021-12,NY,New York,ipp-non-chp,IPP Non-CHP,61130,"Helix Ravenswood, LLC",2500,Ravenswood,GT22,Natural Gas Fired Combustion Turbine,NG,Natural Gas,GT,NYIS,New York Independent System Operator,OS,Out of service and NOT expected to return to service in next calendar year,
2021-12,NY,New York,ipp-non-chp,IPP Non-CHP,61130,"Helix Ravenswood, LLC",2500,Ravenswood,GT23,Natural Gas Fired Combustion Turbine,NG,Natural Gas,GT,NYIS,New York Independent System Operator,OS,Out of service and NOT expected to return to service in next calendar year,
2021-12,NY,New York,ipp-non-chp,IPP Non-CHP,61130,"Helix Ravenswood, LLC",2500,Ravenswood,GT31,Natural Gas Fired Combustion Turbine,NG,Natural Gas,GT,NYIS,New York Independent System Operator,OS,Out of service and NOT expected to return to service in next calendar year,
2021-12,NY,New York,ipp-non-chp,IPP Non-CHP,61130,"Helix Ravenswood, LLC",2500,Ravenswood,GT24,Natural Gas Fired Combustion Turbine,NG,Natural Gas,GT,NYIS,New York Independent System Operator,OS,Out of service and NOT expected to return to service in next calendar year,
2021-12,NY,New York,ipp-non-chp,IPP Non-CHP,61130,"Helix Ravenswood, LLC",2500,Ravenswood,GT32,Natural Gas Fired Combustion Turbine,NG,Natural Gas,GT,NYIS,New York Independent System Operator,OS,Out of service and NOT expected to return to service in next calendar year,
2021-09,CT,Connecticut,ipp-non-chp,IPP Non-CHP,15452,PSEG Power Connecticut LLC,568,Bridgeport Station,4,Petroleum Liquids,KER,Kerosene,GT,ISNE,ISO New England Inc.,OP,Operating,
2021-05,MA,Massachusetts,ipp-non-chp,IPP Non-CHP,49965,Constellation Mystic Power LLC,1588,Mystic Generating Station,GT1,Petroleum Liquids,DFO,Disillate Fuel Oil,GT,ISNE,ISO New England Inc.,OP,Operating,
2021-05,MA,Massachusetts,ipp-non-chp,IPP Non-CHP,49965,Constellation Mystic Power LLC,1588,Mystic Generating Station,7,Petroleum Liquids,RFO,Residual Fuel Oil,ST,ISNE,ISO New England Inc.,OP,Operating,
2021-05,CT,Connecticut,ipp-non-chp,IPP Non-CHP,15452,PSEG Power Connecticut LLC,568,Bridgeport Station,3,Conventional Steam Coal,SUB,Subbituminous Coal,ST,ISNE,ISO New England Inc.,OP,Operating,
2021-02,VA,Virginia,ipp-non-chp,IPP Non-CHP,1735,Birchwood Power Partners LP,54304,Birchwood Power,1,Conventional Steam Coal,BIT,Bituminous Coal,ST,PJM,"PJM Interconnection, LLC",OP,Operating,
2020-12,MD,Maryland,ipp-non-chp,IPP Non-CHP,12628,"Chalk Point Steam, LLC",1571,Chalk Point LLC,ST1,Conventional Steam Coal,BIT,Bituminous Coal,ST,PJM,"PJM Interconnection, LLC",OP,Operating,
2020-12,MD,Maryland,ipp-non-chp,IPP Non-CHP,12628,"Chalk Point Steam, LLC",1571,Chalk Point LLC,ST2,Conventional Steam Coal,BIT,Bituminous Coal,ST,PJM,"PJM Interconnection, LLC",OP,Operating,
2020-12,MD,Maryland,commercial-non-chp,Commercial Non-CHP,58889,"Dominion Cove Point LNG, LP",59073,Cove Point LNG Terminal,5STB,Natural Gas Steam Turbine,NG,Natural Gas,ST,PJM,"PJM Interconnection, LLC",OP,Operating,CC1
2020-12,MD,Maryland,commercial-non-chp,Commercial Non-CHP,58889,"Dominion Cove Point LNG, LP",59073,Cove Point LNG Terminal,5STA,Natural Gas Steam Turbine,NG,Natural Gas,ST,PJM,"PJM Interconnection, LLC",OP,Operating,CC1
2020-12,MD,Maryland,commercial-non-chp,Commercial Non-CHP,58889,"Dominion Cove Point LNG, LP",59073,Cove Point LNG Terminal,5EG,Petroleum Liquids,DFO,Disillate Fuel Oil,IC,PJM,"PJM Interconnection, LLC",OP,Operating,
2020-12,MD,Maryland,commercial-non-chp,Commercial Non-CHP,58889,"Dominion Cove Point LNG, LP",59073,Cove Point LNG Terminal,5511,All Other,OTH,Other,OT,PJM,"PJM Interconnection, LLC",OP,Operating,
2020-12,MD,Maryland,commercial-non-chp,Commercial Non-CHP,58889,"Dominion Cove Point LNG, LP",59073,Cove Point LNG Terminal,5502,All Other,OTH,Other,OT,PJM,"PJM Interconnection, LLC",OP,Operating,
2020-12,MD,Maryland,commercial-non-chp,Commercial Non-CHP,58889,"Dominion Cove Point LNG, LP",59073,Cove Point LNG Terminal,5501,All Other,OTH,Other,OT,PJM,"PJM Interconnection, LLC",OP,Operating,
2020-12,MD,Maryland,commercial-non-chp,Commercial Non-CHP,58889,"Dominion Cove Point LNG, LP",59073,Cove Point LNG Terminal,311JA,Natural Gas Fired Combustion Turbine,NG,Natural Gas,GT,PJM,"PJM Interconnection, LLC",OP,Operating,
2020-12,MD,Maryland,commercial-non-chp,Commercial Non-CHP,58889,"Dominion Cove Point LNG, LP",59073,Cove Point LNG Terminal,214JB,Natural Gas Fired Combustion Turbine,NG,Natural Gas,GT,PJM,"PJM Interconnection, LLC",OP,Operating,
2020-12,MD,Maryland,commercial-non-chp,Commercial Non-CHP,58889,"Dominion Cove Point LNG, LP",59073,Cove Point LNG Terminal,111JC,Natural Gas Fired Combustion Turbine,NG,Natural Gas,GT,PJM,"PJM Interconnection, LLC",OP,Operating,
2020-12,MD,Maryland,commercial-non-chp,Commercial Non-CHP,58889,"Dominion Cove Point LNG, LP",59073,Cove Point LNG Terminal,214JA,Natural Gas Fired Combustion Turbine,NG,Natural Gas,GT,PJM,"PJM Interconnection, LLC",OP,Operating,
2020-12,MD,Maryland,commercial-non-chp,Commercial Non-CHP,58889,"Dominion Cove Point LNG, LP",59073,Cove Point LNG Terminal,111JB,Natural Gas Fired Combustion Turbine,NG,Natural Gas,GT,PJM,"PJM Interconnection, LLC",OP,Operating,
2020-12,MD,Maryland,commercial-non-chp,Commercial Non-CHP,58889,"Dominion Cove Point LNG, LP",59073,Cove Point LNG Terminal,111JA,Natural Gas Fired Combustion Turbine,NG,Natural Gas,GT,PJM,"PJM Interconnection, LLC",OP,Operating,
2020-12,MA,Massachusetts,electric-utility,Electric Utility,18488,City of Taunton,1682,Cleary Flood Hybrid,8,Petroleum Liquids,RFO,Residual Fuel Oil,ST,ISNE,ISO New England Inc.,OP,Operating,
2020-11,VA,Virginia,electric-utility,Electric Utility,19876,Virginia Electric & Power Co,3804,Possum Point,5,Petroleum Liquids,RFO,Residual Fuel Oil,ST,PJM,"PJM Interconnection, LLC",OP,Operating,
2020-08,NY,New York,ipp-non-chp,IPP Non-CHP,61130,"Helix Ravenswood, LLC",2500,Ravenswood,GT9,Natural Gas Fired Combustion Turbine,NG,Natural Gas,GT,NYIS,New York Independent System Operator,OS,Out of service and NOT expected to return to service in next calendar year,
2020-08,NY,New York,ipp-non-chp,IPP Non-CHP,61130,"Helix Ravenswood, LLC",2500,Ravenswood,GT6,Natural Gas Fired Combustion Turbine,NG,Natural Gas,GT,NYIS,New York Independent System Operator,OS,Out of service and NOT expected to return to service in next calendar year,
2020-08,NY,New York,ipp-non-chp,IPP Non-CHP,61130,"Helix Ravenswood, LLC",2500,Ravenswood,GT5,Natural Gas Fired Combustion Turbine,NG,Natural Gas,GT,NYIS,New York Independent System Operator,OS,Out of service and NOT expected to return to service in next calendar year,
2020-08,NY,New York,ipp-non-chp,IPP Non-CHP,61130,"Helix Ravenswood, LLC",2500,Ravenswood,GT4,Natural Gas Fired Combustion Turbine,NG,Natural Gas,GT,NYIS,New York Independent System Operator,OS,Out of service and NOT expected to return to service in next calendar year,
2020-07,MD,Maryland,ipp-non-chp,IPP Non-CHP,12653,"Lanyard Power Holdings, LLC",1572,Dickerson,2,Conventional Steam Coal,BIT,Bituminous Coal,ST,PJM,"PJM Interconnection, LLC",OP,Operating,
2020-07,MD,Maryland,ipp-non-chp,IPP Non-CHP,12653,"Lanyard Power Holdings, LLC",1572,Dickerson,3,Conventional Steam Coal,BIT,Bituminous Coal,ST,PJM,"PJM Interconnection, LLC",OP,Operating,
2020-07,MD,Maryland,ipp-non-chp,IPP Non-CHP,12653,"Lanyard Power Holdings, LLC",1572,Dickerson,ST1,Conventional Steam Coal,BIT,Bituminous Coal,ST,PJM,"PJM Interconnection, LLC",OP,Operating,
2020-05,MD,Maryland,ipp-non-chp,IPP Non-CHP,60422,H.A. Wagner LLC,1554,Herbert A Wagner,2,Conventional Steam Coal,RC,Refined Coal,ST,PJM,"PJM Interconnection, LLC",OP,Operating,
2019-02,VA,Virginia,electric-utility,Electric Utility,19876,Virginia Electric & Power Co,3797,Chesterfield,4,Conventional Steam Coal,BIT,Bituminous Coal,ST,PJM,"PJM Interconnection, LLC",OS,Out of service and NOT expected to return to service in next calendar year,
2019-02,VA,Virginia,electric-utility,Electric Utility,19876,Virginia Electric & Power Co,3797,Chesterfield,3,Conventional Steam Coal,BIT,Bituminous Coal,ST,PJM,"PJM Interconnection, LLC",OS,Out of service and NOT expected to return to service in next calendar year,
2019-02,VA,Virginia,electric-utility,Electric Utility,19876,Virginia Electric & Power Co,3809,Yorktown,1,Conventional Steam Coal,BIT,Bituminous Coal,ST,PJM,"PJM Interconnection, LLC",OP,Operating,
2019-02,VA,Virginia,electric-utility,Electric Utility,19876,Virginia Electric & Power Co,3809,Yorktown,2,Conventional Steam Coal,BIT,Bituminous Coal,ST,PJM,"PJM Interconnection, LLC",OP,Operating,
2019-02,VA,Virginia,electric-utility,Electric Utility,19876,Virginia Electric & Power Co,3804,Possum Point,3,Natural Gas Steam Turbine,NG,Natural Gas,ST,PJM,"PJM Interconnection, LLC",OS,Out of service and NOT expected to return to service in next calendar year,
2019-02,VA,Virginia,electric-utility,Electric Utility,19876,Virginia Electric & Power Co,3804,Possum Point,4,Natural Gas Steam Turbine,NG,Natural Gas,ST,PJM,"PJM Interconnection, LLC",OS,Out of service and NOT expected to return to service in next calendar year,
2019-01,PA,Pennsylvania,ipp-non-chp,IPP Non-CHP,15534,TalenEnergy Montour LLC,3149,TalenEnergy Montour,11,Conventional Steam Coal,RC,Refined Coal,ST,PJM,"PJM Interconnection, LLC",OP,Operating,
2018-11,MA,Massachusetts,ipp-chp,IPP CHP,59528,Veolia - Kendall Green Energy,1595,Kendall Square Station,2,Natural Gas Fired Combined Cycle,NG,Natural Gas,CA,ISNE,ISO New England Inc.,OS,Out of service and NOT expected to return to service in next calendar year,CC1
2018-11,MA,Massachusetts,ipp-chp,IPP CHP,59528,Veolia - Kendall Green Energy,1595,Kendall Square Station,1,Natural Gas Fired Combined Cycle,NG,Natural Gas,CA,ISNE,ISO New England Inc.,OS,Out of service and NOT expected to return to service in next calendar year,CC1
2018-10,ME,Maine,ipp-chp,IPP CHP,9303,Bucksport Generation LLC,50243,Bucksport Generation LLC,GEN5,Natural Gas Steam Turbine,NG,Natural Gas,ST,ISNE,ISO New England Inc.,SB,Standby/Backup: available for service but not normally used,CC1
2018-10,ME,Maine,ipp-chp,IPP CHP,9303,Bucksport Generation LLC,50243,Bucksport Generation LLC,GEN3,Natural Gas Steam Turbine,NG,Natural Gas,ST,ISNE,ISO New England Inc.,OP,Operating,CC1
2018-04,NJ,New Jersey,ipp-non-chp,IPP Non-CHP,15147,PSEG Fossil LLC,2411,PSEG Sewaren Generating Station,4,Natural Gas Steam Turbine,NG,Natural Gas,ST,PJM,"PJM Interconnection, LLC",OP,Operating,
2018-04,NJ,New Jersey,ipp-non-chp,IPP Non-CHP,15147,PSEG Fossil LLC,2411,PSEG Sewaren Generating Station,3,Natural Gas Steam Turbine,NG,Natural Gas,ST,PJM,"PJM Interconnection, LLC",OP,Operating,
2018-04,NJ,New Jersey,ipp-non-chp,IPP Non-CHP,15147,PSEG Fossil LLC,2411,PSEG Sewaren Generating Station,1,Natural Gas Steam Turbine,NG,Natural Gas,ST,PJM,"PJM Interconnection, LLC",OP,Operating,
2018-04,NJ,New Jersey,ipp-non-chp,IPP Non-CHP,15147,PSEG Fossil LLC,2411,PSEG Sewaren Generating Station,2,Natural Gas Steam Turbine,NG,Natural Gas,ST,PJM,"PJM Interconnection, LLC",OP,Operating,
2018-01,PA,Pennsylvania,ipp-non-chp,IPP Non-CHP,15537,Brunner Island LLC,3140,Brunner Island,BID3,Petroleum Liquids,DFO,Disillate Fuel Oil,IC,PJM,"PJM Interconnection, LLC",SB,Standby/Backup: available for service but not normally used,
2018-01,PA,Pennsylvania,ipp-non-chp,IPP Non-CHP,15537,Brunner Island LLC,3140,Brunner Island,BID2,Petroleum Liquids,DFO,Disillate Fuel Oil,IC,PJM,"PJM Interconnection, LLC",SB,Standby/Backup: available for service but not normally used,
2018-01,PA,Pennsylvania,ipp-non-chp,IPP Non-CHP,15537,Brunner Island LLC,3140,Brunner Island,BID1,Petroleum Liquids,DFO,Disillate Fuel Oil,IC,PJM,"PJM Interconnection, LLC",SB,Standby/Backup: available for service but not normally used,
2017-10,NY,New York,ipp-non-chp,IPP Non-CHP,61130,"Helix Ravenswood, LLC",2500,Ravenswood,GT33,Natural Gas Fired Combustion Turbine,NG,Natural Gas,GT,NYIS,New York Independent System Operator,OS,Out of service and NOT expected to return to service in next calendar year,
2017-02,NY,New York,ipp-non-chp,IPP Non-CHP,61130,"Helix Ravenswood, LLC",2500,Ravenswood,GT7,Natural Gas Fired Combustion Turbine,NG,Natural Gas,GT,NYIS,New York Independent System Operator,OS,Out of service and NOT expected to return to service in next calendar year,
2016-12,MA,Massachusetts,electric-utility,Electric Utility,2144,Town of Braintree - (MA),1660,Potter Station 2,IC1,Petroleum Liquids,DFO,Disillate Fuel Oil,IC,ISNE,ISO New England Inc.,SB,Standby/Backup: available for service but not normally used,
2016-12,ME,Maine,ipp-chp,IPP CHP,9303,Bucksport Generation LLC,50243,Bucksport Generation LLC,GEN2,Wood/Wood Waste Biomass,WDS,Wood Waste Solids,ST,ISNE,ISO New England Inc.,OP,Operating,CC1
2016-12,MD,Maryland,ipp-non-chp,IPP Non-CHP,12628,NRG Chalk Point LLC,1571,Chalk Point LLC,SGT1,Natural Gas Fired Combustion Turbine,NG,Natural Gas,GT,PJM,"PJM Interconnection, LLC",OP,Operating,
2016-12,PA,Pennsylvania,industrial-chp,Industrial CHP,14310,P H Glatfelter Co,50397,P H Glatfelter,GEN2,Conventional Steam Coal,BIT,Bituminous Coal,ST,PJM,"PJM Interconnection, LLC",OS,Out of service and NOT expected to return to service in next calendar year,
2016-01,MD,Maryland,ipp-non-chp,IPP Non-CHP,4161,Constellation Power Source Gen,1556,Perryman,GT2,Petroleum Liquids,DFO,Disillate Fuel Oil,GT,PJM,"PJM Interconnection, LLC",OP,Operating,
2015-11,VA,Virginia,electric-utility,Electric Utility,733,Appalachian Power Co,3775,Clinch River,3,Conventional Steam Coal,BIT,Bituminous Coal,ST,PJM,"PJM Interconnection, LLC",OP,Operating,
2015-05,NJ,New Jersey,ipp-non-chp,IPP Non-CHP,15147,PSEG Fossil LLC,2399,PSEG Burlington Generating Station,112,Petroleum Liquids,DFO,Disillate Fuel Oil,GT,PJM,"PJM Interconnection, LLC",OP,Operating,
2015-05,NJ,New Jersey,ipp-non-chp,IPP Non-CHP,15147,PSEG Fossil LLC,2398,Bergen Generating Station,3,Natural Gas Fired Combustion Turbine,NG,Natural Gas,GT,PJM,"PJM Interconnection, LLC",OP,Operating,
2015-05,NJ,New Jersey,ipp-non-chp,IPP Non-CHP,15147,PSEG Fossil LLC,2399,PSEG Burlington Generating Station,111,Petroleum Liquids,DFO,Disillate Fuel Oil,GT,PJM,"PJM Interconnection, LLC",OP,Operating,
2015-05,NJ,New Jersey,ipp-non-chp,IPP Non-CHP,15147,PSEG Fossil LLC,2399,PSEG Burlington Generating Station,113,Petroleum Liquids,DFO,Disillate Fuel Oil,GT,PJM,"PJM Interconnection, LLC",OP,Operating,
2015-05,NJ,New Jersey,ipp-non-chp,IPP Non-CHP,15147,PSEG Fossil LLC,2399,PSEG Burlington Generating Station,114,Petroleum Liquids,DFO,Disillate Fuel Oil,GT,PJM,"PJM Interconnection, LLC",OP,Operating,
2015-05,NJ,New Jersey,ipp-non-chp,IPP Non-CHP,15147,PSEG Fossil LLC,2399,PSEG Burlington Generating Station,8,Petroleum Liquids,DFO,Disillate Fuel Oil,GT,PJM,"PJM Interconnection, LLC",OP,Operating,
2015-05,NJ,New Jersey,ipp-non-chp,IPP Non-CHP,15147,PSEG Fossil LLC,2411,PSEG Sewaren Generating Station,6,Petroleum Liquids,KER,Kerosene,GT,PJM,"PJM Interconnection, LLC",OP,Operating,
2015-04,NJ,New Jersey,ipp-non-chp,IPP Non-CHP,17235,NRG REMA LLC,2393,Gilbert,C1,Natural Gas Fired Combustion Turbine,NG,Natural Gas,GT,PJM,"PJM Interconnection, LLC",OS,Out of service and NOT expected to return to service in next calendar year,
2015-04,NJ,New Jersey,ipp-non-chp,IPP Non-CHP,17235,NRG REMA LLC,2393,Gilbert,C2,Natural Gas Fired Combustion Turbine,NG,Natural Gas,GT,PJM,"PJM Interconnection, LLC",OS,Out of service and NOT expected to return to service in next calendar year,
2015-04,NJ,New Jersey,ipp-non-chp,IPP Non-CHP,17235,NRG REMA LLC,2393,Gilbert,C3,Natural Gas Fired Combustion Turbine,NG,Natural Gas,GT,PJM,"PJM Interconnection, LLC",OS,Out of service and NOT expected to return to service in next calendar year,
2015-04,NJ,New Jersey,ipp-non-chp,IPP Non-CHP,17235,NRG REMA LLC,2393,Gilbert,C4,Natural Gas Fired Combustion Turbine,NG,Natural Gas,GT,PJM,"PJM Interconnection, LLC",OS,Out of service and NOT expected to return to service in next calendar year,
2014-12,PA,Pennsylvania,ipp-non-chp,IPP Non-CHP,17235,NRG REMA LLC,3113,Portland (PA),2,Conventional Steam Coal,BIT,Bituminous Coal,ST,PJM,"PJM Interconnection, LLC",OP,Operating,
2014-12,PA,Pennsylvania,ipp-non-chp,IPP Non-CHP,17235,NRG REMA LLC,3113,Portland (PA),1,Conventional Steam Coal,BIT,Bituminous Coal,ST,PJM,"PJM Interconnection, LLC",OP,Operating,
2014-07,NJ,New Jersey,ipp-non-chp,IPP Non-CHP,15147,PSEG Fossil LLC,2404,PSEG Kearny Generating Station,9,Natural Gas Fired Combustion Turbine,NG,Natural Gas,GT,PJM,"PJM Interconnection, LLC",OP,Operating,
2014-04,PA,Pennsylvania,ipp-non-chp,IPP Non-CHP,14165,NRG Power Midwest LP,3096,Brunot Island,1B,Petroleum Liquids,DFO,Disillate Fuel Oil,GT,PJM,"PJM Interconnection, LLC",OS,Out of service and NOT expected to return to service in next calendar year,
2014-04,PA,Pennsylvania,ipp-non-chp,IPP Non-CHP,14165,NRG Power Midwest LP,3096,Brunot Island,1C,Petroleum Liquids,DFO,Disillate Fuel Oil,GT,PJM,"PJM Interconnection, LLC",OS,Out of service and NOT expected to return to service in next calendar year,
2013-12,NJ,New Jersey,ipp-non-chp,IPP Non-CHP,15147,PSEG Fossil LLC,2399,PSEG Burlington Generating Station,91,Petroleum Liquids,KER,Kerosene,GT,PJM,"PJM Interconnection, LLC",OP,Operating,
2013-12,NJ,New Jersey,ipp-non-chp,IPP Non-CHP,15147,PSEG Fossil LLC,2399,PSEG Burlington Generating Station,92,Petroleum Liquids,KER,Kerosene,GT,PJM,"PJM Interconnection, LLC",OP,Operating,
2013-12,NJ,New Jersey,ipp-non-chp,IPP Non-CHP,15147,PSEG Fossil LLC,2399,PSEG Burlington Generating Station,93,Petroleum Liquids,KER,Kerosene,GT,PJM,"PJM Interconnection, LLC",OP,Operating,
2013-12,NJ,New Jersey,ipp-non-chp,IPP Non-CHP,15147,PSEG Fossil LLC,2399,PSEG Burlington Generating Station,94,Petroleum Liquids,KER,Kerosene,GT,PJM,"PJM Interconnection, LLC",OP,Operating,
2013-12,CT,Connecticut,ipp-non-chp,IPP Non-CHP,15452,PSEG Power Connecticut LLC,568,Bridgeport Station,2,Petroleum Liquids,RFO,Residual Fuel Oil,ST,ISNE,ISO New England Inc.,OS,Out of service and NOT expected to return to service in next calendar year,
2013-12,DE,Delaware,ipp-non-chp,IPP Non-CHP,9332,Indian River Operations Inc,594,Indian River Generating Station,3,Conventional Steam Coal,BIT,Bituminous Coal,ST,PJM,"PJM Interconnection, LLC",OP,Operating,
2013-06,DE,Delaware,ipp-non-chp,IPP Non-CHP,9332,Indian River Operations Inc,594,Indian River Generating Station,2,Conventional Steam Coal,BIT,Bituminous Coal,ST,PJM,"PJM Interconnection, LLC",OP,Operating,
2013-06,DE,Delaware,ipp-non-chp,IPP Non-CHP,9332,Indian River Operations Inc,594,Indian River Generating Station,1,Conventional Steam Coal,BIT,Bituminous Coal,ST,PJM,"PJM Interconnection, LLC",OP,Operating,
2012-12,NY,New York,ipp-non-chp,IPP Non-CHP,10023,TC Ravenswood LLC,2500,Ravenswood,GT8,Natural Gas Fired Combustion Turbine,NG,Natural Gas,GT,,,OS,Out of service and NOT expected to return to service in next calendar year,
2012-12,NJ,New Jersey,ipp-non-chp,IPP Non-CHP,15147,PSEG Fossil LLC,2406,PSEG Linden Generating Station,3,Natural Gas Fired Combustion Turbine,NG,Natural Gas,GT,,,SB,Standby/Backup: available for service but not normally used,
2011-12,PA,Pennsylvania,ipp-non-chp,IPP Non-CHP,6035,Exelon Power,3161,Eddystone Generating Station,2,Conventional Steam Coal,BIT,Bituminous Coal,ST,,,OP,Operating,
2011-12,NY,New York,electric-utility,Electric Utility,56505,National Grid Generation LLC,2514,Glenwood,5,Natural Gas Steam Turbine,NG,Natural Gas,ST,,,OP,Operating,
2011-12,NY,New York,electric-utility,Electric Utility,56505,National Grid Generation LLC,2514,Glenwood,4,Natural Gas Steam Turbine,NG,Natural Gas,ST,,,OP,Operating,
2011-12,NJ,New Jersey,ipp-non-chp,IPP Non-CHP,15147,PSEG Fossil LLC,2404,PSEG Kearny Generating Station,10,Natural Gas Fired Combustion Turbine,NG,Natural Gas,GT,,,OP,Operating,
2011-12,NJ,New Jersey,ipp-non-chp,IPP Non-CHP,15147,PSEG Fossil LLC,2404,PSEG Kearny Generating Station,11,Natural Gas Fired Combustion Turbine,NG,Natural Gas,GT,,,OP,Operating,
2011-12,NJ,New Jersey,electric-utility,Electric Utility,19856,City of Vineland - (NJ),2434,Howard Down,10,Petroleum Liquids,RFO,Residual Fuel Oil,ST,,,OP,Operating,
2011-09,NY,New York,electric-utility,Electric Utility,56505,National Grid Generation LLC,2511,E F Barrett,7,Natural Gas Fired Combustion Turbine,NG,Natural Gas,GT,,,OP,Operating,
2011-04,PA,Pennsylvania,ipp-non-chp,IPP Non-CHP,6035,Exelon Power,3161,Eddystone Generating Station,1,Conventional Steam Coal,BIT,Bituminous Coal,ST,,,OP,Operating,
2010-05,NJ,New Jersey,electric-utility,Electric Utility,19856,City of Vineland - (NJ),2434,Howard Down,9,Petroleum Liquids,RFO,Residual Fuel Oil,ST,,,OP,Operating,
2009-12,MA,Massachusetts,ipp-non-chp,IPP Non-CHP,1616,Berkshire Power Co LLC,55041,Berkshire Power,GEN1,Natural Gas Fired Combined Cycle,NG,Natural Gas,CT,,,OP,Operating,
2009-11,NY,New York,ipp-non-chp,IPP Non-CHP,25,AES Greenidge,2527,GMMGreenidge LLC,3,Conventional Steam Coal,BIT,Bituminous Coal,ST,,,OP,Operating,
2009-05,NJ,New Jersey,electric-utility,Electric Utility,19856,Vineland City of,2434,Howard Down,8,Petroleum Liquids,RFO,Residual Fuel Oil,ST,,,OP,Operating,
2008-12,DE,Delaware,ipp-non-chp,IPP Non-CHP,4252,Conectiv Delmarva Gen Inc,591,Christiana,CHCH,Petroleum Liquids,DFO,Disillate Fuel Oil,GT,,,SB,Standby/Backup: available for service but not normally used,
2008-11,NJ,New Jersey,electric-utility,Electric Utility,19856,Vineland City of,2434,Howard Down,7,Petroleum Liquids,RFO,Residual Fuel Oil,ST,,,OP,Operating,
2008-11,NJ,New Jersey,electric-utility,Electric Utility,19856,Vineland City of,2434,Howard Down,6,Petroleum Liquids,RFO,Residual Fuel Oil,ST,,,OP,Operating,
2008-11,NJ,New Jersey,electric-utility,Electric Utility,19856,Vineland City of,2434,Howard Down,5,Petroleum Liquids,RFO,Residual Fuel Oil,ST,,,OP,Operating,
