state,year,quarter,regime,group,n_plants,co2_tons,gross_mwh,co2_lb_per_mwh,nameplate_mw,gross_mwh_capmatched,capacity_factor
CT,2020,1,oblig_2020,all,17.0,2254680.261,4960657.77,909.0247162928155,7477.700000000001,4960657.77,0.30375161450742844
CT,2020,1,oblig_2020,covered,17.0,2254680.261,4960657.77,909.0247162928155,7477.700000000001,4960657.77,0.30375161450742844
CT,2020,2,oblig_2020,all,24.0,2206569.5579999997,4906592.640000001,899.4305090711583,7767.2,4906592.640000001,0.289243015713301
CT,2020,2,oblig_2020,covered,17.0,2206569.5579999997,4906235.890000001,899.4959098878547,7477.700000000001,4906235.890000001,0.30041924717209234
CT,2020,2,oblig_2020,not_covered,7.0,0.0,356.75,0.0,289.5,356.75,0.0005642385823732974
CT,2020,3,oblig_2020,all,24.0,2803428.8219999997,6177661.790000001,907.601910657527,7767.2,6177661.790000001,0.3602139859354686
CT,2020,3,oblig_2020,covered,17.0,2803428.8219999997,6176718.9,907.7404581257532,7477.700000000001,6176718.9,0.37410260348014474
CT,2020,3,oblig_2020,not_covered,7.0,0.0,942.89,0.0,289.5,942.89,0.0014750725889214288
CT,2020,4,oblig_2020,all,17.0,2168357.494,4775278.71,908.1595549425009,7477.700000000001,4775278.71,0.2892221949349689
CT,2020,4,oblig_2020,covered,17.0,2168357.494,4775278.71,908.1595549425009,7477.700000000001,4775278.71,0.2892221949349689
CT,2021,1,oblig_2021q1_2022q2,all,17.0,2532160.489,5410289.47,936.053607867307,7477.700000000001,5410289.47,0.3349644467574947
CT,2021,1,oblig_2021q1_2022q2,covered,17.0,2532160.489,5410289.47,936.053607867307,7477.700000000001,5410289.47,0.3349644467574947
CT,2021,2,oblig_2021q1_2022q2,all,23.0,2222676.818,4989619.37,890.9203901859953,7563.366666666667,4989619.37,0.30206445811120314
CT,2021,2,oblig_2021q1_2022q2,covered,16.0,2222676.818,4989412.859999999,890.9572650598412,7273.866666666667,4989412.859999999,0.3140736285793247
CT,2021,2,oblig_2021q1_2022q2,not_covered,7.0,0.0,206.51,0.0,289.5,206.51,0.0003266178266178266
CT,2021,3,oblig_2021q1_2022q2,all,23.0,2760819.9810000006,6173423.049999999,894.4211205483483,7296.7,6173423.049999999,0.3831779232194104
CT,2021,3,oblig_2021q1_2022q2,covered,16.0,2760819.981,6172851.83,894.5038880027678,7007.200000000001,6172851.83,0.398971864317406
CT,2021,3,oblig_2021q1_2022q2,not_covered,7.0,0.0,571.22,0.0,289.5,571.22,0.0008936259417786789
CT,2021,4,oblig_2021q1_2022q2,all,16.0,2455404.105,5543928.449999999,885.7993486550139,6988.6,5543928.449999999,0.3592761297435948
CT,2021,4,oblig_2021q1_2022q2,covered,16.0,2455404.105,5543928.449999999,885.7993486550139,6988.6,5543928.449999999,0.3592761297435948
CT,2022,1,oblig_2021q1_2022q2,all,16.0,2462069.9039999996,5275084.279999999,933.471305220549,6988.6,5275084.279999999,0.3494503402896357
CT,2022,1,oblig_2021q1_2022q2,covered,16.0,2462069.9039999996,5275084.279999999,933.471305220549,6988.6,5275084.279999999,0.3494503402896357
CT,2022,2,oblig_2021q1_2022q2,all,23.0,2137156.545,4815210.96,887.668915340731,7278.1,4815210.96,0.30293166115839615
CT,2022,2,oblig_2021q1_2022q2,covered,16.0,2137156.545,4815019.46,887.7042191642565,6988.6,4815019.46,0.31546793920481064
CT,2022,2,oblig_2021q1_2022q2,not_covered,7.0,0.0,191.5,0.0,289.5,191.5,0.00030287789355146866
CT,2022,3,oblig_2022q3_2023q4,all,23.0,3045136.1750000003,6905433.909999999,881.9536077494661,7278.1,6905433.909999999,0.42970844175866885
CT,2022,3,oblig_2022q3_2023q4,covered,16.0,3045136.175,6904736.04,882.0427478644065,6988.6,6904736.04,0.44746371886388886
CT,2022,3,oblig_2022q3_2023q4,not_covered,7.0,0.0,697.87,0.0,289.5,697.87,0.0010917592801181447
CT,2022,4,oblig_2022q3_2023q4,all,16.0,2267653.395,4942723.82,917.5723659996038,6988.6,4942723.82,0.32031486345049726
CT,2022,4,oblig_2022q3_2023q4,covered,16.0,2267653.395,4942723.82,917.5723659996038,6988.6,4942723.82,0.32031486345049726
CT,2023,1,oblig_2022q3_2023q4,all,16.0,2383418.04,5295466.46,900.1730283832258,6988.6,5295466.46,0.3508005670080692
CT,2023,1,oblig_2022q3_2023q4,covered,16.0,2383418.04,5295466.46,900.1730283832258,6988.6,5295466.46,0.3508005670080692
CT,2023,2,oblig_2022q3_2023q4,all,23.0,2280359.267,5166804.329999999,882.6961972450001,7278.1,5166804.329999999,0.32505089217675603
CT,2023,2,oblig_2022q3_2023q4,covered,16.0,2280359.267,5166416.41,882.7624744247047,6988.6,5166416.41,0.33849058170506674
CT,2023,2,oblig_2022q3_2023q4,not_covered,7.0,0.0,387.91999999999996,0.0,289.5,387.91999999999996,0.0006135372974751213
CT,2023,3,oblig_2022q3_2023q4,all,20.0,2818279.9560000002,6315561.43,892.4875443733907,7071.400000000001,6315561.43,0.4044897217890969
CT,2023,3,oblig_2022q3_2023q4,covered,15.0,2818279.9560000002,6314875.049999999,892.5845511385061,6821.4,6314875.049999999,0.4192684431571486
CT,2023,3,oblig_2022q3_2023q4,not_covered,5.0,0.0,686.3800000000001,0.0,250.00000000000003,686.3800000000001,0.0012434420289855071
CT,2023,4,oblig_2022q3_2023q4,all,15.0,2427613.072,5401375.77,898.8869411690645,6821.4,5401375.77,0.35861777027474917
CT,2023,4,oblig_2022q3_2023q4,covered,15.0,2427613.072,5401375.77,898.8869411690645,6821.4,5401375.77,0.35861777027474917
CT,2024,1,oblig_2024q1_2026q2,all,15.0,2329673.598,5248573.339999999,887.7359415920824,6821.4,5248573.339999999,0.35230200856795096
CT,2024,1,oblig_2024q1_2026q2,covered,15.0,2329673.598,5248573.339999999,887.7359415920824,6821.4,5248573.339999999,0.35230200856795096
CT,2024,2,oblig_2024q1_2026q2,all,20.0,2160309.934,4840640.050000001,892.5720200988709,7071.400000000001,4840640.050000001,0.31343302306530946
CT,2024,2,oblig_2024q1_2026q2,covered,15.0,2160309.934,4840530.2700000005,892.5922630373303,6821.4,4840530.2700000005,0.32491277651746914
CT,2024,2,oblig_2024q1_2026q2,not_covered,5.0,0.0,109.78,0.0,250.00000000000003,109.78,0.00020106227106227102
CT,2024,3,oblig_2024q1_2026q2,all,20.0,3020780.818,6825571.379999999,885.1363936655514,7071.400000000001,6825571.379999999,0.43715408347280094
CT,2024,3,oblig_2024q1_2026q2,covered,15.0,3020780.818,6825321.879999999,885.1687498729366,6821.4,6825321.879999999,0.45315893917394656
CT,2024,3,oblig_2024q1_2026q2,not_covered,5.0,0.0,249.5,0.0,250.00000000000003,249.5,0.0004519927536231883
CT,2024,4,oblig_2024q1_2026q2,all,15.0,2709755.707,6139397.299999999,882.7432318152795,6821.4,6139397.299999999,0.4076178115185671
CT,2024,4,oblig_2024q1_2026q2,covered,15.0,2709755.707,6139397.299999999,882.7432318152795,6821.4,6139397.299999999,0.4076178115185671
CT,2025,1,oblig_2024q1_2026q2,all,15.0,2561128.154,5574282.49,918.9086339253681,6821.4,5574282.49,0.3783220948724548
CT,2025,1,oblig_2024q1_2026q2,covered,15.0,2561128.154,5574282.49,918.9086339253681,6821.4,5574282.49,0.3783220948724548
CT,2025,2,oblig_2024q1_2026q2,all,20.0,2029738.52,4477421.43,906.6551146604934,7071.400000000001,4477421.43,0.2899144988775401
CT,2025,2,oblig_2024q1_2026q2,covered,15.0,2029738.5199999996,4476279.629999999,906.8863823415786,6821.4,4476279.629999999,0.3004630406023448
CT,2025,2,oblig_2024q1_2026q2,not_covered,5.0,0.0,1141.8,0.0,250.00000000000003,1141.8,0.0020912087912087905
CT,2025,3,oblig_2024q1_2026q2,all,20.0,2909600.5330000003,6539176.29,889.8981779859618,7071.400000000001,6539176.29,0.41881147505075556
CT,2025,3,oblig_2024q1_2026q2,covered,15.0,2909600.5330000003,6538559.600000001,889.9821095153741,6821.4,6538559.600000001,0.4341197066095914
CT,2025,3,oblig_2024q1_2026q2,not_covered,5.0,0.0,616.6899999999999,0.0,250.00000000000003,616.6899999999999,0.0011171920289855068
CT,2025,4,oblig_2024q1_2026q2,all,15.0,2419409.1569999997,5434722.510000001,890.352415435466,6821.4,5434722.510000001,0.36083178649097924
CT,2025,4,oblig_2024q1_2026q2,covered,15.0,2419409.1569999997,5434722.510000001,890.352415435466,6821.4,5434722.510000001,0.36083178649097924
DC,2020,1,oblig_2020,all,1.0,0.0,0.0,,0.0,0.0,
DC,2020,1,oblig_2020,not_covered,1.0,0.0,0.0,,0.0,0.0,
DC,2020,2,oblig_2020,all,1.0,0.0,0.0,,0.0,0.0,
DC,2020,2,oblig_2020,not_covered,1.0,0.0,0.0,,0.0,0.0,
DC,2020,3,oblig_2020,all,1.0,0.0,0.0,,0.0,0.0,
DC,2020,3,oblig_2020,not_covered,1.0,0.0,0.0,,0.0,0.0,
DC,2020,4,oblig_2020,all,1.0,0.0,0.0,,0.0,0.0,
DC,2020,4,oblig_2020,not_covered,1.0,0.0,0.0,,0.0,0.0,
DC,2021,1,oblig_2021q1_2022q2,all,1.0,0.0,0.0,,0.0,0.0,
DC,2021,1,oblig_2021q1_2022q2,not_covered,1.0,0.0,0.0,,0.0,0.0,
DC,2021,2,oblig_2021q1_2022q2,all,1.0,0.0,0.0,,0.0,0.0,
DC,2021,2,oblig_2021q1_2022q2,not_covered,1.0,0.0,0.0,,0.0,0.0,
DC,2021,3,oblig_2021q1_2022q2,all,1.0,0.0,0.0,,0.0,0.0,
DC,2021,3,oblig_2021q1_2022q2,not_covered,1.0,0.0,0.0,,0.0,0.0,
DC,2021,4,oblig_2021q1_2022q2,all,1.0,0.0,0.0,,0.0,0.0,
DC,2021,4,oblig_2021q1_2022q2,not_covered,1.0,0.0,0.0,,0.0,0.0,
DC,2022,1,oblig_2021q1_2022q2,all,1.0,0.0,0.0,,0.0,0.0,
DC,2022,1,oblig_2021q1_2022q2,not_covered,1.0,0.0,0.0,,0.0,0.0,
DC,2022,2,oblig_2021q1_2022q2,all,1.0,0.0,0.0,,0.0,0.0,
DC,2022,2,oblig_2021q1_2022q2,not_covered,1.0,0.0,0.0,,0.0,0.0,
DC,2022,3,oblig_2022q3_2023q4,all,1.0,0.0,0.0,,0.0,0.0,
DC,2022,3,oblig_2022q3_2023q4,not_covered,1.0,0.0,0.0,,0.0,0.0,
DC,2022,4,oblig_2022q3_2023q4,all,1.0,0.0,0.0,,0.0,0.0,
DC,2022,4,oblig_2022q3_2023q4,not_covered,1.0,0.0,0.0,,0.0,0.0,
DC,2023,1,oblig_2022q3_2023q4,all,1.0,0.0,0.0,,0.0,0.0,
DC,2023,1,oblig_2022q3_2023q4,not_covered,1.0,0.0,0.0,,0.0,0.0,
DC,2023,2,oblig_2022q3_2023q4,all,1.0,0.0,0.0,,0.0,0.0,
DC,2023,2,oblig_2022q3_2023q4,not_covered,1.0,0.0,0.0,,0.0,0.0,
DC,2023,3,oblig_2022q3_2023q4,all,1.0,0.0,0.0,,0.0,0.0,
DC,2023,3,oblig_2022q3_2023q4,not_covered,1.0,0.0,0.0,,0.0,0.0,
DC,2023,4,oblig_2022q3_2023q4,all,1.0,0.0,0.0,,0.0,0.0,
DC,2023,4,oblig_2022q3_2023q4,not_covered,1.0,0.0,0.0,,0.0,0.0,
DC,2024,1,oblig_2024q1_2026q2,all,1.0,0.0,0.0,,0.0,0.0,
DC,2024,1,oblig_2024q1_2026q2,not_covered,1.0,0.0,0.0,,0.0,0.0,
DC,2024,2,oblig_2024q1_2026q2,all,1.0,0.0,0.0,,0.0,0.0,
DC,2024,2,oblig_2024q1_2026q2,not_covered,1.0,0.0,0.0,,0.0,0.0,
DC,2024,3,oblig_2024q1_2026q2,all,1.0,0.0,0.0,,0.0,0.0,
DC,2024,3,oblig_2024q1_2026q2,not_covered,1.0,0.0,0.0,,0.0,0.0,
DC,2024,4,oblig_2024q1_2026q2,all,1.0,0.0,0.0,,0.0,0.0,
DC,2024,4,oblig_2024q1_2026q2,not_covered,1.0,0.0,0.0,,0.0,0.0,
DC,2025,1,oblig_2024q1_2026q2,all,1.0,0.0,0.0,,0.0,0.0,
DC,2025,1,oblig_2024q1_2026q2,not_covered,1.0,0.0,0.0,,0.0,0.0,
DC,2025,2,oblig_2024q1_2026q2,all,1.0,0.0,0.0,,0.0,0.0,
DC,2025,2,oblig_2024q1_2026q2,not_covered,1.0,0.0,0.0,,0.0,0.0,
DC,2025,3,oblig_2024q1_2026q2,all,1.0,0.0,0.0,,0.0,0.0,
DC,2025,3,oblig_2024q1_2026q2,not_covered,1.0,0.0,0.0,,0.0,0.0,
DC,2025,4,oblig_2024q1_2026q2,all,1.0,0.0,0.0,,0.0,0.0,
DC,2025,4,oblig_2024q1_2026q2,not_covered,1.0,0.0,0.0,,0.0,0.0,
DE,2020,1,oblig_2020,all,10.0,274192.48600000003,515729.54,1063.318909364781,3477.1,515729.54,0.067912886965402
DE,2020,1,oblig_2020,covered,10.0,274192.48600000003,515729.54,1063.318909364781,3477.1,515729.54,0.067912886965402
DE,2020,2,oblig_2020,all,12.0,485039.61899999995,812488.0700000001,1193.9612085627298,3515.5999999999995,812488.0700000001,0.10581930454818443
DE,2020,2,oblig_2020,covered,10.0,485039.619,812481.6699999999,1193.9706135155025,3477.1,812481.6699999999,0.10699014025097543
DE,2020,2,oblig_2020,not_covered,2.0,0.0,6.4,0.0,38.5,6.4,7.611436182864755e-05
DE,2020,3,oblig_2020,all,12.0,968166.6699999999,1471265.6,1316.1004647971106,3515.5999999999995,1471265.6,0.18953636874815527
DE,2020,3,oblig_2020,covered,10.0,968166.67,1471203.3900000001,1316.1561162525597,3477.1,1471203.3900000001,0.19162689688308476
DE,2020,3,oblig_2020,not_covered,2.0,0.0,62.209999999999994,0.0,38.5,62.209999999999994,0.0007318134763786936
DE,2020,4,oblig_2020,all,10.0,328438.47500000003,452738.18,1450.8980665160605,3477.1,452738.18,0.05896996508001212
DE,2020,4,oblig_2020,covered,10.0,328438.47500000003,452738.18,1450.8980665160605,3477.1,452738.18,0.05896996508001212
DE,2021,1,oblig_2021q1_2022q2,all,10.0,287055.173,295715.87,1941.4255514930599,3477.1,295715.87,0.03937347081486594
DE,2021,1,oblig_2021q1_2022q2,covered,10.0,287055.173,295715.87,1941.4255514930599,3477.1,295715.87,0.03937347081486594
DE,2021,2,oblig_2021q1_2022q2,all,12.0,479644.0749999999,733725.1699999999,1307.4216194600492,3515.5999999999995,733725.1699999999,0.09556114124715502
DE,2021,2,oblig_2021q1_2022q2,covered,10.0,479644.07499999995,733631.6699999999,1307.5882479282825,3477.1,733631.6699999999,0.09660692439480797
DE,2021,2,oblig_2021q1_2022q2,not_covered,2.0,0.0,93.5,0.0,38.5,93.5,0.0011119832548403977
DE,2021,3,oblig_2021q1_2022q2,all,11.0,802815.6529999999,1226598.2799999998,1309.0115420673833,3402.0,1226598.2799999998,0.16329352831667643
DE,2021,3,oblig_2021q1_2022q2,covered,9.0,802815.653,1226544.2000000002,1309.0692581645242,3363.5,1226544.2000000002,0.16515537106576786
DE,2021,3,oblig_2021q1_2022q2,not_covered,2.0,0.0,54.08,0.0,38.5,54.08,0.0006361754187841144
DE,2021,4,oblig_2021q1_2022q2,all,9.0,422624.052,786901.04,1074.1479055612888,3363.5,786901.04,0.10595699140172742
DE,2021,4,oblig_2021q1_2022q2,covered,9.0,422624.052,786901.04,1074.1479055612888,3363.5,786901.04,0.10595699140172742
DE,2022,1,oblig_2021q1_2022q2,all,9.0,404506.921,583786.26,1385.8048697480478,3271.7,583786.26,0.08260886287455044
DE,2022,1,oblig_2021q1_2022q2,covered,9.0,404506.921,583786.26,1385.8048697480478,3271.7,583786.26,0.08260886287455044
DE,2022,2,oblig_2021q1_2022q2,all,11.0,443538.06399999995,791172.84,1121.2166079917504,3306.3999999999996,791172.84,0.10956285578684563
DE,2022,2,oblig_2021q1_2022q2,covered,9.0,443538.064,791172.1000000001,1121.21765668936,3271.7,791172.1000000001,0.11072478758620521
DE,2022,2,oblig_2021q1_2022q2,not_covered,2.0,0.0,0.74,0.0,34.7,0.74,9.76449103250256e-06
DE,2022,3,oblig_2022q3_2023q4,all,11.0,908757.389,1761846.97,1031.5962787619403,3306.3999999999996,1761846.97,0.2413313390127009
DE,2022,3,oblig_2022q3_2023q4,covered,9.0,908757.389,1761787.2400000002,1031.6312530450612,3271.7,1761787.2400000002,0.2438826566253506
DE,2022,3,oblig_2022q3_2023q4,not_covered,2.0,0.0,59.73,0.0,34.7,59.73,0.0007795858914922941
DE,2022,4,oblig_2022q3_2023q4,all,9.0,513100.20699999994,938702.25,1093.211840069628,3271.7,938702.25,0.12994372607114238
DE,2022,4,oblig_2022q3_2023q4,covered,9.0,513100.20699999994,938702.25,1093.211840069628,3271.7,938702.25,0.12994372607114238
DE,2023,1,oblig_2022q3_2023q4,all,9.0,277789.648,498720.98,1114.00826971426,3271.7,498720.98,0.07057167301176531
DE,2023,1,oblig_2022q3_2023q4,covered,9.0,277789.648,498720.98,1114.00826971426,3271.7,498720.98,0.07057167301176531
DE,2023,2,oblig_2022q3_2023q4,all,11.0,419276.39300000004,790886.11,1060.2699622579034,3306.3999999999996,790886.11,0.10952314896672809
DE,2023,2,oblig_2022q3_2023q4,covered,9.0,419276.39300000004,790830.6399999999,1060.3443311199983,3271.7,790830.6399999999,0.11067700015036261
DE,2023,2,oblig_2022q3_2023q4,not_covered,2.0,0.0,55.47,0.0,34.7,55.47,0.0007319409696931311
DE,2023,3,oblig_2022q3_2023q4,all,11.0,818106.1170000001,1334808.6300000001,1225.8028583468179,3306.3999999999996,1334808.6300000001,0.1828371927237295
DE,2023,3,oblig_2022q3_2023q4,covered,9.0,818106.117,1334695.46,1225.906795247509,3271.7,1334695.46,0.18476071751467238
DE,2023,3,oblig_2022q3_2023q4,not_covered,2.0,0.0,113.16999999999999,0.0,34.7,113.16999999999999,0.001477075763271102
DE,2023,4,oblig_2022q3_2023q4,all,9.0,295355.82,437281.49,1350.8727296003315,3271.7,437281.49,0.060532491695360256
DE,2023,4,oblig_2022q3_2023q4,covered,9.0,295355.82,437281.49,1350.8727296003315,3271.7,437281.49,0.060532491695360256
DE,2024,1,oblig_2024q1_2026q2,all,9.0,346593.026,510349.15,1358.2584628582217,3271.7,510349.15,0.07142352621958026
DE,2024,1,oblig_2024q1_2026q2,covered,9.0,346593.026,510349.15,1358.2584628582217,3271.7,510349.15,0.07142352621958026
DE,2024,2,oblig_2024q1_2026q2,all,11.0,512933.70100000006,749718.7899999999,1368.3362557846526,3306.3999999999996,749718.7899999999,0.10382223392483796
DE,2024,2,oblig_2024q1_2026q2,covered,9.0,512933.701,749664.21,1368.4358787783133,3271.7,749664.21,0.10491574514979778
DE,2024,2,oblig_2024q1_2026q2,not_covered,2.0,0.0,54.58,0.0,34.7,54.58,0.0007201971899378239
DE,2024,3,oblig_2024q1_2026q2,all,11.0,706382.7370000001,1250664.17,1129.6121755850736,3306.3999999999996,1250664.17,0.17131139306684973
DE,2024,3,oblig_2024q1_2026q2,covered,9.0,706382.7370000001,1250379.82,1129.8690617063862,3271.7,1250379.82,0.17308897769762918
DE,2024,3,oblig_2024q1_2026q2,not_covered,2.0,0.0,284.35,0.0,34.7,284.35,0.0037112882679697615
DE,2024,4,oblig_2024q1_2026q2,all,9.0,469614.76800000004,754735.28,1244.4489622904605,3271.7,754735.28,0.10447734037129128
DE,2024,4,oblig_2024q1_2026q2,covered,9.0,469614.76800000004,754735.28,1244.4489622904605,3271.7,754735.28,0.10447734037129128
DE,2025,1,oblig_2024q1_2026q2,all,9.0,674387.0119999999,883074.9500000002,1527.3607568644084,2974.7,883074.9500000002,0.13743604241448565
DE,2025,1,oblig_2024q1_2026q2,covered,9.0,674387.0119999999,883074.9500000002,1527.3607568644084,2974.7,883074.9500000002,0.13743604241448565
DE,2025,2,oblig_2024q1_2026q2,all,11.0,367435.718,645458.8700000001,1138.525582582822,2860.8999999999996,645458.8700000001,0.10330307792688515
DE,2025,2,oblig_2024q1_2026q2,covered,9.0,367435.718,645303.05,1138.8005000131334,2826.2,645303.05,0.1045461855095816
DE,2025,2,oblig_2024q1_2026q2,not_covered,2.0,0.0,155.82,0.0,34.7,155.82,0.0020560851252493903
DE,2025,3,oblig_2024q1_2026q2,all,11.0,778683.721,1416205.14,1099.6764508283031,2860.8999999999996,1416205.14,0.22419422399761707
DE,2025,3,oblig_2024q1_2026q2,covered,9.0,778683.7209999999,1415888.1600000001,1099.9226393700471,2826.2,1415888.1600000001,0.22689607800303377
DE,2025,3,oblig_2024q1_2026q2,not_covered,2.0,0.0,316.98,0.0,34.7,316.98,0.004137169527628117
DE,2025,4,oblig_2024q1_2026q2,all,9.0,587963.855,1090248.2000000002,1078.5871602447955,2826.2,1090248.2000000002,0.17471227432953967
DE,2025,4,oblig_2024q1_2026q2,covered,9.0,587963.855,1090248.2000000002,1078.5871602447955,2826.2,1090248.2000000002,0.17471227432953967
MA,2020,1,oblig_2020,all,29.0,1362395.738,3129335.9799999995,870.7251293611498,10838.566666666668,3129335.9800000004,0.1321988588302246
MA,2020,1,oblig_2020,covered,25.0,1362395.738,3066644.7300000004,888.5253154185876,10793.600000000002,3066644.7300000004,0.1300901793553689
MA,2020,1,oblig_2020,not_covered,4.0,0.0,62691.25,0.0,44.96666666666667,62691.25,0.6383569636442135
MA,2020,2,oblig_2020,all,31.0,957983.8800000001,1954886.7499999998,980.0914349641996,10900.900000000001,1954886.7499999998,0.08211199678475314
MA,2020,2,oblig_2020,covered,25.0,957983.88,1923625.01,996.0193645018163,10795.600000000002,1923625.01,0.08158700602416095
MA,2020,2,oblig_2020,not_covered,6.0,0.0,31261.74,0.0,105.3,31261.74,0.1359352660634712
MA,2020,3,oblig_2020,all,31.0,2503084.185,4960543.0600000005,1009.1976441789016,10900.900000000001,4960543.0600000005,0.20609516303068182
MA,2020,3,oblig_2020,covered,25.0,2503084.1849999996,4895520.93,1022.601770390143,10795.600000000002,4895520.93,0.2053775921893299
MA,2020,3,oblig_2020,not_covered,6.0,0.0,65022.13,0.0,105.3,65022.13,0.2796621884333237
MA,2020,4,oblig_2020,all,28.0,1531507.803,3044805.16,1005.9808247303416,10816.800000000001,3044805.16,0.1274857484841079
MA,2020,4,oblig_2020,covered,25.0,1531507.8029999998,3044805.16,1005.9808247303415,10795.600000000002,3044805.16,0.1277361002818647
MA,2020,4,oblig_2020,not_covered,3.0,0.0,0.0,,21.2,0.0,0.0
MA,2021,1,oblig_2021q1_2022q2,all,28.0,1837763.729,3827403.9200000004,960.3186741785015,10859.000000000002,3827403.9200000004,0.16317766454178645
MA,2021,1,oblig_2021q1_2022q2,covered,25.0,1837763.729,3808140.17,965.1765150230801,10837.800000000001,3808140.17,0.16267396118045002
MA,2021,1,oblig_2021q1_2022q2,not_covered,3.0,0.0,19263.75,0.0,21.2,19263.75,0.4206793763102725
MA,2021,2,oblig_2021q1_2022q2,all,31.0,1418091.05,2767629.08,1024.7695836466642,10754.900000000003,2767629.08,0.11782809995764087
MA,2021,2,oblig_2021q1_2022q2,covered,25.0,1418091.05,2764282.3200000003,1026.0102882689637,10627.400000000001,2764282.3200000003,0.11909752460310452
MA,2021,2,oblig_2021q1_2022q2,not_covered,6.0,0.0,3346.7599999999998,0.0,127.5,3346.7599999999998,0.012018817783523665
MA,2021,3,oblig_2021q1_2022q2,all,30.0,2128125.1950000003,4058532.3100000005,1048.716645550125,10177.100000000002,4058532.3100000005,0.1806117067993943
MA,2021,3,oblig_2021q1_2022q2,covered,25.0,2128125.195,4058135.7000000007,1048.8191387981428,10093.000000000004,4058135.7000000007,0.1820988583348769
MA,2021,3,oblig_2021q1_2022q2,not_covered,5.0,0.0,396.61,0.0,84.1,396.61,0.0021358394078822658
MA,2021,4,oblig_2021q1_2022q2,all,27.0,1316887.7410000002,2571398.7800000003,1024.2578873744353,10093.000000000004,2571398.78,0.11538519575915
MA,2021,4,oblig_2021q1_2022q2,covered,25.0,1316887.7410000002,2571398.78,1024.2578873744355,10093.000000000004,2571398.78,0.11538519575915
MA,2021,4,oblig_2021q1_2022q2,not_covered,2.0,0.0,0.0,,0.0,0.0,
MA,2022,1,oblig_2021q1_2022q2,all,27.0,1845081.3900000001,3420882.3399999994,1078.7166623216867,10093.000000000004,3420882.34,0.1569148740784775
MA,2022,1,oblig_2021q1_2022q2,covered,25.0,1845081.39,3420882.34,1078.7166623216863,10093.000000000004,3420882.34,0.1569148740784775
MA,2022,1,oblig_2021q1_2022q2,not_covered,2.0,0.0,0.0,,0.0,0.0,
MA,2022,2,oblig_2021q1_2022q2,all,30.0,1522023.6600000001,2986013.1900000004,1019.4353227220674,10177.100000000002,2986013.1900000004,0.13434300110968805
MA,2022,2,oblig_2021q1_2022q2,covered,25.0,1522023.6600000001,2985890.73,1019.4771327080681,10093.000000000004,2985890.73,0.13545685972107746
MA,2022,2,oblig_2021q1_2022q2,not_covered,5.0,0.0,122.46000000000001,0.0,84.1,122.46000000000001,0.0006667232886020045
MA,2022,3,oblig_2022q3_2023q4,all,27.0,2506909.6319999998,4803899.630000001,1043.6977560249313,9998.600000000002,4803899.63,0.2175983817988141
MA,2022,3,oblig_2022q3_2023q4,covered,24.0,2506909.632,4803533.08,1043.7773989473599,9956.0,4803533.08,0.2185127732312028
MA,2022,3,oblig_2022q3_2023q4,not_covered,3.0,0.0,366.55,0.0,42.6,366.55,0.0038969475062938016
MA,2022,4,oblig_2022q3_2023q4,all,26.0,1465570.911,2828622.08,1036.2437042137492,9956.0,2828622.0799999996,0.1286740498774317
MA,2022,4,oblig_2022q3_2023q4,covered,24.0,1465570.911,2828622.0799999996,1036.2437042137494,9956.0,2828622.0799999996,0.1286740498774317
MA,2022,4,oblig_2022q3_2023q4,not_covered,2.0,0.0,0.0,,0.0,0.0,
MA,2023,1,oblig_2022q3_2023q4,all,26.0,1457550.398,2854153.44,1021.3539171180649,9956.0,2854153.44,0.13272070443283782
MA,2023,1,oblig_2022q3_2023q4,covered,24.0,1457550.398,2854153.44,1021.3539171180649,9956.0,2854153.44,0.13272070443283782
MA,2023,1,oblig_2022q3_2023q4,not_covered,2.0,0.0,0.0,,0.0,0.0,
MA,2023,2,oblig_2022q3_2023q4,all,27.0,1375032.2340000002,2619962.41,1049.657986505234,9998.600000000002,2619962.4099999997,0.11997844579193463
MA,2023,2,oblig_2022q3_2023q4,covered,24.0,1375032.234,2619824.4400000004,1049.7132655194252,9956.0,2619824.4400000004,0.12048546755909152
MA,2023,2,oblig_2022q3_2023q4,not_covered,3.0,0.0,137.97,0.0,42.6,137.97,0.0014829360780065004
MA,2023,3,oblig_2022q3_2023q4,all,27.0,2055546.6909999999,3851839.38,1067.3065453731354,9998.600000000002,3851839.38,0.1744736735969122
MA,2023,3,oblig_2022q3_2023q4,covered,24.0,2055546.6909999999,3851517.34,1067.3957869290027,9956.0,3851517.34,0.17520556663085693
MA,2023,3,oblig_2022q3_2023q4,not_covered,3.0,0.0,322.03999999999996,0.0,42.6,322.03999999999996,0.0034237429407362042
MA,2023,4,oblig_2022q3_2023q4,all,26.0,1580275.31,3085837.43,1024.2116416353144,9956.0,3085837.43,0.14037477900952597
MA,2023,4,oblig_2022q3_2023q4,covered,24.0,1580275.31,3085837.43,1024.2116416353144,9956.0,3085837.43,0.14037477900952597
MA,2023,4,oblig_2022q3_2023q4,not_covered,2.0,0.0,0.0,,0.0,0.0,
MA,2024,1,oblig_2024q1_2026q2,all,27.0,1800563.569,3766925.34,955.9858008760004,9855.0,3765239.9499999997,0.17493769316257898
MA,2024,1,oblig_2024q1_2026q2,covered,25.0,1800563.569,3766925.34,955.9858008760004,9855.0,3765239.9499999997,0.17493769316257898
MA,2024,1,oblig_2024q1_2026q2,not_covered,2.0,0.0,0.0,,0.0,0.0,
MA,2024,2,oblig_2024q1_2026q2,all,28.0,1221970.9270000001,2449360.1999999997,997.787852517568,9897.600000000002,2440910.6399999997,0.1129196044417916
MA,2024,2,oblig_2024q1_2026q2,covered,25.0,1221970.9270000001,2449313.1,997.8070398594612,9855.0,2440863.54,0.11340553130279157
MA,2024,2,oblig_2024q1_2026q2,not_covered,3.0,0.0,47.1,0.0,42.6,47.1,0.0005062425837073724
MA,2024,3,oblig_2024q1_2026q2,all,28.0,2164226.464,4207635.29,1028.7139045266445,8218.2,4207635.29,0.23187947784415572
MA,2024,3,oblig_2024q1_2026q2,covered,25.0,2164226.464,4207539.600000001,1028.737300060111,8175.6,4207539.600000001,0.23308241437405475
MA,2024,3,oblig_2024q1_2026q2,not_covered,3.0,0.0,95.69,0.0,42.6,95.69,0.0010173207117098726
MA,2024,4,oblig_2024q1_2026q2,all,26.0,2005375.233,3970960.53,1010.0202295387711,8090.6,3970960.53,0.2222878734607741
MA,2024,4,oblig_2024q1_2026q2,covered,24.0,2005375.2330000002,3970960.5300000003,1010.0202295387711,8090.6,3970960.53,0.2222878734607741
MA,2024,4,oblig_2024q1_2026q2,not_covered,2.0,0.0,0.0,,0.0,0.0,
MA,2025,1,oblig_2024q1_2026q2,all,25.0,1649147.5869999998,3180507.2199999997,1037.0343300148206,8090.6,3180507.2199999997,0.18199602579490967
MA,2025,1,oblig_2024q1_2026q2,covered,23.0,1649147.5869999998,3180507.2199999997,1037.0343300148206,8090.6,3180507.2199999997,0.18199602579490967
MA,2025,1,oblig_2024q1_2026q2,not_covered,2.0,0.0,0.0,,0.0,0.0,
MA,2025,2,oblig_2024q1_2026q2,all,26.0,1661036.995,3194124.96,1040.0576156544607,8133.200000000001,3194124.96,0.17981992679036893
MA,2025,2,oblig_2024q1_2026q2,covered,23.0,1661036.995,3193788.53,1040.1671741240802,8090.6,3193788.53,0.1807477054274263
MA,2025,2,oblig_2024q1_2026q2,not_covered,3.0,0.0,336.43,0.0,42.6,336.43,0.003616033809695781
MA,2025,3,oblig_2024q1_2026q2,all,26.0,2452200.995,4679997.68,1047.9496626588073,8133.200000000001,4679997.68,0.2606064238758012
MA,2025,3,oblig_2024q1_2026q2,covered,23.0,2452200.995,4679610.2,1048.0364347440734,8090.6,4679610.2,0.26195692254421576
MA,2025,3,oblig_2024q1_2026q2,not_covered,3.0,0.0,387.48,0.0,42.6,387.48,0.004119463155746071
MA,2025,4,oblig_2024q1_2026q2,all,25.0,2136354.4329999997,4200060.75,1017.2969202885934,8090.6,4200060.75,0.23511252893857498
MA,2025,4,oblig_2024q1_2026q2,covered,23.0,2136354.4329999997,4200060.75,1017.2969202885934,8090.6,4200060.75,0.23511252893857498
MA,2025,4,oblig_2024q1_2026q2,not_covered,2.0,0.0,0.0,,0.0,0.0,
MD,2020,1,oblig_2020,all,18.0,2125420.664,3994461.25,1064.1838941359113,12541.1,3994461.25,0.14583774739133917
MD,2020,1,oblig_2020,covered,16.0,2125420.664,3963683.3299999996,1072.4472603112822,12495.6,3963683.33,0.14524099039638508
MD,2020,1,oblig_2020,not_covered,2.0,0.0,30777.92,0.0,45.5,30777.92,0.3097242684055871
MD,2020,2,oblig_2020,all,18.0,2540803.081,4100709.63,1239.2016554461575,12495.766666666666,4100709.63,0.15026003202022148
MD,2020,2,oblig_2020,covered,16.0,2540803.0810000002,4059469.8299999996,1251.7905970002,12450.266666666666,4059469.83,0.14929251371934663
MD,2020,2,oblig_2020,not_covered,2.0,0.0,41239.8,0.0,45.5,41239.8,0.4150042265426881
MD,2020,3,oblig_2020,all,17.0,4123771.522,6099085.72,1352.2589159478152,11891.6,6099085.719999999,0.23228725178557408
MD,2020,3,oblig_2020,covered,15.0,4123771.522,6051956.0200000005,1362.7896529228246,11846.1,6051956.0200000005,0.23137759351240042
MD,2020,3,oblig_2020,not_covered,2.0,0.0,47129.7,0.0,45.5,47129.7,0.469120281892021
MD,2020,4,oblig_2020,all,17.0,2384024.488,4030565.8900000006,1182.9725914739975,11695.599999999999,4030565.8900000006,0.1560789912600602
MD,2020,4,oblig_2020,covered,15.0,2384024.488,3988841.87,1195.3467024753227,11650.1,3988841.87,0.155066540372422
MD,2020,4,oblig_2020,not_covered,2.0,0.0,41724.02,0.0,45.5,41724.02,0.4153131469979296
MD,2021,1,oblig_2021q1_2022q2,all,17.0,3980325.635,5351443.4799999995,1487.570839484976,10723.000000000002,4964529.98,0.2143423957156821
MD,2021,1,oblig_2021q1_2022q2,covered,15.0,3980325.635,5303916.359999999,1500.9006043225013,10677.500000000002,4917002.86,0.2131950562362878
MD,2021,1,oblig_2021q1_2022q2,not_covered,2.0,0.0,47527.12,0.0,45.5,47527.12,0.48358892958892963
MD,2021,2,oblig_2021q1_2022q2,all,17.0,2883438.3,4589523.18,1256.530662080674,10723.000000000002,4196780.83,0.17920385565039576
MD,2021,2,oblig_2021q1_2022q2,covered,15.0,2883438.3,4578073.869999999,1259.6731210018681,10677.500000000002,4185331.52,0.17947652410026557
MD,2021,2,oblig_2021q1_2022q2,not_covered,2.0,0.0,11449.31,0.0,45.5,11449.31,0.11521666062874854
MD,2021,3,oblig_2021q1_2022q2,all,17.0,4431627.41,6660523.109999999,1330.7145210100473,10723.000000000002,6323795.66,0.26709296740583355
MD,2021,3,oblig_2021q1_2022q2,covered,15.0,4431627.409999999,6640155.789999999,1334.7962156773433,10677.500000000002,6303428.34,0.26736722639031685
MD,2021,3,oblig_2021q1_2022q2,not_covered,2.0,0.0,20367.32,0.0,45.5,20367.32,0.2027325211020863
MD,2021,4,oblig_2021q1_2022q2,all,17.0,2837569.3249999997,4999613.6899999995,1135.115431288452,10723.000000000002,4621722.99,0.19520392091968095
MD,2021,4,oblig_2021q1_2022q2,covered,15.0,2837569.325,4951676.41,1146.1045068573048,10677.500000000002,4573785.71,0.19400242747684923
MD,2021,4,oblig_2021q1_2022q2,not_covered,2.0,0.0,47937.28,0.0,45.5,47937.28,0.47715878324573974
MD,2022,1,oblig_2021q1_2022q2,all,17.0,3274470.2860000003,4641544.870000001,1410.9398390885317,10723.000000000002,4226428.5,0.1824750406706249
MD,2022,1,oblig_2021q1_2022q2,covered,15.0,3274470.2860000003,4590170.640000001,1426.7313975063898,10677.500000000002,4175054.27,0.18102509907472442
MD,2022,1,oblig_2021q1_2022q2,not_covered,2.0,0.0,51374.23,0.0,45.5,51374.23,0.522733312983313
MD,2022,2,oblig_2021q1_2022q2,all,17.0,3303332.721,5265483.0,1254.7121397980015,10305.666666666668,4873577.27,0.2165305259882272
MD,2022,2,oblig_2021q1_2022q2,covered,15.0,3303332.721000001,5249136.59,1258.6194564999882,10260.166666666668,4857230.859999999,0.2167612745760436
MD,2022,2,oblig_2021q1_2022q2,not_covered,2.0,0.0,16346.41,0.0,45.5,16346.41,0.1644971420520871
MD,2022,3,oblig_2022q3_2023q4,all,17.0,3766953.745,6160237.9799999995,1222.9896822914625,9459.0,5769278.88,0.27623406739383244
MD,2022,3,oblig_2022q3_2023q4,covered,15.0,3766953.745,6127081.680000001,1229.6078106143345,9413.5,5736122.58,0.27597403763327877
MD,2022,3,oblig_2022q3_2023q4,not_covered,2.0,0.0,33156.3,0.0,45.5,33156.3,0.33003165312947924
MD,2022,4,oblig_2022q3_2023q4,all,17.0,2339257.9699999997,4086987.37,1144.7346214823265,9416.0,3762395.85,0.18096682537355474
MD,2022,4,oblig_2022q3_2023q4,covered,15.0,2339257.9699999997,4040499.93,1157.9052149618522,9370.5,3715908.41,0.17959869094653358
MD,2022,4,oblig_2022q3_2023q4,not_covered,2.0,0.0,46487.44,0.0,45.5,46487.44,0.4627273451186495
MD,2023,1,oblig_2022q3_2023q4,all,17.0,2002187.993,3856748.63,1038.277671210322,9432.0,3444617.3,0.16907657246410956
MD,2023,1,oblig_2022q3_2023q4,covered,15.0,2002187.9929999998,3805731.3500000006,1052.196179323062,9386.5,3393600.0200000005,0.16737986686947964
MD,2023,1,oblig_2022q3_2023q4,not_covered,2.0,0.0,51017.28,0.0,45.5,51017.28,0.519101343101343
MD,2023,2,oblig_2022q3_2023q4,all,17.0,2136237.2430000002,4192347.5300000003,1019.1126702704439,9432.0,3791649.0,0.18406520589249598
MD,2023,2,oblig_2022q3_2023q4,covered,15.0,2136237.243,4149338.3200000003,1029.6760968866956,9386.5,3748639.79,0.1828594428441283
MD,2023,2,oblig_2022q3_2023q4,not_covered,2.0,0.0,43009.21,0.0,45.5,43009.21,0.43281014772773013
MD,2023,3,oblig_2022q3_2023q4,all,16.0,3772199.452,5907953.389999999,1276.9902546573749,9432.0,5581561.3,0.2680111348124178
MD,2023,3,oblig_2022q3_2023q4,covered,14.0,3772199.4520000005,5859371.22,1287.57824359181,9386.5,5532979.13,0.26696619924004333
MD,2023,3,oblig_2022q3_2023q4,not_covered,2.0,0.0,48582.17,0.0,45.5,48582.17,0.48357789855072464
MD,2023,4,oblig_2022q3_2023q4,all,16.0,2233291.589,4246469.37,1051.8345450823304,9432.0,3874736.76,0.18605414154404984
MD,2023,4,oblig_2022q3_2023q4,covered,14.0,2233291.5889999997,4203792.07,1062.5128701953136,9386.5,3832059.46,0.18489683862191847
MD,2023,4,oblig_2022q3_2023q4,not_covered,2.0,0.0,42677.3,0.0,45.5,42677.3,0.4248019190953974
MD,2024,1,oblig_2024q1_2026q2,all,16.0,2033698.6639999999,3528763.09,1152.6410881836784,9455.0,3126292.16,0.1513963462942839
MD,2024,1,oblig_2024q1_2026q2,covered,14.0,2033698.6639999999,3477412.54,1169.662006222592,9409.5,3074941.6100000003,0.14962966125926433
MD,2024,1,oblig_2024q1_2026q2,not_covered,2.0,0.0,51350.55,0.0,45.5,51350.55,0.5167506943605845
MD,2024,2,oblig_2024q1_2026q2,all,16.0,2922640.0530000003,5036984.23,1160.4721871444096,9411.666666666668,4644464.4399999995,0.22595214613613757
MD,2024,2,oblig_2024q1_2026q2,covered,14.0,2922640.053,4993673.3,1170.5371486757053,9366.166666666668,4601153.51,0.22493249854759362
MD,2024,2,oblig_2024q1_2026q2,not_covered,2.0,0.0,43310.93,0.0,45.5,43310.93,0.4358464154892726
MD,2024,3,oblig_2024q1_2026q2,all,15.0,3213762.271,5654372.260000001,1136.735299065718,9096.0,5306284.59,0.2642049912646744
MD,2024,3,oblig_2024q1_2026q2,covered,13.0,3213762.271,5618492.66,1143.9944716417945,9050.5,5270404.99,0.2637377804212915
MD,2024,3,oblig_2024q1_2026q2,not_covered,2.0,0.0,35879.6,0.0,45.5,35879.6,0.3571388756171365
MD,2024,4,oblig_2024q1_2026q2,all,15.0,2335279.7750000004,4257517.62,1097.0147317910573,9096.0,3881466.16,0.19326191716696622
MD,2024,4,oblig_2024q1_2026q2,covered,13.0,2335279.7750000004,4224088.3,1105.6964765627654,9050.5,3848036.84,0.1925606660373476
MD,2024,4,oblig_2024q1_2026q2,not_covered,2.0,0.0,33429.32,0.0,45.5,33429.32,0.3327492435101131
MD,2025,1,oblig_2024q1_2026q2,all,15.0,2812132.557,4708195.57,1194.5691359630584,9082.533333333335,4303534.15,0.21936356831019568
MD,2025,1,oblig_2024q1_2026q2,covered,13.0,2812132.557,4656066.57,1207.9434495714265,9037.033333333335,4251405.15,0.21779748424077222
MD,2025,1,oblig_2024q1_2026q2,not_covered,2.0,0.0,52129.0,0.0,45.5,52129.0,0.5304131054131054
MD,2025,2,oblig_2024q1_2026q2,all,15.0,2630243.054,4955154.140000001,1061.619065597826,9077.2,4550212.48,0.22952348992096933
MD,2025,2,oblig_2024q1_2026q2,covered,13.0,2630243.054,4911999.42,1070.9459953478577,9031.7,4507057.76,0.2284919932605307
MD,2025,2,oblig_2024q1_2026q2,not_covered,2.0,0.0,43154.72,0.0,45.5,43154.72,0.43427444350521277
MD,2025,3,oblig_2024q1_2026q2,all,15.0,3339975.6149999998,6028681.22,1108.0286029786128,9077.2,5677474.05,0.28327234929512835
MD,2025,3,oblig_2024q1_2026q2,covered,13.0,3339975.6149999998,5995363.5,1114.1861923801616,9031.7,5644156.33,0.28302869027096667
MD,2025,3,oblig_2024q1_2026q2,not_covered,2.0,0.0,33317.72,0.0,45.5,33317.72,0.33163839783405
MD,2025,4,oblig_2024q1_2026q2,all,15.0,2695182.224,5022471.2299999995,1073.2494425856573,9077.2,4636726.96,0.23134522983848047
MD,2025,4,oblig_2024q1_2026q2,covered,13.0,2695182.224,4989892.72,1080.25658074669,9031.7,4604148.449999999,0.23087703979606125
MD,2025,4,oblig_2024q1_2026q2,not_covered,2.0,0.0,32578.51,0.0,45.5,32578.51,0.3242804387641344
ME,2020,1,oblig_2020,all,6.0,144047.766,278291.81999999995,1035.228171636522,2601.6000000000004,278291.81999999995,0.048978703300082437
ME,2020,1,oblig_2020,covered,6.0,144047.766,278291.81999999995,1035.228171636522,2601.6000000000004,278291.81999999995,0.048978703300082437
ME,2020,2,oblig_2020,all,6.0,226602.177,499281.04000000004,907.7139280113661,2601.6000000000004,499281.04000000004,0.08787228428602968
ME,2020,2,oblig_2020,covered,6.0,226602.177,499281.04000000004,907.7139280113661,2601.6000000000004,499281.04000000004,0.08787228428602968
ME,2020,3,oblig_2020,all,6.0,314452.099,670877.6499999999,937.4350121814314,2601.6000000000004,670877.6499999999,0.11678948162613416
ME,2020,3,oblig_2020,covered,6.0,314452.099,670877.6499999999,937.4350121814314,2601.6000000000004,670877.6499999999,0.11678948162613416
ME,2020,4,oblig_2020,all,6.0,182237.38199999998,330102.87,1104.124796006772,2601.6000000000004,330102.87,0.057465833107719654
ME,2020,4,oblig_2020,covered,6.0,182237.38199999998,330102.87,1104.124796006772,2601.6000000000004,330102.87,0.057465833107719654
ME,2021,1,oblig_2021q1_2022q2,all,6.0,295650.353,629793.24,938.8806809041012,2601.6000000000004,629793.24,0.11207370250785839
ME,2021,1,oblig_2021q1_2022q2,covered,6.0,295650.353,629793.24,938.8806809041012,2601.6000000000004,629793.24,0.11207370250785839
ME,2021,2,oblig_2021q1_2022q2,all,6.0,280356.20900000003,590816.2100000001,949.0471122991023,2601.6000000000004,590816.2100000001,0.10398225810039695
ME,2021,2,oblig_2021q1_2022q2,covered,6.0,280356.20900000003,590816.2100000001,949.0471122991023,2601.6000000000004,590816.2100000001,0.10398225810039695
ME,2021,3,oblig_2021q1_2022q2,all,6.0,522021.545,1064726.53,980.5739413668972,2601.6000000000004,1064726.53,0.1853525147428784
ME,2021,3,oblig_2021q1_2022q2,covered,6.0,522021.545,1064726.53,980.5739413668972,2601.6000000000004,1064726.53,0.1853525147428784
ME,2021,4,oblig_2021q1_2022q2,all,6.0,368434.082,800246.77,920.8011723683683,2601.6000000000004,800246.77,0.13931065588678984
ME,2021,4,oblig_2021q1_2022q2,covered,6.0,368434.082,800246.77,920.8011723683683,2601.6000000000004,800246.77,0.13931065588678984
ME,2022,1,oblig_2021q1_2022q2,all,6.0,508854.897,982487.0900000001,1035.8505514815465,2601.6000000000004,982487.0900000001,0.17483669059780874
ME,2022,1,oblig_2021q1_2022q2,covered,6.0,508854.897,982487.0900000001,1035.8505514815465,2601.6000000000004,982487.0900000001,0.17483669059780874
ME,2022,2,oblig_2021q1_2022q2,all,6.0,394318.725,871688.1,904.7243503725703,2601.6000000000004,871688.1,0.15341504762918506
ME,2022,2,oblig_2021q1_2022q2,covered,6.0,394318.725,871688.1,904.7243503725703,2601.6000000000004,871688.1,0.15341504762918506
ME,2022,3,oblig_2022q3_2023q4,all,6.0,738507.704,1555367.13,949.6249338894028,2601.6000000000004,1555367.13,0.2707654977789587
ME,2022,3,oblig_2022q3_2023q4,covered,6.0,738507.704,1555367.13,949.6249338894028,2601.6000000000004,1555367.13,0.2707654977789587
ME,2022,4,oblig_2022q3_2023q4,all,6.0,394035.66599999997,761878.9,1034.37873394315,2601.6000000000004,761878.9,0.13263139976848137
ME,2022,4,oblig_2022q3_2023q4,covered,6.0,394035.66599999997,761878.9,1034.37873394315,2601.6000000000004,761878.9,0.13263139976848137
ME,2023,1,oblig_2022q3_2023q4,all,6.0,275765.231,583062.24,945.9203909345939,2601.6000000000004,583062.24,0.10375777299439659
ME,2023,1,oblig_2022q3_2023q4,covered,6.0,275765.231,583062.24,945.9203909345939,2601.6000000000004,583062.24,0.10375777299439659
ME,2023,2,oblig_2022q3_2023q4,all,5.0,381486.248,857907.66,889.3410463312566,2438.1000000000004,857907.66,0.16111515632556606
ME,2023,2,oblig_2022q3_2023q4,covered,5.0,381486.248,857907.66,889.3410463312566,2438.1000000000004,857907.66,0.16111515632556606
ME,2023,3,oblig_2022q3_2023q4,all,5.0,582250.094,1277850.06,911.2964223674254,2438.1000000000004,1277850.06,0.23737190444091352
ME,2023,3,oblig_2022q3_2023q4,covered,5.0,582250.094,1277850.06,911.2964223674254,2438.1000000000004,1277850.06,0.23737190444091352
ME,2023,4,oblig_2022q3_2023q4,all,5.0,424999.37100000004,953789.06,891.181056322873,2438.1000000000004,953789.06,0.17717471923670663
ME,2023,4,oblig_2022q3_2023q4,covered,5.0,424999.37100000004,953789.06,891.181056322873,2438.1000000000004,953789.06,0.17717471923670663
ME,2024,1,oblig_2024q1_2026q2,all,5.0,518754.26800000004,1130242.88,917.9518441204427,2438.1000000000004,1130242.88,0.212259741680192
ME,2024,1,oblig_2024q1_2026q2,covered,5.0,518754.26800000004,1130242.88,917.9518441204427,2438.1000000000004,1130242.88,0.212259741680192
ME,2024,2,oblig_2024q1_2026q2,all,5.0,612031.8019999999,1256264.74,974.3675556793863,2438.1000000000004,1256264.74,0.2359266613511722
ME,2024,2,oblig_2024q1_2026q2,covered,5.0,612031.8019999999,1256264.74,974.3675556793863,2438.1000000000004,1256264.74,0.2359266613511722
ME,2024,3,oblig_2024q1_2026q2,all,5.0,935489.147,1988654.17,940.8263750554477,2438.1000000000004,1988654.17,0.3694100289100148
ME,2024,3,oblig_2024q1_2026q2,covered,5.0,935489.147,1988654.17,940.8263750554477,2438.1000000000004,1988654.17,0.3694100289100148
ME,2024,4,oblig_2024q1_2026q2,all,5.0,550058.5160000001,1134570.9500000002,969.6326457151049,2438.1000000000004,1134570.9500000002,0.2107565477007815
ME,2024,4,oblig_2024q1_2026q2,covered,5.0,550058.5160000001,1134570.9500000002,969.6326457151049,2438.1000000000004,1134570.9500000002,0.2107565477007815
ME,2025,1,oblig_2024q1_2026q2,all,5.0,473127.47699999996,1072997.74,881.8797269787352,2438.1000000000004,1072997.74,0.20374808784010617
ME,2025,1,oblig_2024q1_2026q2,covered,5.0,473127.47699999996,1072997.74,881.8797269787352,2438.1000000000004,1072997.74,0.20374808784010617
ME,2025,2,oblig_2024q1_2026q2,all,5.0,521246.81299999997,1161802.28,897.3072647094477,2438.1000000000004,1161802.28,0.21818660059708417
ME,2025,2,oblig_2024q1_2026q2,covered,5.0,521246.81299999997,1161802.28,897.3072647094477,2438.1000000000004,1161802.28,0.21818660059708417
ME,2025,3,oblig_2024q1_2026q2,all,5.0,760516.898,1674847.33,908.1626538461867,2438.1000000000004,1674847.33,0.311117644248402
ME,2025,3,oblig_2024q1_2026q2,covered,5.0,760516.898,1674847.33,908.1626538461867,2438.1000000000004,1674847.33,0.311117644248402
ME,2025,4,oblig_2024q1_2026q2,all,5.0,693087.214,1564575.12,885.9749910889545,2438.1000000000004,1564575.12,0.29063360992076864
ME,2025,4,oblig_2024q1_2026q2,covered,5.0,693087.214,1564575.12,885.9749910889545,2438.1000000000004,1564575.12,0.29063360992076864
NC,2020,1,oblig_2020,all,28.0,8257571.5200000005,13572657.620000001,1216.7950818757927,22078.6,10537711.25,0.21853556672765093
NC,2020,1,oblig_2020,not_covered,28.0,8257571.5200000005,13572657.620000001,1216.7950818757927,22078.6,10537711.25,0.21853556672765093
NC,2020,2,oblig_2020,all,29.0,7989116.863,11646641.2,1371.917744491004,22213.4,9705178.13,0.20004874895498348
NC,2020,2,oblig_2020,not_covered,29.0,7989116.863,11646641.2,1371.917744491004,22213.4,9705178.13,0.20004874895498348
NC,2020,3,oblig_2020,all,29.0,14828086.202,19015378.210000005,1559.588879931092,22213.4,16360754.26,0.333571713160342
NC,2020,3,oblig_2020,not_covered,29.0,14828086.202,19015378.210000005,1559.588879931092,22213.4,16360754.26,0.333571713160342
NC,2020,4,oblig_2020,all,27.0,9119699.24,13841825.129999999,1317.7018426904517,22181.4,11360553.44,0.23195912739528599
NC,2020,4,oblig_2020,not_covered,27.0,9119699.24,13841825.129999999,1317.7018426904517,22181.4,11360553.44,0.23195912739528599
NC,2021,1,oblig_2021q1_2022q2,all,27.0,11237212.18,15707843.6,1430.7771921029314,22092.233333333334,13474069.11,0.28236144640575045
NC,2021,1,oblig_2021q1_2022q2,not_covered,27.0,11237212.18,15707843.6,1430.7771921029314,22092.233333333334,13474069.11,0.28236144640575045
NC,2021,2,oblig_2021q1_2022q2,all,26.0,10015912.537999999,13641889.759999998,1468.4054356410516,21740.4,11707918.079999998,0.24658094384870335
NC,2021,2,oblig_2021q1_2022q2,not_covered,26.0,10015912.537999999,13641889.759999998,1468.4054356410516,21740.4,11707918.079999998,0.24658094384870335
NC,2021,3,oblig_2021q1_2022q2,all,26.0,14130475.644000001,19239421.48,1468.9085800931268,21740.4,16242818.86,0.33837229864109264
NC,2021,3,oblig_2021q1_2022q2,not_covered,26.0,14130475.644000001,19239421.48,1468.9085800931268,21740.4,16242818.86,0.33837229864109264
NC,2021,4,oblig_2021q1_2022q2,all,25.0,8266307.2530000005,14921170.880000003,1107.9971296461688,21561.333333333336,11961402.340000004,0.2512507784500166
NC,2021,4,oblig_2021q1_2022q2,not_covered,25.0,8266307.2530000005,14921170.880000003,1107.9971296461688,21561.333333333336,11961402.340000004,0.2512507784500166
NC,2022,1,oblig_2021q1_2022q2,all,25.0,10720831.838,16885489.75,1269.8277629761967,21267.199999999997,13829510.969999999,0.30105285956778516
NC,2022,1,oblig_2021q1_2022q2,not_covered,25.0,10720831.838,16885489.75,1269.8277629761967,21267.199999999997,13829510.969999999,0.30105285956778516
NC,2022,2,oblig_2021q1_2022q2,all,26.0,10503610.924,15359366.1,1367.714117316339,21299.199999999997,14080836.56,0.30270007733527493
NC,2022,2,oblig_2021q1_2022q2,not_covered,26.0,10503610.924,15359366.1,1367.714117316339,21299.199999999997,14080836.56,0.30270007733527493
NC,2022,3,oblig_2022q3_2023q4,all,26.0,12413622.677,20086259.11,1236.0313196218647,21299.199999999997,16834896.63,0.3579712048023441
NC,2022,3,oblig_2022q3_2023q4,not_covered,26.0,12413622.677,20086259.11,1236.0313196218647,21299.199999999997,16834896.63,0.3579712048023441
NC,2022,4,oblig_2022q3_2023q4,all,25.0,10451821.06,17543844.060000002,1191.5086595907646,21267.199999999997,14430655.399999999,0.3073099851727856
NC,2022,4,oblig_2022q3_2023q4,not_covered,25.0,10451821.06,17543844.060000002,1191.5086595907646,21267.199999999997,14430655.399999999,0.3073099851727856
NC,2023,1,oblig_2022q3_2023q4,all,24.0,8554948.903,14983909.850000001,1141.8847268358331,21232.5,12516628.77,0.2729181934141842
NC,2023,1,oblig_2022q3_2023q4,not_covered,24.0,8554948.903,14983909.850000001,1141.8847268358331,21232.5,12516628.77,0.2729181934141842
NC,2023,2,oblig_2022q3_2023q4,all,25.0,7722491.127,13247707.900000002,1165.860718743655,21264.5,10954831.82,0.23588368574530957
NC,2023,2,oblig_2022q3_2023q4,not_covered,25.0,7722491.127,13247707.900000002,1165.860718743655,21264.5,10954831.82,0.23588368574530957
NC,2023,3,oblig_2022q3_2023q4,all,25.0,14320398.123,20050107.54,1428.4609790177715,21264.5,17060663.880000003,0.36336381977719556
NC,2023,3,oblig_2022q3_2023q4,not_covered,25.0,14320398.123,20050107.54,1428.4609790177715,21264.5,17060663.880000003,0.36336381977719556
NC,2023,4,oblig_2022q3_2023q4,all,24.0,9212417.657,14872155.530000001,1238.8812957767661,21232.5,12059429.63,0.25723293074262354
NC,2023,4,oblig_2022q3_2023q4,not_covered,24.0,9212417.657,14872155.530000001,1238.8812957767661,21232.5,12059429.63,0.25723293074262354
NC,2024,1,oblig_2024q1_2026q2,all,24.0,10543131.935,15974934.89,1319.959299690141,21232.5,13451087.580000002,0.29007054678513533
NC,2024,1,oblig_2024q1_2026q2,not_covered,24.0,10543131.935,15974934.89,1319.959299690141,21232.5,13451087.580000002,0.29007054678513533
NC,2024,2,oblig_2024q1_2026q2,all,25.0,11221916.252,16390102.18,1369.3528116857658,21264.5,13949430.23,0.30036453966295956
NC,2024,2,oblig_2024q1_2026q2,not_covered,25.0,11221916.252,16390102.18,1369.3528116857658,21264.5,13949430.23,0.30036453966295956
NC,2024,3,oblig_2024q1_2026q2,all,25.0,13657983.471000003,21229000.310000002,1286.7288399413096,21173.833333333336,18138603.96,0.38797639125267064
NC,2024,3,oblig_2024q1_2026q2,not_covered,25.0,13657983.471000003,21229000.310000002,1286.7288399413096,21173.833333333336,18138603.96,0.38797639125267064
NC,2024,4,oblig_2024q1_2026q2,all,24.0,10033114.717999998,16342938.01,1227.822648762528,21139.300000000003,13578369.429999998,0.2909095304031223
NC,2024,4,oblig_2024q1_2026q2,not_covered,24.0,10033114.717999998,16342938.01,1227.822648762528,21139.300000000003,13578369.429999998,0.2909095304031223
NC,2025,1,oblig_2024q1_2026q2,all,23.0,11926687.524,17629181.140000004,1353.0619975239526,21333.7,14793488.059999999,0.32103371964613797
NC,2025,1,oblig_2024q1_2026q2,not_covered,23.0,11926687.524,17629181.140000004,1353.0619975239526,21333.7,14793488.059999999,0.32103371964613797
NC,2025,2,oblig_2024q1_2026q2,all,24.0,10001518.679,15178733.28,1317.8331148592395,21365.7,13341210.120000001,0.28590744475059054
NC,2025,2,oblig_2024q1_2026q2,not_covered,24.0,10001518.679,15178733.28,1317.8331148592395,21365.7,13341210.120000001,0.28590744475059054
NC,2025,3,oblig_2024q1_2026q2,all,24.0,13299915.454,20586846.130000003,1292.0789682902243,21365.7,17759128.03,0.37644838909655615
NC,2025,3,oblig_2024q1_2026q2,not_covered,24.0,13299915.454,20586846.130000003,1292.0789682902243,21365.7,17759128.03,0.37644838909655615
NC,2025,4,oblig_2024q1_2026q2,all,23.0,10592876.589,16548387.01,1280.2307055785977,21333.7,13965787.27,0.29648325486491295
NC,2025,4,oblig_2024q1_2026q2,not_covered,23.0,10592876.589,16548387.01,1280.2307055785977,21333.7,13965787.27,0.29648325486491295
NH,2020,1,oblig_2020,all,6.0,660176.034,696861.27,1894.7129433667621,2552.1,696861.27,0.12502475337052746
NH,2020,1,oblig_2020,covered,5.0,379499.118,549235.01,1381.9188911500744,2477.1,549235.01,0.10152243820797777
NH,2020,1,oblig_2020,not_covered,1.0,280676.916,147626.26,3802.5337226588276,75.0,147626.26,0.9012592185592186
NH,2020,2,oblig_2020,all,8.0,643918.4890000001,717865.46,1793.9809752094773,2588.7,717865.46,0.12697221624385838
NH,2020,2,oblig_2020,covered,5.0,365835.244,570783.71,1281.8699538569524,2477.1,570783.71,0.10550557206576343
NH,2020,2,oblig_2020,not_covered,3.0,278083.245,147081.75,3781.342620685435,111.6,147081.75,0.603450928551735
NH,2020,3,oblig_2020,all,8.0,925533.628,1245671.14,1485.9999534066433,2588.7,1245671.14,0.21793280564974976
NH,2020,3,oblig_2020,covered,5.0,637574.635,1097060.14,1162.3330604282096,2477.1,1097060.14,0.200580092634035
NH,2020,3,oblig_2020,not_covered,3.0,287958.993,148611.0,3875.338878010376,111.6,148611.0,0.6030977286894188
NH,2020,4,oblig_2020,all,6.0,631998.5789999999,704076.53,1795.2553510056637,2552.1,704076.53,0.12494621685522977
NH,2020,4,oblig_2020,covered,5.0,383021.45699999994,566757.4500000001,1351.62389837134,2477.1,566757.4500000001,0.1036226344182275
NH,2020,4,oblig_2020,not_covered,1.0,248977.122,137319.08,3626.256773639905,75.0,137319.08,0.829221497584541
NH,2021,1,oblig_2021q1_2022q2,all,6.0,853256.728,958039.1099999999,1781.2565668639563,2552.1,958039.1099999999,0.1737928078837036
NH,2021,1,oblig_2021q1_2022q2,covered,5.0,561358.789,797946.9299999999,1407.0078294555253,2477.1,797946.9299999999,0.14913401760122724
NH,2021,1,oblig_2021q1_2022q2,not_covered,1.0,291897.939,160092.18,3646.6233266359422,75.0,160092.18,0.9882233333333333
NH,2021,2,oblig_2021q1_2022q2,all,8.0,746545.411,900997.3400000001,1657.153418455153,2588.7,900997.3400000001,0.15936360706032746
NH,2021,2,oblig_2021q1_2022q2,covered,5.0,469432.819,751410.74,1249.470613103028,2477.1,751410.74,0.13889327706997565
NH,2021,2,oblig_2021q1_2022q2,not_covered,3.0,277112.592,149586.6,3705.0456658550966,111.6,149586.6,0.6137278939698295
NH,2021,3,oblig_2021q1_2022q2,all,8.0,1104300.504,1589968.42,1389.0848272319774,2588.7,1589968.42,0.27816834438750804
NH,2021,3,oblig_2021q1_2022q2,covered,5.0,792427.954,1423055.42,1113.699358244249,2477.1,1423055.42,0.26018317279029535
NH,2021,3,oblig_2021q1_2022q2,not_covered,3.0,311872.55,166913.0,3736.9473917549863,111.6,166913.0,0.6773714677159628
NH,2021,4,oblig_2021q1_2022q2,all,6.0,670592.336,966657.0700000001,1387.4461933020361,2552.1,966657.0700000001,0.1715440562872633
NH,2021,4,oblig_2021q1_2022q2,covered,5.0,468137.208,834805.91,1121.5474217234519,2477.1,834805.91,0.152631055175553
NH,2021,4,oblig_2021q1_2022q2,not_covered,1.0,202455.128,131851.16,3070.9646847248064,75.0,131851.16,0.796202657004831
NH,2022,1,oblig_2021q1_2022q2,all,6.0,1007895.75,1202280.0899999999,1676.6405072881148,2552.1,1202280.0899999999,0.2180992722768613
NH,2022,1,oblig_2021q1_2022q2,covered,5.0,776244.8250000001,1053590.0899999999,1473.5233984594524,2477.1,1053590.0899999999,0.196912998996736
NH,2022,1,oblig_2021q1_2022q2,not_covered,1.0,231650.925,148690.0,3115.8911157441657,75.0,148690.0,0.9178395061728395
NH,2022,2,oblig_2021q1_2022q2,all,8.0,854541.1669999999,1306002.26,1308.636582298104,2588.7,1306002.26,0.23099871857839177
NH,2022,2,oblig_2021q1_2022q2,covered,5.0,635442.3319999999,1157848.24,1097.626286498479,2477.1,1157848.24,0.214020545412092
NH,2022,2,oblig_2021q1_2022q2,not_covered,3.0,219098.835,148154.02,2957.7170433849856,111.6,148154.02,0.6078502665196214
NH,2022,3,oblig_2022q3_2023q4,all,8.0,999973.2849999999,1500094.64,1333.2135964434883,2588.7,1500094.64,0.26244473612461744
NH,2022,3,oblig_2022q3_2023q4,covered,5.0,775819.531,1338283.86,1159.4244751632884,2477.1,1338283.86,0.2446840340124234
NH,2022,3,oblig_2022q3_2023q4,not_covered,3.0,224153.754,161810.78,2770.5663862444762,111.6,161810.78,0.6566654816632902
NH,2022,4,oblig_2022q3_2023q4,all,6.0,621658.674,751608.9299999999,1654.2077912778393,2552.1,751608.9299999999,0.13338137028670335
NH,2022,4,oblig_2022q3_2023q4,covered,5.0,411327.734,602677.87,1365.0002911173758,2477.1,602677.87,0.11019011500416277
NH,2022,4,oblig_2022q3_2023q4,not_covered,1.0,210330.94,148931.06,2824.540965464155,75.0,148931.06,0.8993421497584541
NH,2023,1,oblig_2022q3_2023q4,all,6.0,648253.8520000001,746763.08,1736.1700634691265,2552.1,746763.08,0.1354663407186819
NH,2023,1,oblig_2022q3_2023q4,covered,5.0,413240.25200000004,582969.08,1417.7089872416564,2477.1,582969.08,0.10895526728537103
NH,2023,1,oblig_2022q3_2023q4,not_covered,1.0,235013.6,163794.0,2869.624039952623,75.0,163794.0,1.011074074074074
NH,2023,2,oblig_2022q3_2023q4,all,8.0,736940.7880000001,1076110.74,1369.637455713898,2588.7,1076110.74,0.19033673187398997
NH,2023,2,oblig_2022q3_2023q4,covered,5.0,541130.9839999999,942012.14,1148.8832489993174,2477.1,942012.14,0.17412467802137174
NH,2023,2,oblig_2022q3_2023q4,not_covered,3.0,195809.804,134098.6,2920.38550738039,111.6,134098.6,0.5501833142962176
NH,2023,3,oblig_2022q3_2023q4,all,8.0,912565.2359999999,1329759.7699999998,1372.5264616781121,2588.7,1329759.7699999998,0.2326442896608056
NH,2023,3,oblig_2022q3_2023q4,covered,5.0,677970.771,1179839.0699999998,1149.259739296479,2477.1,1179839.0699999998,0.215714910537041
NH,2023,3,oblig_2022q3_2023q4,not_covered,3.0,234594.465,149920.7,3129.580704999376,111.6,149920.7,0.6084127934912473
NH,2023,4,oblig_2022q3_2023q4,all,6.0,590267.318,765069.94,1543.0414584057505,2552.1,765069.94,0.1357701763367366
NH,2023,4,oblig_2022q3_2023q4,covered,5.0,411680.875,651503.3099999999,1263.7875162905927,2477.1,651503.3099999999,0.11911707435763769
NH,2023,4,oblig_2022q3_2023q4,not_covered,1.0,178586.443,113566.63,3145.051376447465,75.0,113566.63,0.6857888285024155
NH,2024,1,oblig_2024q1_2026q2,all,6.0,575969.5920000001,713342.1,1614.8481689220366,2552.1,713342.1,0.12798159972545772
NH,2024,1,oblig_2024q1_2026q2,covered,5.0,382989.69200000004,592829.1,1292.0745354774253,2477.1,592829.1,0.10958051576617643
NH,2024,1,oblig_2024q1_2026q2,not_covered,1.0,192979.9,120513.0,3202.640379046244,75.0,120513.0,0.7357326007326007
NH,2024,2,oblig_2024q1_2026q2,all,8.0,610192.185,963908.7000000001,1266.0787997867433,2588.7,963908.7000000001,0.17049103309098676
NH,2024,2,oblig_2024q1_2026q2,covered,5.0,503974.391,893403.1000000001,1128.2127653239618,2477.1,893403.1000000001,0.16513962031401783
NH,2024,2,oblig_2024q1_2026q2,not_covered,3.0,106217.794,70505.6,3013.0314187809195,111.6,70505.6,0.2892722570141925
NH,2024,3,oblig_2024q1_2026q2,all,8.0,919900.5490000001,1401847.33,1312.4118858221175,2588.7,1401847.33,0.24525616104384554
NH,2024,3,oblig_2024q1_2026q2,covered,5.0,746695.879,1281025.98,1165.7778853165803,2477.1,1281025.98,0.23421533639441633
NH,2024,3,oblig_2024q1_2026q2,not_covered,3.0,173204.67,120821.35,2867.120256477849,111.6,120821.35,0.49032091677055745
NH,2024,4,oblig_2024q1_2026q2,all,6.0,771355.776,1021696.09,1509.9515081828297,2552.1,1021696.09,0.18131134298892246
NH,2024,4,oblig_2024q1_2026q2,covered,5.0,636679.982,928315.4299999999,1371.6888924274372,2477.1,928315.4299999999,0.16972779171705576
NH,2024,4,oblig_2024q1_2026q2,not_covered,1.0,134675.794,93380.66,2884.44725064055,75.0,93380.66,0.5638928743961353
NH,2025,1,oblig_2024q1_2026q2,all,6.0,848602.182,1020593.71,1662.9578914414435,2552.1,1020593.71,0.18514050701891108
NH,2025,1,oblig_2024q1_2026q2,covered,5.0,652136.334,884473.97,1474.63092441262,2477.1,884473.97,0.16530567591732864
NH,2025,1,oblig_2024q1_2026q2,not_covered,1.0,196465.848,136119.74,2886.6621108738527,75.0,136119.74,0.8402453086419752
NH,2025,2,oblig_2024q1_2026q2,all,8.0,737389.4419999999,1137930.3699999999,1296.0185639478098,2588.7,1137930.3699999999,0.20127105852131927
NH,2025,2,oblig_2024q1_2026q2,covered,5.0,600231.192,1045028.8400000001,1148.7361286603343,2477.1,1045028.8400000001,0.19316662977193438
NH,2025,2,oblig_2024q1_2026q2,not_covered,3.0,137158.25,92901.53,2952.766224625149,111.6,92901.53,0.3811588762193601
NH,2025,3,oblig_2024q1_2026q2,all,8.0,1070023.593,1604060.1400000001,1334.1439841526142,2588.7,1604060.1400000001,0.2806337206633289
NH,2025,3,oblig_2024q1_2026q2,covered,5.0,910226.5700000001,1493037.66,1219.294856902672,2477.1,1493037.66,0.27297831835263187
NH,2025,3,oblig_2024q1_2026q2,not_covered,3.0,159797.023,111022.48,2878.6426496687877,111.6,111022.48,0.4505548413069451
NH,2025,4,oblig_2024q1_2026q2,all,6.0,878133.169,1434167.61,1224.5893197936605,2552.1,1434167.61,0.25450900515858216
NH,2025,4,oblig_2024q1_2026q2,covered,5.0,729148.148,1328878.33,1097.3888753231456,2477.1,1328878.33,0.24296438163432113
NH,2025,4,oblig_2024q1_2026q2,not_covered,1.0,148985.021,105289.28,2830.0131029483723,75.0,105289.28,0.6358048309178744
NJ,2020,1,oblig_2020,all,35.0,3345614.598,7075930.399999999,945.6324211442217,15789.9,7075930.399999999,0.20518780180969298
NJ,2020,1,oblig_2020,covered,33.0,3345614.5979999998,7041527.65,950.2524918722714,13379.300000000001,7041527.65,0.2409799239785674
NJ,2020,1,oblig_2020,not_covered,2.0,0.0,34402.75,0.0,2410.6000000000004,34402.75,0.006534545303420272
NJ,2020,2,oblig_2020,all,35.0,3205982.6850000005,6663758.3,962.2145764200363,15789.9,6663758.3,0.19323563688078343
NJ,2020,2,oblig_2020,covered,33.0,3205951.685,6631225.05,966.9259181604763,13379.300000000001,6631225.05,0.22693827076483492
NJ,2020,2,oblig_2020,not_covered,2.0,31.0,32533.25,1.9057425864308053,2410.6000000000004,32533.25,0.0061794477474183766
NJ,2020,3,oblig_2020,all,35.0,5067008.738,10273283.18,986.4438951443369,15789.9,10273283.18,0.29466653135268733
NJ,2020,3,oblig_2020,covered,33.0,5067008.738,10238945.93,989.7520257732233,13379.300000000001,10238945.93,0.3465953953229935
NJ,2020,3,oblig_2020,not_covered,2.0,0.0,34337.25,0.0,2410.6000000000004,34337.25,0.0064512116323195735
NJ,2020,4,oblig_2020,all,35.0,3265115.6730000004,6728416.920000001,970.5449920306069,15789.9,6728416.920000001,0.19298983981780324
NJ,2020,4,oblig_2020,covered,33.0,3265115.6730000004,6695599.67,975.3019397588926,13379.300000000001,6695599.67,0.2266506758033202
NJ,2020,4,oblig_2020,not_covered,2.0,0.0,32817.25,0.0,2410.6000000000004,32817.25,0.006165637170732645
NJ,2021,1,oblig_2021q1_2022q2,all,35.0,2682563.369,5330609.64,1006.4752627431185,15789.9,5330609.64,0.15629451949241813
NJ,2021,1,oblig_2021q1_2022q2,covered,33.0,2682563.369,5298908.14,1012.4966495456176,13379.300000000001,5298908.14,0.1833577401630102
NJ,2021,1,oblig_2021q1_2022q2,not_covered,2.0,0.0,31701.5,0.0,2410.6000000000004,31701.5,0.00608836819479398
NJ,2021,2,oblig_2021q1_2022q2,all,35.0,3303615.034,7022889.68,940.8135922761641,15700.400000000001,7022889.680000002,0.2048106308016884
NJ,2021,2,oblig_2021q1_2022q2,covered,33.0,3303615.034,6990636.18,945.1543318622541,13289.8,6990636.18,0.24084942901761064
NJ,2021,2,oblig_2021q1_2022q2,not_covered,2.0,0.0,32253.5,0.0,2410.6000000000004,32253.5,0.006126311325224458
NJ,2021,3,oblig_2021q1_2022q2,all,35.0,4996024.723999999,9742721.580000002,1025.5911929693054,15700.400000000001,9742721.58,0.2810415329351897
NJ,2021,3,oblig_2021q1_2022q2,covered,33.0,4996024.723999999,9707139.580000002,1029.350548186925,13289.8,9707139.58,0.33080629110022486
NJ,2021,3,oblig_2021q1_2022q2,not_covered,2.0,0.0,35582.0,0.0,2410.6000000000004,35582.0,0.006685072692227684
NJ,2021,4,oblig_2021q1_2022q2,all,35.0,3637516.0470000007,7656376.68,950.1925516548648,15700.400000000001,7656376.68,0.22085818846487432
NJ,2021,4,oblig_2021q1_2022q2,covered,33.0,3637516.047,7621614.68,954.526356874289,13289.8,7621614.68,0.2597344010258712
NJ,2021,4,oblig_2021q1_2022q2,not_covered,2.0,0.0,34762.0,0.0,2410.6000000000004,34762.0,0.006531012785318946
NJ,2022,1,oblig_2021q1_2022q2,all,35.0,3095534.0120000006,5965342.45,1037.8394997256194,15700.400000000001,5965342.450000001,0.17590205445343693
NJ,2022,1,oblig_2021q1_2022q2,covered,33.0,3095534.012,5926776.199999999,1044.5928469510964,13289.8,5926776.199999999,0.20646494833408854
NJ,2022,1,oblig_2021q1_2022q2,not_covered,2.0,0.0,38566.25,0.0,2410.6000000000004,38566.25,0.00740676402985579
NJ,2022,2,oblig_2021q1_2022q2,all,35.0,3762726.0579999997,7949037.07,946.7124193446489,15700.400000000001,7949037.07,0.23182014395144315
NJ,2022,2,oblig_2021q1_2022q2,covered,33.0,3762726.0579999997,7916426.320000001,950.612285367673,13289.8,7916426.32,0.27274581453500624
NJ,2022,2,oblig_2021q1_2022q2,not_covered,2.0,0.0,32610.75,0.0,2410.6000000000004,32610.75,0.0061941682933344755
NJ,2022,3,oblig_2022q3_2023q4,all,34.0,5605015.39,12036824.100000001,931.3113398408804,14787.3,12036824.1,0.36865825338076536
NJ,2022,3,oblig_2022q3_2023q4,covered,32.0,5605015.390000001,11999154.100000001,934.2350874550399,12376.7,11999154.100000001,0.43908307560267235
NJ,2022,3,oblig_2022q3_2023q4,not_covered,2.0,0.0,37670.0,0.0,2410.6000000000004,37670.0,0.007077361821039202
NJ,2022,4,oblig_2022q3_2023q4,all,32.0,3188617.4429999995,7363405.4,866.071408481733,14760.3,7363405.4,0.2259354914234786
NJ,2022,4,oblig_2022q3_2023q4,covered,30.0,3188617.443,7329678.770000001,870.0565312768814,12349.699999999999,7329678.77,0.2688001240686126
NJ,2022,4,oblig_2022q3_2023q4,not_covered,2.0,0.0,33726.63,0.0,2410.6000000000004,33726.63,0.006336489607494435
NJ,2023,1,oblig_2022q3_2023q4,all,30.0,2590464.797,6048082.380000001,856.6235160970144,14760.3,6048082.38,0.1897006252507665
NJ,2023,1,oblig_2022q3_2023q4,covered,28.0,2590464.7970000007,6021389.16,860.4209853129641,12349.699999999999,6021389.160000001,0.22572857370354482
NJ,2023,1,oblig_2022q3_2023q4,not_covered,2.0,0.0,26693.22,0.0,2410.6000000000004,26693.22,0.0051265129935378
NJ,2023,2,oblig_2022q3_2023q4,all,30.0,3487132.9159999997,7863644.1400000015,886.8999801916262,14760.3,7863644.1400000015,0.24393607590443026
NJ,2023,2,oblig_2022q3_2023q4,covered,28.0,3487132.916,7830788.670000001,890.6211271820721,12349.699999999999,7830788.670000001,0.29033304030075213
NJ,2023,2,oblig_2022q3_2023q4,not_covered,2.0,0.0,32855.47,0.0,2410.6000000000004,32855.47,0.006240651028774317
NJ,2023,3,oblig_2022q3_2023q4,all,29.0,4959300.648,11509640.180000002,861.7646721254841,14760.3,11509640.180000002,0.35315673508560524
NJ,2023,3,oblig_2022q3_2023q4,covered,27.0,4959300.648,11474727.49,864.3866535953788,12349.699999999999,11474727.490000002,0.4208108253788481
NJ,2023,3,oblig_2022q3_2023q4,not_covered,2.0,0.0,34912.69,0.0,2410.6000000000004,34912.69,0.006559324111382456
NJ,2023,4,oblig_2022q3_2023q4,all,29.0,3655840.003,8832573.819999998,827.8085363344295,14760.3,8832573.82,0.27101480879429124
NJ,2023,4,oblig_2022q3_2023q4,covered,27.0,3655840.003,8798215.81,831.0412206176607,12349.699999999999,8798215.81,0.3226555454230949
NJ,2023,4,oblig_2022q3_2023q4,not_covered,2.0,0.0,34358.01,0.0,2410.6000000000004,34358.01,0.006455111978255458
NJ,2024,1,oblig_2024q1_2026q2,all,28.0,2931779.662,6994668.44,838.289816636398,14625.3,6994668.44,0.21898265434910838
NJ,2024,1,oblig_2024q1_2026q2,covered,26.0,2931779.6620000005,6959567.26,842.517803901503,12214.7,6959567.26,0.26088361120514997
NJ,2024,1,oblig_2024q1_2026q2,not_covered,2.0,0.0,35101.18,0.0,2410.6000000000004,35101.18,0.006667206863216155
NJ,2024,2,oblig_2024q1_2026q2,all,27.0,3381272.398,8008897.94,844.3789453508755,14625.3,8008897.94,0.25073521988303227
NJ,2024,2,oblig_2024q1_2026q2,covered,25.0,3381272.3979999996,7977324.989999999,847.7208593704291,12214.7,7977324.989999999,0.2990348786640345
NJ,2024,2,oblig_2024q1_2026q2,not_covered,2.0,0.0,31572.95,0.0,2410.6000000000004,31572.95,0.005997045937828315
NJ,2024,3,oblig_2024q1_2026q2,all,25.0,3907095.2060000007,9037873.27,864.604999268816,14470.300000000001,9037873.27,0.2828717929563272
NJ,2024,3,oblig_2024q1_2026q2,covered,23.0,3907095.2060000002,9003071.810000002,867.9471381446193,12059.7,9003071.810000002,0.3381077617866814
NJ,2024,3,oblig_2024q1_2026q2,not_covered,2.0,0.0,34801.46,0.0,2410.6000000000004,34801.46,0.0065384264486440915
NJ,2024,4,oblig_2024q1_2026q2,all,25.0,3113123.742,7402910.380000001,841.0540131380058,14470.300000000001,7402910.380000001,0.23169992206425416
NJ,2024,4,oblig_2024q1_2026q2,covered,23.0,3113123.7420000006,7364678.739999998,845.4201064037184,12059.7,7364678.739999998,0.27657838320178363
NJ,2024,4,oblig_2024q1_2026q2,not_covered,2.0,0.0,38231.64,0.0,2410.6000000000004,38231.64,0.007182881584595571
NJ,2025,1,oblig_2024q1_2026q2,all,25.0,2405026.2299999995,5480421.3100000005,877.6793220665728,14470.300000000001,5480421.3100000005,0.17534066936849704
NJ,2025,1,oblig_2024q1_2026q2,covered,23.0,2405026.23,5447071.77,883.0528884329351,12059.7,5447071.77,0.20910905628756196
NJ,2025,1,oblig_2024q1_2026q2,not_covered,2.0,0.0,33349.54,0.0,2410.6000000000004,33349.54,0.006404879221709055
NJ,2025,2,oblig_2024q1_2026q2,all,25.0,3384996.08,7874688.47,859.7155539284464,14470.300000000001,7874688.47,0.24917428034165418
NJ,2025,2,oblig_2024q1_2026q2,covered,23.0,3384996.0800000005,7846126.36,862.8451607042434,12059.7,7846126.36,0.29789702062519796
NJ,2025,2,oblig_2024q1_2026q2,not_covered,2.0,0.0,28562.11,0.0,2410.6000000000004,28562.11,0.005425159376976352
NJ,2025,3,oblig_2024q1_2026q2,all,25.0,4592376.962,10486612.63,875.8551734546144,14470.300000000001,10486612.63,0.3282151484169424
NJ,2025,3,oblig_2024q1_2026q2,covered,23.0,4592376.962,10449357.95,878.9778250442652,12059.7,10449357.95,0.39242262009485895
NJ,2025,3,oblig_2024q1_2026q2,not_covered,2.0,0.0,37254.68,0.0,2410.6000000000004,37254.68,0.006999332356969278
NJ,2025,4,oblig_2024q1_2026q2,all,25.0,3436998.2159999995,8062756.629999999,852.5615676433979,14470.300000000001,8062756.629999999,0.25235211381743733
NJ,2025,4,oblig_2024q1_2026q2,covered,23.0,3436998.2160000005,8021586.13,856.9373089808114,12059.7,8021586.13,0.3012483505219744
NJ,2025,4,oblig_2024q1_2026q2,not_covered,2.0,0.0,41170.5,0.0,2410.6000000000004,41170.5,0.007735028533397782
NY,2020,1,oblig_2020,all,81.0,5725665.526000001,10934334.68,1047.2819231466951,27011.500000000004,10477340.4,0.1776027630071278
NY,2020,1,oblig_2020,covered,76.0,5725592.710999999,10934269.53,1047.2748445226957,26791.699999999997,10477275.25,0.17905870856948058
NY,2020,1,oblig_2020,not_covered,5.0,72.815,65.15,2235.303146584804,219.8,65.15,0.00013571695214097397
NY,2020,2,oblig_2020,all,86.0,5244559.711999999,9960133.379999999,1053.1103373637752,28772.333333333336,9957059.5,0.15845406505053503
NY,2020,2,oblig_2020,covered,79.0,5242337.93,9939555.69,1054.8435148412555,28473.7,9936481.81,0.1597850352579717
NY,2020,2,oblig_2020,not_covered,7.0,2221.782,20577.69,215.9408563351863,298.6333333333334,20577.69,0.03155046064550473
NY,2020,3,oblig_2020,all,86.0,9824318.349,19088596.830000002,1029.3389751477087,28734.266666666666,19079073.540000003,0.3007170795647514
NY,2020,3,oblig_2020,covered,79.0,9813004.472,19043291.470000003,1030.5996195520079,28443.96666666667,19033768.180000003,0.30306483355758135
NY,2020,3,oblig_2020,not_covered,7.0,11313.877,45305.36,499.44982227268474,290.3,45305.36,0.07068112946626927
NY,2020,4,oblig_2020,all,80.0,6126149.828000001,11544814.27,1061.2816602722187,26940.000000000004,11540463.589999998,0.19401110744623043
NY,2020,4,oblig_2020,covered,75.0,6125097.799000001,11543911.319999998,1061.1824067615935,26732.699999999997,11539560.64,0.19550027830541147
NY,2020,4,oblig_2020,not_covered,5.0,1052.029,902.95,2330.204330250844,207.29999999999998,902.95,0.0019727194711857774
NY,2021,1,oblig_2021q1_2022q2,all,83.0,6415245.342,11869035.660000002,1081.0053193487497,27964.600000000002,11863450.620000003,0.1964032473198258
NY,2021,1,oblig_2021q1_2022q2,covered,78.0,6414590.4180000005,11868539.770000001,1080.9401227628864,27757.3,11862954.729999999,0.1978617758678364
NY,2021,1,oblig_2021q1_2022q2,not_covered,5.0,654.924,495.89,2641.408376857771,207.29999999999998,495.89,0.0011074708331100034
NY,2021,2,oblig_2021q1_2022q2,all,85.0,6321927.712,12377471.120000001,1021.5217067700981,28047.600000000002,12373593.850000001,0.20199820838979804
NY,2021,2,oblig_2021q1_2022q2,covered,78.0,6320377.012000001,12353982.290000003,1023.2128982597076,27757.3,12350105.020000003,0.2037233445199098
NY,2021,2,oblig_2021q1_2022q2,not_covered,7.0,1550.7,23488.83,132.03722790790346,290.3,23488.83,0.0370477395494619
NY,2021,3,oblig_2021q1_2022q2,all,85.0,9345113.584,17973735.58,1039.8632540693025,28047.600000000002,17968194.049999997,0.29014136840171906
NY,2021,3,oblig_2021q1_2022q2,covered,78.0,9335509.684,17917118.400000006,1042.0771326710658,27757.3,17911576.869999997,0.2922520275969183
NY,2021,3,oblig_2021q1_2022q2,not_covered,7.0,9603.9,56617.18,339.25744800429834,290.3,56617.18,0.08832875910477417
NY,2021,4,oblig_2021q1_2022q2,all,83.0,6475969.367000001,12966530.02,998.8746961617726,27964.600000000002,12966324.16,0.20999511597841036
NY,2021,4,oblig_2021q1_2022q2,covered,78.0,6475623.167000001,12966270.099999998,998.8413193706341,27757.3,12966064.239999998,0.2115591827338592
NY,2021,4,oblig_2021q1_2022q2,not_covered,5.0,346.2,259.92,2663.8965835641734,207.29999999999998,259.92,0.0005678600641791984
NY,2022,1,oblig_2021q1_2022q2,all,83.0,7381142.518,13564258.41,1088.3223092474245,27664.300000000003,13552800.080000002,0.22680655145734688
NY,2022,1,oblig_2021q1_2022q2,covered,78.0,7380647.118000002,13563936.219999999,1088.2751139919474,27457.0,13552477.889999999,0.22851350546106436
NY,2022,1,oblig_2021q1_2022q2,not_covered,5.0,495.4,322.19,3075.204072131351,207.29999999999998,322.19,0.0007195467295563775
NY,2022,2,oblig_2021q1_2022q2,all,85.0,6951520.942999999,14097813.170000002,986.1842910207893,27747.300000000003,14094141.129999999,0.23257619023328657
NY,2022,2,oblig_2021q1_2022q2,covered,78.0,6950559.542999998,14075985.440000001,987.5769725149698,27457.0,14072313.399999999,0.23467119282485124
NY,2022,2,oblig_2021q1_2022q2,not_covered,7.0,961.4,21827.73,88.08978304202957,290.3,21827.73,0.034427770816851076
NY,2022,3,oblig_2022q3_2023q4,all,85.0,9651128.254999999,19285153.71,1000.8868376294624,27692.3,19271475.810000002,0.31517871266286707
NY,2022,3,oblig_2022q3_2023q4,covered,78.0,9639113.455,19238743.860000003,1002.0522675642087,27402.0,19225065.96,0.3177506937767158
NY,2022,3,oblig_2022q3_2023q4,not_covered,7.0,12014.8,46409.85,517.7693959364229,290.3,46409.85,0.07240425010109482
NY,2022,4,oblig_2022q3_2023q4,all,82.0,6839244.473000001,13411863.61,1019.8798126608747,27609.300000000003,13404599.059999999,0.2198869035911392
NY,2022,4,oblig_2022q3_2023q4,covered,77.0,6838141.773,13410997.169999998,1019.7812565789992,27402.0,13403732.620000001,0.22153605860515843
NY,2022,4,oblig_2022q3_2023q4,not_covered,5.0,1102.7,866.44,2545.358016712063,207.29999999999998,866.44,0.0018929542705733485
NY,2023,1,oblig_2022q3_2023q4,all,80.0,6211571.255000001,12114928.13,1025.440875644716,27576.7,12111066.89,0.20332292885069778
NY,2023,1,oblig_2022q3_2023q4,covered,75.0,6211012.409000001,12114419.98,1025.3916273752961,27369.4,12110558.740000002,0.20485433211569887
NY,2023,1,oblig_2022q3_2023q4,not_covered,5.0,558.846,508.15,2199.5316343599334,207.29999999999998,508.15,0.0011348510835968628
NY,2023,2,oblig_2022q3_2023q4,all,82.0,6087707.005999999,12329902.38,987.470430564755,27615.7,12329051.989999998,0.20441887495488342
NY,2023,2,oblig_2022q3_2023q4,covered,75.0,6087096.870999999,12306823.459999999,989.2230746275773,27325.4,12305973.07,0.20620386358586898
NY,2023,2,oblig_2022q3_2023q4,not_covered,7.0,610.135,23078.92,52.87379132125767,290.3,23078.92,0.03640120930854654
NY,2023,3,oblig_2022q3_2023q4,all,82.0,9756902.657,19298772.61,1011.142299479117,27090.9,19291946.299999997,0.32251769117775836
NY,2023,3,oblig_2022q3_2023q4,covered,75.0,9746135.379999999,19256693.07,1012.2335485715874,26800.600000000002,19249866.759999998,0.32530005885115915
NY,2023,3,oblig_2022q3_2023q4,not_covered,7.0,10767.277,42079.54,511.75830344153,290.3,42079.54,0.06564851078594358
NY,2023,4,oblig_2022q3_2023q4,all,79.0,6835900.025999999,13853738.469999999,986.8671970101078,27007.9,13852638.919999998,0.23229647957004096
NY,2023,4,oblig_2022q3_2023q4,covered,74.0,6835900.026,13853738.47,986.8671970101078,26800.600000000002,13852638.920000002,0.2340932699484232
NY,2023,4,oblig_2022q3_2023q4,not_covered,5.0,0.0,0.0,,207.29999999999998,0.0,0.0
NY,2024,1,oblig_2024q1_2026q2,all,78.0,6976391.598,14553203.1,958.7431096869665,27024.600000000002,14549213.370000001,0.246506062384512
NY,2024,1,oblig_2024q1_2026q2,covered,73.0,6976102.598,14553124.100000001,958.7085975581008,26817.3,14549134.37,0.24841022628509624
NY,2024,1,oblig_2024q1_2026q2,not_covered,5.0,289.0,79.0,7316.455696202532,207.29999999999998,79.0,0.0001744918532183366
NY,2024,2,oblig_2024q1_2026q2,all,80.0,7055178.194,14800586.440000001,953.364682217281,27107.600000000002,14797622.969999999,0.24994718797891152
NY,2024,2,oblig_2024q1_2026q2,covered,73.0,7053435.202000001,14783584.860000001,954.225280105708,26817.3,14780621.389999999,0.25236260871266075
NY,2024,2,oblig_2024q1_2026q2,not_covered,7.0,1742.992,17001.58,205.03882580324884,290.3,17001.58,0.02681572933898115
NY,2024,3,oblig_2024q1_2026q2,all,79.0,9822666.514,20263716.93,969.48319480892,27107.333333333336,20258637.65,0.33847326546348755
NY,2024,3,oblig_2024q1_2026q2,covered,72.0,9812726.414,20229663.73,970.1324297791479,26817.033333333336,20224584.45,0.3415622031176594
NY,2024,3,oblig_2024q1_2026q2,not_covered,7.0,9940.1,34053.2,583.7982920841507,290.3,34053.2,0.053126575706290834
NY,2024,4,oblig_2024q1_2026q2,all,77.0,7352769.048,15354997.25,957.7037271042168,27024.2,15350371.809999999,0.2572568714645885
NY,2024,4,oblig_2024q1_2026q2,covered,72.0,7352761.453000001,15354995.29,957.7028600964164,26816.900000000005,15350369.850000001,0.2592454854271811
NY,2024,4,oblig_2024q1_2026q2,not_covered,5.0,7.595,1.96,7750.0,207.29999999999998,1.96,4.282108824989339e-06
NY,2025,1,oblig_2024q1_2026q2,all,77.0,7857864.277999999,15385275.28,1021.4785416566169,27024.2,15370443.149999999,0.26331754141761005
NY,2025,1,oblig_2024q1_2026q2,covered,72.0,7857399.978000001,15385077.28,1021.4313305028783,26816.900000000005,15370245.149999997,0.26534962043006866
NY,2025,1,oblig_2024q1_2026q2,not_covered,5.0,464.3,198.0,4689.89898989899,207.29999999999998,198.0,0.0004421932786621644
NY,2025,2,oblig_2024q1_2026q2,all,79.0,6808258.205999998,14358170.600000003,948.3461919584653,27149.2,14355870.83,0.24211398234523224
NY,2025,2,oblig_2024q1_2026q2,covered,72.0,6806549.506,14347272.1,948.8283847352418,26816.900000000005,14344972.33,0.2449280406687396
NY,2025,2,oblig_2024q1_2026q2,not_covered,7.0,1708.7,10898.5,313.56608707620313,332.30000000000007,10898.5,0.01501701979432945
NY,2025,3,oblig_2024q1_2026q2,all,79.0,10375859.404000001,21255838.39,976.283241679276,27149.2,21247917.900000002,0.35445431993672327
NY,2025,3,oblig_2024q1_2026q2,covered,72.0,10366587.404,21210664.14,977.4882422894278,26816.900000000005,21202743.650000002,0.35808359170787873
NY,2025,3,oblig_2024q1_2026q2,not_covered,7.0,9272.0,45174.25,410.4993442060466,332.30000000000007,45174.25,0.06156892071944767
NY,2025,4,oblig_2024q1_2026q2,all,77.0,7924924.542000001,16144477.489999998,981.7505146151375,27066.2,16130081.049999999,0.2699045425887617
NY,2025,4,oblig_2024q1_2026q2,covered,72.0,7924251.842,16144082.49,981.6911982342082,26816.900000000005,16129686.05,0.2724070058690007
NY,2025,4,oblig_2024q1_2026q2,not_covered,5.0,672.7,395.0,3406.0759493670885,249.3,395.0,0.0007175889592307737
OH,2020,1,oblig_2020,all,39.0,18363115.085,26333497.65,1394.658265989972,26952.5,26259520.2,0.44610295279342677
OH,2020,1,oblig_2020,not_covered,39.0,18363115.085,26333497.65,1394.658265989972,26952.5,26259520.2,0.44610295279342677
OH,2020,2,oblig_2020,all,47.0,14885091.127,21412716.669999998,1390.3038420019407,26526.066666666666,21235514.220000003,0.366553432851081
OH,2020,2,oblig_2020,not_covered,47.0,14885091.127,21412716.669999998,1390.3038420019407,26526.066666666666,21235514.220000003,0.366553432851081
OH,2020,3,oblig_2020,all,46.0,21267995.933999997,29477770.78,1442.9853663445847,25430.7,29219430.91,0.5203725383940545
OH,2020,3,oblig_2020,not_covered,46.0,21267995.933999997,29477770.78,1442.9853663445847,25430.7,29219430.91,0.5203725383940545
OH,2020,4,oblig_2020,all,38.0,20489407.658999998,27366983.560000002,1497.3815155096324,25317.4,27176238.26,0.48615098399130435
OH,2020,4,oblig_2020,not_covered,38.0,20489407.658999998,27366983.560000002,1497.3815155096324,25317.4,27176238.26,0.48615098399130435
OH,2021,1,oblig_2021q1_2022q2,all,38.0,19759466.544,27690684.12,1427.1562564774943,25317.4,27614336.599999998,0.5049655609419842
OH,2021,1,oblig_2021q1_2022q2,not_covered,38.0,19759466.544,27690684.12,1427.1562564774943,25317.4,27614336.599999998,0.5049655609419842
OH,2021,2,oblig_2021q1_2022q2,all,44.0,15668571.465,22626328.64,1384.9857583435153,25410.2,22427615.3,0.4041312002480155
OH,2021,2,oblig_2021q1_2022q2,not_covered,44.0,15668571.465,22626328.64,1384.9857583435153,25410.2,22427615.3,0.4041312002480155
OH,2021,3,oblig_2021q1_2022q2,all,44.0,22415184.588,30122125.74,1488.2870340212585,25888.5,29947464.4,0.5239068785228067
OH,2021,3,oblig_2021q1_2022q2,not_covered,44.0,22415184.588,30122125.74,1488.2870340212585,25888.5,29947464.4,0.5239068785228067
OH,2021,4,oblig_2021q1_2022q2,all,39.0,17322129.859,26559034.720000003,1304.4246556111282,26922.8,26316133.77,0.44269313909061075
OH,2021,4,oblig_2021q1_2022q2,not_covered,39.0,17322129.859,26559034.720000003,1304.4246556111282,26922.8,26316133.77,0.44269313909061075
OH,2022,1,oblig_2021q1_2022q2,all,39.0,21441389.439000003,32119085.949999996,1335.1182827791529,26943.3,31930523.79,0.5486577331944408
OH,2022,1,oblig_2021q1_2022q2,not_covered,39.0,21441389.439000003,32119085.949999996,1335.1182827791529,26943.3,31930523.79,0.5486577331944408
OH,2022,2,oblig_2021q1_2022q2,all,44.0,16586894.970999999,25818227.72,1284.898030251009,26324.000000000004,25638168.91,0.4459462212716372
OH,2022,2,oblig_2021q1_2022q2,not_covered,44.0,16586894.970999999,25818227.72,1284.898030251009,26324.000000000004,25638168.91,0.4459462212716372
OH,2022,3,oblig_2022q3_2023q4,all,44.0,22313850.021,33014790.62,1351.748692144212,24898.400000000005,32780002.169999998,0.5962638352481876
OH,2022,3,oblig_2022q3_2023q4,not_covered,44.0,22313850.021,33014790.62,1351.748692144212,24898.400000000005,32780002.169999998,0.5962638352481876
OH,2022,4,oblig_2022q3_2023q4,all,38.0,17437499.630000003,26497478.810000002,1316.1629266720415,24805.600000000002,26312034.31,0.48040290118424633
OH,2022,4,oblig_2022q3_2023q4,not_covered,38.0,17437499.630000003,26497478.810000002,1316.1629266720415,24805.600000000002,26312034.31,0.48040290118424633
OH,2023,1,oblig_2022q3_2023q4,all,38.0,16629581.006,26895213.109999996,1236.6201329571843,26175.600000000002,26742216.349999998,0.4729846008340817
OH,2023,1,oblig_2022q3_2023q4,not_covered,38.0,16629581.006,26895213.109999996,1236.6201329571843,26175.600000000002,26742216.349999998,0.4729846008340817
OH,2023,2,oblig_2022q3_2023q4,all,43.0,14790335.17,25545287.54,1157.9697544481037,26953.400000000005,25276592.78,0.4293904105854546
OH,2023,2,oblig_2022q3_2023q4,not_covered,43.0,14790335.17,25545287.54,1157.9697544481037,26953.400000000005,25276592.78,0.4293904105854546
OH,2023,3,oblig_2022q3_2023q4,all,43.0,20514527.143,33085935.92,1240.075371759349,25246.9,32805520.620000005,0.5884909729339134
OH,2023,3,oblig_2022q3_2023q4,not_covered,43.0,20514527.143,33085935.92,1240.075371759349,25246.9,32805520.620000005,0.5884909729339134
OH,2023,4,oblig_2022q3_2023q4,all,36.0,18369904.911000002,29310932.04,1253.4507524995104,25154.100000000002,29109029.490000002,0.5241068958548204
OH,2023,4,oblig_2022q3_2023q4,not_covered,36.0,18369904.911000002,29310932.04,1253.4507524995104,25154.100000000002,29109029.490000002,0.5241068958548204
OH,2024,1,oblig_2024q1_2026q2,all,36.0,17270610.128999997,29918269.46,1154.5193248620467,25156.800000000003,29728211.520000003,0.5410790904065089
OH,2024,1,oblig_2024q1_2026q2,not_covered,36.0,17270610.128999997,29918269.46,1154.5193248620467,25156.800000000003,29728211.520000003,0.5410790904065089
OH,2024,2,oblig_2024q1_2026q2,all,42.0,18130902.081,27955000.049999997,1297.1491360093917,25249.600000000002,27703983.17,0.5023831656318408
OH,2024,2,oblig_2024q1_2026q2,not_covered,42.0,18130902.081,27955000.049999997,1297.1491360093917,25249.600000000002,27703983.17,0.5023831656318408
OH,2024,3,oblig_2024q1_2026q2,all,42.0,19941188.838,32807199.25,1215.6593244088033,25249.600000000002,32519032.279999997,0.5832893428244292
OH,2024,3,oblig_2024q1_2026q2,not_covered,42.0,19941188.838,32807199.25,1215.6593244088033,25249.600000000002,32519032.279999997,0.5832893428244292
OH,2024,4,oblig_2024q1_2026q2,all,36.0,16606263.807,27547128.49,1205.66205751923,25156.800000000003,27353379.62,0.4924436330264119
OH,2024,4,oblig_2024q1_2026q2,not_covered,36.0,16606263.807,27547128.49,1205.66205751923,25156.800000000003,27353379.62,0.4924436330264119
OH,2025,1,oblig_2024q1_2026q2,all,36.0,19215014.539,31151368.29,1233.6546093333739,25156.800000000003,31058178.990000002,0.5715665970808864
OH,2025,1,oblig_2024q1_2026q2,not_covered,36.0,19215014.539,31151368.29,1233.6546093333739,25156.800000000003,31058178.990000002,0.5715665970808864
OH,2025,2,oblig_2024q1_2026q2,all,42.0,16356688.265,24817490.53,1318.1581147560128,25249.600000000002,24630131.260000005,0.44664203108980455
OH,2025,2,oblig_2024q1_2026q2,not_covered,42.0,16356688.265,24817490.53,1318.1581147560128,25249.600000000002,24630131.260000005,0.44664203108980455
OH,2025,3,oblig_2024q1_2026q2,all,42.0,20515758.06,33434018.659999996,1227.2385362125058,25249.600000000002,33171877.559999995,0.5949993374841236
OH,2025,3,oblig_2024q1_2026q2,not_covered,42.0,20515758.06,33434018.659999996,1227.2385362125058,25249.600000000002,33171877.559999995,0.5949993374841236
OH,2025,4,oblig_2024q1_2026q2,all,37.0,16789284.747,27410018.21,1225.047325278665,25156.800000000003,27114284.419999998,0.488139195674872
OH,2025,4,oblig_2024q1_2026q2,not_covered,37.0,16789284.747,27410018.21,1225.047325278665,25156.800000000003,27114284.419999998,0.488139195674872
PA,2020,1,oblig_2020,all,69.0,18949708.477,33200061.81,1141.5465781628316,36667.8,33200061.810000002,0.4145733723525069
PA,2020,1,oblig_2020,not_covered,69.0,18949708.477,33200061.81,1141.5465781628316,36667.8,33200061.810000002,0.4145733723525069
PA,2020,2,oblig_2020,all,78.0,16278038.045,28790715.51,1130.783848657466,37859.566666666666,28790715.51,0.34819632677702683
PA,2020,2,oblig_2020,not_covered,78.0,16278038.045,28790715.51,1130.783848657466,37859.566666666666,28790715.51,0.34819632677702683
PA,2020,3,oblig_2020,all,77.0,23570852.734,42406860.96,1111.6527939303528,37851.899999999994,42406860.96000001,0.5073987268688025
PA,2020,3,oblig_2020,not_covered,77.0,23570852.734,42406860.96,1111.6527939303528,37851.899999999994,42406860.96000001,0.5073987268688025
PA,2020,4,oblig_2020,all,68.0,19058597.604000002,32932552.17,1157.4321665456275,37594.8,32932552.169999998,0.3967331957998585
PA,2020,4,oblig_2020,not_covered,68.0,19058597.604000002,32932552.17,1157.4321665456275,37594.8,32932552.169999998,0.3967331957998585
PA,2021,1,oblig_2021q1_2022q2,all,68.0,23378781.22,38854830.64,1203.3912301206726,37499.1,38854830.64,0.47970077997921334
PA,2021,1,oblig_2021q1_2022q2,not_covered,68.0,23378781.22,38854830.64,1203.3912301206726,37499.1,38854830.64,0.47970077997921334
PA,2021,2,oblig_2021q1_2022q2,all,74.0,19635257.319,34292665.95,1145.1578216536996,37704.299999999996,34292665.949999996,0.41644507718287765
PA,2021,2,oblig_2021q1_2022q2,not_covered,74.0,19635257.319,34292665.95,1145.1578216536996,37704.299999999996,34292665.949999996,0.41644507718287765
PA,2021,3,oblig_2021q1_2022q2,all,74.0,24813728.503,42615171.919999994,1164.5490272610873,38369.0,42615171.92,0.5030193542038958
PA,2021,3,oblig_2021q1_2022q2,not_covered,74.0,24813728.503,42615171.919999994,1164.5490272610873,38369.0,42615171.92,0.5030193542038958
PA,2021,4,oblig_2021q1_2022q2,all,68.0,17484153.704,32997012.009999998,1059.741633497075,38473.59999999999,32997012.01,0.3884299602213587
PA,2021,4,oblig_2021q1_2022q2,not_covered,68.0,17484153.704,32997012.009999998,1059.741633497075,38473.59999999999,32997012.01,0.3884299602213587
PA,2022,1,oblig_2021q1_2022q2,all,67.0,24689585.354000002,41081337.33,1201.9854736311236,38467.899999999994,41081337.33,0.4944158025984725
PA,2022,1,oblig_2021q1_2022q2,not_covered,67.0,24689585.354000002,41081337.33,1201.9854736311236,38467.899999999994,41081337.33,0.4944158025984725
PA,2022,2,oblig_2021q1_2022q2,all,73.0,17489094.292999998,31425638.8,1113.0462234549705,38030.66666666667,31425638.800000004,0.37835331367437036
PA,2022,2,oblig_2021q1_2022q2,not_covered,73.0,17489094.292999998,31425638.8,1113.0462234549705,38030.66666666667,31425638.800000004,0.37835331367437036
PA,2022,3,oblig_2022q3_2023q4,all,73.0,22398989.018,40269904.53999999,1112.443114721126,38015.333333333336,40269904.54,0.4797585554246227
PA,2022,3,oblig_2022q3_2023q4,covered,61.0,22398989.018000003,40186125.279999994,1114.7623147010706,37846.5,40186125.279999994,0.48089619643958414
PA,2022,3,oblig_2022q3_2023q4,not_covered,12.0,0.0,83779.26000000001,0.0,168.83333333333331,83779.26000000001,0.22473942014678747
PA,2022,4,oblig_2022q3_2023q4,all,66.0,18182444.177,33191821.1,1095.5978656440757,37809.899999999994,33191821.099999998,0.3975817886876572
PA,2022,4,oblig_2022q3_2023q4,covered,59.0,18182444.177000005,33117478.099999998,1098.0572930159199,37672.299999999996,33117478.099999998,0.39814022066995985
PA,2022,4,oblig_2022q3_2023q4,not_covered,7.0,0.0,74343.0,0.0,137.6,74343.0,0.2446935825328615
PA,2023,1,oblig_2022q3_2023q4,all,66.0,19617387.818000004,38038125.26,1031.4592364324112,37856.899999999994,38038125.26,0.465179219004354
PA,2023,1,oblig_2022q3_2023q4,covered,59.0,19617387.818000004,37963930.24,1033.4750745764727,37719.299999999996,37963930.24,0.4659655303685284
PA,2023,1,oblig_2022q3_2023q4,not_covered,7.0,0.0,74195.01999999999,0.0,137.6,74195.01999999999,0.24963333064168816
PA,2023,2,oblig_2022q3_2023q4,all,73.0,16468665.098000001,32412587.12,1016.1894844758076,38038.5,32412587.119999997,0.39015545219969683
PA,2023,2,oblig_2022q3_2023q4,covered,61.0,16468665.098000001,32343431.660000004,1018.362261068744,37869.899999999994,32343431.660000004,0.3910563159814545
PA,2023,2,oblig_2022q3_2023q4,not_covered,12.0,0.0,69155.46,0.0,168.6,69155.46,0.18780894372531387
PA,2023,3,oblig_2022q3_2023q4,all,73.0,23353486.58,43577863.379999995,1071.8050298316393,36859.3,43577863.379999995,0.5354510576293705
PA,2023,3,oblig_2022q3_2023q4,covered,61.0,23353486.580000002,43500294.04,1073.7162630912646,36690.7,43500294.04,0.5369540544827871
PA,2023,3,oblig_2022q3_2023q4,not_covered,12.0,0.0,77569.34000000001,0.0,168.6,77569.34000000001,0.20836916765519972
PA,2023,4,oblig_2022q3_2023q4,all,65.0,15878845.095,31338892.58,1013.3635101792739,35774.09999999999,31338892.580000002,0.3967490176076297
PA,2023,4,oblig_2022q3_2023q4,covered,58.0,15878845.095,31269860.16,1015.6006463573517,35636.5,31269860.16,0.3974036268383844
PA,2023,4,oblig_2022q3_2023q4,not_covered,7.0,0.0,69032.42,0.0,137.6,69032.42,0.2272142657777216
PA,2024,1,oblig_2024q1_2026q2,all,65.0,19724079.005,37584456.760000005,1049.587021089619,35774.09999999999,37584456.76,0.4810463533110645
PA,2024,1,oblig_2024q1_2026q2,not_covered,65.0,19724079.005,37584456.760000005,1049.587021089619,35774.09999999999,37584456.76,0.4810463533110645
PA,2024,2,oblig_2024q1_2026q2,all,70.0,18181383.688,35176958.44,1033.7098199670272,35980.299999999996,35176958.44,0.44765235288146443
PA,2024,2,oblig_2024q1_2026q2,not_covered,70.0,18181383.688,35176958.44,1033.7098199670272,35980.299999999996,35176958.44,0.44765235288146443
PA,2024,3,oblig_2024q1_2026q2,all,70.0,22413303.834,43393410.56,1033.0279894920525,35983.96666666666,43393410.559999995,0.5461547065023363
PA,2024,3,oblig_2024q1_2026q2,not_covered,70.0,22413303.834,43393410.56,1033.0279894920525,35983.96666666666,43393410.559999995,0.5461547065023363
PA,2024,4,oblig_2024q1_2026q2,all,65.0,17658244.656,34383906.44,1027.1226561655337,35779.59999999999,34383906.44,0.4352318470560749
PA,2024,4,oblig_2024q1_2026q2,not_covered,65.0,17658244.656,34383906.44,1027.1226561655337,35779.59999999999,34383906.44,0.4352318470560749
PA,2025,1,oblig_2024q1_2026q2,all,65.0,21773770.898000002,40204355.25,1083.1548354702193,35779.59999999999,40204355.25,0.5202161966750762
PA,2025,1,oblig_2024q1_2026q2,not_covered,65.0,21773770.898000002,40204355.25,1083.1548354702193,35779.59999999999,40204355.25,0.5202161966750762
PA,2025,2,oblig_2024q1_2026q2,all,70.0,18802277.014,35878809.81,1048.099260458718,35984.799999999996,35878809.81,0.456526824375298
PA,2025,2,oblig_2024q1_2026q2,not_covered,70.0,18802277.014,35878809.81,1048.099260458718,35984.799999999996,35878809.81,0.456526824375298
PA,2025,3,oblig_2024q1_2026q2,all,70.0,23602818.347999997,43197412.559999995,1092.7885236281845,35984.799999999996,43197412.56000001,0.543675261318064
PA,2025,3,oblig_2024q1_2026q2,not_covered,70.0,23602818.347999997,43197412.559999995,1092.7885236281845,35984.799999999996,43197412.56000001,0.543675261318064
PA,2025,4,oblig_2024q1_2026q2,all,65.0,18347320.637000002,33392567.810000002,1098.8864792545585,35779.59999999999,33392567.810000002,0.42268347231727554
PA,2025,4,oblig_2024q1_2026q2,not_covered,65.0,18347320.637000002,33392567.810000002,1098.8864792545585,35779.59999999999,33392567.810000002,0.42268347231727554
RI,2020,1,oblig_2020,all,6.0,658781.315,1460679.98,902.02005096284,1960.6999999999998,1460679.98,0.3411075200958916
RI,2020,1,oblig_2020,covered,6.0,658781.315,1460679.98,902.02005096284,1960.6999999999998,1460679.98,0.3411075200958916
RI,2020,2,oblig_2020,all,6.0,894042.9959999999,1854020.6500000001,964.4369343998405,1960.6999999999998,1854020.6500000001,0.43296299996394355
RI,2020,2,oblig_2020,covered,6.0,894042.9959999999,1854020.6500000001,964.4369343998405,1960.6999999999998,1854020.6500000001,0.43296299996394355
RI,2020,3,oblig_2020,all,6.0,1177244.114,2276365.55,1034.3190389610315,1960.6999999999998,2276365.55,0.5258135658257218
RI,2020,3,oblig_2020,covered,6.0,1177244.114,2276365.55,1034.3190389610315,1960.6999999999998,2276365.55,0.5258135658257218
RI,2020,4,oblig_2020,all,6.0,850210.8879999999,1688414.52,1007.1115569415973,1960.6999999999998,1688414.52,0.39000381962076547
RI,2020,4,oblig_2020,covered,6.0,850210.8879999999,1688414.52,1007.1115569415973,1960.6999999999998,1688414.52,0.39000381962076547
RI,2021,1,oblig_2021q1_2022q2,all,6.0,580055.279,1305777.44,888.4443263164358,1960.6999999999998,1305777.44,0.3083218200604848
RI,2021,1,oblig_2021q1_2022q2,covered,6.0,580055.279,1305777.44,888.4443263164358,1960.6999999999998,1305777.44,0.3083218200604848
RI,2021,2,oblig_2021q1_2022q2,all,5.0,856348.6159999999,1628066.28,1051.9824979115713,1891.8999999999999,1628066.28,0.39402272498894947
RI,2021,2,oblig_2021q1_2022q2,covered,5.0,856348.6159999999,1628066.28,1051.9824979115713,1891.8999999999999,1628066.28,0.39402272498894947
RI,2021,3,oblig_2021q1_2022q2,all,5.0,1254567.525,2450823.12,1023.7927941531741,1891.8999999999999,2450823.12,0.5866981548339949
RI,2021,3,oblig_2021q1_2022q2,covered,5.0,1254567.525,2450823.12,1023.7927941531741,1891.8999999999999,2450823.12,0.5866981548339949
RI,2021,4,oblig_2021q1_2022q2,all,5.0,1090145.436,2141746.13,1017.9968771555573,1891.8999999999999,2141746.13,0.5127087680623191
RI,2021,4,oblig_2021q1_2022q2,covered,5.0,1090145.436,2141746.13,1017.9968771555573,1891.8999999999999,2141746.13,0.5127087680623191
RI,2022,1,oblig_2021q1_2022q2,all,5.0,599184.607,1281685.5699999998,934.9946992069202,1891.8999999999999,1281685.5699999998,0.31363864320211116
RI,2022,1,oblig_2021q1_2022q2,covered,5.0,599184.607,1281685.5699999998,934.9946992069202,1891.8999999999999,1281685.5699999998,0.31363864320211116
RI,2022,2,oblig_2021q1_2022q2,all,5.0,687787.6900000001,1366977.18,1006.2899367493467,1891.8999999999999,1366977.18,0.33083424187208743
RI,2022,2,oblig_2021q1_2022q2,covered,5.0,687787.6900000001,1366977.18,1006.2899367493467,1891.8999999999999,1366977.18,0.33083424187208743
RI,2022,3,oblig_2022q3_2023q4,all,5.0,1011382.1669999999,1985864.0699999998,1018.5814651452956,1891.8999999999999,1985864.0699999998,0.47539244105879297
RI,2022,3,oblig_2022q3_2023q4,covered,5.0,1011382.1669999999,1985864.0699999998,1018.5814651452956,1891.8999999999999,1985864.0699999998,0.47539244105879297
RI,2022,4,oblig_2022q3_2023q4,all,5.0,770494.981,1518566.66,1014.7660966032272,1891.8999999999999,1518566.66,0.3635269514735206
RI,2022,4,oblig_2022q3_2023q4,covered,5.0,770494.981,1518566.66,1014.7660966032272,1891.8999999999999,1518566.66,0.3635269514735206
RI,2023,1,oblig_2022q3_2023q4,all,5.0,743958.7930000001,1545529.6099999999,962.7234420956842,1909.5,1545529.6099999999,0.3747174483333818
RI,2023,1,oblig_2022q3_2023q4,covered,5.0,743958.7930000001,1545529.6099999999,962.7234420956842,1909.5,1545529.6099999999,0.3747174483333818
RI,2023,2,oblig_2022q3_2023q4,all,5.0,1206722.037,2219022.8000000003,1087.6157171526131,1909.5,2219022.8000000003,0.5320953551118517
RI,2023,2,oblig_2022q3_2023q4,covered,5.0,1206722.037,2219022.8000000003,1087.6157171526131,1909.5,2219022.8000000003,0.5320953551118517
RI,2023,3,oblig_2022q3_2023q4,all,5.0,1369763.8569999998,2515284.99,1089.152014539712,1909.5,2515284.99,0.5965796944909321
RI,2023,3,oblig_2022q3_2023q4,covered,5.0,1369763.8569999998,2515284.99,1089.152014539712,1909.5,2515284.99,0.5965796944909321
RI,2023,4,oblig_2022q3_2023q4,all,5.0,950681.255,1909607.48,995.6823744741511,1909.5,1909607.48,0.452924043019077
RI,2023,4,oblig_2022q3_2023q4,covered,5.0,950681.255,1909607.48,995.6823744741511,1909.5,1909607.48,0.452924043019077
RI,2024,1,oblig_2024q1_2026q2,all,5.0,630701.6900000001,1346915.5,936.5126320099519,1909.5,1346915.5,0.32297436568842697
RI,2024,1,oblig_2024q1_2026q2,covered,5.0,630701.6900000001,1346915.5,936.5126320099519,1909.5,1346915.5,0.32297436568842697
RI,2024,2,oblig_2024q1_2026q2,all,5.0,962956.1200000001,1906878.2,1009.9817806926527,1909.5,1906878.2,0.45724678132376484
RI,2024,2,oblig_2024q1_2026q2,covered,5.0,962956.1200000001,1906878.2,1009.9817806926527,1909.5,1906878.2,0.45724678132376484
RI,2024,3,oblig_2024q1_2026q2,all,5.0,1336031.3,2515790.46,1062.1165166513908,1909.5,2515790.46,0.5966995827498662
RI,2024,3,oblig_2024q1_2026q2,covered,5.0,1336031.3,2515790.46,1062.1165166513908,1909.5,2515790.46,0.5966995827498662
RI,2024,4,oblig_2024q1_2026q2,all,5.0,990035.135,1912708.33,1035.2180930795653,1909.5,1912708.33,0.4536595080471024
RI,2024,4,oblig_2024q1_2026q2,covered,5.0,990035.135,1912708.33,1035.2180930795653,1909.5,1912708.33,0.4536595080471024
RI,2025,1,oblig_2024q1_2026q2,all,5.0,548336.325,1136931.98,964.589499892509,1909.5,1136931.98,0.2756519498026437
RI,2025,1,oblig_2024q1_2026q2,covered,5.0,548336.325,1136931.98,964.589499892509,1909.5,1136931.98,0.2756519498026437
RI,2025,2,oblig_2024q1_2026q2,all,5.0,891911.862,1751634.88,1018.3764575411973,1909.5,1751634.88,0.420021274003992
RI,2025,2,oblig_2024q1_2026q2,covered,5.0,891911.862,1751634.88,1018.3764575411973,1909.5,1751634.88,0.420021274003992
RI,2025,3,oblig_2024q1_2026q2,all,5.0,1344762.841,2547677.83,1055.6773114440455,1909.5,2547677.83,0.6042626849543283
RI,2025,3,oblig_2024q1_2026q2,covered,5.0,1344762.841,2547677.83,1055.6773114440455,1909.5,2547677.83,0.6042626849543283
RI,2025,4,oblig_2024q1_2026q2,all,5.0,1056091.3369999998,2109982.59,1001.0427024423931,1909.5,2109982.59,0.5004493621708391
RI,2025,4,oblig_2024q1_2026q2,covered,5.0,1056091.3369999998,2109982.59,1001.0427024423931,1909.5,2109982.59,0.5004493621708391
VA,2020,1,oblig_2020,all,32.0,7735524.991,16724346.51,925.0615545874623,20525.9,16724346.51,0.37307342508411645
VA,2020,1,oblig_2020,not_covered,32.0,7735524.991,16724346.51,925.0615545874623,20525.9,16724346.51,0.37307342508411645
VA,2020,2,oblig_2020,all,36.0,6986868.772,15180230.530000001,920.5220906483822,20662.0,15180230.530000001,0.33639797718414266
VA,2020,2,oblig_2020,not_covered,36.0,6986868.772,15180230.530000001,920.5220906483822,20662.0,15180230.530000001,0.33639797718414266
VA,2020,3,oblig_2020,all,36.0,11000764.477,20345318.240000002,1081.4050040634802,20662.0,20345318.240000002,0.4459570779657118
VA,2020,3,oblig_2020,not_covered,36.0,11000764.477,20345318.240000002,1081.4050040634802,20662.0,20345318.240000002,0.4459570779657118
VA,2020,4,oblig_2020,all,32.0,7030060.723999999,13683891.7,1027.4943529405452,20231.9,13683891.7,0.3063189675316158
VA,2020,4,oblig_2020,not_covered,32.0,7030060.723999999,13683891.7,1027.4943529405452,20231.9,13683891.7,0.3063189675316158
VA,2021,1,oblig_2021q1_2022q2,all,32.0,7224735.108,14105915.709999999,1024.3553494195664,19529.1,14105915.709999999,0.33439925712948404
VA,2021,1,oblig_2021q1_2022q2,covered,27.0,6788434.837,14105915.71,962.49474001713,19040.1,14105915.71,0.34298751227185825
VA,2021,1,oblig_2021q1_2022q2,not_covered,5.0,436300.271,0.0,,489.0,0.0,0.0
VA,2021,2,oblig_2021q1_2022q2,all,35.0,6410450.05,12960231.66,989.2493001934504,19406.899999999998,12960231.66,0.30577639939889967
VA,2021,2,oblig_2021q1_2022q2,covered,26.0,5879402.555000001,12960231.66,907.2989911354719,18781.8,12960231.66,0.315953316801079
VA,2021,2,oblig_2021q1_2022q2,not_covered,9.0,531047.495,0.0,,625.0999999999999,0.0,0.0
VA,2021,3,oblig_2021q1_2022q2,all,35.0,8862289.77,16062453.620000001,1103.478955290518,19406.899999999998,16062453.620000001,0.37484925287293236
VA,2021,3,oblig_2021q1_2022q2,covered,26.0,8319653.416999999,16062453.620000001,1035.9131442584671,18781.8,16062453.620000001,0.387325068181948
VA,2021,3,oblig_2021q1_2022q2,not_covered,9.0,542636.353,0.0,,625.0999999999999,0.0,0.0
VA,2021,4,oblig_2021q1_2022q2,all,31.0,6132515.839,12056903.680000003,1017.2621432105524,19270.800000000003,12056903.680000003,0.28335897850107683
VA,2021,4,oblig_2021q1_2022q2,covered,26.0,5716705.302,12056903.68,948.2874631374679,18781.8,12056903.68,0.29073646843745277
VA,2021,4,oblig_2021q1_2022q2,not_covered,5.0,415810.537,0.0,,489.0,0.0,0.0
VA,2022,1,oblig_2021q1_2022q2,all,31.0,6599687.144,12040999.090000002,1096.2025816414207,19270.800000000003,12040999.090000002,0.28927375177681985
VA,2022,1,oblig_2021q1_2022q2,covered,26.0,6058506.243000001,12040999.090000002,1006.3128811348495,18781.8,12040999.090000002,0.29680523782282536
VA,2022,1,oblig_2021q1_2022q2,not_covered,5.0,541180.901,0.0,,489.0,0.0,0.0
VA,2022,2,oblig_2021q1_2022q2,all,35.0,5534802.925,10016312.530000001,1105.1577930346386,19406.899999999998,10016312.530000001,0.23631923109293276
VA,2022,2,oblig_2021q1_2022q2,covered,26.0,5013614.25,10016312.530000001,1001.0898192291129,18781.8,10016312.530000001,0.24418445973748187
VA,2022,2,oblig_2021q1_2022q2,not_covered,9.0,521188.675,0.0,,625.0999999999999,0.0,0.0
VA,2022,3,oblig_2022q3_2023q4,all,35.0,8592149.061,16330363.739999998,1052.2912040169904,19406.899999999998,16330363.739999998,0.38110146755288965
VA,2022,3,oblig_2022q3_2023q4,covered,26.0,8053750.822,16330363.739999998,986.3529006733564,18781.8,16330363.739999998,0.3937853704465053
VA,2022,3,oblig_2022q3_2023q4,not_covered,9.0,538398.2390000001,0.0,,625.0999999999999,0.0,0.0
VA,2022,4,oblig_2022q3_2023q4,all,31.0,6547897.681,12908038.859999998,1014.5457031882536,19270.800000000003,12908038.859999998,0.30336219006949905
VA,2022,4,oblig_2022q3_2023q4,covered,26.0,6072056.291999999,12908038.86,940.8177892640772,18781.8,12908038.86,0.3112604804859654
VA,2022,4,oblig_2022q3_2023q4,not_covered,5.0,475841.389,0.0,,489.0,0.0,0.0
VA,2023,1,oblig_2022q3_2023q4,all,31.0,6323151.908,12703045.79,995.5331992863737,19270.800000000003,12703045.79,0.30517880511408924
VA,2023,1,oblig_2022q3_2023q4,covered,26.0,5831819.541999999,12703045.79,918.1765756667401,18781.8,12703045.79,0.3131243926350292
VA,2023,1,oblig_2022q3_2023q4,not_covered,5.0,491332.36600000004,0.0,,489.0,0.0,0.0
VA,2023,2,oblig_2022q3_2023q4,all,35.0,5452353.261,10478622.34,1040.6622328942528,18704.966666666664,10478622.34,0.2565042797099257
VA,2023,2,oblig_2022q3_2023q4,covered,26.0,4930601.572,10478622.34,941.0782089508915,18079.86666666667,10478622.34,0.26537275358768325
VA,2023,2,oblig_2022q3_2023q4,not_covered,9.0,521751.68899999995,0.0,,625.0999999999999,0.0,0.0
VA,2023,3,oblig_2022q3_2023q4,all,34.0,8208739.853,16808996.689999998,976.7078909455126,17472.0,16808996.689999998,0.43571258241965605
VA,2023,3,oblig_2022q3_2023q4,covered,25.0,7699484.033,16808996.69,916.1146468165554,16846.9,16808996.69,0.4518795885317911
VA,2023,3,oblig_2022q3_2023q4,not_covered,9.0,509255.82000000007,0.0,,625.0999999999999,0.0,0.0
VA,2023,4,oblig_2022q3_2023q4,all,30.0,5566610.873,11333100.28,982.3632960918264,17335.9,11333100.28,0.29607604404899573
VA,2023,4,oblig_2022q3_2023q4,covered,25.0,5128384.507999999,11333100.280000001,905.0276413860513,16846.9,11333100.280000001,0.30466998035418896
VA,2023,4,oblig_2022q3_2023q4,not_covered,5.0,438226.365,0.0,,489.0,0.0,0.0
VA,2024,1,oblig_2024q1_2026q2,all,30.0,8070960.894,16982371.93,950.5104383849165,17455.9,16982371.93,0.4454546212604376
VA,2024,1,oblig_2024q1_2026q2,not_covered,30.0,8070960.894,16982371.93,950.5104383849165,17455.9,16982371.93,0.4454546212604376
VA,2024,2,oblig_2024q1_2026q2,all,34.0,6672630.1,12724369.82,1048.7953736635423,17592.0,12724369.82,0.33118330249597305
VA,2024,2,oblig_2024q1_2026q2,not_covered,34.0,6672630.1,12724369.82,1048.7953736635423,17592.0,12724369.82,0.33118330249597305
VA,2024,3,oblig_2024q1_2026q2,all,34.0,9434542.309,19160304.38,984.8008801830945,17592.0,19160304.38,0.49327387932838374
VA,2024,3,oblig_2024q1_2026q2,not_covered,34.0,9434542.309,19160304.38,984.8008801830945,17592.0,19160304.38,0.49327387932838374
VA,2024,4,oblig_2024q1_2026q2,all,30.0,6602761.039999999,12996060.719999999,1016.1172961955813,17455.9,12996060.719999999,0.337186685602999
VA,2024,4,oblig_2024q1_2026q2,not_covered,30.0,6602761.039999999,12996060.719999999,1016.1172961955813,17455.9,12996060.719999999,0.337186685602999
VA,2025,1,oblig_2024q1_2026q2,all,30.0,8744575.745000001,17261681.17,1013.1777616420893,17455.9,17261681.17,0.4578119180440531
VA,2025,1,oblig_2024q1_2026q2,not_covered,30.0,8744575.745000001,17261681.17,1013.1777616420893,17455.9,17261681.17,0.4578119180440531
VA,2025,2,oblig_2024q1_2026q2,all,34.0,6657276.353,13128948.74,1014.1370013453187,17592.0,13128948.74,0.3417134729280875
VA,2025,2,oblig_2024q1_2026q2,not_covered,34.0,6657276.353,13128948.74,1014.1370013453187,17592.0,13128948.74,0.3417134729280875
VA,2025,3,oblig_2024q1_2026q2,all,34.0,10269573.826,19630259.92,1046.3003411928332,17592.0,19630259.92,0.5053726846359676
VA,2025,3,oblig_2024q1_2026q2,not_covered,34.0,10269573.826,19630259.92,1046.3003411928332,17592.0,19630259.92,0.5053726846359676
VA,2025,4,oblig_2024q1_2026q2,all,30.0,7688320.094,13688880.44,1123.2942135332144,17455.9,13688880.44,0.3551621006260829
VA,2025,4,oblig_2024q1_2026q2,not_covered,30.0,7688320.094,13688880.44,1123.2942135332144,17455.9,13688880.44,0.3551621006260829
VT,2020,1,oblig_2020,all,3.0,109105.575,70452.0,3097.302418668029,126.8,70452.0,0.2544025375255659
VT,2020,1,oblig_2020,covered,2.0,97.9,0.0,,67.3,0.0,0.0
VT,2020,1,oblig_2020,not_covered,1.0,109007.675,70452.0,3094.523221484131,59.5,70452.0,0.5421553236679287
VT,2020,2,oblig_2020,all,3.0,65488.825,44660.5,2932.74034101723,126.8,44660.5,0.16126929721172623
VT,2020,2,oblig_2020,covered,2.0,326.70000000000005,0.0,,67.3,0.0,0.0
VT,2020,2,oblig_2020,not_covered,1.0,65162.125,44660.5,2918.109962942645,59.5,44660.5,0.34367977960414936
VT,2020,3,oblig_2020,all,3.0,78384.15,53742.5,2917.026561845839,126.8,53742.5,0.1919550501760161
VT,2020,3,oblig_2020,covered,2.0,502.5,0.0,,67.3,0.0,0.0
VT,2020,3,oblig_2020,not_covered,1.0,77881.65,53742.5,2898.3262780853142,59.5,53742.5,0.4090739556692242
VT,2020,4,oblig_2020,all,3.0,132410.825,90646.25,2921.4848931974575,126.8,90646.25,0.3237662086247886
VT,2020,4,oblig_2020,covered,2.0,157.5,0.0,,67.3,0.0,0.0
VT,2020,4,oblig_2020,not_covered,1.0,132253.325,90646.25,2918.009845967153,59.5,90646.25,0.6899757185482889
VT,2021,1,oblig_2021q1_2022q2,all,3.0,153345.6,102670.25,2987.1476888387824,126.8,102670.25,0.37486216993807686
VT,2021,1,oblig_2021q1_2022q2,covered,2.0,337.0,0.0,,67.3,0.0,0.0
VT,2021,1,oblig_2021q1_2022q2,not_covered,1.0,153008.6,102670.25,2980.582982899136,59.5,102670.25,0.7988659352629941
VT,2021,2,oblig_2021q1_2022q2,all,3.0,86903.55,58353.25,2978.5333293346985,126.8,58353.25,0.210713888503715
VT,2021,2,oblig_2021q1_2022q2,covered,2.0,1129.2,0.0,,67.3,0.0,0.0
VT,2021,2,oblig_2021q1_2022q2,not_covered,1.0,85774.35,58353.25,2939.831114805088,59.5,58353.25,0.4490507741558162
VT,2021,3,oblig_2021q1_2022q2,all,3.0,109031.925,74814.0,2914.746571497313,126.8,74814.0,0.26721728843780007
VT,2021,3,oblig_2021q1_2022q2,covered,2.0,1149.7,0.0,,67.3,0.0,0.0
VT,2021,3,oblig_2021q1_2022q2,not_covered,1.0,107882.225,74814.0,2884.011682305451,59.5,74814.0,0.5694647424187066
VT,2021,4,oblig_2021q1_2022q2,all,3.0,107341.25000000001,72908.5,2944.54693211354,126.8,72908.5,0.26041130903396886
VT,2021,4,oblig_2021q1_2022q2,covered,2.0,443.4,0.0,,67.3,0.0,0.0
VT,2021,4,oblig_2021q1_2022q2,not_covered,1.0,106897.85,72908.5,2932.383741264736,59.5,72908.5,0.5549605711849958
VT,2022,1,oblig_2021q1_2022q2,all,3.0,162269.57499999998,108218.75,2998.9179324285296,126.8,108218.75,0.39512045069517465
VT,2022,1,oblig_2021q1_2022q2,covered,2.0,1530.3,0.0,,67.3,0.0,0.0
VT,2022,1,oblig_2021q1_2022q2,not_covered,1.0,160739.275,108218.75,2970.6363268842047,59.5,108218.75,0.8420382041705571
VT,2022,2,oblig_2021q1_2022q2,all,3.0,28843.350000000002,19199.75,3004.5547468065993,126.8,19199.75,0.0693303968639142
VT,2022,2,oblig_2021q1_2022q2,covered,2.0,556.9,0.0,,67.3,0.0,0.0
VT,2022,2,oblig_2021q1_2022q2,not_covered,1.0,28286.45,19199.75,2946.54357478613,59.5,19199.75,0.14774948440914829
VT,2022,3,oblig_2022q3_2023q4,all,3.0,96823.2,67760.25,2857.8170830243394,126.8,67760.25,0.24202302067617615
VT,2022,3,oblig_2022q3_2023q4,covered,2.0,1218.2,0.0,,67.3,0.0,0.0
VT,2022,3,oblig_2022q3_2023q4,not_covered,1.0,95605.0,67760.25,2821.8608992735417,59.5,67760.25,0.5157734289367921
VT,2022,4,oblig_2022q3_2023q4,all,3.0,91548.225,63583.5,2879.622071763901,126.8,63583.5,0.22710469242902212
VT,2022,4,oblig_2022q3_2023q4,covered,2.0,598.0,0.0,,67.3,0.0,0.0
VT,2022,4,oblig_2022q3_2023q4,not_covered,1.0,90950.225,63583.5,2860.812160387522,59.5,63583.5,0.4839810924369748
VT,2023,1,oblig_2022q3_2023q4,all,3.0,145573.67500000002,93045.25,3129.094177295456,126.8,93045.25,0.339720068057016
VT,2023,1,oblig_2022q3_2023q4,covered,2.0,48.300000000000004,0.0,,67.3,0.0,0.0
VT,2023,1,oblig_2022q3_2023q4,not_covered,1.0,145525.375,93045.25,3128.0559727659393,59.5,93045.25,0.7239748677248677
VT,2023,2,oblig_2022q3_2023q4,all,3.0,26882.6,17386.0,3092.4421948694353,126.8,17386.0,0.06278093620364913
VT,2023,2,oblig_2022q3_2023q4,covered,2.0,0.0,0.0,,67.3,0.0,0.0
VT,2023,2,oblig_2022q3_2023q4,not_covered,1.0,26882.6,17386.0,3092.4421948694353,59.5,17386.0,0.13379197832979345
VT,2023,3,oblig_2022q3_2023q4,all,3.0,102271.25,63081.25,3242.524521945903,126.8,63081.25,0.22531077841402644
VT,2023,3,oblig_2022q3_2023q4,covered,2.0,953.8,0.0,,67.3,0.0,0.0
VT,2023,3,oblig_2022q3_2023q4,not_covered,1.0,101317.45,63081.25,3212.284157336768,59.5,63081.25,0.48015809584703445
VT,2023,4,oblig_2022q3_2023q4,all,3.0,56728.375,35629.0,3184.393331275085,126.8,35629.0,0.1272580635943858
VT,2023,4,oblig_2022q3_2023q4,covered,2.0,1063.8,0.0,,67.3,0.0,0.0
VT,2023,4,oblig_2022q3_2023q4,not_covered,1.0,55664.575,35629.0,3124.6779308989867,59.5,35629.0,0.2711986968700524
VT,2024,1,oblig_2024q1_2026q2,all,3.0,132639.875,71543.0,3707.9763219322645,126.8,71543.0,0.2583421441859928
VT,2024,1,oblig_2024q1_2026q2,covered,2.0,250.6,0.0,,67.3,0.0,0.0
VT,2024,1,oblig_2024q1_2026q2,not_covered,1.0,132389.275,71543.0,3700.9707448667236,59.5,71543.0,0.5505509896266199
VT,2024,2,oblig_2024q1_2026q2,all,3.0,48323.825,33986.75,2843.686142393727,126.8,33986.75,0.12272633058319178
VT,2024,2,oblig_2024q1_2026q2,covered,2.0,242.7,0.0,,67.3,0.0,0.0
VT,2024,2,oblig_2024q1_2026q2,not_covered,1.0,48081.125,33986.75,2829.4041060119016,59.5,33986.75,0.2615411549235079
VT,2024,3,oblig_2024q1_2026q2,all,3.0,91800.40000000001,64105.5,2864.041306908144,126.8,64105.5,0.22896914860787274
VT,2024,3,oblig_2024q1_2026q2,covered,2.0,1231.8,0.0,,67.3,0.0,0.0
VT,2024,3,oblig_2024q1_2026q2,not_covered,1.0,90568.6,64105.5,2825.6109070204584,59.5,64105.5,0.4879544208987943
VT,2024,4,oblig_2024q1_2026q2,all,3.0,78867.67499999999,55328.0,2850.9136422787733,126.8,55328.0,0.19761806793764003
VT,2024,4,oblig_2024q1_2026q2,covered,2.0,293.1,0.0,,67.3,0.0,0.0
VT,2024,4,oblig_2024q1_2026q2,not_covered,1.0,78574.575,55328.0,2840.3186451706188,59.5,55328.0,0.42114236999147486
VT,2025,1,oblig_2024q1_2026q2,all,3.0,116502.12499999999,78509.25,2967.8572907014136,126.8,78509.25,0.2866472791798107
VT,2025,1,oblig_2024q1_2026q2,covered,2.0,249.8,0.0,,67.3,0.0,0.0
VT,2025,1,oblig_2024q1_2026q2,not_covered,1.0,116252.325,78509.25,2961.493709339982,59.5,78509.25,0.6108718487394958
VT,2025,2,oblig_2024q1_2026q2,all,3.0,56509.425,37355.25,3025.5144859156344,126.8,37355.25,0.13489000155995423
VT,2025,2,oblig_2024q1_2026q2,covered,2.0,1241.9,0.0,,67.3,0.0,0.0
VT,2025,2,oblig_2024q1_2026q2,not_covered,1.0,55267.525,37355.25,2959.0231627415155,59.5,37355.25,0.2874630621479361
VT,2025,3,oblig_2024q1_2026q2,all,3.0,131079.05,88570.75,2959.872192569217,126.8,88570.75,0.3163530308485348
VT,2025,3,oblig_2024q1_2026q2,covered,2.0,969.3,0.0,,67.3,0.0,0.0
VT,2025,3,oblig_2024q1_2026q2,not_covered,1.0,130109.75,88570.75,2937.9846055272196,59.5,88570.75,0.6741775514553647
VT,2025,4,oblig_2024q1_2026q2,all,3.0,47984.775,34027.75,2820.331934964845,126.8,34027.75,0.12153879068943448
VT,2025,4,oblig_2024q1_2026q2,covered,2.0,837.4,0.0,,67.3,0.0,0.0
VT,2025,4,oblig_2024q1_2026q2,not_covered,1.0,47147.375,34027.75,2771.113282541455,59.5,34027.75,0.2590103976373158
WV,2020,1,oblig_2020,all,14.0,12128667.275,12589486.75,1926.7929687443375,14422.099999999999,12589486.75,0.3996933185925254
WV,2020,1,oblig_2020,not_covered,14.0,12128667.275,12589486.75,1926.7929687443375,14422.099999999999,12589486.75,0.3996933185925254
WV,2020,2,oblig_2020,all,17.0,12624260.401999999,13122025.18,1924.132933572072,14422.099999999999,13122025.18,0.4166004456733616
WV,2020,2,oblig_2020,not_covered,17.0,12624260.401999999,13122025.18,1924.132933572072,14422.099999999999,13122025.18,0.4166004456733616
WV,2020,3,oblig_2020,all,17.0,17047803.905,17648520.509999998,1931.9244233917943,14422.099999999999,17648520.51,0.5542181347662993
WV,2020,3,oblig_2020,not_covered,17.0,17047803.905,17648520.509999998,1931.9244233917943,14422.099999999999,17648520.51,0.5542181347662993
WV,2020,4,oblig_2020,all,14.0,12472808.488,13114886.889999999,1902.084035129639,14422.099999999999,13114886.889999999,0.411848015573221
WV,2020,4,oblig_2020,not_covered,14.0,12472808.488,13114886.889999999,1902.084035129639,14422.099999999999,13114886.889999999,0.411848015573221
WV,2021,1,oblig_2021q1_2022q2,all,14.0,16898493.712,17679181.54,1911.6828088185357,14422.099999999999,17679181.54,0.5675183411929274
WV,2021,1,oblig_2021q1_2022q2,not_covered,14.0,16898493.712,17679181.54,1911.6828088185357,14422.099999999999,17679181.54,0.5675183411929274
WV,2021,2,oblig_2021q1_2022q2,all,17.0,16167743.699000001,16576374.87,1950.6971609649656,14422.099999999999,16576374.870000001,0.5262697688628205
WV,2021,2,oblig_2021q1_2022q2,not_covered,17.0,16167743.699000001,16576374.87,1950.6971609649656,14422.099999999999,16576374.870000001,0.5262697688628205
WV,2021,3,oblig_2021q1_2022q2,all,17.0,19002395.622,19541098.509999998,1944.8646259344814,14422.099999999999,19541098.509999998,0.6136509381259578
WV,2021,3,oblig_2021q1_2022q2,not_covered,17.0,19002395.622,19541098.509999998,1944.8646259344814,14422.099999999999,19541098.509999998,0.6136509381259578
WV,2021,4,oblig_2021q1_2022q2,all,14.0,12091465.167,12502470.08,1934.2522061048596,14422.099999999999,12502470.08,0.3926162333994457
WV,2021,4,oblig_2021q1_2022q2,not_covered,14.0,12091465.167,12502470.08,1934.2522061048596,14422.099999999999,12502470.08,0.3926162333994457
WV,2022,1,oblig_2021q1_2022q2,all,14.0,14547245.353000002,14931960.760000002,1948.470878917579,14422.099999999999,14931960.760000002,0.47932997249334686
WV,2022,1,oblig_2021q1_2022q2,not_covered,14.0,14547245.353000002,14931960.760000002,1948.470878917579,14422.099999999999,14931960.760000002,0.47932997249334686
WV,2022,2,oblig_2021q1_2022q2,all,17.0,13113710.386,13262569.870000001,1977.551939713174,14422.099999999999,13262569.870000001,0.4210624840925734
WV,2022,2,oblig_2021q1_2022q2,not_covered,17.0,13113710.386,13262569.870000001,1977.551939713174,14422.099999999999,13262569.870000001,0.4210624840925734
WV,2022,3,oblig_2022q3_2023q4,all,17.0,16460790.118999999,16566539.069999998,1987.2334287139672,14422.099999999999,16566539.07,0.5202405707439338
WV,2022,3,oblig_2022q3_2023q4,not_covered,17.0,16460790.118999999,16566539.069999998,1987.2334287139672,14422.099999999999,16566539.07,0.5202405707439338
WV,2022,4,oblig_2022q3_2023q4,all,14.0,11480617.275999999,11751008.42,1953.9799250692731,14422.099999999999,11751008.42,0.36901801283939334
WV,2022,4,oblig_2022q3_2023q4,not_covered,14.0,11480617.275999999,11751008.42,1953.9799250692731,14422.099999999999,11751008.42,0.36901801283939334
WV,2023,1,oblig_2022q3_2023q4,all,14.0,12971638.853,12868323.28,2016.0573480712244,14422.099999999999,12868323.28,0.41308527011143137
WV,2023,1,oblig_2022q3_2023q4,not_covered,14.0,12971638.853,12868323.28,2016.0573480712244,14422.099999999999,12868323.28,0.41308527011143137
WV,2023,2,oblig_2022q3_2023q4,all,17.0,12065106.849,12251933.370000001,1969.5025241554997,14422.099999999999,12251933.37,0.38897661239683207
WV,2023,2,oblig_2022q3_2023q4,not_covered,17.0,12065106.849,12251933.370000001,1969.5025241554997,14422.099999999999,12251933.37,0.38897661239683207
WV,2023,3,oblig_2022q3_2023q4,all,17.0,15459968.086,15350324.75,2014.2854744490014,14422.099999999999,15350324.75,0.4820476790777721
WV,2023,3,oblig_2022q3_2023q4,not_covered,17.0,15459968.086,15350324.75,2014.2854744490014,14422.099999999999,15350324.75,0.4820476790777721
WV,2023,4,oblig_2022q3_2023q4,all,14.0,10826182.862000002,11116333.28,1947.7974597033676,14422.099999999999,11116333.28,0.3490872502537119
WV,2023,4,oblig_2022q3_2023q4,not_covered,14.0,10826182.862000002,11116333.28,1947.7974597033676,14422.099999999999,11116333.28,0.3490872502537119
WV,2024,1,oblig_2024q1_2026q2,all,14.0,11790373.777999999,12104358.299999997,1948.1204184116066,14460.899999999998,12104358.299999997,0.3832602810959967
WV,2024,1,oblig_2024q1_2026q2,not_covered,14.0,11790373.777999999,12104358.299999997,1948.1204184116066,14460.899999999998,12104358.299999997,0.3832602810959967
WV,2024,2,oblig_2024q1_2026q2,all,17.0,13485546.489,13817267.72,1951.9845402546778,14460.899999999998,13817267.719999999,0.43749612983166913
WV,2024,2,oblig_2024q1_2026q2,not_covered,17.0,13485546.489,13817267.72,1951.9845402546778,14460.899999999998,13817267.719999999,0.43749612983166913
WV,2024,3,oblig_2024q1_2026q2,all,17.0,13741569.117,14108281.09,1948.0146488915752,14460.899999999998,14108281.089999998,0.44185493702859513
WV,2024,3,oblig_2024q1_2026q2,not_covered,17.0,13741569.117,14108281.09,1948.0146488915752,14460.899999999998,14108281.089999998,0.44185493702859513
WV,2024,4,oblig_2024q1_2026q2,all,14.0,9620632.235000001,9921390.54,1939.3717435499727,14460.899999999998,9921390.54,0.3107263999294049
WV,2024,4,oblig_2024q1_2026q2,not_covered,14.0,9620632.235000001,9921390.54,1939.3717435499727,14460.899999999998,9921390.54,0.3107263999294049
WV,2025,1,oblig_2024q1_2026q2,all,14.0,12731044.531,13123824.450000001,1940.1424606834023,14460.899999999998,13123824.450000001,0.42015674354831156
WV,2025,1,oblig_2024q1_2026q2,not_covered,14.0,12731044.531,13123824.450000001,1940.1424606834023,14460.899999999998,13123824.450000001,0.42015674354831156
WV,2025,2,oblig_2024q1_2026q2,all,17.0,11560675.708,11778030.459999999,1963.091494331218,14460.899999999998,11778030.459999999,0.3729277631228755
WV,2025,2,oblig_2024q1_2026q2,not_covered,17.0,11560675.708,11778030.459999999,1963.091494331218,14460.899999999998,11778030.459999999,0.3729277631228755
WV,2025,3,oblig_2024q1_2026q2,all,17.0,13670926.786000002,14085067.51,1941.1943572572911,14460.899999999998,14085067.51,0.44112791473128793
WV,2025,3,oblig_2024q1_2026q2,not_covered,17.0,13670926.786000002,14085067.51,1941.1943572572911,14460.899999999998,14085067.51,0.44112791473128793
WV,2025,4,oblig_2024q1_2026q2,all,14.0,13374545.059,13898076.899999999,1924.6612542487806,14460.899999999998,13898076.899999999,0.4352715865450674
WV,2025,4,oblig_2024q1_2026q2,not_covered,14.0,13374545.059,13898076.899999999,1924.6612542487806,14460.899999999998,13898076.899999999,0.4352715865450674
